================================================================================
HEX LISTING
================================================================================

Page 1
--------------------------------------------------------------------------------
0000:                                                .org  $D000
D000:                          
D000:                                                                                 ; --------------------------------
D000:                          
D000:                                                                                 ; Applesoft BASIC, V2
D000:                          
D000:                                                                                 ; Written by Marc McDonald and Randy Wigginton.
D000:                          
D000:                                                                                 ; Original copyright 1976 by Microsoft,
D000:                                                                                 ; 1977 by Apple Computer.
D000:                          
D000:                                                                                 ; Disassembled by (unknown).
D000:                                                                                 ; Fixed by Chris Mosher.
D000:                          
D000:                                                                                 ; For the cc65.org Assembler (ca65)
D000:                          
D000:                                                                                 ; Applesoft BASIC was first written by
D000:                                                                                 ; Marc McDonald, the first employee of Microsoft,
D000:                                                                                 ; in mid-1976. That version was bought by Apple
D000:                                                                                 ; and released (on cassette) in Nov. 1977.
D000:                          
D000:                                                                                 ; Version 2 was written by Randy Wigginton and
D000:                                                                                 ; others at Apple in spring 1978. This version
D000:                                                                                 ; was released in several different forms. The
D000:                                                                                 ; one reproduced by this source assembly file is
D000:                                                                                 ; the main-board ROM form, which appeared in the
D000:                                                                                 ; Apple ][ plus ROM at $D000-$F7FF.
D000:                          
D000:                                                                                 ; --------------------------------
D000:                          
D000:                                                                                 ; --------------------------------
D000:                                                                                 ; Zero page locations:
D000:                                                                                 ; --------------------------------
D000:                     0000 AS_GOWARM             =     $00                        ; Gets "jmp restart"
D000:                     0003 AS_GOSTROUT           =     $03                        ; Gets "jmp strout"
D000:                     000A AS_USR                =     $0A                        ; Gets "jmp <user addr>"
D000:                                                                                 ; (Initially $E199)
D000:                     000D AS_CHARAC             =     $0D                        ; Alternate string terminator
D000:                     000E AS_ENDCHR             =     $0E                        ; String terminator
D000:                     000F AS_TKN_CNTR           =     $0F                        ; Used in parse
D000:                     000F AS_EOL_PNTR           =     $0F                        ; Used in nxlin
D000:                     000F AS_NUMDIM             =     $0F                        ; Used in array routines
D000:                     0010 AS_DIMFLG             =     $10
D000:                     0011 AS_VALTYP             =     $11                        ; $:Valtyp=$FF; %:valtyp+1=$80
D000:                     0013 AS_DATAFLG            =     $13                        ; Used in parse
D000:                     0013 AS_GARFLG             =     $13                        ; Used in garbag
D000:                     0014 AS_SUBFLG             =     $14
D000:                     0015 AS_INPUTFLG           =     $15                        ; = $40 For get, $98 for read
D000:                     0016 AS_CPRMASK            =     $16                        ; Receives cprtyp in frmevl
D000:                     0016 AS_SIGNFLG            =     $16                        ; Flags sign in tan
D000:                     001A AS_HGR_SHAPE          =     $1A
D000:                     001C AS_HGR_BITS           =     $1C
D000:                     001D AS_HGR_COUNT          =     $1D
D000:                     0024 MON_CH                =     $24
D000:                     0026 MON_GBASL             =     $26
D000:                     0027 MON_GBASH             =     $27
D000:                     002C MON_H2                =     $2C
D000:                     002D MON_V2                =     $2D
D000:                     002E MON_MASK              =     $2E
D000:                     0030 MON_HMASK             =     $30

Page 2
--------------------------------------------------------------------------------
D000:                     0030 MON_COLOR             =     $30
D000:                     0032 MON_INVFLG            =     $32
D000:                     0033 MON_PROMPT            =     $33
D000:                     003C MON_A1L               =     $3C                        ; Used by tape i/o routines
D000:                     003D MON_A1H               =     $3D                        ; "
D000:                     003E MON_A2L               =     $3E                        ; "
D000:                     003F MON_A2H               =     $3F                        ; "
D000:                     0050 AS_LINNUM             =     $50                        ; Converted line #
D000:                     0052 AS_TEMPPT             =     $52                        ; Last used temp string desc
D000:                     0053 AS_LASTPT             =     $53                        ; Last used temp string pntr
D000:                     0055 AS_TEMPST             =     $55                        ; Holds up to 3 descriptors
D000:                     005E AS_INDEX              =     $5E
D000:                     0060 AS_DEST               =     $60
D000:                     0062 AS_RESULT             =     $62                        ; Result of last * or /
D000:                     0067 AS_TXTTAB             =     $67                        ; Start of program text
D000:                     0069 AS_VARTAB             =     $69                        ; Start of variable storage
D000:                     006B AS_ARYTAB             =     $6B                        ; Start of array storage
D000:                     006D AS_STREND             =     $6D                        ; End of array storage
D000:                     006F AS_FRETOP             =     $6F                        ; Start of string storage
D000:                     0071 AS_FRESPC             =     $71                        ; Temp pntr, string routines
D000:                     0073 AS_MEMSIZ             =     $73                        ; End of string space (himem)
D000:                     0075 AS_CURLIN             =     $75                        ; Current line number
D000:                                                                                 ; ( = $FFxx if in direct mode)
D000:                     0077 AS_OLDLIN             =     $77                        ; Addr. of last line executed
D000:                     0079 AS_OLDTEXT            =     $79
D000:                     007B AS_DATLIN             =     $7B                        ; Line # of current data stt.
D000:                     007D AS_DATPTR             =     $7D                        ; Addr of current data stt.
D000:                     007F AS_INPTR              =     $7F
D000:                     0081 AS_VARNAM             =     $81                        ; Name of variable
D000:                     0083 AS_VARPNT             =     $83                        ; Addr of variable
D000:                     0085 AS_FORPNT             =     $85
D000:                     0087 AS_TXPSV              =     $87                        ; Used in input
D000:                     0087 AS_LASTOP             =     $87                        ; Scratch flag used in frmevl
D000:                     0089 AS_CPRTYP             =     $89                        ; >,=,< Flag in frmevl
D000:                     008A AS_TEMP3              =     $8A
D000:                     008A AS_FNCNAM             =     $8A
D000:                     008C AS_DSCPTR             =     $8C
D000:                     008F AS_DSCLEN             =     $8F                        ; Used in garbag
D000:                     0090 AS_JMPADRS            =     $90                        ; Gets "jmp ...."
D000:                     0091 AS_LENGTH             =     $91                        ; Used in garbag
D000:                     0092 AS_ARG_EXTENSION      =     $92                        ; Fp extra precision
D000:                     0093 AS_TEMP1              =     $93                        ; Save areas for fac
D000:                     0094 AS_ARYPNT             =     $94                        ; Used in garbag
D000:                     0094 AS_HIGHDS             =     $94                        ; Pntr for bltu
D000:                     0096 AS_HIGHTR             =     $96                        ; Pntr for bltu
D000:                     0098 AS_TEMP2              =     $98
D000:                     0099 AS_TMPEXP             =     $99                        ; Used in fin (eval)
D000:                     0099 AS_INDX               =     $99                        ; Used by array rtns
D000:                     009A AS_EXPON              =     $9A                        ; "
D000:                     009B AS_DPFLG              =     $9B                        ; Flags dec pnt in fin
D000:                     009B AS_LOWTR              =     $9B
D000:                     009C AS_EXPSGN             =     $9C
D000:                     009D AS_FAC                =     $9D                        ; Main flt pt accumulator
D000:                     009D AS_DSCTMP             =     $9D
D000:                     00A0 AS_VPNT               =     $A0                        ; Temp var ptr
D000:                     00A2 AS_FAC_SIGN           =     $A2                        ; Holds unpacked sign
D000:                     00A3 AS_SERLEN             =     $A3                        ; Holds length of series-1
D000:                     00A4 AS_SHIFT_SIGN_EXT     =     $A4                        ; Sign extension, right shifts
D000:                     00A5 AS_ARG                =     $A5                        ; Secondary fp acc
D000:                     00AA AS_ARG_SIGN           =     $AA

Page 3
--------------------------------------------------------------------------------
D000:                     00AB AS_SGNCPR             =     $AB                        ; Flags opp sign in fp rout.
D000:                     00AC AS_FAC_EXTENSION      =     $AC                        ; Fac extension byte
D000:                     00AD AS_SERPNT             =     $AD                        ; Pntr to series data in fp
D000:                     00AB AS_STRNG1             =     $AB
D000:                     00AD AS_STRNG2             =     $AD
D000:                     00AF AS_PRGEND             =     $AF
D000:                     00B1 AS_CHRGET             =     $B1
D000:                     00B7 AS_CHRGOT             =     $B7
D000:                     00B8 AS_TXTPTR             =     $B8
D000:                     00C9 AS_RNDSEED            =     $C9
D000:                     00D0 AS_HGR_DX             =     $D0
D000:                     00D2 AS_HGR_DY             =     $D2
D000:                     00D3 AS_HGR_QUADRANT       =     $D3
D000:                     00D4 AS_HGR_E              =     $D4
D000:                     00D6 AS_LOCK               =     $D6                        ; No user access if > 127
D000:                     00D8 AS_ERRFLG             =     $D8                        ; $80 If on err active
D000:                     00DA AS_ERRLIN             =     $DA                        ; Line # where error occurred
D000:                     00DC AS_ERRPOS             =     $DC                        ; Txtptr save for handlerr
D000:                     00DE AS_ERRNUM             =     $DE                        ; Which error occurred
D000:                     00DF AS_ERRSTK             =     $DF                        ; Stack pntr before error
D000:                     00E0 AS_HGR_X              =     $E0
D000:                     00E2 AS_HGR_Y              =     $E2
D000:                     00E4 AS_HGR_COLOR          =     $E4
D000:                     00E5 AS_HGR_HORIZ          =     $E5                        ; Byte index from gbash,l
D000:                     00E6 AS_HGR_PAGE           =     $E6                        ; Hgr=$20, hgr2=$40
D000:                     00E7 AS_HGR_SCALE          =     $E7
D000:                     00E8 AS_HGR_SHAPE_PNTR     =     $E8
D000:                     00EA AS_HGR_COLLISIONS     =     $EA
D000:                     00F0 AS_FIRST              =     $F0
D000:                     00F1 AS_SPEEDZ             =     $F1                        ; Output speed
D000:                     00F2 AS_TRCFLG             =     $F2
D000:                     00F3 AS_FLASH_BIT          =     $F3                        ; = $40 For flash, else =$00
D000:                     00F4 AS_TXTPSV             =     $F4
D000:                     00F6 AS_CURLSV             =     $F6
D000:                     00F8 AS_REMSTK             =     $F8                        ; Stack pntr before each stt.
D000:                     00F9 AS_HGR_ROTATION       =     $F9
D000:                                                                                 ; $FF is also used by the string out routines
D000:                                                                                 ; --------------------------------
D000:                     0100 AS_STACK              =     $0100
D000:                     0200 AS_INPUT_BUFFER       =     $0200
D000:                     03F5 AS_AMPERSAND_VECTOR   =     $03F5                      ; - 3F7   gets "jmp ...."
D000:                                                                                 ; --------------------------------
D000:                                                                                 ; I/o & soft switches
D000:                                                                                 ; --------------------------------
D000:                     C000 AS_KEYBOARD           =     $C000
D000:                     C050 AS_SW_TXTCLR          =     $C050
D000:                     C052 AS_SW_MIXCLR          =     $C052
D000:                     C053 AS_SW_MIXSET          =     $C053
D000:                     C054 AS_SW_LOWSCR          =     $C054
D000:                     C055 AS_SW_HISCR           =     $C055
D000:                     C056 AS_SW_LORES           =     $C056
D000:                     C057 AS_SW_HIRES           =     $C057
D000:                                                                                 ; --------------------------------
D000:                                                                                 ; Monitor subroutines
D000:                                                                                 ; --------------------------------
D000:                          ;MON_PLOT            = $F800
D000:                          ;MON_HLINE           = $F819
D000:                          ;MON_VLINE           = $F828
D000:                          ;MON_SETCOL          = $F864
D000:                          ;MON_SCRN            = $F871

Page 4
--------------------------------------------------------------------------------
D000:                          ;MON_PREAD           = $FB1E
D000:                          ;MON_SETTXT          = $FB39
D000:                          ;MON_SETGR           = $FB40
D000:                          ;MON_TABV            = $FB5B
D000:                          ;MON_HOME            = $FC58
D000:                          ;MON_WAIT            = $FCA8
D000:                          ;MON_RD2BIT          = $FCFA
D000:                          ;MON_RDKEY           = $FD0C
D000:                          ;MON_GETLN           = $FD6A
D000:                          ;MON_COUT            = $FDED
D000:                          ;MON_INPORT          = $FE8B
D000:                          ;MON_OUTPORT         = $FE95
D000:                          ;MON_WRITE           = $FECD
D000:                          ;MON_READ            = $FEFD
D000:                          ;MON_READ2           = $FF02
D000:                                                                                 ; --------------------------------
D000:                                                                                 ; --------------------------------
D000:                                                                                 ; Applesoft tokens
D000:                                                                                 ; --------------------------------
D000:                     0081 AS_TOKEN_FOR          =     $81
D000:                     0083 AS_TOKENDWTA          =     $83
D000:                     00A1 AS_TOKEN_POP          =     $A1
D000:                     00AB AS_TOKEN_GOTO         =     $AB
D000:                     00B0 AS_TOKEN_GOSUB        =     $B0
D000:                     00B2 AS_TOKEN_REM          =     $B2
D000:                     00BA AS_TOKEN_PRINT        =     $BA
D000:                     00C0 AS_TOKEN_TAB          =     $C0
D000:                     00C1 AS_TOKEN_TO           =     $C1
D000:                     00C2 AS_TOKEN_FN           =     $C2
D000:                     00C3 AS_TOKEN_SPC          =     $C3
D000:                     00C4 AS_TOKEN_THEN         =     $C4
D000:                     00C5 AS_TOKENDB            =     $C5
D000:                     00C6 AS_TOKEN_NOT          =     $C6
D000:                     00C7 AS_TOKEN_STEP         =     $C7
D000:                     00C8 AS_TOKEN_PLUS         =     $C8
D000:                     00C9 AS_TOKEN_MINUS        =     $C9
D000:                     00CF AS_TOKEN_GREATER      =     $CF
D000:                     00D0 AS_TOKENEQUUAL        =     $D0
D000:                     00D2 AS_TOKEN_SGN          =     $D2
D000:                     00D7 AS_TOKEN_SCRN         =     $D7
D000:                     00E8 AS_TOKEN_LEFTSTR      =     $E8
D000:                                                                                 ; --------------------------------
D000:                                                                                 ; Branch table for tokens
D000:                                                                                 ; --------------------------------
D000: 6f d8                    AS_TOKEN_ADDRESS_TABLE: .word AS_ENDX - 1                ; $80...128...End
D002: 65 d7                                          .word AS_FOR - 1                 ; $81...129...For
D004: f8 dc                                          .word AS_NEXT - 1                ; $82...130...Next
D006: 94 d9                                          .word AS_DATA - 1                ; $83...131..Dwta
D008: b1 db                                          .word AS_INPUT - 1               ; $84...132...Input
D00A: 2f f3                                          .word AS_DEL - 1                 ; $85...133...Del
D00C: d7 df                                          .word AS_DIM - 1                 ; $86...134...Dim
D00E: e1 db                                          .word AS_READ - 1                ; $87...135...Read
D010: 8e f3                                          .word AS_GR - 1                  ; $88...136...Gr
D012: 97 f3                                          .word AS_TEXT - 1                ; $89...137...Text
D014: e3 f1                                          .word AS_PR_NUMBER - 1           ; $8A...138...pr#
D016: dc f1                                          .word AS_IN_NUMBER - 1           ; $8B...139...in#
D018: d3 f1                                          .word AS_CALL - 1                ; $8C...140...call
D01A: 23 f2                                          .word AS_PLOT - 1                ; $8D...141...plot
D01C: 30 f2                                          .word AS_HLIN - 1                ; $8E...142...hlin
D01E: 3f f2                                          .word AS_VLIN - 1                ; $8F...143...vlin

Page 5
--------------------------------------------------------------------------------
D020: d6 f3                                          .word AS_HGR2 - 1                ; $90...144...Hgr2
D022: e0 f3                                          .word AS_HGR - 1                 ; $91...145...Hgr
D024: e7 f6                                          .word AS_HCOLOR - 1              ; $92...146...Hcolor=
D026: fc f6                                          .word AS_HPLOT - 1               ; $93...147...Hplot
D028: 67 f7                                          .word AS_DRAW - 1                ; $94...148...Draw
D02A: 6d f7                                          .word AS_XDRAW - 1               ; $95...149...Xdraw
D02C: e5 f7                                          .word AS_HTAB - 1                ; $96...150...Htab
D02E: 56 fc                                          .word MON_HOME - 1               ; $97...151...Home
D030: 1f f7                                          .word AS_ROT - 1                 ; $98...152...Rot=
D032: 25 f7                                          .word AS_SCALE - 1               ; $99...153...Scale=
D034: 73 f7                                          .word AS_SHLOAD - 1              ; $9A...154...shload
D036: 6b f2                                          .word AS_TRACE - 1               ; $9B...155...trace
D038: 6d f2                                          .word AS_NOTRACE - 1             ; $9C...156...notrace
D03A: 71 f2                                          .word AS_NORMAL - 1              ; $9D...157...normal
D03C: 75 f2                                          .word AS_INVERSE - 1             ; $9E...158...inverse
D03E: 7e f2                                          .word AS_FLASH - 1               ; $9F...159...flash
D040: 4d f2                                          .word AS_COLOR - 1               ; $A0...160...color=
D042: 6a d9                                          .word AS_POP - 1                 ; $A1...161...pop
D044: 54 f2                                          .word AS_VTAB - 1                ; $A2...162...vtab
D046: 84 f2                                          .word AS_HIMEM - 1               ; $A3...163...himem:
D048: a4 f2                                          .word AS_LOMEM - 1               ; $A4...164...lomem:
D04A: c9 f2                                          .word AS_ONERR - 1               ; $A5...165...onerr
D04C: 16 f3                                          .word AS_RESUME - 1              ; $A6...166...resume
D04E: ba f3                                          .word AS_RECALL - 1              ; $A7...167...recall
D050: 9d f3                                          .word AS_STORE - 1               ; $A8...168...store
D052: 60 f2                                          .word AS_SPEED - 1               ; $A9...169...speed=
D054: 45 da                                          .word AS_LET - 1                 ; $AA...170...let
D056: 3d d9                                          .word AS_GOTO - 1                ; $AB...171...goto
D058: 11 d9                                          .word AS_RUN - 1                 ; $AC...172...run
D05A: c8 d9                                          .word AS_IF - 1                  ; $AD...173...if
D05C: 48 d8                                          .word AS_RESTORE - 1             ; $AE...174...restore
D05E: f4 03                                          .word AS_AMPERSAND_VECTOR - 1    ; $AF...175...&
D060: 20 d9                                          .word AS_GOSUB - 1               ; $B0...176...gosub
D062: 6a d9                                          .word AS_POP - 1                 ; $B1...177...return
D064: db d9                                          .word AS_REM - 1                 ; $B2...178...rem
D066: 6d d8                                          .word AS_STOP - 1                ; $B3...179...stop
D068: eb d9                                          .word AS_ONGOTO - 1              ; $B4...180...on
D06A: 82 e7                                          .word AS_WAIT - 1                ; $B5...181...wait
D06C: c8 d8                                          .word AS_LOAD - 1                ; $B6...182...load
D06E: af d8                                          .word AS_SAVE - 1                ; $B7...183...save
D070: 11 e3                                          .word AS_DEF - 1                 ; $B8...184...def
D072: 79 e7                                          .word AS_POKE - 1                ; $B9...185...poke
D074: d4 da                                          .word AS_PRINT - 1               ; $BA...186...print
D076: 95 d8                                          .word AS_CONT - 1                ; $BB...187...cont
D078: a4 d6                                          .word AS_LIST - 1                ; $BC...188...list
D07A: 69 d6                                          .word AS_CLEAR - 1               ; $BD...189...clear
D07C: 9f db                                          .word AS_GET - 1                 ; $BE...190...get
D07E: 48 d6                                          .word AS_NEW - 1                 ; $BF...191...new
D080:                                                                                 ; --------------------------------
D080: 8f eb                    AS_UNFNC:             .word AS_SGN                     ; $D2...210...sgn
D082: 22 ec                                          .word AS_INT                     ; $D3...211...int
D084: ae eb                                          .word AS_ABS                     ; $D4...212...abs
D086: 0a 00                                          .word AS_USR                     ; $D5...213...usr
D088: dd e2                                          .word AS_FRE                     ; $D6...214...fre
D08A: 12 d4                                          .word AS_ERROR                   ; $D7...215...scrn(
D08C: cc df                                          .word AS_PDL                     ; $D8...216...pdl
D08E: fe e2                                          .word AS_POS                     ; $D9...217...pos
D090: 8c ee                                          .word AS_SQR                     ; $DA...218...sqr
D092: ad ef                                          .word AS_RND                     ; $DB...219...rnd
D094: 40 e9                                          .word AS_LOG                     ; $DC...220...log

Page 6
--------------------------------------------------------------------------------
D096: 08 ef                                          .word AS_EXP                     ; $DD...221...exp
D098: e9 ef                                          .word AS_COS                     ; $DE...222...cos
D09A: f0 ef                                          .word AS_SIN                     ; $DF...223...sin
D09C: 39 f0                                          .word AS_TAN                     ; $E0...224...tan
D09E: 9d f0                                          .word AS_ATN                     ; $E1...225...atn
D0A0: 63 e7                                          .word AS_PEEK                    ; $E2...226...peek
D0A2: d5 e6                                          .word AS_LEN                     ; $E3...227...len
D0A4: c4 e3                                          .word AS_STR                     ; $E4...228...str$
D0A6: 06 e7                                          .word AS_VAL                     ; $E5...229...val
D0A8: e4 e6                                          .word AS_ASC                     ; $E6...230...asc
D0AA: 45 e6                                          .word AS_CHRSTR                  ; $E7...231...chr$
D0AC: 59 e6                                          .word AS_LEFTSTR                 ; $E8...232...left$
D0AE: 85 e6                                          .word AS_RIGHTSTR                ; $E9...233...right$
D0B0: 90 e6                                          .word AS_MIDSTR                  ; $EA...234...mid$
D0B2:                                                                                 ; --------------------------------
D0B2:                                                                                 ; Math operator branch table
D0B2:                          
D0B2:                                                                                 ; One-byte precedence code
D0B2:                                                                                 ; Two-byte address
D0B2:                                                                                 ; --------------------------------
D0B2:                     0046 AS_P_OR               =     $46                        ; "Or" is lowest precedence
D0B2:                     0050 AS_P_AND              =     $50
D0B2:                     0064 AS_P_REL              =     $64                        ; Relational operators
D0B2:                     0079 AS_P_ADD              =     $79                        ; Binary + and -
D0B2:                     007B AS_P_MUL              =     $7B                        ; * And /
D0B2:                     007D AS_P_PWR              =     $7D                        ; Exponentiation
D0B2:                     007F AS_P_NEQ              =     $7F                        ; Unary - and comparison =
D0B2:                                                                                 ; --------------------------------
D0B2: 79                       AS_MATHTBL:           .byte AS_P_ADD
D0B3: bf e7                                          .word AS_FADDT - 1               ; $C8...200...+
D0B5: 79                                             .byte AS_P_ADD
D0B6: a8 e7                                          .word AS_FSUBT - 1               ; $C9...201...-
D0B8: 7b                                             .byte AS_P_MUL
D0B9: 80 e9                                          .word AS_FMULTT - 1              ; $CA...202...*
D0BB: 7b                                             .byte AS_P_MUL
D0BC: 67 ea                                          .word AS_FDIVT - 1               ; $CB...203.../
D0BE: 7d                                             .byte AS_P_PWR
D0BF: 95 ee                                          .word AS_FPWRT - 1               ; $CC...204...^
D0C1: 50                                             .byte AS_P_AND
D0C2: 53 df                                          .word AS_ANDOP - 1               ; $CD...205...and
D0C4: 46                                             .byte AS_P_OR
D0C5: 4d df                                          .word AS_OR - 1                  ; $CE...206...or
D0C7: 7f                       AS_M_NEG:             .byte AS_P_NEQ
D0C8: ce ee                                          .word AS_NEGOP - 1               ; $CF...207...>
D0CA: 7f                       AS_MEQUU:             .byte AS_P_NEQ
D0CB: 96 de                                          .word AS_EQUOP - 1               ; $D0...208...=
D0CD: 64                       AS_M_REL:             .byte AS_P_REL
D0CE: 63 df                                          .word AS_RELOPS - 1              ; $D1...209...<
D0D0:                          
D0D0:                                                                                 ; --------------------------------
D0D0:                                                                                 ; Token name table
D0D0:                                                                                 ; --------------------------------
D0D0:                          
D0D0: 45                       AS_TOKEN_NAME_TABLE:  .byte "E" & %01111111
D0D1: 4e                                             .byte "N" & %01111111
D0D2: c4                                             .byte "D" | %10000000
D0D3:                                                                                 ; $80...128
D0D3: 46                                             .byte "F" & %01111111
D0D4: 4f                                             .byte "O" & %01111111
D0D5: d2                                             .byte "R" | %10000000

Page 7
--------------------------------------------------------------------------------
D0D6:                                                                                 ; $81...129
D0D6: 4e                                             .byte "N" & %01111111
D0D7: 45                                             .byte "E" & %01111111
D0D8: 58                                             .byte "X" & %01111111
D0D9: d4                                             .byte "T" | %10000000
D0DA:                                                                                 ; $82...130
D0DA: 44                                             .byte "D" & %01111111
D0DB: 41                                             .byte "A" & %01111111
D0DC: 54                                             .byte "T" & %01111111
D0DD: c1                                             .byte "A" | %10000000
D0DE:                                                                                 ; $83...131
D0DE: 49                                             .byte "I" & %01111111
D0DF: 4e                                             .byte "N" & %01111111
D0E0: 50                                             .byte "P" & %01111111
D0E1: 55                                             .byte "U" & %01111111
D0E2: d4                                             .byte "T" | %10000000
D0E3:                                                                                 ; $84...132
D0E3: 44                                             .byte "D" & %01111111
D0E4: 45                                             .byte "E" & %01111111
D0E5: cc                                             .byte "L" | %10000000
D0E6:                                                                                 ; $85...133
D0E6: 44                                             .byte "D" & %01111111
D0E7: 49                                             .byte "I" & %01111111
D0E8: cd                                             .byte "M" | %10000000
D0E9:                                                                                 ; $86...134
D0E9: 52                                             .byte "R" & %01111111
D0EA: 45                                             .byte "E" & %01111111
D0EB: 41                                             .byte "A" & %01111111
D0EC: c4                                             .byte "D" | %10000000
D0ED:                                                                                 ; $87...135
D0ED: 47                                             .byte "G" & %01111111
D0EE: d2                                             .byte "R" | %10000000
D0EF:                                                                                 ; $88...136
D0EF: 54                                             .byte "T" & %01111111
D0F0: 45                                             .byte "E" & %01111111
D0F1: 58                                             .byte "X" & %01111111
D0F2: d4                                             .byte "T" | %10000000
D0F3:                                                                                 ; $89...137
D0F3: 50                                             .byte "P" & %01111111
D0F4: 52                                             .byte "R" & %01111111
D0F5: a3                                             .byte "#" | %10000000
D0F6:                                                                                 ; $8A...138
D0F6: 49                                             .byte "I" & %01111111
D0F7: 4e                                             .byte "N" & %01111111
D0F8: a3                                             .byte "#" | %10000000
D0F9:                                                                                 ; $8B...139
D0F9: 43                                             .byte "C" & %01111111
D0FA: 41                                             .byte "A" & %01111111
D0FB: 4c                                             .byte "L" & %01111111
D0FC: cc                                             .byte "L" | %10000000
D0FD:                                                                                 ; $8C...140
D0FD: 50                                             .byte "P" & %01111111
D0FE: 4c                                             .byte "L" & %01111111
D0FF: 4f                                             .byte "O" & %01111111
D100: d4                                             .byte "T" | %10000000
D101:                                                                                 ; $8D...141
D101: 48                                             .byte "H" & %01111111
D102: 4c                                             .byte "L" & %01111111
D103: 49                                             .byte "I" & %01111111
D104: ce                                             .byte "N" | %10000000

Page 8
--------------------------------------------------------------------------------
D105:                                                                                 ; $8E...142
D105: 56                                             .byte "V" & %01111111
D106: 4c                                             .byte "L" & %01111111
D107: 49                                             .byte "I" & %01111111
D108: ce                                             .byte "N" | %10000000
D109:                                                                                 ; $8F...143
D109: 48                                             .byte "H" & %01111111
D10A: 47                                             .byte "G" & %01111111
D10B: 52                                             .byte "R" & %01111111
D10C: b2                                             .byte "2" | %10000000
D10D:                                                                                 ; $90...144
D10D: 48                                             .byte "H" & %01111111
D10E: 47                                             .byte "G" & %01111111
D10F: d2                                             .byte "R" | %10000000
D110:                                                                                 ; $91...145
D110: 48                                             .byte "H" & %01111111
D111: 43                                             .byte "C" & %01111111
D112: 4f                                             .byte "O" & %01111111
D113: 4c                                             .byte "L" & %01111111
D114: 4f                                             .byte "O" & %01111111
D115: 52                                             .byte "R" & %01111111
D116: bd                                             .byte "=" | %10000000
D117:                                                                                 ; $92...146
D117: 48                                             .byte "H" & %01111111
D118: 50                                             .byte "P" & %01111111
D119: 4c                                             .byte "L" & %01111111
D11A: 4f                                             .byte "O" & %01111111
D11B: d4                                             .byte "T" | %10000000
D11C:                                                                                 ; $93...147
D11C: 44                                             .byte "D" & %01111111
D11D: 52                                             .byte "R" & %01111111
D11E: 41                                             .byte "A" & %01111111
D11F: d7                                             .byte "W" | %10000000
D120:                                                                                 ; $94...148
D120: 58                                             .byte "X" & %01111111
D121: 44                                             .byte "D" & %01111111
D122: 52                                             .byte "R" & %01111111
D123: 41                                             .byte "A" & %01111111
D124: d7                                             .byte "W" | %10000000
D125:                                                                                 ; $95...149
D125: 48                                             .byte "H" & %01111111
D126: 54                                             .byte "T" & %01111111
D127: 41                                             .byte "A" & %01111111
D128: c2                                             .byte "B" | %10000000
D129:                                                                                 ; $96...150
D129: 48                                             .byte "H" & %01111111
D12A: 4f                                             .byte "O" & %01111111
D12B: 4d                                             .byte "M" & %01111111
D12C: c5                                             .byte "E" | %10000000
D12D:                                                                                 ; $97...151
D12D: 52                                             .byte "R" & %01111111
D12E: 4f                                             .byte "O" & %01111111
D12F: 54                                             .byte "T" & %01111111
D130: bd                                             .byte "=" | %10000000
D131:                                                                                 ; $98...152
D131: 53                                             .byte "S" & %01111111
D132: 43                                             .byte "C" & %01111111
D133: 41                                             .byte "A" & %01111111
D134: 4c                                             .byte "L" & %01111111
D135: 45                                             .byte "E" & %01111111

Page 9
--------------------------------------------------------------------------------
D136: bd                                             .byte "=" | %10000000
D137:                                                                                 ; $99...153
D137: 53                                             .byte "S" & %01111111
D138: 48                                             .byte "H" & %01111111
D139: 4c                                             .byte "L" & %01111111
D13A: 4f                                             .byte "O" & %01111111
D13B: 41                                             .byte "A" & %01111111
D13C: c4                                             .byte "D" | %10000000
D13D:                                                                                 ; $9A...154
D13D: 54                                             .byte "T" & %01111111
D13E: 52                                             .byte "R" & %01111111
D13F: 41                                             .byte "A" & %01111111
D140: 43                                             .byte "C" & %01111111
D141: c5                                             .byte "E" | %10000000
D142:                                                                                 ; $9B...155
D142: 4e                                             .byte "N" & %01111111
D143: 4f                                             .byte "O" & %01111111
D144: 54                                             .byte "T" & %01111111
D145: 52                                             .byte "R" & %01111111
D146: 41                                             .byte "A" & %01111111
D147: 43                                             .byte "C" & %01111111
D148: c5                                             .byte "E" | %10000000
D149:                                                                                 ; $9C...156
D149: 4e                                             .byte "N" & %01111111
D14A: 4f                                             .byte "O" & %01111111
D14B: 52                                             .byte "R" & %01111111
D14C: 4d                                             .byte "M" & %01111111
D14D: 41                                             .byte "A" & %01111111
D14E: cc                                             .byte "L" | %10000000
D14F:                                                                                 ; $9D...157
D14F: 49                                             .byte "I" & %01111111
D150: 4e                                             .byte "N" & %01111111
D151: 56                                             .byte "V" & %01111111
D152: 45                                             .byte "E" & %01111111
D153: 52                                             .byte "R" & %01111111
D154: 53                                             .byte "S" & %01111111
D155: c5                                             .byte "E" | %10000000
D156:                                                                                 ; $9E...158
D156: 46                                             .byte "F" & %01111111
D157: 4c                                             .byte "L" & %01111111
D158: 41                                             .byte "A" & %01111111
D159: 53                                             .byte "S" & %01111111
D15A: c8                                             .byte "H" | %10000000
D15B:                                                                                 ; $9F...159
D15B: 43                                             .byte "C" & %01111111
D15C: 4f                                             .byte "O" & %01111111
D15D: 4c                                             .byte "L" & %01111111
D15E: 4f                                             .byte "O" & %01111111
D15F: 52                                             .byte "R" & %01111111
D160: bd                                             .byte "=" | %10000000
D161:                                                                                 ; $A0...160
D161: 50                                             .byte "P" & %01111111
D162: 4f                                             .byte "O" & %01111111
D163: d0                                             .byte "P" | %10000000
D164:                                                                                 ; $A1...161
D164: 56                                             .byte "V" & %01111111
D165: 54                                             .byte "T" & %01111111
D166: 41                                             .byte "A" & %01111111
D167: c2                                             .byte "B" | %10000000
D168:                                                                                 ; $A2...162

Page 10
--------------------------------------------------------------------------------
D168: 48                                             .byte "H" & %01111111
D169: 49                                             .byte "I" & %01111111
D16A: 4d                                             .byte "M" & %01111111
D16B: 45                                             .byte "E" & %01111111
D16C: 4d                                             .byte "M" & %01111111
D16D: ba                                             .byte ":" | %10000000
D16E:                                                                                 ; $A3...163
D16E: 4c                                             .byte "L" & %01111111
D16F: 4f                                             .byte "O" & %01111111
D170: 4d                                             .byte "M" & %01111111
D171: 45                                             .byte "E" & %01111111
D172: 4d                                             .byte "M" & %01111111
D173: ba                                             .byte ":" | %10000000
D174:                                                                                 ; $A4...164
D174: 4f                                             .byte "O" & %01111111
D175: 4e                                             .byte "N" & %01111111
D176: 45                                             .byte "E" & %01111111
D177: 52                                             .byte "R" & %01111111
D178: d2                                             .byte "R" | %10000000
D179:                                                                                 ; $A5...165
D179: 52                                             .byte "R" & %01111111
D17A: 45                                             .byte "E" & %01111111
D17B: 53                                             .byte "S" & %01111111
D17C: 55                                             .byte "U" & %01111111
D17D: 4d                                             .byte "M" & %01111111
D17E: c5                                             .byte "E" | %10000000
D17F:                                                                                 ; $A6...166
D17F: 52                                             .byte "R" & %01111111
D180: 45                                             .byte "E" & %01111111
D181: 43                                             .byte "C" & %01111111
D182: 41                                             .byte "A" & %01111111
D183: 4c                                             .byte "L" & %01111111
D184: cc                                             .byte "L" | %10000000
D185:                                                                                 ; $A7...167
D185: 53                                             .byte "S" & %01111111
D186: 54                                             .byte "T" & %01111111
D187: 4f                                             .byte "O" & %01111111
D188: 52                                             .byte "R" & %01111111
D189: c5                                             .byte "E" | %10000000
D18A:                                                                                 ; $A8...168
D18A: 53                                             .byte "S" & %01111111
D18B: 50                                             .byte "P" & %01111111
D18C: 45                                             .byte "E" & %01111111
D18D: 45                                             .byte "E" & %01111111
D18E: 44                                             .byte "D" & %01111111
D18F: bd                                             .byte "=" | %10000000
D190:                                                                                 ; $A9...169
D190: 4c                                             .byte "L" & %01111111
D191: 45                                             .byte "E" & %01111111
D192: d4                                             .byte "T" | %10000000
D193:                                                                                 ; $AA...170
D193: 47                                             .byte "G" & %01111111
D194: 4f                                             .byte "O" & %01111111
D195: 54                                             .byte "T" & %01111111
D196: cf                                             .byte "O" | %10000000
D197:                                                                                 ; $AB...171
D197: 52                                             .byte "R" & %01111111
D198: 55                                             .byte "U" & %01111111
D199: ce                                             .byte "N" | %10000000
D19A:                                                                                 ; $AC...172

Page 11
--------------------------------------------------------------------------------
D19A: 49                                             .byte "I" & %01111111
D19B: c6                                             .byte "F" | %10000000
D19C:                                                                                 ; $AD...173
D19C: 52                                             .byte "R" & %01111111
D19D: 45                                             .byte "E" & %01111111
D19E: 53                                             .byte "S" & %01111111
D19F: 54                                             .byte "T" & %01111111
D1A0: 4f                                             .byte "O" & %01111111
D1A1: 52                                             .byte "R" & %01111111
D1A2: c5                                             .byte "E" | %10000000
D1A3:                                                                                 ; $AE...174
D1A3: a6                                             .byte "&" | %10000000
D1A4:                                                                                 ; $AF...175
D1A4: 47                                             .byte "G" & %01111111
D1A5: 4f                                             .byte "O" & %01111111
D1A6: 53                                             .byte "S" & %01111111
D1A7: 55                                             .byte "U" & %01111111
D1A8: c2                                             .byte "B" | %10000000
D1A9:                                                                                 ; $B0...176
D1A9: 52                                             .byte "R" & %01111111
D1AA: 45                                             .byte "E" & %01111111
D1AB: 54                                             .byte "T" & %01111111
D1AC: 55                                             .byte "U" & %01111111
D1AD: 52                                             .byte "R" & %01111111
D1AE: ce                                             .byte "N" | %10000000
D1AF:                                                                                 ; $B1...177
D1AF: 52                                             .byte "R" & %01111111
D1B0: 45                                             .byte "E" & %01111111
D1B1: cd                                             .byte "M" | %10000000
D1B2:                                                                                 ; $B2...178
D1B2: 53                                             .byte "S" & %01111111
D1B3: 54                                             .byte "T" & %01111111
D1B4: 4f                                             .byte "O" & %01111111
D1B5: d0                                             .byte "P" | %10000000
D1B6:                                                                                 ; $B3...179
D1B6: 4f                                             .byte "O" & %01111111
D1B7: ce                                             .byte "N" | %10000000
D1B8:                                                                                 ; $B4...180
D1B8: 57                                             .byte "W" & %01111111
D1B9: 41                                             .byte "A" & %01111111
D1BA: 49                                             .byte "I" & %01111111
D1BB: d4                                             .byte "T" | %10000000
D1BC:                                                                                 ; $B5...181
D1BC: 4c                                             .byte "L" & %01111111
D1BD: 4f                                             .byte "O" & %01111111
D1BE: 41                                             .byte "A" & %01111111
D1BF: c4                                             .byte "D" | %10000000
D1C0:                                                                                 ; $B6...182
D1C0: 53                                             .byte "S" & %01111111
D1C1: 41                                             .byte "A" & %01111111
D1C2: 56                                             .byte "V" & %01111111
D1C3: c5                                             .byte "E" | %10000000
D1C4:                                                                                 ; $B7...183
D1C4: 44                                             .byte "D" & %01111111
D1C5: 45                                             .byte "E" & %01111111
D1C6: c6                                             .byte "F" | %10000000
D1C7:                                                                                 ; $B8...184
D1C7: 50                                             .byte "P" & %01111111
D1C8: 4f                                             .byte "O" & %01111111
D1C9: 4b                                             .byte "K" & %01111111

Page 12
--------------------------------------------------------------------------------
D1CA: c5                                             .byte "E" | %10000000
D1CB:                                                                                 ; $B9...185
D1CB: 50                                             .byte "P" & %01111111
D1CC: 52                                             .byte "R" & %01111111
D1CD: 49                                             .byte "I" & %01111111
D1CE: 4e                                             .byte "N" & %01111111
D1CF: d4                                             .byte "T" | %10000000
D1D0:                                                                                 ; $BA...186
D1D0: 43                                             .byte "C" & %01111111
D1D1: 4f                                             .byte "O" & %01111111
D1D2: 4e                                             .byte "N" & %01111111
D1D3: d4                                             .byte "T" | %10000000
D1D4:                                                                                 ; $BB...187
D1D4: 4c                                             .byte "L" & %01111111
D1D5: 49                                             .byte "I" & %01111111
D1D6: 53                                             .byte "S" & %01111111
D1D7: d4                                             .byte "T" | %10000000
D1D8:                                                                                 ; $BC...188
D1D8: 43                                             .byte "C" & %01111111
D1D9: 4c                                             .byte "L" & %01111111
D1DA: 45                                             .byte "E" & %01111111
D1DB: 41                                             .byte "A" & %01111111
D1DC: d2                                             .byte "R" | %10000000
D1DD:                                                                                 ; $BD...189
D1DD: 47                                             .byte "G" & %01111111
D1DE: 45                                             .byte "E" & %01111111
D1DF: d4                                             .byte "T" | %10000000
D1E0:                                                                                 ; $BE...190
D1E0: 4e                                             .byte "N" & %01111111
D1E1: 45                                             .byte "E" & %01111111
D1E2: d7                                             .byte "W" | %10000000
D1E3:                                                                                 ; $BF...191
D1E3: 54                                             .byte "T" & %01111111
D1E4: 41                                             .byte "A" & %01111111
D1E5: 42                                             .byte "B" & %01111111
D1E6:                                                                                 ; $C0...192
D1E6: a8                                             .byte $A8
D1E7: 54                                             .byte "T" & %01111111
D1E8: cf                                             .byte "O" | %10000000
D1E9:                                                                                 ; $C1...193
D1E9: 46                                             .byte "F" & %01111111
D1EA: ce                                             .byte "N" | %10000000
D1EB:                                                                                 ; $C2...194
D1EB: 53                                             .byte "S" & %01111111
D1EC: 50                                             .byte "P" & %01111111
D1ED: 43                                             .byte "C" & %01111111
D1EE:                                                                                 ; $C3...195
D1EE: a8                                             .byte $A8
D1EF: 54                                             .byte "T" & %01111111
D1F0: 48                                             .byte "H" & %01111111
D1F1: 45                                             .byte "E" & %01111111
D1F2: ce                                             .byte "N" | %10000000
D1F3:                                                                                 ; $C4...196
D1F3: 41                                             .byte "A" & %01111111
D1F4: d4                                             .byte "T" | %10000000
D1F5:                                                                                 ; $C5...197
D1F5: 4e                                             .byte "N" & %01111111
D1F6: 4f                                             .byte "O" & %01111111
D1F7: d4                                             .byte "T" | %10000000
D1F8:                                                                                 ; $C6...198

Page 13
--------------------------------------------------------------------------------
D1F8: 53                                             .byte "S" & %01111111
D1F9: 54                                             .byte "T" & %01111111
D1FA: 45                                             .byte "E" & %01111111
D1FB: d0                                             .byte "P" | %10000000
D1FC:                                                                                 ; $C7...199
D1FC: ab                                             .byte "+" | %10000000
D1FD:                                                                                 ; $C8...200
D1FD: ad                                             .byte "-" | %10000000
D1FE:                                                                                 ; $C9...201
D1FE: aa                                             .byte "*" | %10000000
D1FF:                                                                                 ; $CA...202
D1FF: af                                             .byte "/" | %10000000
D200:                                                                                 ; $CB...203
D200: de                                             .byte $DE
D201:                          ;                    Lhascii(`^')                     ; $CC...204
D201: 41                                             .byte "A" & %01111111
D202: 4e                                             .byte "N" & %01111111
D203: c4                                             .byte "D" | %10000000
D204:                                                                                 ; $CD...205
D204: 4f                                             .byte "O" & %01111111
D205: d2                                             .byte "R" | %10000000
D206:                                                                                 ; $CE...206
D206: be                                             .byte ">" | %10000000
D207:                                                                                 ; $CF...207
D207: bd                                             .byte "=" | %10000000
D208:                                                                                 ; $D0...208
D208: bc                                             .byte "<" | %10000000
D209:                                                                                 ; $D1...209
D209: 53                                             .byte "S" & %01111111
D20A: 47                                             .byte "G" & %01111111
D20B: ce                                             .byte "N" | %10000000
D20C:                                                                                 ; $D2...210
D20C: 49                                             .byte "I" & %01111111
D20D: 4e                                             .byte "N" & %01111111
D20E: d4                                             .byte "T" | %10000000
D20F:                                                                                 ; $D3...211
D20F: 41                                             .byte "A" & %01111111
D210: 42                                             .byte "B" & %01111111
D211: d3                                             .byte "S" | %10000000
D212:                                                                                 ; $D4...212
D212: 55                                             .byte "U" & %01111111
D213: 53                                             .byte "S" & %01111111
D214: d2                                             .byte "R" | %10000000
D215:                                                                                 ; $D5...213
D215: 46                                             .byte "F" & %01111111
D216: 52                                             .byte "R" & %01111111
D217: c5                                             .byte "E" | %10000000
D218:                                                                                 ; $D6...214
D218: 53                                             .byte "S" & %01111111
D219: 43                                             .byte "C" & %01111111
D21A: 52                                             .byte "R" & %01111111
D21B: 4e                                             .byte "N" & %01111111
D21C:                                                                                 ; $D7...215
D21C: a8                                             .byte $A8
D21D: 50                                             .byte "P" & %01111111
D21E: 44                                             .byte "D" & %01111111
D21F: cc                                             .byte "L" | %10000000
D220:                                                                                 ; $D8...216
D220: 50                                             .byte "P" & %01111111
D221: 4f                                             .byte "O" & %01111111

Page 14
--------------------------------------------------------------------------------
D222: d3                                             .byte "S" | %10000000
D223:                                                                                 ; $D9...217
D223: 53                                             .byte "S" & %01111111
D224: 51                                             .byte "Q" & %01111111
D225: d2                                             .byte "R" | %10000000
D226:                                                                                 ; $DA...218
D226: 52                                             .byte "R" & %01111111
D227: 4e                                             .byte "N" & %01111111
D228: c4                                             .byte "D" | %10000000
D229:                                                                                 ; $DB...219
D229: 4c                                             .byte "L" & %01111111
D22A: 4f                                             .byte "O" & %01111111
D22B: c7                                             .byte "G" | %10000000
D22C:                                                                                 ; $DC...220
D22C: 45                                             .byte "E" & %01111111
D22D: 58                                             .byte "X" & %01111111
D22E: d0                                             .byte "P" | %10000000
D22F:                                                                                 ; $DD...221
D22F: 43                                             .byte "C" & %01111111
D230: 4f                                             .byte "O" & %01111111
D231: d3                                             .byte "S" | %10000000
D232:                                                                                 ; $DE...222
D232: 53                                             .byte "S" & %01111111
D233: 49                                             .byte "I" & %01111111
D234: ce                                             .byte "N" | %10000000
D235:                                                                                 ; $DF...223
D235: 54                                             .byte "T" & %01111111
D236: 41                                             .byte "A" & %01111111
D237: ce                                             .byte "N" | %10000000
D238:                                                                                 ; $E0...224
D238: 41                                             .byte "A" & %01111111
D239: 54                                             .byte "T" & %01111111
D23A: ce                                             .byte "N" | %10000000
D23B:                                                                                 ; $E1...225
D23B: 50                                             .byte "P" & %01111111
D23C: 45                                             .byte "E" & %01111111
D23D: 45                                             .byte "E" & %01111111
D23E: cb                                             .byte "K" | %10000000
D23F:                                                                                 ; $E2...226
D23F: 4c                                             .byte "L" & %01111111
D240: 45                                             .byte "E" & %01111111
D241: ce                                             .byte "N" | %10000000
D242:                                                                                 ; $E3...227
D242: 53                                             .byte "S" & %01111111
D243: 54                                             .byte "T" & %01111111
D244: 52                                             .byte "R" & %01111111
D245: a4                                             .byte "$" | %10000000
D246:                                                                                 ; $E4...228
D246: 56                                             .byte "V" & %01111111
D247: 41                                             .byte "A" & %01111111
D248: cc                                             .byte "L" | %10000000
D249:                                                                                 ; $E5...229
D249: 41                                             .byte "A" & %01111111
D24A: 53                                             .byte "S" & %01111111
D24B: c3                                             .byte "C" | %10000000
D24C:                                                                                 ; $E6...230
D24C: 43                                             .byte "C" & %01111111
D24D: 48                                             .byte "H" & %01111111
D24E: 52                                             .byte "R" & %01111111
D24F: a4                                             .byte "$" | %10000000

Page 15
--------------------------------------------------------------------------------
D250:                                                                                 ; $E7...231
D250: 4c                                             .byte "L" & %01111111
D251: 45                                             .byte "E" & %01111111
D252: 46                                             .byte "F" & %01111111
D253: 54                                             .byte "T" & %01111111
D254: a4                                             .byte "$" | %10000000
D255:                                                                                 ; $E8...232
D255: 52                                             .byte "R" & %01111111
D256: 49                                             .byte "I" & %01111111
D257: 47                                             .byte "G" & %01111111
D258: 48                                             .byte "H" & %01111111
D259: 54                                             .byte "T" & %01111111
D25A: a4                                             .byte "$" | %10000000
D25B:                                                                                 ; $E9...233
D25B: 4d                                             .byte "M" & %01111111
D25C: 49                                             .byte "I" & %01111111
D25D: 44                                             .byte "D" & %01111111
D25E: a4                                             .byte "$" | %10000000
D25F:                                                                                 ; $EA...234
D25F:                          
D25F: 00                                             .byte 0                          ; End of token name table
D260:                                                                                 ; --------------------------------
D260:                                                                                 ; --------------------------------
D260:                                                                                 ; Error messages
D260:                                                                                 ; --------------------------------
D260:                          AS_ERROR_MESSAGES:
D260:                     0000 AS_ERR_NOFOR          =     * - AS_ERROR_MESSAGES
D260: 4e                                             .byte "N" & %01111111
D261: 45                                             .byte "E" & %01111111
D262: 58                                             .byte "X" & %01111111
D263: 54                                             .byte "T" & %01111111
D264: 20                                             .byte " " & %01111111
D265: 57                                             .byte "W" & %01111111
D266: 49                                             .byte "I" & %01111111
D267: 54                                             .byte "T" & %01111111
D268: 48                                             .byte "H" & %01111111
D269: 4f                                             .byte "O" & %01111111
D26A: 55                                             .byte "U" & %01111111
D26B: 54                                             .byte "T" & %01111111
D26C: 20                                             .byte " " & %01111111
D26D: 46                                             .byte "F" & %01111111
D26E: 4f                                             .byte "O" & %01111111
D26F: d2                                             .byte "R" | %10000000
D270:                          
D270:                     0010 AS_ERR_SYNTAX         =     * - AS_ERROR_MESSAGES
D270: 53                                             .byte "S" & %01111111
D271: 59                                             .byte "Y" & %01111111
D272: 4e                                             .byte "N" & %01111111
D273: 54                                             .byte "T" & %01111111
D274: 41                                             .byte "A" & %01111111
D275: d8                                             .byte "X" | %10000000
D276:                          
D276:                     0016 AS_ERR_NOGOSUB        =     * - AS_ERROR_MESSAGES
D276: 52                                             .byte "R" & %01111111
D277: 45                                             .byte "E" & %01111111
D278: 54                                             .byte "T" & %01111111
D279: 55                                             .byte "U" & %01111111
D27A: 52                                             .byte "R" & %01111111
D27B: 4e                                             .byte "N" & %01111111
D27C: 20                                             .byte " " & %01111111

Page 16
--------------------------------------------------------------------------------
D27D: 57                                             .byte "W" & %01111111
D27E: 49                                             .byte "I" & %01111111
D27F: 54                                             .byte "T" & %01111111
D280: 48                                             .byte "H" & %01111111
D281: 4f                                             .byte "O" & %01111111
D282: 55                                             .byte "U" & %01111111
D283: 54                                             .byte "T" & %01111111
D284: 20                                             .byte " " & %01111111
D285: 47                                             .byte "G" & %01111111
D286: 4f                                             .byte "O" & %01111111
D287: 53                                             .byte "S" & %01111111
D288: 55                                             .byte "U" & %01111111
D289: c2                                             .byte "B" | %10000000
D28A:                          
D28A:                     002A AS_ERR_NODATA         =     * - AS_ERROR_MESSAGES
D28A: 4f                                             .byte "O" & %01111111
D28B: 55                                             .byte "U" & %01111111
D28C: 54                                             .byte "T" & %01111111
D28D: 20                                             .byte " " & %01111111
D28E: 4f                                             .byte "O" & %01111111
D28F: 46                                             .byte "F" & %01111111
D290: 20                                             .byte " " & %01111111
D291: 44                                             .byte "D" & %01111111
D292: 41                                             .byte "A" & %01111111
D293: 54                                             .byte "T" & %01111111
D294: c1                                             .byte "A" | %10000000
D295:                          
D295:                     0035 AS_ERR_ILLQTY         =     * - AS_ERROR_MESSAGES
D295: 49                                             .byte "I" & %01111111
D296: 4c                                             .byte "L" & %01111111
D297: 4c                                             .byte "L" & %01111111
D298: 45                                             .byte "E" & %01111111
D299: 47                                             .byte "G" & %01111111
D29A: 41                                             .byte "A" & %01111111
D29B: 4c                                             .byte "L" & %01111111
D29C: 20                                             .byte " " & %01111111
D29D: 51                                             .byte "Q" & %01111111
D29E: 55                                             .byte "U" & %01111111
D29F: 41                                             .byte "A" & %01111111
D2A0: 4e                                             .byte "N" & %01111111
D2A1: 54                                             .byte "T" & %01111111
D2A2: 49                                             .byte "I" & %01111111
D2A3: 54                                             .byte "T" & %01111111
D2A4: d9                                             .byte "Y" | %10000000
D2A5:                          
D2A5:                     0045 AS_ERR_OVERFLOW       =     * - AS_ERROR_MESSAGES
D2A5: 4f                                             .byte "O" & %01111111
D2A6: 56                                             .byte "V" & %01111111
D2A7: 45                                             .byte "E" & %01111111
D2A8: 52                                             .byte "R" & %01111111
D2A9: 46                                             .byte "F" & %01111111
D2AA: 4c                                             .byte "L" & %01111111
D2AB: 4f                                             .byte "O" & %01111111
D2AC: d7                                             .byte "W" | %10000000
D2AD:                          
D2AD:                     004D AS_ERR_MEMFULL        =     * - AS_ERROR_MESSAGES
D2AD: 4f                                             .byte "O" & %01111111
D2AE: 55                                             .byte "U" & %01111111
D2AF: 54                                             .byte "T" & %01111111
D2B0: 20                                             .byte " " & %01111111

Page 17
--------------------------------------------------------------------------------
D2B1: 4f                                             .byte "O" & %01111111
D2B2: 46                                             .byte "F" & %01111111
D2B3: 20                                             .byte " " & %01111111
D2B4: 4d                                             .byte "M" & %01111111
D2B5: 45                                             .byte "E" & %01111111
D2B6: 4d                                             .byte "M" & %01111111
D2B7: 4f                                             .byte "O" & %01111111
D2B8: 52                                             .byte "R" & %01111111
D2B9: d9                                             .byte "Y" | %10000000
D2BA:                          
D2BA:                     005A AS_ERR_UNDEFSTAT      =     * - AS_ERROR_MESSAGES
D2BA: 55                                             .byte "U" & %01111111
D2BB: 4e                                             .byte "N" & %01111111
D2BC: 44                                             .byte "D" & %01111111
D2BD: 45                                             .byte "E" & %01111111
D2BE: 46                                             .byte "F" & %01111111
D2BF:                          
D2BF: 27                                             .byte $27
D2C0: 44                                             .byte "D" & %01111111
D2C1: 20                                             .byte " " & %01111111
D2C2: 53                                             .byte "S" & %01111111
D2C3: 54                                             .byte "T" & %01111111
D2C4: 41                                             .byte "A" & %01111111
D2C5: 54                                             .byte "T" & %01111111
D2C6: 45                                             .byte "E" & %01111111
D2C7: 4d                                             .byte "M" & %01111111
D2C8: 45                                             .byte "E" & %01111111
D2C9: 4e                                             .byte "N" & %01111111
D2CA: d4                                             .byte "T" | %10000000
D2CB:                          
D2CB:                     006B AS_ERR_BADSUBS        =     * - AS_ERROR_MESSAGES
D2CB: 42                                             .byte "B" & %01111111
D2CC: 41                                             .byte "A" & %01111111
D2CD: 44                                             .byte "D" & %01111111
D2CE: 20                                             .byte " " & %01111111
D2CF: 53                                             .byte "S" & %01111111
D2D0: 55                                             .byte "U" & %01111111
D2D1: 42                                             .byte "B" & %01111111
D2D2: 53                                             .byte "S" & %01111111
D2D3: 43                                             .byte "C" & %01111111
D2D4: 52                                             .byte "R" & %01111111
D2D5: 49                                             .byte "I" & %01111111
D2D6: 50                                             .byte "P" & %01111111
D2D7: d4                                             .byte "T" | %10000000
D2D8:                          
D2D8:                     0078 AS_ERR_REDIMD         =     * - AS_ERROR_MESSAGES
D2D8: 52                                             .byte "R" & %01111111
D2D9: 45                                             .byte "E" & %01111111
D2DA: 44                                             .byte "D" & %01111111
D2DB: 49                                             .byte "I" & %01111111
D2DC: 4d                                             .byte "M" & %01111111
D2DD:                          
D2DD: 27                                             .byte $27
D2DE: 44                                             .byte "D" & %01111111
D2DF: 20                                             .byte " " & %01111111
D2E0: 41                                             .byte "A" & %01111111
D2E1: 52                                             .byte "R" & %01111111
D2E2: 52                                             .byte "R" & %01111111
D2E3: 41                                             .byte "A" & %01111111
D2E4: d9                                             .byte "Y" | %10000000

Page 18
--------------------------------------------------------------------------------
D2E5:                          
D2E5:                     0085 AS_ERR_ZERODIV        =     * - AS_ERROR_MESSAGES
D2E5: 44                                             .byte "D" & %01111111
D2E6: 49                                             .byte "I" & %01111111
D2E7: 56                                             .byte "V" & %01111111
D2E8: 49                                             .byte "I" & %01111111
D2E9: 53                                             .byte "S" & %01111111
D2EA: 49                                             .byte "I" & %01111111
D2EB: 4f                                             .byte "O" & %01111111
D2EC: 4e                                             .byte "N" & %01111111
D2ED: 20                                             .byte " " & %01111111
D2EE: 42                                             .byte "B" & %01111111
D2EF: 59                                             .byte "Y" & %01111111
D2F0: 20                                             .byte " " & %01111111
D2F1: 5a                                             .byte "Z" & %01111111
D2F2: 45                                             .byte "E" & %01111111
D2F3: 52                                             .byte "R" & %01111111
D2F4: cf                                             .byte "O" | %10000000
D2F5:                          
D2F5:                     0095 AS_ERR_ILLDIR         =     * - AS_ERROR_MESSAGES
D2F5: 49                                             .byte "I" & %01111111
D2F6: 4c                                             .byte "L" & %01111111
D2F7: 4c                                             .byte "L" & %01111111
D2F8: 45                                             .byte "E" & %01111111
D2F9: 47                                             .byte "G" & %01111111
D2FA: 41                                             .byte "A" & %01111111
D2FB: 4c                                             .byte "L" & %01111111
D2FC: 20                                             .byte " " & %01111111
D2FD: 44                                             .byte "D" & %01111111
D2FE: 49                                             .byte "I" & %01111111
D2FF: 52                                             .byte "R" & %01111111
D300: 45                                             .byte "E" & %01111111
D301: 43                                             .byte "C" & %01111111
D302: d4                                             .byte "T" | %10000000
D303:                          
D303:                     00A3 AS_ERR_BADTYPE        =     * - AS_ERROR_MESSAGES
D303: 54                                             .byte "T" & %01111111
D304: 59                                             .byte "Y" & %01111111
D305: 50                                             .byte "P" & %01111111
D306: 45                                             .byte "E" & %01111111
D307: 20                                             .byte " " & %01111111
D308: 4d                                             .byte "M" & %01111111
D309: 49                                             .byte "I" & %01111111
D30A: 53                                             .byte "S" & %01111111
D30B: 4d                                             .byte "M" & %01111111
D30C: 41                                             .byte "A" & %01111111
D30D: 54                                             .byte "T" & %01111111
D30E: 43                                             .byte "C" & %01111111
D30F: c8                                             .byte "H" | %10000000
D310:                          
D310:                     00B0 AS_ERR_STRLONG        =     * - AS_ERROR_MESSAGES
D310: 53                                             .byte "S" & %01111111
D311: 54                                             .byte "T" & %01111111
D312: 52                                             .byte "R" & %01111111
D313: 49                                             .byte "I" & %01111111
D314: 4e                                             .byte "N" & %01111111
D315: 47                                             .byte "G" & %01111111
D316: 20                                             .byte " " & %01111111
D317: 54                                             .byte "T" & %01111111
D318: 4f                                             .byte "O" & %01111111

Page 19
--------------------------------------------------------------------------------
D319: 4f                                             .byte "O" & %01111111
D31A: 20                                             .byte " " & %01111111
D31B: 4c                                             .byte "L" & %01111111
D31C: 4f                                             .byte "O" & %01111111
D31D: 4e                                             .byte "N" & %01111111
D31E: c7                                             .byte "G" | %10000000
D31F:                          
D31F:                     00BF AS_ERR_FRMCPX         =     * - AS_ERROR_MESSAGES
D31F: 46                                             .byte "F" & %01111111
D320: 4f                                             .byte "O" & %01111111
D321: 52                                             .byte "R" & %01111111
D322: 4d                                             .byte "M" & %01111111
D323: 55                                             .byte "U" & %01111111
D324: 4c                                             .byte "L" & %01111111
D325: 41                                             .byte "A" & %01111111
D326: 20                                             .byte " " & %01111111
D327: 54                                             .byte "T" & %01111111
D328: 4f                                             .byte "O" & %01111111
D329: 4f                                             .byte "O" & %01111111
D32A: 20                                             .byte " " & %01111111
D32B: 43                                             .byte "C" & %01111111
D32C: 4f                                             .byte "O" & %01111111
D32D: 4d                                             .byte "M" & %01111111
D32E: 50                                             .byte "P" & %01111111
D32F: 4c                                             .byte "L" & %01111111
D330: 45                                             .byte "E" & %01111111
D331: d8                                             .byte "X" | %10000000
D332:                          
D332:                     00D2 AS_ERR_CANTCONT       =     * - AS_ERROR_MESSAGES
D332: 43                                             .byte "C" & %01111111
D333: 41                                             .byte "A" & %01111111
D334: 4e                                             .byte "N" & %01111111
D335:                          
D335: 27                                             .byte $27
D336: 54                                             .byte "T" & %01111111
D337: 20                                             .byte " " & %01111111
D338: 43                                             .byte "C" & %01111111
D339: 4f                                             .byte "O" & %01111111
D33A: 4e                                             .byte "N" & %01111111
D33B: 54                                             .byte "T" & %01111111
D33C: 49                                             .byte "I" & %01111111
D33D: 4e                                             .byte "N" & %01111111
D33E: 55                                             .byte "U" & %01111111
D33F: c5                                             .byte "E" | %10000000
D340:                          
D340:                     00E0 AS_ERR_UNDEFFUNC      =     * - AS_ERROR_MESSAGES
D340: 55                                             .byte "U" & %01111111
D341: 4e                                             .byte "N" & %01111111
D342: 44                                             .byte "D" & %01111111
D343: 45                                             .byte "E" & %01111111
D344: 46                                             .byte "F" & %01111111
D345:                          
D345: 27                                             .byte $27
D346: 44                                             .byte "D" & %01111111
D347: 20                                             .byte " " & %01111111
D348: 46                                             .byte "F" & %01111111
D349: 55                                             .byte "U" & %01111111
D34A: 4e                                             .byte "N" & %01111111
D34B: 43                                             .byte "C" & %01111111
D34C: 54                                             .byte "T" & %01111111

Page 20
--------------------------------------------------------------------------------
D34D: 49                                             .byte "I" & %01111111
D34E: 4f                                             .byte "O" & %01111111
D34F: ce                                             .byte "N" | %10000000
D350:                          
D350:                                                                                 ; --------------------------------
D350:                          
D350: 20                       AS_QT_ERROR:          .byte " " & %01111111
D351: 45                                             .byte "E" & %01111111
D352: 52                                             .byte "R" & %01111111
D353: 52                                             .byte "R" & %01111111
D354: 4f                                             .byte "O" & %01111111
D355: 52                                             .byte "R" & %01111111
D356:                          
D356: 07 00                                          .byte $07, 0
D358:                          
D358: 20                       AS_QT_IN:             .byte " " & %01111111
D359: 49                                             .byte "I" & %01111111
D35A: 4e                                             .byte "N" & %01111111
D35B: 20                                             .byte " " & %01111111
D35C:                          
D35C: 00                                             .byte 0
D35D:                          
D35D: 0d                       AS_QT_BREAK:          .byte $0D
D35E: 42                                             .byte "B" & %01111111
D35F: 52                                             .byte "R" & %01111111
D360: 45                                             .byte "E" & %01111111
D361: 41                                             .byte "A" & %01111111
D362: 4b                                             .byte "K" & %01111111
D363:                          
D363: 07 00                                          .byte $07, 0
D365:                                                                                 ; --------------------------------
D365:                                                                                 ; Called by "next" and "for" to scan through
D365:                                                                                 ; The stack for a frame with the same variable.
D365:                          
D365:                                                                                 ; (Forpnt) = address of variable if "for" or "next"
D365:                                                                                 ; = $Xxff if called from "return"
D365:                                                                                 ; <<< Bug: should be $FFxx >>>
D365:                          
D365:                                                                                 ; Returns .ne. if variable not found,
D365:                                                                                 ; (X) = stack pntr after skipping all frames
D365:                          
D365:                                                                                 ; Equ. if found
D365:                                                                                 ; (X) = stack pntr of frame found
D365:                                                                                 ; --------------------------------
D365:                          AS_GTFORPNT:
D365: ba                                             TSX
D366: e8                                             INX
D367: e8                                             INX
D368: e8                                             INX
D369: e8                                             INX
D36A: bd 01 01                 AS_L_GTFORPNT_1:      LDA   AS_STACK + 1,X             ; "For" frame here?
D36D: c9 81                                          CMP   #AS_TOKEN_FOR
D36F: d0 92               D392                       BNE   AS_L_GTFORPNT_4            ; No
D371: a5 86                                          LDA   AS_FORPNT + 1              ; Yes -- "next" with no variable?
D373: d0 7f               D37F                       BNE   AS_L_GTFORPNT_2            ; No, variable specified
D375: bd 02 01                                       LDA   AS_STACK + 2,X             ; Yes, so use this frame
D378: 85 85                                          STA   AS_FORPNT
D37A: bd 03 01                                       LDA   AS_STACK + 3,X
D37D: 85 86                                          STA   AS_FORPNT + 1
D37F: dd 03 01                 AS_L_GTFORPNT_2:      CMP   AS_STACK + 3,X             ; Is variable in this frame?

Page 21
--------------------------------------------------------------------------------
D382: d0 8b               D38B                       BNE   AS_L_GTFORPNT_3            ; No
D384: a5 85                                          LDA   AS_FORPNT                  ; Look at 2nd byte too
D386: dd 02 01                                       CMP   AS_STACK + 2,X             ; Same variable?
D389: f0 92               D392                       BEQ   AS_L_GTFORPNT_4            ; Yes
D38B: 8a                       AS_L_GTFORPNT_3:      TXA                              ; No, so try next frame (if any)
D38C: 18                                             CLC                              ; 18 Bytes per frame
D38D: 69 12                                          ADC   #18
D38F: aa                                             TAX
D390: d0 6a               D36A                       BNE   AS_L_GTFORPNT_1            ; ...Always?
D392: 60                       AS_L_GTFORPNT_4:      RTS
D393:                                                                                 ; --------------------------------
D393:                                                                                 ; Move block of memory up
D393:                          
D393:                                                                                 ; On entry:
D393:                                                                                 ; (Y,a) = (highds) = destination end+1
D393:                                                                                 ; (Lowtr) = lowest address of source
D393:                                                                                 ; (Hightr) = highest source address+1
D393:                                                                                 ; --------------------------------
D393: 20 e3 d3                 AS_BLTU:              JSR   AS_REASON                  ; Be sure (y,a) < fretop
D396: 85 6d                                          STA   AS_STREND                  ; New top of array storage
D398: 84 6e                                          STY   AS_STREND + 1
D39A: 38                       AS_BLTU2:             SEC
D39B: a5 96                                          LDA   AS_HIGHTR                  ; Compute # of bytes to be moved
D39D: e5 9b                                          SBC   AS_LOWTR                   ; (From lowtr thru hightr-1)
D39F: 85 5e                                          STA   AS_INDEX                   ; Partial page amount
D3A1: a8                                             TAY
D3A2: a5 97                                          LDA   AS_HIGHTR + 1
D3A4: e5 9c                                          SBC   AS_LOWTR + 1
D3A6: aa                                             TAX                              ; # Of whole pages in x-reg
D3A7: e8                                             INX
D3A8: 98                                             TYA                              ; # Bytes in partial page
D3A9: f0 ce               D3CE                       BEQ   AS_L_BLTU2_4               ; No partial page
D3AB: a5 96                                          LDA   AS_HIGHTR                  ; Back up hightr # bytes in partial page
D3AD: 38                                             SEC
D3AE: e5 5e                                          SBC   AS_INDEX
D3B0: 85 96                                          STA   AS_HIGHTR
D3B2: b0 b7               D3B7                       BCS   AS_L_BLTU2_1
D3B4: c6 97                                          DEC   AS_HIGHTR + 1
D3B6: 38                                             SEC
D3B7: a5 94                    AS_L_BLTU2_1:         LDA   AS_HIGHDS                  ; Back up highds # bytes in partial page
D3B9: e5 5e                                          SBC   AS_INDEX
D3BB: 85 94                                          STA   AS_HIGHDS
D3BD: b0 c7               D3C7                       BCS   AS_L_BLTU2_3
D3BF: c6 95                                          DEC   AS_HIGHDS + 1
D3C1: 90 c7               D3C7                       BCC   AS_L_BLTU2_3               ; ...Always
D3C3: b1 96                    AS_L_BLTU2_2:         LDA   (AS_HIGHTR),Y              ; Move the bytes
D3C5: 91 94                                          STA   (AS_HIGHDS),Y
D3C7: 88                       AS_L_BLTU2_3:         DEY
D3C8: d0 c3               D3C3                       BNE   AS_L_BLTU2_2               ; Loop to end of this 256 bytes
D3CA: b1 96                                          LDA   (AS_HIGHTR),Y              ; Move one more byte
D3CC: 91 94                                          STA   (AS_HIGHDS),Y
D3CE: c6 97                    AS_L_BLTU2_4:         DEC   AS_HIGHTR + 1              ; Down to next block of 256
D3D0: c6 95                                          DEC   AS_HIGHDS + 1
D3D2: ca                                             DEX                              ; Another block of 256 to move?
D3D3: d0 c7               D3C7                       BNE   AS_L_BLTU2_3               ; Yes
D3D5: 60                                             RTS                              ; No, finished
D3D6:                                                                                 ; --------------------------------
D3D6:                                                                                 ; Check if enough room left on stack
D3D6:                                                                                 ; For "for", "gosub", or expression evaluation
D3D6:                                                                                 ; --------------------------------

Page 22
--------------------------------------------------------------------------------
D3D6: 0a                       AS_CHKMEM:            ASL
D3D7: 69 36                                          ADC   #54
D3D9: b0 10               D410                       BCS   AS_MEMERR                  ; ...Mem full err
D3DB: 85 5e                                          STA   AS_INDEX
D3DD: ba                                             TSX
D3DE: e4 5e                                          CPX   AS_INDEX
D3E0: 90 10               D410                       BCC   AS_MEMERR                  ; ...Mem full err
D3E2: 60                                             RTS
D3E3:                                                                                 ; --------------------------------
D3E3:                                                                                 ; Check if enough room between arrays and strings
D3E3:                                                                                 ; (Y,a) = addr arrays need to grow to
D3E3:                                                                                 ; --------------------------------
D3E3: c4 70                    AS_REASON:            CPY   AS_FRETOP + 1              ; High byte
D3E5: 90 0f               D40F                       BCC   AS_L_REASON_4              ; Plenty of room
D3E7: d0 ed               D3ED                       BNE   AS_L_REASON_1              ; Not enough, try garbage collection
D3E9: c5 6f                                          CMP   AS_FRETOP                  ; Low byte
D3EB: 90 0f               D40F                       BCC   AS_L_REASON_4              ; Enough room
D3ED:                                                                                 ; --------------------------------
D3ED: 48                       AS_L_REASON_1:        PHA                              ; Save (y,a), temp1, and temp2
D3EE: a2 09                                          LDX   #AS_FAC - AS_TEMP1 - 1
D3F0: 98                                             TYA
D3F1: 48                       AS_L_REASON_2:        PHA
D3F2: b5 93                                          LDA   AS_TEMP1,X
D3F4: ca                                             DEX
D3F5: 10 f1               D3F1                       BPL   AS_L_REASON_2
D3F7: 20 83 e4                                       JSR   AS_GARBAG                  ; Make as much room as possible
D3FA: a2 f7                                          LDX   #AS_TEMP1 + 256 - AS_FAC + 1 ; Restore temp1 and temp2
D3FC: 68                       AS_L_REASON_3:        PLA                              ; And (y,a)
D3FD: 95 9d                                          STA   AS_FAC,X
D3FF: e8                                             INX
D400: 30 fc               D3FC                       BMI   AS_L_REASON_3
D402: 68                                             PLA
D403: a8                                             TAY
D404: 68                                             PLA                              ; Did we find enough room?
D405: c4 70                                          CPY   AS_FRETOP + 1              ; High byte
D407: 90 0f               D40F                       BCC   AS_L_REASON_4              ; Yes, at least a page
D409: d0 10               D410                       BNE   AS_MEMERR                  ; No, mem full err
D40B: c5 6f                                          CMP   AS_FRETOP                  ; Low byte
D40D: b0 10               D410                       BCS   AS_MEMERR                  ; No, mem full err
D40F: 60                       AS_L_REASON_4:        RTS                              ; Yes, return
D410:                                                                                 ; --------------------------------
D410: a2 4d                    AS_MEMERR:            LDX   #AS_ERR_MEMFULL
D412:                                                                                 ; --------------------------------
D412:                                                                                 ; Handle an error
D412:                          
D412:                                                                                 ; (X)=offset in error message table
D412:                                                                                 ; (Errflg) > 128 if "on err" turned on
D412:                                                                                 ; (Curlin+1) = $FF if in direct mode
D412:                                                                                 ; --------------------------------
D412: 24 d8                    AS_ERROR:             BIT   AS_ERRFLG                  ; "On err" turned on?
D414: 10 19               D419                       BPL   AS_L_ERROR_1               ; No
D416: 4c e8 f2                                       JMP   AS_HANDLERR                ; Yes
D419: 20 fb da                 AS_L_ERROR_1:         JSR   AS_CRDO                    ; Print <return>
D41C: 20 5a db                                       JSR   AS_OUTQUES                 ; Print "?"
D41F: bd 60 d2                 AS_L_ERROR_2:         LDA   AS_ERROR_MESSAGES,X
D422: 48                                             PHA                              ; Print message
D423: 20 5c db                                       JSR   AS_OUTDO
D426: e8                                             INX
D427: 68                                             PLA
D428: 10 1f               D41F                       BPL   AS_L_ERROR_2

Page 23
--------------------------------------------------------------------------------
D42A: 20 83 d6                                       JSR   AS_STKINI                  ; Fix stack, et al
D42D: a9 50                                          LDA   #<AS_QT_ERROR              ; Print " error" and bell
D42F: a0 d3                                          LDY   #>AS_QT_ERROR
D431:                                                                                 ; --------------------------------
D431:                                                                                 ; Print string at (y,a)
D431:                                                                                 ; Print current line # unless in direct mode
D431:                                                                                 ; Fall into warm restart
D431:                                                                                 ; --------------------------------
D431:                          AS_PRINT_ERROR_LINNUM:
D431: 20 3a db                                       JSR   AS_STROUT                  ; Print string at (y,a)
D434: a4 76                                          LDY   AS_CURLIN + 1              ; Running, or direct?
D436: c8                                             INY
D437: f0 3c               D43C                       BEQ   AS_RESTART                 ; Was $FF, so direct mode
D439: 20 18 ed                                       JSR   AS_INPRT                   ; Running, so print line number
D43C:                                                                                 ; --------------------------------
D43C:                                                                                 ; Warm restart entry
D43C:                          
D43C:                                                                                 ; Come here from monitor by ctl-c, 0g, 3d0g, or e003g
D43C:                                                                                 ; --------------------------------
D43C:                          AS_RESTART:
D43C: 20 fb da                                       JSR   AS_CRDO                    ; Print <return>
D43F: a2 dd                                          LDX   #"]" | %10000000           ; Prompt character
D441: 20 2e d5                                       JSR   AS_INLIN2                  ; Read a line
D444: 86 b8                                          STX   AS_TXTPTR                  ; Set up chrget to scan the line
D446: 84 b9                                          STY   AS_TXTPTR + 1
D448: 46 d8                                          LSR   AS_ERRFLG                  ; Clear flag
D44A: 20 b1 00                                       JSR   AS_CHRGET
D44D: aa                                             TAX
D44E: f0 3c               D43C                       BEQ   AS_RESTART                 ; Empty line
D450: a2 ff                                          LDX   #$FF                       ; $FF in hi-byte of curlin means
D452: 86 76                                          STX   AS_CURLIN + 1              ; We are in direct mode
D454: 90 5c               D45C                       BCC   AS_NUMBERED_LINE           ; Chrget saw digit, numbered line
D456: 20 59 d5                                       JSR   AS_PARSE_INPUT_LINE        ; No number, so parse it
D459: 4c 05 d8                                       JMP   AS_TRACE_                  ; And try executing it
D45C:                                                                                 ; --------------------------------
D45C:                                                                                 ; Handle numbered line
D45C:                                                                                 ; --------------------------------
D45C:                          AS_NUMBERED_LINE:
D45C: a6 af                                          LDX   AS_PRGEND                  ; Squash variable table
D45E: 86 69                                          STX   AS_VARTAB
D460: a6 b0                                          LDX   AS_PRGEND + 1
D462: 86 6a                                          STX   AS_VARTAB + 1
D464: 20 0c da                                       JSR   AS_LINGET                  ; Get line #
D467: 20 59 d5                                       JSR   AS_PARSE_INPUT_LINE        ; And parse the input line
D46A: 84 0f                                          STY   AS_EOL_PNTR                ; Save index to input buffer
D46C: 20 1a d6                                       JSR   AS_FNDLIN                  ; Is this line # already in program?
D46F: 90 b5               D4B5                       BCC   AS_PUT_NEW_LINE            ; No
D471: a0 01                                          LDY   #1                         ; Yes, so delete it
D473: b1 9b                                          LDA   (AS_LOWTR),Y               ; Lowtr points at line
D475: 85 5f                                          STA   AS_INDEX + 1               ; Get high byte of forward pntr
D477: a5 69                                          LDA   AS_VARTAB
D479: 85 5e                                          STA   AS_INDEX
D47B: a5 9c                                          LDA   AS_LOWTR + 1
D47D: 85 61                                          STA   AS_DEST + 1
D47F: a5 9b                                          LDA   AS_LOWTR
D481: 88                                             DEY
D482: f1 9b                                          SBC   (AS_LOWTR),Y
D484: 18                                             CLC
D485: 65 69                                          ADC   AS_VARTAB
D487: 85 69                                          STA   AS_VARTAB

Page 24
--------------------------------------------------------------------------------
D489: 85 60                                          STA   AS_DEST
D48B: a5 6a                                          LDA   AS_VARTAB + 1
D48D: 69 ff                                          ADC   #$FF
D48F: 85 6a                                          STA   AS_VARTAB + 1
D491: e5 9c                                          SBC   AS_LOWTR + 1
D493: aa                                             TAX
D494: 38                                             SEC
D495: a5 9b                                          LDA   AS_LOWTR
D497: e5 69                                          SBC   AS_VARTAB
D499: a8                                             TAY
D49A: b0 9f               D49F                       BCS   AS_L_NUMBERED_LINE_1
D49C: e8                                             INX
D49D: c6 61                                          DEC   AS_DEST + 1
D49F: 18                       AS_L_NUMBERED_LINE_1: CLC
D4A0: 65 5e                                          ADC   AS_INDEX
D4A2: 90 a7               D4A7                       BCC   AS_L_NUMBERED_LINE_2
D4A4: c6 5f                                          DEC   AS_INDEX + 1
D4A6: 18                                             CLC
D4A7:                                                                                 ; --------------------------------
D4A7: b1 5e                    AS_L_NUMBERED_LINE_2: LDA   (AS_INDEX),Y               ; Move higher lines of program
D4A9: 91 60                                          STA   (AS_DEST),Y                ; Down over the deleted line.
D4AB: c8                                             INY
D4AC: d0 a7               D4A7                       BNE   AS_L_NUMBERED_LINE_2
D4AE: e6 5f                                          INC   AS_INDEX + 1
D4B0: e6 61                                          INC   AS_DEST + 1
D4B2: ca                                             DEX
D4B3: d0 a7               D4A7                       BNE   AS_L_NUMBERED_LINE_2
D4B5:                                                                                 ; --------------------------------
D4B5:                          AS_PUT_NEW_LINE:
D4B5: ad 00 02                                       LDA   AS_INPUT_BUFFER            ; Any characters after line #?
D4B8: f0 f2               D4F2                       BEQ   AS_FIX_LINKS               ; No, so nothing to insert.
D4BA: a5 73                                          LDA   AS_MEMSIZ                  ; Yes, so make room and insert line
D4BC: a4 74                                          LDY   AS_MEMSIZ + 1              ; Wipe string area clean
D4BE: 85 6f                                          STA   AS_FRETOP
D4C0: 84 70                                          STY   AS_FRETOP + 1
D4C2: a5 69                                          LDA   AS_VARTAB                  ; Set up bltu subroutine
D4C4: 85 96                                          STA   AS_HIGHTR                  ; Insert new line.
D4C6: 65 0f                                          ADC   AS_EOL_PNTR
D4C8: 85 94                                          STA   AS_HIGHDS
D4CA: a4 6a                                          LDY   AS_VARTAB + 1
D4CC: 84 97                                          STY   AS_HIGHTR + 1
D4CE: 90 d1               D4D1                       BCC   AS_L_PUT_NEW_LINE_1
D4D0: c8                                             INY
D4D1: 84 95                    AS_L_PUT_NEW_LINE_1:  STY   AS_HIGHDS + 1
D4D3: 20 93 d3                                       JSR   AS_BLTU                    ; Make room for the line
D4D6: a5 50                                          LDA   AS_LINNUM                  ; Put line number in line image
D4D8: a4 51                                          LDY   AS_LINNUM + 1
D4DA: 8d fe 01                                       STA   AS_INPUT_BUFFER - 2
D4DD: 8c ff 01                                       STY   AS_INPUT_BUFFER - 1
D4E0: a5 6d                                          LDA   AS_STREND
D4E2: a4 6e                                          LDY   AS_STREND + 1
D4E4: 85 69                                          STA   AS_VARTAB
D4E6: 84 6a                                          STY   AS_VARTAB + 1
D4E8: a4 0f                                          LDY   AS_EOL_PNTR
D4EA:                                                                                 ; ---Copy line into program-------
D4EA: b9 fb 01                 AS_L_PUT_NEW_LINE_2:  LDA   AS_INPUT_BUFFER - 5,Y
D4ED: 88                                             DEY
D4EE: 91 9b                                          STA   (AS_LOWTR),Y
D4F0: d0 ea               D4EA                       BNE   AS_L_PUT_NEW_LINE_2
D4F2:                                                                                 ; --------------------------------

Page 25
--------------------------------------------------------------------------------
D4F2:                                                                                 ; Clear all variables
D4F2:                                                                                 ; Re-establish all forward links
D4F2:                                                                                 ; --------------------------------
D4F2:                          AS_FIX_LINKS:
D4F2: 20 65 d6                                       JSR   AS_SETPTRS                 ; Clear all variables
D4F5: a5 67                                          LDA   AS_TXTTAB                  ; Point index at start of program
D4F7: a4 68                                          LDY   AS_TXTTAB + 1
D4F9: 85 5e                                          STA   AS_INDEX
D4FB: 84 5f                                          STY   AS_INDEX + 1
D4FD: 18                                             CLC
D4FE: a0 01                    AS_L_FIX_LINKS_1:     LDY   #1                         ; Hi-byte of next forward pntr
D500: b1 5e                                          LDA   (AS_INDEX),Y               ; End of program yet?
D502: d0 0f               D50F                       BNE   AS_L_FIX_LINKS_2           ; No, keep going
D504: a5 69                                          LDA   AS_VARTAB                  ; Yes
D506: 85 af                                          STA   AS_PRGEND
D508: a5 6a                                          LDA   AS_VARTAB + 1
D50A: 85 b0                                          STA   AS_PRGEND + 1
D50C: 4c 3c d4                                       JMP   AS_RESTART
D50F: a0 04                    AS_L_FIX_LINKS_2:     LDY   #4                         ; Find end of this line
D511: c8                       AS_L_FIX_LINKS_3:     INY                              ; (Note maximum length < 256)
D512: b1 5e                                          LDA   (AS_INDEX),Y
D514: d0 11               D511                       BNE   AS_L_FIX_LINKS_3
D516: c8                                             INY                              ; Compute address of next line
D517: 98                                             TYA
D518: 65 5e                                          ADC   AS_INDEX
D51A: aa                                             TAX
D51B: a0 00                                          LDY   #0                         ; Store forward pntr in this line
D51D: 91 5e                                          STA   (AS_INDEX),Y
D51F: a5 5f                                          LDA   AS_INDEX + 1
D521: 69 00                                          ADC   #0                         ; (Note: this clears carry)
D523: c8                                             INY
D524: 91 5e                                          STA   (AS_INDEX),Y
D526: 86 5e                                          STX   AS_INDEX
D528: 85 5f                                          STA   AS_INDEX + 1
D52A: 90 fe               D4FE                       BCC   AS_L_FIX_LINKS_1           ; ...Always
D52C:                                                                                 ; --------------------------------
D52C:                                                                                 ; --------------------------------
D52C:                                                                                 ; Read a line, and strip off sign bits
D52C:                                                                                 ; --------------------------------
D52C: a2 80                    AS_INLIN:             LDX   #$80                       ; Null prompt
D52E: 86 33                    AS_INLIN2:            STX   MON_PROMPT
D530: 20 69 fd                                       JSR   MON_GETLN
D533: e0 ef                                          CPX   #239                       ; Maximum line length
D535: 90 39               D539                       BCC   AS_L_INLIN2_1
D537: a2 ef                                          LDX   #239                       ; Truncate at 239 chars
D539: a9 00                    AS_L_INLIN2_1:        LDA   #0                         ; Mark end of line with $00 byte
D53B: 9d 00 02                                       STA   AS_INPUT_BUFFER,X
D53E: 8a                                             TXA
D53F: f0 4c               D54C                       BEQ   AS_L_INLIN2_3              ; Null input line
D541: bd ff 01                 AS_L_INLIN2_2:        LDA   AS_INPUT_BUFFER - 1,X      ; Drop sign bits
D544: 29 7f                                          AND   #$7F
D546: 9d ff 01                                       STA   AS_INPUT_BUFFER - 1,X
D549: ca                                             DEX
D54A: d0 41               D541                       BNE   AS_L_INLIN2_2
D54C: a9 00                    AS_L_INLIN2_3:        LDA   #0                         ; (Y,x) points at buffer-1
D54E: a2 ff                                          LDX   #<(AS_INPUT_BUFFER - 1)
D550: a0 01                                          LDY   #>(AS_INPUT_BUFFER - 1)
D552: 60                                             RTS
D553:                                                                                 ; --------------------------------
D553: 20 0b fd                 AS_INCHR:             JSR   MON_RDKEY                  ; *** Ought to be "bit $C010" ***

Page 26
--------------------------------------------------------------------------------
D556: 29 7f                                          AND   #$7F
D558: 60                                             RTS
D559:                                                                                 ; --------------------------------
D559:                                                                                 ; Tokenize the input line
D559:                                                                                 ; --------------------------------
D559:                          AS_PARSE_INPUT_LINE:
D559: a6 b8                                          LDX   AS_TXTPTR                  ; Index into unparsed line
D55B: ca                                             DEX                              ; Prepare for inx at "parse"
D55C: a0 04                                          LDY   #4                         ; Index to parsed output line
D55E: 84 13                                          STY   AS_DATAFLG                 ; Clear sign-bit of dataflg
D560: 24 d6                                          BIT   AS_LOCK                    ; Is this program locked?
D562: 10 6c               D56C                       BPL   AS_PARSE                   ; No, go ahead and parse the line
D564: 68                                             PLA                              ; Yes, ignore input and "run"
D565: 68                                             PLA                              ; The program
D566: 20 65 d6                                       JSR   AS_SETPTRS                 ; Clear all variables
D569: 4c d2 d7                                       JMP   AS_NEWSTT                  ; Start running
D56C:                                                                                 ; --------------------------------
D56C: e8                       AS_PARSE:             INX                              ; Next input character
D56D: bd 00 02                 AS_L_PARSE_1:         LDA   AS_INPUT_BUFFER,X
D570: 24 13                                          BIT   AS_DATAFLG                 ; In a "data" statement?
D572: 70 78               D578                       BVS   AS_L_PARSE_2               ; Yes (dataflg = $49)
D574: c9 20                                          CMP   #" " & %01111111           ; Ignore blanks
D576: f0 6c               D56C                       BEQ   AS_PARSE
D578: 85 0e                    AS_L_PARSE_2:         STA   AS_ENDCHR
D57A: c9 22                                          CMP   #$22                       ; Start of quotation?
D57C: f0 f2               D5F2                       BEQ   AS_L_PARSE_13
D57E: 70 cd               D5CD                       BVS   AS_L_PARSE_9               ; Branch if in "data" statement
D580: c9 3f                                          CMP   #"?" & %01111111           ; Shorthand for "print"?
D582: d0 88               D588                       BNE   AS_L_PARSE_3               ; No
D584: a9 ba                                          LDA   #AS_TOKEN_PRINT            ; Yes, replace with "print" token
D586: d0 cd               D5CD                       BNE   AS_L_PARSE_9               ; ...Always
D588: c9 30                    AS_L_PARSE_3:         CMP   #"0" & %01111111           ; Is it a digit, colon, or semi-colon?
D58A: 90 90               D590                       BCC   AS_L_PARSE_4               ; No, punctuation !"#$%&'()*+,-./
D58C: c9 3c                                          CMP   #(";" & %01111111) + 1     ;"&%01111111)+1
D58E: 90 cd               D5CD                       BCC   AS_L_PARSE_9               ; Yes, not a token
D590:                                                                                 ; --------------------------------
D590:                                                                                 ; Search token name table for match starting
D590:                                                                                 ; With current char from input line
D590:                                                                                 ; --------------------------------
D590: 84 ad                    AS_L_PARSE_4:         STY   AS_STRNG2                  ; Save index to output line
D592: a9 d0                                          LDA   #<(AS_TOKEN_NAME_TABLE - $100)
D594: 85 9d                                          STA   AS_FAC                     ; Make pntr for search
D596: a9 cf                                          LDA   #>(AS_TOKEN_NAME_TABLE - $100)
D598: 85 9e                                          STA   AS_FAC + 1
D59A: a0 00                                          LDY   #0                         ; Use y-reg with (fac) to address table
D59C: 84 0f                                          STY   AS_TKN_CNTR                ; Holds current token-$80
D59E: 88                                             DEY                              ; Prepare for "iny" a few lines down
D59F: 86 b8                                          STX   AS_TXTPTR                  ; Save position in input line
D5A1: ca                                             DEX                              ; Prepare for "inx" a few lines down
D5A2: c8                       AS_L_PARSE_5:         INY                              ; Advance pointer to token table
D5A3: d0 a7               D5A7                       BNE   AS_L_PARSE_6               ; Y=y+1 is enough
D5A5: e6 9e                                          INC   AS_FAC + 1                 ; Also need to bump the page
D5A7: e8                       AS_L_PARSE_6:         INX                              ; Advance pointer to input line
D5A8: bd 00 02                 AS_L_PARSE_7:         LDA   AS_INPUT_BUFFER,X          ; Next char from input line
D5AB: c9 20                                          CMP   #" " & %01111111           ; This char a blank?
D5AD: f0 a7               D5A7                       BEQ   AS_L_PARSE_6               ; Yes, ignore all blanks
D5AF: 38                                             SEC                              ; No, compare to char in table
D5B0: f1 9d                                          SBC   (AS_FAC),Y                 ; Same as next char of token name?
D5B2: f0 a2               D5A2                       BEQ   AS_L_PARSE_5               ; Yes, continue matching
D5B4: c9 80                                          CMP   #$80                       ; Maybe; was it same except for bit 7?

Page 27
--------------------------------------------------------------------------------
D5B6: d0 f9               D5F9                       BNE   AS_L_PARSE_14              ; No, skip to next token
D5B8: 05 0f                                          ORA   AS_TKN_CNTR                ; Yes, end of token; get token #
D5BA: c9 c5                                          CMP   #AS_TOKENDB                ; Did we match "at"?
D5BC: d0 cb               D5CB                       BNE   AS_L_PARSE_8               ; No, so no ambiguity
D5BE: bd 01 02                                       LDA   AS_INPUT_BUFFER + 1,X      ; "At" could be "atn" or "a to"
D5C1: c9 4e                                          CMP   #"N" & %01111111           ; "Atn" has precedence over "at"
D5C3: f0 f9               D5F9                       BEQ   AS_L_PARSE_14              ; It is "atn", find it the hard way
D5C5: c9 4f                                          CMP   #"O" & %01111111           ; "To" has precedence over "at"
D5C7: f0 f9               D5F9                       BEQ   AS_L_PARSE_14              ; It is "a to", fin it the hard way
D5C9: a9 c5                                          LDA   #AS_TOKENDB                ; Not "atn" or "a to", so use "at"
D5CB:                                                                                 ; --------------------------------
D5CB:                                                                                 ; Store character or token in output line
D5CB:                                                                                 ; --------------------------------
D5CB: a4 ad                    AS_L_PARSE_8:         LDY   AS_STRNG2                  ; Get index to output line in y-reg
D5CD: e8                       AS_L_PARSE_9:         INX                              ; Advance input index
D5CE: c8                                             INY                              ; Advance output index
D5CF: 99 fb 01                                       STA   AS_INPUT_BUFFER - 5,Y      ; Store char or token
D5D2: b9 fb 01                                       LDA   AS_INPUT_BUFFER - 5,Y      ; Test for eol or eos
D5D5: f0 10               D610                       BEQ   AS_L_PARSE_17              ; End of line
D5D7: 38                                             SEC
D5D8: e9 3a                                          SBC   #":" & %01111111           ; End of statement?
D5DA: f0 e0               D5E0                       BEQ   AS_L_PARSE_10              ; Yes, clear dataflg
D5DC: c9 49                                          CMP   #AS_TOKENDWTA + 128 - $BA  ; "Data" token?
D5DE: d0 e2               D5E2                       BNE   AS_L_PARSE_11              ; No, leave dataflg alone
D5E0: 85 13                    AS_L_PARSE_10:        STA   AS_DATAFLG                 ; Dataflg = 0 or $83-$3A = $49
D5E2: 38                       AS_L_PARSE_11:        SEC                              ; Is it a "rem" token?
D5E3: e9 78                                          SBC   #AS_TOKEN_REM + 128 - $BA
D5E5: d0 6d               D56D                       BNE   AS_L_PARSE_1               ; No, continue parsing line
D5E7: 85 0e                                          STA   AS_ENDCHR                  ; Yes, clear literal flag
D5E9:                                                                                 ; --------------------------------
D5E9:                                                                                 ; Handle literal (between quotes) or remark,
D5E9:                                                                                 ; By copying chars up to endchr.
D5E9:                                                                                 ; --------------------------------
D5E9: bd 00 02                 AS_L_PARSE_12:        LDA   AS_INPUT_BUFFER,X
D5EC: f0 cd               D5CD                       BEQ   AS_L_PARSE_9               ; End of line
D5EE: c5 0e                                          CMP   AS_ENDCHR
D5F0: f0 cd               D5CD                       BEQ   AS_L_PARSE_9               ; Found endchr
D5F2: c8                       AS_L_PARSE_13:        INY                              ; Next output char
D5F3: 99 fb 01                                       STA   AS_INPUT_BUFFER - 5,Y
D5F6: e8                                             INX                              ; Next input char
D5F7: d0 e9               D5E9                       BNE   AS_L_PARSE_12              ; ...Always
D5F9:                                                                                 ; --------------------------------
D5F9:                                                                                 ; Advance pointer to next token name
D5F9:                                                                                 ; --------------------------------
D5F9: a6 b8                    AS_L_PARSE_14:        LDX   AS_TXTPTR                  ; Get pointer to input line in x-reg
D5FB: e6 0f                                          INC   AS_TKN_CNTR                ; Bump (token # - $80)
D5FD: b1 9d                    AS_L_PARSE_15:        LDA   (AS_FAC),Y                 ; Scan through table for bit7 = 1
D5FF: c8                                             INY                              ; Next token one beyond that
D600: d0 04               D604                       BNE   AS_L_PARSE_16              ; ...Usually enough to bump y-reg
D602: e6 9e                                          INC   AS_FAC + 1                 ; Next set of 256 token chars
D604: 0a                       AS_L_PARSE_16:        ASL                              ; See if sign bit set on char
D605: 90 fd               D5FD                       BCC   AS_L_PARSE_15              ; No, more in this name
D607: b1 9d                                          LDA   (AS_FAC),Y                 ; Yes, at next name.  end of table?
D609: d0 a8               D5A8                       BNE   AS_L_PARSE_7               ; No, not end of table
D60B: bd 00 02                                       LDA   AS_INPUT_BUFFER,X          ; Yes, so not a keyword
D60E: 10 cb               D5CB                       BPL   AS_L_PARSE_8               ; ...Always, copy char as is
D610:                                                                                 ; ---End of line------------------
D610: 99 fd 01                 AS_L_PARSE_17:        STA   AS_INPUT_BUFFER - 3,Y      ; Store another 00 on end
D613: c6 b9                                          DEC   AS_TXTPTR + 1              ; Set txtptr = input.buffer-1
D615: a9 ff                                          LDA   #<(AS_INPUT_BUFFER - 1)

Page 28
--------------------------------------------------------------------------------
D617: 85 b8                                          STA   AS_TXTPTR
D619: 60                                             RTS
D61A:                                                                                 ; --------------------------------
D61A:                                                                                 ; Search for line
D61A:                          
D61A:                                                                                 ; (Linnum) = line # to find
D61A:                                                                                 ; If not found:  carry = 0
D61A:                                                                                 ; Lowtr points at next line
D61A:                                                                                 ; If found:      carry = 1
D61A:                                                                                 ; Lowtr points at line
D61A:                                                                                 ; --------------------------------
D61A: a5 67                    AS_FNDLIN:            LDA   AS_TXTTAB                  ; Search from beginning of program
D61C: a6 68                                          LDX   AS_TXTTAB + 1
D61E: a0 01                    AS_FL1:               LDY   #1                         ; Search from (x,a)
D620: 85 9b                                          STA   AS_LOWTR
D622: 86 9c                                          STX   AS_LOWTR + 1
D624: b1 9b                                          LDA   (AS_LOWTR),Y
D626: f0 47               D647                       BEQ   AS_L_FL1_3                 ; End of program, and not found
D628: c8                                             INY
D629: c8                                             INY
D62A: a5 51                                          LDA   AS_LINNUM + 1
D62C: d1 9b                                          CMP   (AS_LOWTR),Y
D62E: 90 48               D648                       BCC   AS_RTS_1                   ; If not found
D630: f0 35               D635                       BEQ   AS_L_FL1_1
D632: 88                                             DEY
D633: d0 3e               D63E                       BNE   AS_L_FL1_2
D635: a5 50                    AS_L_FL1_1:           LDA   AS_LINNUM
D637: 88                                             DEY
D638: d1 9b                                          CMP   (AS_LOWTR),Y
D63A: 90 48               D648                       BCC   AS_RTS_1                   ; Past line, not found
D63C: f0 48               D648                       BEQ   AS_RTS_1                   ; If found
D63E: 88                       AS_L_FL1_2:           DEY
D63F: b1 9b                                          LDA   (AS_LOWTR),Y
D641: aa                                             TAX
D642: 88                                             DEY
D643: b1 9b                                          LDA   (AS_LOWTR),Y
D645: b0 1e               D61E                       BCS   AS_FL1                     ; Always
D647: 18                       AS_L_FL1_3:           CLC                              ; Return carry = 0
D648: 60                       AS_RTS_1:             RTS
D649:                                                                                 ; --------------------------------
D649:                                                                                 ; "New" statement
D649:                                                                                 ; --------------------------------
D649: d0 48               D648 AS_NEW:               BNE   AS_RTS_1                   ; Ignore if more to the statement
D64B: a9 00                    AS_SCRTCH:            LDA   #0
D64D: 85 d6                                          STA   AS_LOCK
D64F: a8                                             TAY
D650: 91 67                                          STA   (AS_TXTTAB),Y
D652: c8                                             INY
D653: 91 67                                          STA   (AS_TXTTAB),Y
D655: a5 67                                          LDA   AS_TXTTAB
D657: 69 02                                          ADC   #2                         ; (Carry wasn't cleared, so "new" usually
D659: 85 69                                          STA   AS_VARTAB                  ; Adds 3, whereas "fp" adds 2.)
D65B: 85 af                                          STA   AS_PRGEND
D65D: a5 68                                          LDA   AS_TXTTAB + 1
D65F: 69 00                                          ADC   #0
D661: 85 6a                                          STA   AS_VARTAB + 1
D663: 85 b0                                          STA   AS_PRGEND + 1
D665:                                                                                 ; --------------------------------
D665:                          AS_SETPTRS:
D665: 20 97 d6                                       JSR   AS_STXTPT                  ; Set txtptr to txttab - 1

Page 29
--------------------------------------------------------------------------------
D668: a9 00                                          LDA   #0                         ; (This could have been ".hs 2c")
D66A:                                                                                 ; --------------------------------
D66A:                                                                                 ; "Clear" statement
D66A:                                                                                 ; --------------------------------
D66A: d0 96               D696 AS_CLEAR:             BNE   AS_RTS_2                   ; Ignore if not at end of statement
D66C: a5 73                    AS_CLEARC:            LDA   AS_MEMSIZ                  ; Clear string area
D66E: a4 74                                          LDY   AS_MEMSIZ + 1
D670: 85 6f                                          STA   AS_FRETOP
D672: 84 70                                          STY   AS_FRETOP + 1
D674: a5 69                                          LDA   AS_VARTAB                  ; Clear array area
D676: a4 6a                                          LDY   AS_VARTAB + 1
D678: 85 6b                                          STA   AS_ARYTAB
D67A: 84 6c                                          STY   AS_ARYTAB + 1
D67C: 85 6d                                          STA   AS_STREND                  ; Low end of free space
D67E: 84 6e                                          STY   AS_STREND + 1
D680: 20 49 d8                                       JSR   AS_RESTORE                 ; Set "data" pointer to beginning
D683:                                                                                 ; --------------------------------
D683: a2 55                    AS_STKINI:            LDX   #AS_TEMPST
D685: 86 52                                          STX   AS_TEMPPT
D687: 68                                             PLA                              ; Save return address
D688: a8                                             TAY
D689: 68                                             PLA
D68A: a2 f8                                          LDX   #$F8                       ; Start stack at $F8,
D68C: 9a                                             TXS                              ; Leaving room for parsing lines
D68D: 48                                             PHA                              ; Restore return address
D68E: 98                                             TYA
D68F: 48                                             PHA
D690: a9 00                                          LDA   #0
D692: 85 7a                                          STA   AS_OLDTEXT + 1
D694: 85 14                                          STA   AS_SUBFLG
D696: 60                       AS_RTS_2:             RTS
D697:                                                                                 ; --------------------------------
D697:                                                                                 ; Set txtptr to beginning of program
D697:                                                                                 ; --------------------------------
D697: 18                       AS_STXTPT:            CLC                              ; Txtptr = txttab - 1
D698: a5 67                                          LDA   AS_TXTTAB
D69A: 69 ff                                          ADC   #$FF
D69C: 85 b8                                          STA   AS_TXTPTR
D69E: a5 68                                          LDA   AS_TXTTAB + 1
D6A0: 69 ff                                          ADC   #$FF
D6A2: 85 b9                                          STA   AS_TXTPTR + 1
D6A4: 60                                             RTS
D6A5:                                                                                 ; --------------------------------
D6A5:                                                                                 ; "List" statement
D6A5:                                                                                 ; --------------------------------
D6A5: 90 b1               D6B1 AS_LIST:              BCC   AS_L_LIST_1                ; No  line # specified
D6A7: f0 b1               D6B1                       BEQ   AS_L_LIST_1                ; ---Ditto---
D6A9: c9 c9                                          CMP   #AS_TOKEN_MINUS            ; If dash or comma, start at line 0
D6AB: f0 b1               D6B1                       BEQ   AS_L_LIST_1                ; Is is a dash
D6AD: c9 2c                                          CMP   #"," & %01111111           ; Comma?
D6AF: d0 96               D696                       BNE   AS_RTS_2                   ; No, error
D6B1: 20 0c da                 AS_L_LIST_1:          JSR   AS_LINGET                  ; Convert line number if any
D6B4: 20 1a d6                                       JSR   AS_FNDLIN                  ; Point lowtr to 1st line
D6B7: 20 b7 00                                       JSR   AS_CHRGOT                  ; Range specified?
D6BA: f0 cc               D6CC                       BEQ   AS_L_LIST_3                ; No
D6BC: c9 c9                                          CMP   #AS_TOKEN_MINUS
D6BE: f0 c4               D6C4                       BEQ   AS_L_LIST_2
D6C0: c9 2c                                          CMP   #"," & %01111111
D6C2: d0 48               D648                       BNE   AS_RTS_1
D6C4: 20 b1 00                 AS_L_LIST_2:          JSR   AS_CHRGET                  ; Get next char

Page 30
--------------------------------------------------------------------------------
D6C7: 20 0c da                                       JSR   AS_LINGET                  ; Convert second line #
D6CA: d0 96               D696                       BNE   AS_RTS_2                   ; Branch if syntax err
D6CC: 68                       AS_L_LIST_3:          PLA                              ; Pop return adress
D6CD: 68                                             PLA                              ; (Get back by "jmp newstt")
D6CE: a5 50                                          LDA   AS_LINNUM                  ; If no second number, use $FFFF
D6D0: 05 51                                          ORA   AS_LINNUM + 1
D6D2: d0 da               D6DA                       BNE   AS_LIST_0                  ; There was a second number
D6D4: a9 ff                                          LDA   #$FF                       ; Max end range
D6D6: 85 50                                          STA   AS_LINNUM
D6D8: 85 51                                          STA   AS_LINNUM + 1
D6DA: a0 01                    AS_LIST_0:            LDY   #1
D6DC: b1 9b                                          LDA   (AS_LOWTR),Y               ; High byte of link
D6DE: f0 24               D724                       BEQ   AS_LIST_3                  ; End of program
D6E0: 20 58 d8                                       JSR   AS_ISCNTC                  ; Check if control-c has been typed
D6E3: 20 fb da                                       JSR   AS_CRDO                    ; No, print <return>
D6E6: c8                                             INY
D6E7: b1 9b                                          LDA   (AS_LOWTR),Y               ; Get line #, compare with end range
D6E9: aa                                             TAX
D6EA: c8                                             INY
D6EB: b1 9b                                          LDA   (AS_LOWTR),Y
D6ED: c5 51                                          CMP   AS_LINNUM + 1
D6EF: d0 f5               D6F5                       BNE   AS_L_LIST_0_5
D6F1: e4 50                                          CPX   AS_LINNUM
D6F3: f0 f7               D6F7                       BEQ   AS_L_LIST_0_6              ; On last line of range
D6F5: b0 24               D724 AS_L_LIST_0_5:        BCS   AS_LIST_3                  ; Finished the range
D6F7:                                                                                 ; ---List one line----------------
D6F7: 84 85                    AS_L_LIST_0_6:        STY   AS_FORPNT
D6F9: 20 23 ed                                       JSR   AS_LINPRT                  ; Print line # from x,a
D6FC: a9 20                                          LDA   #" " & %01111111           ; Print space after line #
D6FE: a4 85                    AS_LIST_1:            LDY   AS_FORPNT
D700: 29 7f                                          AND   #$7F
D702: 20 5c db                 AS_LIST_2:            JSR   AS_OUTDO
D705: a5 24                                          LDA   MON_CH                     ; If past column 33, start a new line
D707: c9 21                                          CMP   #33
D709: 90 12               D712                       BCC   AS_L_LIST_2_1              ; < 33
D70B: 20 fb da                                       JSR   AS_CRDO                    ; Print <return>
D70E: a9 05                                          LDA   #5                         ; And tab over 5
D710: 85 24                                          STA   MON_CH
D712: c8                       AS_L_LIST_2_1:        INY
D713: b1 9b                                          LDA   (AS_LOWTR),Y
D715: d0 34               D734                       BNE   AS_LIST_4                  ; Not end of line yet
D717: a8                                             TAY                              ; End of line
D718: b1 9b                                          LDA   (AS_LOWTR),Y               ; Get link to next line
D71A: aa                                             TAX
D71B: c8                                             INY
D71C: b1 9b                                          LDA   (AS_LOWTR),Y
D71E: 86 9b                                          STX   AS_LOWTR                   ; Point to next line
D720: 85 9c                                          STA   AS_LOWTR + 1
D722: d0 da               D6DA                       BNE   AS_LIST_0                  ; Branch if not end of program
D724: a9 0d                    AS_LIST_3:            LDA   #$0D                       ; Print <return>
D726: 20 5c db                                       JSR   AS_OUTDO
D729: 4c d2 d7                                       JMP   AS_NEWSTT                  ; To next statement
D72C:                                                                                 ; --------------------------------
D72C: c8                       AS_GETCHR:            INY                              ; Pick up char from table
D72D: d0 31               D731                       BNE   AS_L_GETCHR_1
D72F: e6 9e                                          INC   AS_FAC + 1
D731: b1 9d                    AS_L_GETCHR_1:        LDA   (AS_FAC),Y
D733: 60                                             RTS
D734:                                                                                 ; --------------------------------
D734: 10 02               D702 AS_LIST_4:            BPL   AS_LIST_2                  ; Branch if not a token

Page 31
--------------------------------------------------------------------------------
D736: 38                                             SEC
D737: e9 7f                                          SBC   #$7F                       ; Convert token to index
D739: aa                                             TAX
D73A: 84 85                                          STY   AS_FORPNT                  ; Save line pointer
D73C: a0 d0                                          LDY   #<(AS_TOKEN_NAME_TABLE - $100)
D73E: 84 9d                                          STY   AS_FAC                     ; Point fac to table
D740: a0 cf                                          LDY   #>(AS_TOKEN_NAME_TABLE - $100)
D742: 84 9e                                          STY   AS_FAC + 1
D744: a0 ff                                          LDY   #$FF
D746: ca                       AS_L_LIST_4_1:        DEX                              ; Skip keywords until reach this one
D747: f0 50               D750                       BEQ   AS_L_LIST_4_3
D749: 20 2c d7                 AS_L_LIST_4_2:        JSR   AS_GETCHR                  ; Bump y, get char from table
D74C: 10 49               D749                       BPL   AS_L_LIST_4_2              ; Not at end of keyword yet
D74E: 30 46               D746                       BMI   AS_L_LIST_4_1              ; End of keyword, always branches
D750: a9 20                    AS_L_LIST_4_3:        LDA   #" " & %01111111           ; Found the right keyword
D752: 20 5c db                                       JSR   AS_OUTDO                   ; Print leading space
D755: 20 2c d7                 AS_L_LIST_4_4:        JSR   AS_GETCHR                  ; Print the keyword
D758: 30 5f               D75F                       BMI   AS_L_LIST_4_5              ; Last char of keyword
D75A: 20 5c db                                       JSR   AS_OUTDO
D75D: d0 55               D755                       BNE   AS_L_LIST_4_4              ; ...Always
D75F: 20 5c db                 AS_L_LIST_4_5:        JSR   AS_OUTDO                   ; Print last char of keyword
D762: a9 20                                          LDA   #" " & %01111111           ; Print trailing space
D764: d0 fe               D6FE                       BNE   AS_LIST_1                  ; ...Always, back to actual line
D766:                                                                                 ; --------------------------------
D766:                                                                                 ; "For" statement
D766:                          
D766:                                                                                 ; For pushes 18 bytes on the stack:
D766:                                                                                 ; 2 -- Txtptr
D766:                                                                                 ; 2 -- Line number
D766:                                                                                 ; 5 -- Initial (current)  for variable value
D766:                                                                                 ; 1 -- Step sign
D766:                                                                                 ; 5 -- Step value
D766:                                                                                 ; 2 -- Address of for variable in vartab
D766:                                                                                 ; 1 -- For token ($81)
D766:                                                                                 ; --------------------------------
D766: a9 80                    AS_FOR:               LDA   #$80
D768: 85 14                                          STA   AS_SUBFLG                  ; Subscripts not allowed
D76A: 20 46 da                                       JSR   AS_LET                     ; Do <var> = <exp>, store addr in forpnt
D76D: 20 65 d3                                       JSR   AS_GTFORPNT                ; Is this for variable active?
D770: d0 77               D777                       BNE   AS_L_FOR_1                 ; No
D772: 8a                                             TXA                              ; Yes, cancel it and enclosed loops
D773: 69 0f                                          ADC   #15                        ; Carry=1, this adds 16
D775: aa                                             TAX                              ; X was already s+2
D776: 9a                                             TXS
D777: 68                       AS_L_FOR_1:           PLA                              ; Pop return address too
D778: 68                                             PLA
D779: a9 09                                          LDA   #9                         ; Be certain enough room in stack
D77B: 20 d6 d3                                       JSR   AS_CHKMEM
D77E: 20 a3 d9                                       JSR   AS_DATAN                   ; Scan ahead to next statement
D781: 18                                             CLC                              ; Push statement address on stack
D782: 98                                             TYA
D783: 65 b8                                          ADC   AS_TXTPTR
D785: 48                                             PHA
D786: a5 b9                                          LDA   AS_TXTPTR + 1
D788: 69 00                                          ADC   #0
D78A: 48                                             PHA
D78B: a5 76                                          LDA   AS_CURLIN + 1              ; Push line number on stack
D78D: 48                                             PHA
D78E: a5 75                                          LDA   AS_CURLIN
D790: 48                                             PHA

Page 32
--------------------------------------------------------------------------------
D791: a9 c1                                          LDA   #AS_TOKEN_TO
D793: 20 bf de                                       JSR   AS_SYNCHR                  ; Require "to"
D796: 20 6a dd                                       JSR   AS_CHKNUM                  ; <Var> = <exp> must be numeric
D799: 20 67 dd                                       JSR   AS_FRMNUM                  ; Get final value, must be numeric
D79C: a5 a2                                          LDA   AS_FAC_SIGN                ; Put sign into value in fac
D79E: 09 7f                                          ORA   #$7F
D7A0: 25 9e                                          AND   AS_FAC + 1
D7A2: 85 9e                                          STA   AS_FAC + 1
D7A4: a9 af                                          LDA   #<AS_STEP                  ; Set up for return
D7A6: a0 d7                                          LDY   #>AS_STEP                  ; To step
D7A8: 85 5e                                          STA   AS_INDEX
D7AA: 84 5f                                          STY   AS_INDEX + 1
D7AC: 4c 1f de                                       JMP   AS_FRM_STACK_3             ; Returns by "jmp (index)"
D7AF:                                                                                 ; --------------------------------
D7AF:                                                                                 ; "Step" phrase of "for" statement
D7AF:                                                                                 ; --------------------------------
D7AF: a9 12                    AS_STEP:              LDA   #<AS_CON_ONE               ; Step default=1
D7B1: a0 e9                                          LDY   #>AS_CON_ONE
D7B3: 20 f8 ea                                       JSR   AS_LOAD_FAC_FROM_YA
D7B6: 20 b7 00                                       JSR   AS_CHRGOT
D7B9: c9 c7                                          CMP   #AS_TOKEN_STEP
D7BB: d0 c3               D7C3                       BNE   AS_L_STEP_1                ; Use default value of 1.0
D7BD: 20 b1 00                                       JSR   AS_CHRGET                  ; Step specified, get it
D7C0: 20 67 dd                                       JSR   AS_FRMNUM
D7C3: 20 81 eb                 AS_L_STEP_1:          JSR   AS_SIGN
D7C6: 20 14 de                                       JSR   AS_FRM_STACK_2
D7C9: a5 86                                          LDA   AS_FORPNT + 1
D7CB: 48                                             PHA
D7CC: a5 85                                          LDA   AS_FORPNT
D7CE: 48                                             PHA
D7CF: a9 81                                          LDA   #AS_TOKEN_FOR
D7D1: 48                                             PHA
D7D2:                                                                                 ; --------------------------------
D7D2:                                                                                 ; Perform next statement
D7D2:                                                                                 ; --------------------------------
D7D2: ba                       AS_NEWSTT:            TSX                              ; Remember the stack position
D7D3: 86 f8                                          STX   AS_REMSTK
D7D5: 20 58 d8                                       JSR   AS_ISCNTC                  ; See if control-c has been typed
D7D8: a5 b8                                          LDA   AS_TXTPTR                  ; No, keep executing
D7DA: a4 b9                                          LDY   AS_TXTPTR + 1
D7DC: a6 76                                          LDX   AS_CURLIN + 1              ; =$FF if in direct mode
D7DE: e8                                             INX                              ; $FF turns into $00
D7DF: f0 e5               D7E5                       BEQ   AS_L_NEWSTT_1              ; In direct mode
D7E1: 85 79                                          STA   AS_OLDTEXT                 ; In running mode
D7E3: 84 7a                                          STY   AS_OLDTEXT + 1
D7E5: a0 00                    AS_L_NEWSTT_1:        LDY   #0
D7E7: b1 b8                                          LDA   (AS_TXTPTR),Y              ; End of line yet?
D7E9: d0 42               D842                       BNE   AS_COLON_                  ; No
D7EB: a0 02                                          LDY   #2                         ; Yes, see if end of program
D7ED: b1 b8                                          LDA   (AS_TXTPTR),Y
D7EF: 18                                             CLC
D7F0: f0 26               D826                       BEQ   AS_GOEND                   ; Yes, end of program
D7F2: c8                                             INY
D7F3: b1 b8                                          LDA   (AS_TXTPTR),Y              ; Get line # of next line
D7F5: 85 75                                          STA   AS_CURLIN
D7F7: c8                                             INY
D7F8: b1 b8                                          LDA   (AS_TXTPTR),Y
D7FA: 85 76                                          STA   AS_CURLIN + 1
D7FC: 98                                             TYA                              ; Adjust txtptr to start
D7FD: 65 b8                                          ADC   AS_TXTPTR                  ; Of new line

Page 33
--------------------------------------------------------------------------------
D7FF: 85 b8                                          STA   AS_TXTPTR
D801: 90 05               D805                       BCC   AS_L_NEWSTT_2
D803: e6 b9                                          INC   AS_TXTPTR + 1
D805:                          AS_L_NEWSTT_2:
D805:                                                                                 ; --------------------------------
D805: 24 f2                    AS_TRACE_:            BIT   AS_TRCFLG                  ; Is trace on?
D807: 10 1d               D81D                       BPL   AS_L_TRACE__1              ; No
D809: a6 76                                          LDX   AS_CURLIN + 1              ; Yes, are we running?
D80B: e8                                             INX
D80C: f0 1d               D81D                       BEQ   AS_L_TRACE__1              ; Not running, so don't trace
D80E: a9 23                                          LDA   #"#" & %01111111           ; Print "#"
D810: 20 5c db                                       JSR   AS_OUTDO
D813: a6 75                                          LDX   AS_CURLIN
D815: a5 76                                          LDA   AS_CURLIN + 1
D817: 20 23 ed                                       JSR   AS_LINPRT                  ; Print line number
D81A: 20 57 db                                       JSR   AS_OUTSP                   ; Print trailing space
D81D: 20 b1 00                 AS_L_TRACE__1:        JSR   AS_CHRGET                  ; Get first chr of statement
D820: 20 28 d8                                       JSR   AS_EXECUTE_STATEMENT       ; And start processing
D823: 4c d2 d7                                       JMP   AS_NEWSTT                  ; Back for more
D826:                                                                                 ; --------------------------------
D826: f0 8a               D88A AS_GOEND:             BEQ   AS_END4
D828:                                                                                 ; --------------------------------
D828:                                                                                 ; Execute a statement
D828:                          
D828:                                                                                 ; (A) is first char of statement
D828:                                                                                 ; Carry is set
D828:                                                                                 ; --------------------------------
D828:                          AS_EXECUTE_STATEMENT:
D828: f0 57               D857                       BEQ   AS_RTS_3                   ; End of line, null statement
D82A:                          AS_EXECUTE_STATEMENT_1:
D82A: e9 80                                          SBC   #$80                       ; First char a token?
D82C: 90 3f               D83F                       BCC   AS_L_EXECUTE_STATEMENT_1_1 ; Not token, must be "let"
D82E: c9 40                                          CMP   #$40                       ; Statement-type token?
D830: b0 46               D846                       BCS   AS_SYNERR_1                ; No, syntax error
D832: 0a                                             ASL                              ; Double to get index
D833: a8                                             TAY                              ; Into address table
D834: b9 01 d0                                       LDA   AS_TOKEN_ADDRESS_TABLE + 1,Y
D837: 48                                             PHA                              ; Put address on stack
D838: b9 00 d0                                       LDA   AS_TOKEN_ADDRESS_TABLE,Y
D83B: 48                                             PHA
D83C: 4c b1 00                                       JMP   AS_CHRGET                  ; Get next chr & rts to routine
D83F:                                                                                 ; --------------------------------
D83F: 4c 46 da                 AS_L_EXECUTE_STATEMENT_1_1: JMP   AS_LET                     ; Must be <var> = <exp>
D842:                                                                                 ; --------------------------------
D842: c9 3a                    AS_COLON_:            CMP   #":" & %01111111
D844: f0 05               D805                       BEQ   AS_TRACE_
D846: 4c c8 de                 AS_SYNERR_1:          JMP   AS_SYNERR
D849:                                                                                 ; --------------------------------
D849:                                                                                 ; "Restore" statement
D849:                                                                                 ; --------------------------------
D849:                          AS_RESTORE:
D849: 38                                             SEC                              ; Set datptr to beginning of program
D84A: a5 67                                          LDA   AS_TXTTAB
D84C: e9 01                                          SBC   #1
D84E: a4 68                                          LDY   AS_TXTTAB + 1
D850: b0 53               D853                       BCS   AS_SETDA
D852: 88                                             DEY
D853:                                                                                 ; ---Set datptr to y,a------------
D853: 85 7d                    AS_SETDA:             STA   AS_DATPTR
D855: 84 7e                                          STY   AS_DATPTR + 1

Page 34
--------------------------------------------------------------------------------
D857: 60                       AS_RTS_3:             RTS
D858:                                                                                 ; --------------------------------
D858:                                                                                 ; See if control-c typed
D858:                                                                                 ; --------------------------------
D858: ad 00 c0                 AS_ISCNTC:            LDA   AS_KEYBOARD
D85B: c9 83                                          CMP   #$83
D85D: f0 60               D860                       BEQ   AS_L_ISCNTC_1
D85F: 60                                             RTS
D860: 20 53 d5                 AS_L_ISCNTC_1:        JSR   AS_INCHR                   ; <<< Should be "bit $C010" >>>
D863:                          AS_CONTROL_C_TYPED:
D863: a2 ff                                          LDX   #$FF                       ; Control c attempted
D865: 24 d8                                          BIT   AS_ERRFLG                  ; "On err" enabled?
D867: 10 6c               D86C                       BPL   AS_L_CONTROL_C_TYPED_2     ; No
D869: 4c e8 f2                                       JMP   AS_HANDLERR                ; Yes, return err code = 255
D86C: c9 03                    AS_L_CONTROL_C_TYPED_2: CMP   #3                         ; Since it is ctrl-c, set z and c bits
D86E:                                                                                 ; --------------------------------
D86E:                                                                                 ; "Stop" statement
D86E:                                                                                 ; --------------------------------
D86E: b0 71               D871 AS_STOP:              BCS   AS_END2                    ; Carry=1 to force printing "break at.."
D870:                                                                                 ; --------------------------------
D870:                                                                                 ; "End" statement
D870:                                                                                 ; --------------------------------
D870: 18                       AS_ENDX:              CLC                              ; Carry=0 to avoid printing message
D871: d0 af               D8AF AS_END2:              BNE   AS_RTS_4                   ; If not end of statement, do nothing
D873: a5 b8                                          LDA   AS_TXTPTR
D875: a4 b9                                          LDY   AS_TXTPTR + 1
D877: a6 76                                          LDX   AS_CURLIN + 1
D879: e8                                             INX                              ; Running?
D87A: f0 88               D888                       BEQ   AS_L_END2_1                ; No, direct mode
D87C: 85 79                                          STA   AS_OLDTEXT
D87E: 84 7a                                          STY   AS_OLDTEXT + 1
D880: a5 75                                          LDA   AS_CURLIN
D882: a4 76                                          LDY   AS_CURLIN + 1
D884: 85 77                                          STA   AS_OLDLIN
D886: 84 78                                          STY   AS_OLDLIN + 1
D888: 68                       AS_L_END2_1:          PLA
D889: 68                                             PLA
D88A: a9 5d                    AS_END4:              LDA   #<AS_QT_BREAK              ; " Break" and bell
D88C: a0 d3                                          LDY   #>AS_QT_BREAK
D88E: 90 93               D893                       BCC   AS_L_END4_1
D890: 4c 31 d4                                       JMP   AS_PRINT_ERROR_LINNUM
D893: 4c 3c d4                 AS_L_END4_1:          JMP   AS_RESTART
D896:                                                                                 ; --------------------------------
D896:                                                                                 ; "Cont" command
D896:                                                                                 ; --------------------------------
D896: d0 af               D8AF AS_CONT:              BNE   AS_RTS_4                   ; If not end of statement, do nothing
D898: a2 d2                                          LDX   #AS_ERR_CANTCONT
D89A: a4 7a                                          LDY   AS_OLDTEXT + 1             ; Meaningful re-entry?
D89C: d0 a1               D8A1                       BNE   AS_L_CONT_1                ; Yes
D89E: 4c 12 d4                                       JMP   AS_ERROR                   ; No
D8A1: a5 79                    AS_L_CONT_1:          LDA   AS_OLDTEXT                 ; Restore txtptr
D8A3: 85 b8                                          STA   AS_TXTPTR
D8A5: 84 b9                                          STY   AS_TXTPTR + 1
D8A7: a5 77                                          LDA   AS_OLDLIN                  ; Restore line number
D8A9: a4 78                                          LDY   AS_OLDLIN + 1
D8AB: 85 75                                          STA   AS_CURLIN
D8AD: 84 76                                          STY   AS_CURLIN + 1
D8AF: 60                       AS_RTS_4:             RTS
D8B0:                                                                                 ; --------------------------------
D8B0:                                                                                 ; "Save" command

Page 35
--------------------------------------------------------------------------------
D8B0:                                                                                 ; Writes program on cassette tape
D8B0:                                                                                 ; --------------------------------
D8B0: 38                       AS_SAVE:              SEC
D8B1: a5 af                                          LDA   AS_PRGEND                  ; Compute program length
D8B3: e5 67                                          SBC   AS_TXTTAB
D8B5: 85 50                                          STA   AS_LINNUM
D8B7: a5 b0                                          LDA   AS_PRGEND + 1
D8B9: e5 68                                          SBC   AS_TXTTAB + 1
D8BB: 85 51                                          STA   AS_LINNUM + 1
D8BD: 20 f0 d8                                       JSR   AS_VARTIO                  ; Set up to write 3 byte header
D8C0: 20 cc fe                                       JSR   MON_WRITE                  ; Write 'em
D8C3: 20 01 d9                                       JSR   AS_PROGIO                  ; Set up to write the program
D8C6: 4c cc fe                                       JMP   MON_WRITE                  ; Write it
D8C9:                                                                                 ; --------------------------------
D8C9:                                                                                 ; "Load" command
D8C9:                                                                                 ; Reads a program from cassette tape
D8C9:                                                                                 ; --------------------------------
D8C9: 20 f0 d8                 AS_LOAD:              JSR   AS_VARTIO                  ; Set up to read 3 byte header
D8CC: 20 fc fe                                       JSR   MON_READ                   ; Read length, lock byte
D8CF: 18                                             CLC
D8D0: a5 67                                          LDA   AS_TXTTAB                  ; Compute end address
D8D2: 65 50                                          ADC   AS_LINNUM
D8D4: 85 69                                          STA   AS_VARTAB
D8D6: a5 68                                          LDA   AS_TXTTAB + 1
D8D8: 65 51                                          ADC   AS_LINNUM + 1
D8DA: 85 6a                                          STA   AS_VARTAB + 1
D8DC: a5 52                                          LDA   AS_TEMPPT                  ; Lock byte
D8DE: 85 d6                                          STA   AS_LOCK
D8E0: 20 01 d9                                       JSR   AS_PROGIO                  ; Set up to read program
D8E3: 20 fc fe                                       JSR   MON_READ                   ; Read it
D8E6: 24 d6                                          BIT   AS_LOCK                    ; If locked, start running now
D8E8: 10 ed               D8ED                       BPL   AS_L_LOAD_1                ; Not locked
D8EA: 4c 65 d6                                       JMP   AS_SETPTRS                 ; Locked, start running
D8ED: 4c f2 d4                 AS_L_LOAD_1:          JMP   AS_FIX_LINKS               ; Just fix forward pointers
D8F0:                                                                                 ; --------------------------------
D8F0: a9 50                    AS_VARTIO:            LDA   #AS_LINNUM                 ; Set up to read/write 3 byte header
D8F2: a0 00                                          LDY   #0
D8F4: 85 3c                                          STA   MON_A1L
D8F6: 84 3d                                          STY   MON_A1H
D8F8: a9 52                                          LDA   #AS_TEMPPT
D8FA: 85 3e                                          STA   MON_A2L
D8FC: 84 3f                                          STY   MON_A2H
D8FE: 84 d6                                          STY   AS_LOCK
D900: 60                                             RTS
D901:                                                                                 ; --------------------------------
D901: a5 67                    AS_PROGIO:            LDA   AS_TXTTAB                  ; Set up to read/write program
D903: a4 68                                          LDY   AS_TXTTAB + 1
D905: 85 3c                                          STA   MON_A1L
D907: 84 3d                                          STY   MON_A1H
D909: a5 69                                          LDA   AS_VARTAB
D90B: a4 6a                                          LDY   AS_VARTAB + 1
D90D: 85 3e                                          STA   MON_A2L
D90F: 84 3f                                          STY   MON_A2H
D911: 60                                             RTS
D912:                                                                                 ; --------------------------------
D912:                                                                                 ; --------------------------------
D912:                                                                                 ; "Run" command
D912:                                                                                 ; --------------------------------
D912: 08                       AS_RUN:               PHP                              ; Save status while subtracting
D913: c6 76                                          DEC   AS_CURLIN + 1              ; If was $FF (meaning direct mode)

Page 36
--------------------------------------------------------------------------------
D915:                                                                                 ; Make it "running mode"
D915: 28                                             PLP                              ; Get status again (from chrget)
D916: d0 1b               D91B                       BNE   AS_L_RUN_1                 ; Probably a line number
D918: 4c 65 d6                                       JMP   AS_SETPTRS                 ; Start at beginning of program
D91B: 20 6c d6                 AS_L_RUN_1:           JSR   AS_CLEARC                  ; Clear variables
D91E: 4c 35 d9                                       JMP   AS_GO_TO_LINE              ; Join gosub statement
D921:                                                                                 ; --------------------------------
D921:                                                                                 ; "Gosub" statement
D921:                          
D921:                                                                                 ; Leaves 7 bytes on stack:
D921:                                                                                 ; 2 -- Return address (newstt)
D921:                                                                                 ; 2 -- Txtptr
D921:                                                                                 ; 2 -- Line #
D921:                                                                                 ; 1 -- Gosub token ($B0)
D921:                                                                                 ; --------------------------------
D921: a9 03                    AS_GOSUB:             LDA   #3                         ; Be sure enough room on stack
D923: 20 d6 d3                                       JSR   AS_CHKMEM
D926: a5 b9                                          LDA   AS_TXTPTR + 1
D928: 48                                             PHA
D929: a5 b8                                          LDA   AS_TXTPTR
D92B: 48                                             PHA
D92C: a5 76                                          LDA   AS_CURLIN + 1
D92E: 48                                             PHA
D92F: a5 75                                          LDA   AS_CURLIN
D931: 48                                             PHA
D932: a9 b0                                          LDA   #AS_TOKEN_GOSUB
D934: 48                                             PHA
D935:                          AS_GO_TO_LINE:
D935: 20 b7 00                                       JSR   AS_CHRGOT
D938: 20 3e d9                                       JSR   AS_GOTO
D93B: 4c d2 d7                                       JMP   AS_NEWSTT
D93E:                                                                                 ; --------------------------------
D93E:                                                                                 ; "Goto" statement
D93E:                                                                                 ; Also used by "run" and "gosub"
D93E:                                                                                 ; --------------------------------
D93E: 20 0c da                 AS_GOTO:              JSR   AS_LINGET                  ; Get goto line
D941: 20 a6 d9                                       JSR   AS_REMN                    ; Point y to eol
D944: a5 76                                          LDA   AS_CURLIN + 1              ; Is current page < goto page?
D946: c5 51                                          CMP   AS_LINNUM + 1
D948: b0 55               D955                       BCS   AS_L_GOTO_1                ; Search from prog start if not
D94A: 98                                             TYA                              ; Otherwise search from next line
D94B: 38                                             SEC
D94C: 65 b8                                          ADC   AS_TXTPTR
D94E: a6 b9                                          LDX   AS_TXTPTR + 1
D950: 90 59               D959                       BCC   AS_L_GOTO_2
D952: e8                                             INX
D953: b0 59               D959                       BCS   AS_L_GOTO_2
D955: a5 67                    AS_L_GOTO_1:          LDA   AS_TXTTAB                  ; Get program beginning
D957: a6 68                                          LDX   AS_TXTTAB + 1
D959: 20 1e d6                 AS_L_GOTO_2:          JSR   AS_FL1                     ; Search for goto line
D95C: 90 7c               D97C                       BCC   AS_UNDERR                  ; Error if not there
D95E: a5 9b                                          LDA   AS_LOWTR                   ; Txtptr = start of the destination line
D960: e9 01                                          SBC   #1
D962: 85 b8                                          STA   AS_TXTPTR
D964: a5 9c                                          LDA   AS_LOWTR + 1
D966: e9 00                                          SBC   #0
D968: 85 b9                                          STA   AS_TXTPTR + 1
D96A: 60                       AS_RTS_5:             RTS                              ; Return to newstt or gosub
D96B:                                                                                 ; --------------------------------
D96B:                                                                                 ; "Pop" and "return" statements

Page 37
--------------------------------------------------------------------------------
D96B:                                                                                 ; --------------------------------
D96B: d0 6a               D96A AS_POP:               BNE   AS_RTS_5
D96D: a9 ff                                          LDA   #$FF
D96F: 85 85                                          STA   AS_FORPNT                  ; <<< Bug: should be forpnt+1 >>>
D971:                                                                                 ; <<< See "all about applesoft", pages 100,101 >>>
D971: 20 65 d3                                       JSR   AS_GTFORPNT                ; To cancel for/next in sub
D974: 9a                                             TXS
D975: c9 b0                                          CMP   #AS_TOKEN_GOSUB            ; Last gosub found?
D977: f0 84               D984                       BEQ   AS_RETURN
D979: a2 16                                          LDX   #AS_ERR_NOGOSUB
D97B: 2c                                             .byte $2C                        ; Fake
D97C: a2 5a                    AS_UNDERR:            LDX   #AS_ERR_UNDEFSTAT
D97E: 4c 12 d4                                       JMP   AS_ERROR
D981:                                                                                 ; --------------------------------
D981: 4c c8 de                 AS_SYNERR_2:          JMP   AS_SYNERR
D984:                                                                                 ; --------------------------------
D984: 68                       AS_RETURN:            PLA                              ; Discard gosub token
D985: 68                                             PLA
D986: c0 42                                          CPY   #<(AS_TOKEN_POP * 2)
D988: f0 c5               D9C5                       BEQ   AS_PULL3                   ; Branch if a pop
D98A: 85 75                                          STA   AS_CURLIN                  ; Pull line #
D98C: 68                                             PLA
D98D: 85 76                                          STA   AS_CURLIN + 1
D98F: 68                                             PLA
D990: 85 b8                                          STA   AS_TXTPTR                  ; Pull txtptr
D992: 68                                             PLA
D993: 85 b9                                          STA   AS_TXTPTR + 1
D995:                                                                                 ; --------------------------------
D995:                                                                                 ; "Data" statement
D995:                                                                                 ; Executed by skipping to next colon or eol
D995:                                                                                 ; --------------------------------
D995: 20 a3 d9                 AS_DATA:              JSR   AS_DATAN                   ; Move to next statement
D998:                                                                                 ; --------------------------------
D998:                                                                                 ; Add (y) to txtptr
D998:                                                                                 ; --------------------------------
D998: 98                       AS_ADDON:             TYA
D999: 18                                             CLC
D99A: 65 b8                                          ADC   AS_TXTPTR
D99C: 85 b8                                          STA   AS_TXTPTR
D99E: 90 a2               D9A2                       BCC   AS_L_ADDON_1
D9A0: e6 b9                                          INC   AS_TXTPTR + 1
D9A2:                          AS_L_ADDON_1:
D9A2: 60                       AS_RTS_6:             RTS
D9A3:                                                                                 ; --------------------------------
D9A3:                                                                                 ; Scan ahead to next ":" or eol
D9A3:                                                                                 ; --------------------------------
D9A3: a2 3a                    AS_DATAN:             LDX   #":" & %01111111           ; Get offset in y to eol or ":"
D9A5: 2c                                             .byte $2C                        ; Fake
D9A6:                                                                                 ; --------------------------------
D9A6: a2 00                    AS_REMN:              LDX   #0                         ; To eol only
D9A8: 86 0d                                          STX   AS_CHARAC
D9AA: a0 00                                          LDY   #0
D9AC: 84 0e                                          STY   AS_ENDCHR
D9AE: a5 0e                    AS_L_REMN_1:          LDA   AS_ENDCHR                  ; Trick to count quote parity
D9B0: a6 0d                                          LDX   AS_CHARAC
D9B2: 85 0d                                          STA   AS_CHARAC
D9B4: 86 0e                                          STX   AS_ENDCHR
D9B6: b1 b8                    AS_L_REMN_2:          LDA   (AS_TXTPTR),Y
D9B8: f0 a2               D9A2                       BEQ   AS_RTS_6                   ; End of line
D9BA: c5 0e                                          CMP   AS_ENDCHR

Page 38
--------------------------------------------------------------------------------
D9BC: f0 a2               D9A2                       BEQ   AS_RTS_6                   ; Colon if looking for colons
D9BE: c8                                             INY
D9BF: c9 22                                          CMP   #$22
D9C1: d0 b6               D9B6                       BNE   AS_L_REMN_2
D9C3: f0 ae               D9AE                       BEQ   AS_L_REMN_1                ; ...Always
D9C5:                                                                                 ; --------------------------------
D9C5: 68                       AS_PULL3:             PLA
D9C6: 68                                             PLA
D9C7: 68                                             PLA
D9C8: 60                                             RTS
D9C9:                                                                                 ; --------------------------------
D9C9:                                                                                 ; "If" statement
D9C9:                                                                                 ; --------------------------------
D9C9: 20 7b dd                 AS_IF:                JSR   AS_FRMEVL
D9CC: 20 b7 00                                       JSR   AS_CHRGOT
D9CF: c9 ab                                          CMP   #AS_TOKEN_GOTO
D9D1: f0 d8               D9D8                       BEQ   AS_L_IF_1
D9D3: a9 c4                                          LDA   #AS_TOKEN_THEN
D9D5: 20 bf de                                       JSR   AS_SYNCHR
D9D8: a5 9d                    AS_L_IF_1:            LDA   AS_FAC                     ; Condition true or false?
D9DA: d0 e1               D9E1                       BNE   AS_IF_TRUE                 ; Branch if true
D9DC:                                                                                 ; --------------------------------
D9DC:                                                                                 ; "Rem" statement, or false "if" statement
D9DC:                                                                                 ; --------------------------------
D9DC: 20 a6 d9                 AS_REM:               JSR   AS_REMN                    ; Skip rest of line
D9DF: f0 98               D998                       BEQ   AS_ADDON                   ; ...Always
D9E1:                                                                                 ; --------------------------------
D9E1:                          AS_IF_TRUE:
D9E1: 20 b7 00                                       JSR   AS_CHRGOT                  ; Command or number?
D9E4: b0 e9               D9E9                       BCS   AS_L_IF_TRUE_1             ; Command
D9E6: 4c 3e d9                                       JMP   AS_GOTO                    ; Number
D9E9: 4c 28 d8                 AS_L_IF_TRUE_1:       JMP   AS_EXECUTE_STATEMENT
D9EC:                                                                                 ; --------------------------------
D9EC:                                                                                 ; "On" statement
D9EC:                          
D9EC:                                                                                 ; On <exp> goto <list>
D9EC:                                                                                 ; On <exp> gosub <list>
D9EC:                                                                                 ; --------------------------------
D9EC: 20 f7 e6                 AS_ONGOTO:            JSR   AS_GETBYT                  ; Evaluate <exp>, as byte in fac+4
D9EF: 48                                             PHA                              ; Save next char on stack
D9F0: c9 b0                                          CMP   #AS_TOKEN_GOSUB
D9F2: f0 f8               D9F8                       BEQ   AS_ON_2
D9F4: c9 ab                    AS_ON_1:              CMP   #AS_TOKEN_GOTO
D9F6: d0 81               D981                       BNE   AS_SYNERR_2
D9F8: c6 a1                    AS_ON_2:              DEC   AS_FAC + 4                 ; Counted to right one yet?
D9FA: d0 00               DA00                       BNE   AS_L_ON_2_3                ; No, keep looking
D9FC: 68                                             PLA                              ; Yes, retrieve cmd
D9FD: 4c 2a d8                                       JMP   AS_EXECUTE_STATEMENT_1     ; And go.
DA00: 20 b1 00                 AS_L_ON_2_3:          JSR   AS_CHRGET                  ; Prime convert subroutine
DA03: 20 0c da                                       JSR   AS_LINGET                  ; Convert line #
DA06: c9 2c                                          CMP   #"," & %01111111           ; Terminate with comma?
DA08: f0 f8               D9F8                       BEQ   AS_ON_2                    ; Yes
DA0A: 68                                             PLA                              ; No, end of list, so ignore
DA0B: 60                       AS_RTS_7:             RTS
DA0C:                                                                                 ; --------------------------------
DA0C:                                                                                 ; Convert line number
DA0C:                                                                                 ; --------------------------------
DA0C: a2 00                    AS_LINGET:            LDX   #0                         ; Asc # to hex address
DA0E: 86 50                                          STX   AS_LINNUM                  ; In linnum.
DA10: 86 51                                          STX   AS_LINNUM + 1

Page 39
--------------------------------------------------------------------------------
DA12: b0 0b               DA0B AS_L_LINGET_1:        BCS   AS_RTS_7                   ; Not a digit
DA14: e9 2f                                          SBC   #("0" & %01111111) - 1     ; Convert digit to binary
DA16: 85 0d                                          STA   AS_CHARAC                  ; Save the digit
DA18: a5 51                                          LDA   AS_LINNUM + 1              ; Check range
DA1A: 85 5e                                          STA   AS_INDEX
DA1C: c9 19                                          CMP   #>6400                     ; Line # too large?
DA1E: b0 f4               D9F4                       BCS   AS_ON_1                    ; Yes, > 63999, go indirectly to
DA20:                                                                                 ; "Syntax error".
DA20:                                                                                 ; <<<<<Dangerous code>>>>>
DA20:                                                                                 ; Note that if (a) = $AB on the line above,
DA20:                                                                                 ; On_1 will compare = and cause a catastrophic
DA20:                                                                                 ; Jump to $22D9 (for goto), or other locations
DA20:                                                                                 ; For other calls to linget.
DA20:                          
DA20:                                                                                 ; You can see this is you first put "brk" in $22D9,
DA20:                                                                                 ; Then type "go to 437761".
DA20:                          
DA20:                                                                                 ; Any value from 437760 through 440319 will cause
DA20:                                                                                 ; The problem.  ($AB00 - $ABFF)
DA20:                                                                                 ; <<<<<Dangerous code>>>>>
DA20: a5 50                                          LDA   AS_LINNUM                  ; Multiply by ten
DA22: 0a                                             ASL
DA23: 26 5e                                          ROL   AS_INDEX
DA25: 0a                                             ASL
DA26: 26 5e                                          ROL   AS_INDEX
DA28: 65 50                                          ADC   AS_LINNUM
DA2A: 85 50                                          STA   AS_LINNUM
DA2C: a5 5e                                          LDA   AS_INDEX
DA2E: 65 51                                          ADC   AS_LINNUM + 1
DA30: 85 51                                          STA   AS_LINNUM + 1
DA32: 06 50                                          ASL   AS_LINNUM
DA34: 26 51                                          ROL   AS_LINNUM + 1
DA36: a5 50                                          LDA   AS_LINNUM
DA38: 65 0d                                          ADC   AS_CHARAC                  ; Add digit
DA3A: 85 50                                          STA   AS_LINNUM
DA3C: 90 40               DA40                       BCC   AS_L_LINGET_2
DA3E: e6 51                                          INC   AS_LINNUM + 1
DA40: 20 b1 00                 AS_L_LINGET_2:        JSR   AS_CHRGET                  ; Get next char
DA43: 4c 12 da                                       JMP   AS_L_LINGET_1              ; More converting
DA46:                                                                                 ; --------------------------------
DA46:                                                                                 ; "Let" statement
DA46:                          
DA46:                                                                                 ; Let <var> = <exp>
DA46:                                                                                 ; <Var> = <exp>
DA46:                                                                                 ; --------------------------------
DA46: 20 e2 df                 AS_LET:               JSR   AS_PTRGET                  ; Get <var>
DA49: 85 85                                          STA   AS_FORPNT
DA4B: 84 86                                          STY   AS_FORPNT + 1
DA4D: a9 d0                                          LDA   #AS_TOKENEQUUAL
DA4F: 20 bf de                                       JSR   AS_SYNCHR
DA52: a5 12                                          LDA   AS_VALTYP + 1              ; Save variable type
DA54: 48                                             PHA
DA55: a5 11                                          LDA   AS_VALTYP
DA57: 48                                             PHA
DA58: 20 7b dd                                       JSR   AS_FRMEVL                  ; Evaluate <exp>
DA5B: 68                                             PLA
DA5C: 2a                                             ROL
DA5D: 20 6d dd                                       JSR   AS_CHKVAL
DA60: d0 7a               DA7A                       BNE   AS_LET_STRING
DA62: 68                                             PLA

Page 40
--------------------------------------------------------------------------------
DA63:                                                                                 ; --------------------------------
DA63: 10 77               DA77 AS_LET2:              BPL   AS_L_LET2_1                ; Real variable
DA65: 20 71 eb                                       JSR   AS_ROUND_FAC               ; Integer var: round to 32 bits
DA68: 20 0b e1                                       JSR   AS_AYINT                   ; Truncate to 16-bits
DA6B: a0 00                                          LDY   #0
DA6D: a5 a0                                          LDA   AS_FAC + 3
DA6F: 91 85                                          STA   (AS_FORPNT),Y
DA71: c8                                             INY
DA72: a5 a1                                          LDA   AS_FAC + 4
DA74: 91 85                                          STA   (AS_FORPNT),Y
DA76: 60                                             RTS
DA77:                                                                                 ; --------------------------------
DA77:                                                                                 ; Real variable = expression
DA77:                                                                                 ; --------------------------------
DA77: 4c 26 eb                 AS_L_LET2_1:          JMP   AS_SETFOR
DA7A:                                                                                 ; --------------------------------
DA7A:                          AS_LET_STRING:
DA7A: 68                                             PLA
DA7B:                                                                                 ; --------------------------------
DA7B:                                                                                 ; Install string, descriptor address is at fac+3,4
DA7B:                                                                                 ; --------------------------------
DA7B: a0 02                    AS_PUTSTR:            LDY   #2                         ; String data already in string area?
DA7D: b1 a0                                          LDA   (AS_FAC + 3),Y             ; (String area is btwn fretop
DA7F: c5 70                                          CMP   AS_FRETOP + 1              ; Himem)
DA81: 90 9a               DA9A                       BCC   AS_L_PUTSTR_2              ; Yes, data already up there
DA83: d0 8c               DA8C                       BNE   AS_L_PUTSTR_1              ; No
DA85: 88                                             DEY                              ; Maybe, test low byte of pointer
DA86: b1 a0                                          LDA   (AS_FAC + 3),Y
DA88: c5 6f                                          CMP   AS_FRETOP
DA8A: 90 9a               DA9A                       BCC   AS_L_PUTSTR_2              ; Yes, already there
DA8C: a4 a1                    AS_L_PUTSTR_1:        LDY   AS_FAC + 4                 ; No. descriptor already among variables?
DA8E: c4 6a                                          CPY   AS_VARTAB + 1
DA90: 90 9a               DA9A                       BCC   AS_L_PUTSTR_2              ; No
DA92: d0 a1               DAA1                       BNE   AS_L_PUTSTR_3              ; Yes
DA94: a5 a0                                          LDA   AS_FAC + 3                 ; Maybe, compare lo-byte
DA96: c5 69                                          CMP   AS_VARTAB
DA98: b0 a1               DAA1                       BCS   AS_L_PUTSTR_3              ; Yes, descriptor is among variables
DA9A: a5 a0                    AS_L_PUTSTR_2:        LDA   AS_FAC + 3                 ; Either string already on top, or
DA9C: a4 a1                                          LDY   AS_FAC + 4                 ; Descriptor is not a variable
DA9E: 4c b7 da                                       JMP   AS_L_PUTSTR_4              ; So just store the descriptor
DAA1:                                                                                 ; --------------------------------
DAA1:                                                                                 ; String not yet in string area,
DAA1:                                                                                 ; And descriptor is a variable
DAA1:                                                                                 ; --------------------------------
DAA1: a0 00                    AS_L_PUTSTR_3:        LDY   #0                         ; Point at length in descriptor
DAA3: b1 a0                                          LDA   (AS_FAC + 3),Y             ; Get length
DAA5: 20 d4 e3                                       JSR   AS_STRINI                  ; Make a string that long up above
DAA8: a5 8c                                          LDA   AS_DSCPTR                  ; Set up source pntr for monins
DAAA: a4 8d                                          LDY   AS_DSCPTR + 1
DAAC: 85 ab                                          STA   AS_STRNG1
DAAE: 84 ac                                          STY   AS_STRNG1 + 1
DAB0: 20 d3 e5                                       JSR   AS_MOVINS                  ; Move string data to new area
DAB3: a9 9d                                          LDA   #<AS_FAC                   ; Address of descriptor is in fac
DAB5: a0 00                                          LDY   #>AS_FAC
DAB7: 85 8c                    AS_L_PUTSTR_4:        STA   AS_DSCPTR
DAB9: 84 8d                                          STY   AS_DSCPTR + 1
DABB: 20 34 e6                                       JSR   AS_FRETMS                  ; Discard descriptor if 'twas temporary
DABE: a0 00                                          LDY   #0                         ; Copy string descriptor
DAC0: b1 8c                                          LDA   (AS_DSCPTR),Y
DAC2: 91 85                                          STA   (AS_FORPNT),Y

Page 41
--------------------------------------------------------------------------------
DAC4: c8                                             INY
DAC5: b1 8c                                          LDA   (AS_DSCPTR),Y
DAC7: 91 85                                          STA   (AS_FORPNT),Y
DAC9: c8                                             INY
DACA: b1 8c                                          LDA   (AS_DSCPTR),Y
DACC: 91 85                                          STA   (AS_FORPNT),Y
DACE: 60                                             RTS
DACF:                                                                                 ; --------------------------------
DACF:                          AS_PR_STRING:
DACF: 20 3d db                                       JSR   AS_STRPRT
DAD2: 20 b7 00                                       JSR   AS_CHRGOT
DAD5:                                                                                 ; --------------------------------
DAD5:                                                                                 ; "Print" statement
DAD5:                                                                                 ; --------------------------------
DAD5: f0 fb               DAFB AS_PRINT:             BEQ   AS_CRDO                    ; No more list, print <return>
DAD7:                                                                                 ; --------------------------------
DAD7: f0 02               DB02 AS_PRINT2:            BEQ   AS_RTS_8                   ; No more list, don't print <return>
DAD9: c9 c0                                          CMP   #AS_TOKEN_TAB
DADB: f0 16               DB16                       BEQ   AS_PR_TAB_OR_SPC           ; C=1 for tab(
DADD: c9 c3                                          CMP   #AS_TOKEN_SPC
DADF: 18                                             CLC
DAE0: f0 16               DB16                       BEQ   AS_PR_TAB_OR_SPC           ; C=0 for spc(
DAE2: c9 2c                                          CMP   #"," & %01111111
DAE4: 18                                             CLC                              ; <<< No purpose to this >>>
DAE5: f0 03               DB03                       BEQ   AS_PR_COMMA
DAE7: c9 3b                                          CMP   #";" & %01111111           ;"&%01111111)
DAE9: f0 2f               DB2F                       BEQ   AS_PR_NEXT_CHAR
DAEB: 20 7b dd                                       JSR   AS_FRMEVL                  ; Evaluate expression
DAEE: 24 11                                          BIT   AS_VALTYP                  ; String or fp value?
DAF0: 30 cf               DACF                       BMI   AS_PR_STRING               ; String
DAF2: 20 33 ed                                       JSR   AS_FOUT                    ; Fp: convert into buffer
DAF5: 20 e6 e3                                       JSR   AS_STRLIT                  ; Make buffer into string
DAF8: 4c cf da                                       JMP   AS_PR_STRING               ; Print the string
DAFB:                                                                                 ; --------------------------------
DAFB: a9 0d                    AS_CRDO:              LDA   #$0D                       ; Print <return>
DAFD: 20 5c db                                       JSR   AS_OUTDO
DB00: 49 ff                    AS_NEGATE:            EOR   #$FF                       ; <<< Why??? >>>
DB02: 60                       AS_RTS_8:             RTS
DB03:                                                                                 ; --------------------------------
DB03:                                                                                 ; Tab to next comma column
DB03:                                                                                 ; <<< Note bug if width of window less than 33 >>>
DB03:                          AS_PR_COMMA:
DB03: a5 24                                          LDA   MON_CH
DB05: c9 18                                          CMP   #24                        ; <<< Bug:  it should be 32 >>>
DB07: 90 0e               DB0E                       BCC   AS_L_PR_COMMA_1            ; Next column, same line
DB09: 20 fb da                                       JSR   AS_CRDO                    ; First column, next lint
DB0C: d0 2f               DB2F                       BNE   AS_PR_NEXT_CHAR            ; ...Always
DB0E: 69 10                    AS_L_PR_COMMA_1:      ADC   #16
DB10: 29 f0                                          AND   #$F0                       ; Round to 16 or 32
DB12: 85 24                                          STA   MON_CH
DB14: 90 2f               DB2F                       BCC   AS_PR_NEXT_CHAR            ; ...Always
DB16:                                                                                 ; --------------------------------
DB16:                          AS_PR_TAB_OR_SPC:
DB16: 08                                             PHP                              ; C=0 for spc(, c=1 for tab(
DB17: 20 f4 e6                                       JSR   AS_GTBYTC                  ; Get value
DB1A: c9 29                                          CMP   #")" & %01111111           ; Trailing parenthesis
DB1C: f0 21               DB21                       BEQ   AS_L_PR_TAB_OR_SPC_1       ; Good
DB1E: 4c c8 de                                       JMP   AS_SYNERR                  ; No, syntax error
DB21: 28                       AS_L_PR_TAB_OR_SPC_1: PLP                              ; Tab( or spc(
DB22: 90 2b               DB2B                       BCC   AS_L_PR_TAB_OR_SPC_2       ; Spc(

Page 42
--------------------------------------------------------------------------------
DB24: ca                                             DEX                              ; Tab(
DB25: 8a                                             TXA                              ; Calculate spaces needed for tab(
DB26: e5 24                                          SBC   MON_CH
DB28: 90 2f               DB2F                       BCC   AS_PR_NEXT_CHAR            ; Already past that column
DB2A: aa                                             TAX                              ; Now do a spc( to the specified column
DB2B: e8                       AS_L_PR_TAB_OR_SPC_2: INX
DB2C: ca                       AS_NXSPC:             DEX
DB2D: d0 35               DB35                       BNE   AS_DOSPC                   ; More spaces to print
DB2F:                                                                                 ; --------------------------------
DB2F:                          AS_PR_NEXT_CHAR:
DB2F: 20 b1 00                                       JSR   AS_CHRGET
DB32: 4c d7 da                                       JMP   AS_PRINT2                  ; Continue parsing print list
DB35:                                                                                 ; --------------------------------
DB35: 20 57 db                 AS_DOSPC:             JSR   AS_OUTSP
DB38: d0 2c               DB2C                       BNE   AS_NXSPC                   ; ...Always
DB3A:                                                                                 ; --------------------------------
DB3A:                                                                                 ; Print string at (y,a)
DB3A: 20 e6 e3                 AS_STROUT:            JSR   AS_STRLIT                  ; Make (y,a) printable
DB3D:                                                                                 ; --------------------------------
DB3D:                                                                                 ; Print string at (facmo,faclo)
DB3D:                                                                                 ; --------------------------------
DB3D: 20 ff e5                 AS_STRPRT:            JSR   AS_FREFAC                  ; Get address into index, (a)=length
DB40: aa                                             TAX                              ; Use x-reg for counter
DB41: a0 00                                          LDY   #0                         ; Use y-reg for scanner
DB43: e8                                             INX
DB44: ca                       AS_L_STRPRT_1:        DEX
DB45: f0 02               DB02                       BEQ   AS_RTS_8                   ; Finished
DB47: b1 5e                                          LDA   (AS_INDEX),Y               ; Next char from string
DB49: 20 5c db                                       JSR   AS_OUTDO                   ; Print the char
DB4C: c8                                             INY
DB4D:                                                                                 ; <<< Next three lines are useless >>>
DB4D: c9 0d                                          CMP   #$0D                       ; Was it <return>?
DB4F: d0 44               DB44                       BNE   AS_L_STRPRT_1              ; No
DB51: 20 00 db                                       JSR   AS_NEGATE                  ; Eor #$FF would do it, but why?
DB54:                                                                                 ; <<< Above three lines are useless >>>
DB54: 4c 44 db                                       JMP   AS_L_STRPRT_1
DB57:                                                                                 ; --------------------------------
DB57: a9 20                    AS_OUTSP:             LDA   #" " & %01111111           ; Print a space
DB59: 2c                                             .byte $2C                        ; Skip over next line
DB5A: a9 3f                    AS_OUTQUES:           LDA   #"?" & %01111111           ; Print question mark
DB5C:                                                                                 ; --------------------------------
DB5C:                                                                                 ; Print char from (a)
DB5C:                          
DB5C:                                                                                 ; Note: poke 243,32 ($20 in $F3) will convert
DB5C:                                                                                 ; Output to lower case.  this can be cancelled
DB5C:                                                                                 ; By normal, inverse, or flash or poke 243,0.
DB5C:                                                                                 ; --------------------------------
DB5C: 09 80                    AS_OUTDO:             ORA   #$80                       ; Print (a)
DB5E: c9 a0                                          CMP   #$A0                       ; Control chr?
DB60: 90 64               DB64                       BCC   AS_L_OUTDO_1               ; Skip if so
DB62: 05 f3                                          ORA   AS_FLASH_BIT               ; =$40 For flash, else $00
DB64: 20 ec fd                 AS_L_OUTDO_1:         JSR   MON_COUT                   ; "And"s with $3F (inverse), $7F (flash)
DB67: 29 7f                                          AND   #$7F
DB69: 48                                             PHA
DB6A: a5 f1                                          LDA   AS_SPEEDZ                  ; Complement of speed #
DB6C: 20 a7 fc                                       JSR   MON_WAIT                   ; So speed=255 becomes (a)=1
DB6F: 68                                             PLA
DB70: 60                                             RTS
DB71:                                                                                 ; --------------------------------
DB71:                                                                                 ; Input conversion error:  illegal character

Page 43
--------------------------------------------------------------------------------
DB71:                                                                                 ; In numeric field.  must distinguish
DB71:                                                                                 ; Between input, read, and get
DB71:                                                                                 ; --------------------------------
DB71:                          AS_INPUTERR:
DB71: a5 15                                          LDA   AS_INPUTFLG
DB73: f0 87               DB87                       BEQ   AS_RESPERR                 ; Taken if input
DB75: 30 7b               DB7B                       BMI   AS_READERR                 ; Taken if read
DB77: a0 ff                                          LDY   #$FF                       ; From a get
DB79: d0 7f               DB7F                       BNE   AS_ERLIN                   ; ...Always
DB7B:                                                                                 ; --------------------------------
DB7B:                          AS_READERR:
DB7B: a5 7b                                          LDA   AS_DATLIN                  ; Tell where the "data" is, rather
DB7D: a4 7c                                          LDY   AS_DATLIN + 1              ; Than the "read"
DB7F:                                                                                 ; --------------------------------
DB7F: 85 75                    AS_ERLIN:             STA   AS_CURLIN
DB81: 84 76                                          STY   AS_CURLIN + 1
DB83: 4c c8 de                                       JMP   AS_SYNERR
DB86:                                                                                 ; --------------------------------
DB86: 68                       AS_INPERR:            PLA
DB87:                                                                                 ; --------------------------------
DB87:                          AS_RESPERR:
DB87: 24 d8                                          BIT   AS_ERRFLG                  ; "On err" turned on?
DB89: 10 90               DB90                       BPL   AS_L_RESPERR_1             ; No, give reentry a try
DB8B: a2 fe                                          LDX   #254                       ; Error code = 254
DB8D: 4c e8 f2                                       JMP   AS_HANDLERR
DB90: a9 ef                    AS_L_RESPERR_1:       LDA   #<AS_ERR_REENTRY           ; "?Reenter"
DB92: a0 dc                                          LDY   #>AS_ERR_REENTRY
DB94: 20 3a db                                       JSR   AS_STROUT
DB97: a5 79                                          LDA   AS_OLDTEXT                 ; Re-execute the whole input statement
DB99: a4 7a                                          LDY   AS_OLDTEXT + 1
DB9B: 85 b8                                          STA   AS_TXTPTR
DB9D: 84 b9                                          STY   AS_TXTPTR + 1
DB9F: 60                                             RTS
DBA0:                                                                                 ; --------------------------------
DBA0:                                                                                 ; "Get" statement
DBA0:                                                                                 ; --------------------------------
DBA0: 20 05 e3                 AS_GET:               JSR   AS_ERRDIR                  ; Illegal if in direct mode
DBA3: a2 01                                          LDX   #<(AS_INPUT_BUFFER + 1)    ; Simulate input
DBA5: a0 02                                          LDY   #>(AS_INPUT_BUFFER + 1)
DBA7: a9 00                                          LDA   #0
DBA9: 8d 01 02                                       STA   AS_INPUT_BUFFER + 1
DBAC: a9 40                                          LDA   #$40                       ; Set up inputflg
DBAE: 20 eb db                                       JSR   AS_PROCESS_INPUT_LIST      ; <<< Can save 1 byte here>>>
DBB1: 60                                             RTS                              ; <<<By "jmp process.input.list">>>
DBB2:                                                                                 ; --------------------------------
DBB2:                                                                                 ; "Input" statement
DBB2:                                                                                 ; --------------------------------
DBB2: c9 22                    AS_INPUT:             CMP   #$22                       ; Check for optional prompt string
DBB4: d0 c4               DBC4                       BNE   AS_L_INPUT_1               ; No, print "?" prompt
DBB6: 20 80 de                                       JSR   AS_STRTXT                  ; Make a printable string out of it
DBB9: a9 3b                                          LDA   #";" & %01111111           ;"&%01111111)                        ; Must have ; now
DBBB: 20 bf de                                       JSR   AS_SYNCHR
DBBE: 20 3d db                                       JSR   AS_STRPRT                  ; Print the string
DBC1: 4c c7 db                                       JMP   AS_L_INPUT_2
DBC4: 20 5a db                 AS_L_INPUT_1:         JSR   AS_OUTQUES                 ; No string, print "?"
DBC7: 20 05 e3                 AS_L_INPUT_2:         JSR   AS_ERRDIR                  ; Illegal if in direct mode
DBCA: a9 2c                                          LDA   #"," & %01111111           ; Prime the buffer
DBCC: 8d ff 01                                       STA   AS_INPUT_BUFFER - 1
DBCF: 20 2c d5                                       JSR   AS_INLIN
DBD2: ad 00 02                                       LDA   AS_INPUT_BUFFER

Page 44
--------------------------------------------------------------------------------
DBD5: c9 03                                          CMP   #$03                       ; Control c?
DBD7: d0 e9               DBE9                       BNE   AS_INPUT_FLAG_ZERO         ; No
DBD9: 4c 63 d8                                       JMP   AS_CONTROL_C_TYPED
DBDC:                                                                                 ; --------------------------------
DBDC: 20 5a db                 AS_NXIN:              JSR   AS_OUTQUES                 ; Print "?"
DBDF: 4c 2c d5                                       JMP   AS_INLIN
DBE2:                                                                                 ; --------------------------------
DBE2:                                                                                 ; "Read" statement
DBE2:                                                                                 ; --------------------------------
DBE2: a6 7d                    AS_READ:              LDX   AS_DATPTR                  ; Y,x points at next data statement
DBE4: a4 7e                                          LDY   AS_DATPTR + 1
DBE6: a9 98                                          LDA   #$98                       ; Set inputflg = $98
DBE8: 2c                                             .byte $2C                        ; Trick to process.input.list
DBE9:                                                                                 ; --------------------------------
DBE9: a9 00                    AS_INPUT_FLAG_ZERO:   LDA   #0                         ; Set inputflg = $00
DBEB:                                                                                 ; --------------------------------
DBEB:                                                                                 ; Process input list
DBEB:                          
DBEB:                                                                                 ; (Y,x) is address of input data string
DBEB:                                                                                 ; (A) = value for inputflg:  $00 for input
DBEB:                                                                                 ; $40 For get
DBEB:                                                                                 ; $98 For read
DBEB:                                                                                 ; --------------------------------
DBEB: 85 15                    AS_PROCESS_INPUT_LIST: STA   AS_INPUTFLG
DBED: 86 7f                                          STX   AS_INPTR                   ; Address of input string
DBEF: 84 80                                          STY   AS_INPTR + 1
DBF1:                                                                                 ; --------------------------------
DBF1: 20 e2 df                 AS_PROCESS_INPUT_ITEM: JSR   AS_PTRGET                  ; Get address of variable
DBF4: 85 85                                          STA   AS_FORPNT
DBF6: 84 86                                          STY   AS_FORPNT + 1
DBF8: a5 b8                                          LDA   AS_TXTPTR                  ; Save current txtptr,
DBFA: a4 b9                                          LDY   AS_TXTPTR + 1              ; Which points into program
DBFC: 85 87                                          STA   AS_TXPSV
DBFE: 84 88                                          STY   AS_TXPSV + 1
DC00: a6 7f                                          LDX   AS_INPTR                   ; Set txtptr to point at input buffer
DC02: a4 80                                          LDY   AS_INPTR + 1               ; Or "data" line
DC04: 86 b8                                          STX   AS_TXTPTR
DC06: 84 b9                                          STY   AS_TXTPTR + 1
DC08: 20 b7 00                                       JSR   AS_CHRGOT                  ; Get char at pntr
DC0B: d0 2b               DC2B                       BNE   AS_INSTART                 ; Not end of line or colon
DC0D: 24 15                                          BIT   AS_INPUTFLG                ; Doing a "get"?
DC0F: 50 1f               DC1F                       BVC   AS_L_PROCESS_INPUT_ITEM_1  ; No
DC11: 20 0b fd                                       JSR   MON_RDKEY                  ; Yes, get char
DC14: 29 7f                                          AND   #$7F
DC16: 8d 00 02                                       STA   AS_INPUT_BUFFER
DC19: a2 ff                                          LDX   #<(AS_INPUT_BUFFER - 1)
DC1B: a0 01                                          LDY   #>(AS_INPUT_BUFFER - 1)
DC1D: d0 27               DC27                       BNE   AS_L_PROCESS_INPUT_ITEM_2  ; ...Always
DC1F:                                                                                 ; --------------------------------
DC1F: 30 a0               DCA0 AS_L_PROCESS_INPUT_ITEM_1: BMI   AS_FINDATA                 ; Doing a "read"
DC21: 20 5a db                                       JSR   AS_OUTQUES                 ; Doing an "input", print "?"
DC24: 20 dc db                                       JSR   AS_NXIN                    ; Print another "?", and input a line
DC27: 86 b8                    AS_L_PROCESS_INPUT_ITEM_2: STX   AS_TXTPTR
DC29: 84 b9                                          STY   AS_TXTPTR + 1
DC2B:                                                                                 ; --------------------------------
DC2B:                          AS_INSTART:
DC2B: 20 b1 00                                       JSR   AS_CHRGET                  ; Get next input char
DC2E: 24 11                                          BIT   AS_VALTYP                  ; String or numeric?
DC30: 10 63               DC63                       BPL   AS_L_INSTART_5             ; Numeric
DC32: 24 15                                          BIT   AS_INPUTFLG                ; String -- now what input type?

Page 45
--------------------------------------------------------------------------------
DC34: 50 3f               DC3F                       BVC   AS_L_INSTART_1             ; Not a "get"
DC36: e8                                             INX                              ; "Get"
DC37: 86 b8                                          STX   AS_TXTPTR
DC39: a9 00                                          LDA   #0
DC3B: 85 0d                                          STA   AS_CHARAC                  ; No other terminators than $00
DC3D: f0 4b               DC4B                       BEQ   AS_L_INSTART_2             ; ...Always
DC3F:                                                                                 ; --------------------------------
DC3F: 85 0d                    AS_L_INSTART_1:       STA   AS_CHARAC
DC41: c9 22                                          CMP   #$22                       ; Terminate on $00 or quote
DC43: f0 4c               DC4C                       BEQ   AS_L_INSTART_3
DC45: a9 3a                                          LDA   #":" & %01111111           ; Terminate on $00, colon, or comma
DC47: 85 0d                                          STA   AS_CHARAC
DC49: a9 2c                                          LDA   #"," & %01111111
DC4B: 18                       AS_L_INSTART_2:       CLC
DC4C: 85 0e                    AS_L_INSTART_3:       STA   AS_ENDCHR
DC4E: a5 b8                                          LDA   AS_TXTPTR
DC50: a4 b9                                          LDY   AS_TXTPTR + 1
DC52: 69 00                                          ADC   #0                         ; Skip over quotation mark, if
DC54: 90 57               DC57                       BCC   AS_L_INSTART_4             ; There was one
DC56: c8                                             INY
DC57: 20 ec e3                 AS_L_INSTART_4:       JSR   AS_STRLT2                  ; Build string starting at (y,a)
DC5A:                                                                                 ; Terminated by $00, (charac), or (endchr)
DC5A: 20 3c e7                                       JSR   AS_POINT                   ; Set txtptr to point at string
DC5D: 20 7b da                                       JSR   AS_PUTSTR                  ; Store string in variable
DC60: 4c 72 dc                                       JMP   AS_INPUT_MORE
DC63:                                                                                 ; --------------------------------
DC63: 48                       AS_L_INSTART_5:       PHA
DC64: ad 00 02                                       LDA   AS_INPUT_BUFFER            ; Anything in buffer?
DC67: f0 99               DC99                       BEQ   AS_INPFIN                  ; No, see if read or input
DC69:                                                                                 ; --------------------------------
DC69:                          AS_INPUTDWTA:
DC69: 68                                             PLA                              ; "Read"
DC6A: 20 49 ec                                       JSR   AS_FIN                     ; Get fp number at txtptr
DC6D: a5 12                                          LDA   AS_VALTYP + 1
DC6F: 20 63 da                                       JSR   AS_LET2                    ; Store result in variable
DC72:                                                                                 ; --------------------------------
DC72:                          AS_INPUT_MORE:
DC72: 20 b7 00                                       JSR   AS_CHRGOT
DC75: f0 7e               DC7E                       BEQ   AS_L_INPUT_MORE_1          ; End of line or colon
DC77: c9 2c                                          CMP   #"," & %01111111           ; Comma in input?
DC79: f0 7e               DC7E                       BEQ   AS_L_INPUT_MORE_1          ; Yes
DC7B: 4c 71 db                                       JMP   AS_INPUTERR                ; Nothing else will do
DC7E: a5 b8                    AS_L_INPUT_MORE_1:    LDA   AS_TXTPTR                  ; Save position in input buffer
DC80: a4 b9                                          LDY   AS_TXTPTR + 1
DC82: 85 7f                                          STA   AS_INPTR
DC84: 84 80                                          STY   AS_INPTR + 1
DC86: a5 87                                          LDA   AS_TXPSV                   ; Restore program pointer
DC88: a4 88                                          LDY   AS_TXPSV + 1
DC8A: 85 b8                                          STA   AS_TXTPTR
DC8C: 84 b9                                          STY   AS_TXTPTR + 1
DC8E: 20 b7 00                                       JSR   AS_CHRGOT                  ; Next char from program
DC91: f0 c6               DCC6                       BEQ   AS_INPDONE                 ; End of statement
DC93: 20 bd de                                       JSR   AS_CHKCOM                  ; Better be a comma then
DC96: 4c f1 db                                       JMP   AS_PROCESS_INPUT_ITEM
DC99:                                                                                 ; --------------------------------
DC99: a5 15                    AS_INPFIN:            LDA   AS_INPUTFLG                ; "Input" or "read"
DC9B: d0 69               DC69                       BNE   AS_INPUTDWTA               ; "Read"
DC9D: 4c 86 db                                       JMP   AS_INPERR
DCA0:                                                                                 ; --------------------------------
DCA0:                          AS_FINDATA:

Page 46
--------------------------------------------------------------------------------
DCA0: 20 a3 d9                                       JSR   AS_DATAN                   ; Get offset to next colon or eol
DCA3: c8                                             INY                              ; To first char of next line
DCA4: aa                                             TAX                              ; Which:  eol or colon?
DCA5: d0 b9               DCB9                       BNE   AS_L_FINDATA_1             ; Colon
DCA7: a2 2a                                          LDX   #AS_ERR_NODATA             ; Eol: might be out of data
DCA9: c8                                             INY                              ; Check hi-byte of forward pntr
DCAA: b1 b8                                          LDA   (AS_TXTPTR),Y              ; End of program?
DCAC: f0 0d               DD0D                       BEQ   AS_GERR                    ; Yes, we are out of data
DCAE: c8                                             INY                              ; Pick up the line #
DCAF: b1 b8                                          LDA   (AS_TXTPTR),Y
DCB1: 85 7b                                          STA   AS_DATLIN
DCB3: c8                                             INY
DCB4: b1 b8                                          LDA   (AS_TXTPTR),Y
DCB6: c8                                             INY                              ; Point at first text char in line
DCB7: 85 7c                                          STA   AS_DATLIN + 1
DCB9: b1 b8                    AS_L_FINDATA_1:       LDA   (AS_TXTPTR),Y              ; Get 1st token of statement
DCBB: aa                                             TAX                              ; Save token in x-reg
DCBC: 20 98 d9                                       JSR   AS_ADDON                   ; Add (y) to txtptr
DCBF: e0 83                                          CPX   #AS_TOKENDWTA              ; Did we find a "data" statement?
DCC1: d0 a0               DCA0                       BNE   AS_FINDATA                 ; Not yet
DCC3: 4c 2b dc                                       JMP   AS_INSTART                 ; Yes, read it
DCC6:                                                                                 ; ---No more input requested------
DCC6:                          AS_INPDONE:
DCC6: a5 7f                                          LDA   AS_INPTR                   ; Get pointer in case it was "read"
DCC8: a4 80                                          LDY   AS_INPTR + 1
DCCA: a6 15                                          LDX   AS_INPUTFLG                ; "Read" or "input"?
DCCC: 10 d1               DCD1                       BPL   AS_L_INPDONE_1             ; "Input"
DCCE: 4c 53 d8                                       JMP   AS_SETDA                   ; "Data", so store (y,x) at datptr
DCD1: a0 00                    AS_L_INPDONE_1:       LDY   #0                         ; "Input":  any more chars on line?
DCD3: b1 7f                                          LDA   (AS_INPTR),Y
DCD5: f0 de               DCDE                       BEQ   AS_L_INPDONE_2             ; No, all is well
DCD7: a9 df                                          LDA   #<AS_ERR_EXTRA             ; Yes, error
DCD9: a0 dc                                          LDY   #>AS_ERR_EXTRA             ; "Extra ignored"
DCDB: 4c 3a db                                       JMP   AS_STROUT
DCDE: 60                       AS_L_INPDONE_2:       RTS
DCDF:                                                                                 ; --------------------------------
DCDF: 3f                       AS_ERR_EXTRA:         .byte "?" & %01111111
DCE0: 45                                             .byte "E" & %01111111
DCE1: 58                                             .byte "X" & %01111111
DCE2: 54                                             .byte "T" & %01111111
DCE3: 52                                             .byte "R" & %01111111
DCE4: 41                                             .byte "A" & %01111111
DCE5: 20                                             .byte " " & %01111111
DCE6: 49                                             .byte "I" & %01111111
DCE7: 47                                             .byte "G" & %01111111
DCE8: 4e                                             .byte "N" & %01111111
DCE9: 4f                                             .byte "O" & %01111111
DCEA: 52                                             .byte "R" & %01111111
DCEB: 45                                             .byte "E" & %01111111
DCEC: 44                                             .byte "D" & %01111111
DCED:                          
DCED: 0d 00                                          .byte $0D, 0
DCEF:                          
DCEF: 3f                       AS_ERR_REENTRY:       .byte "?" & %01111111
DCF0: 52                                             .byte "R" & %01111111
DCF1: 45                                             .byte "E" & %01111111
DCF2: 45                                             .byte "E" & %01111111
DCF3: 4e                                             .byte "N" & %01111111
DCF4: 54                                             .byte "T" & %01111111
DCF5: 45                                             .byte "E" & %01111111

Page 47
--------------------------------------------------------------------------------
DCF6: 52                                             .byte "R" & %01111111
DCF7:                          
DCF7: 0d 00                                          .byte $0D, 0
DCF9:                                                                                 ; --------------------------------
DCF9:                                                                                 ; --------------------------------
DCF9:                                                                                 ; "Next" statement
DCF9:                                                                                 ; --------------------------------
DCF9: d0 ff               DCFF AS_NEXT:              BNE   AS_NEXT_1                  ; Variable after "next"
DCFB: a0 00                                          LDY   #0                         ; Flag by setting forpnt+1 = 0
DCFD: f0 02               DD02                       BEQ   AS_NEXT_2                  ; ...Always
DCFF:                                                                                 ; --------------------------------
DCFF: 20 e2 df                 AS_NEXT_1:            JSR   AS_PTRGET                  ; Get pntr to variable in (y,a)
DD02: 85 85                    AS_NEXT_2:            STA   AS_FORPNT
DD04: 84 86                                          STY   AS_FORPNT + 1
DD06: 20 65 d3                                       JSR   AS_GTFORPNT                ; Find for-frame for this variable
DD09: f0 0f               DD0F                       BEQ   AS_NEXT_3                  ; Found it
DD0B: a2 00                                          LDX   #AS_ERR_NOFOR              ; Not there, abort
DD0D: f0 78               DD78 AS_GERR:              BEQ   AS_JERROR                  ; ...Always
DD0F: 9a                       AS_NEXT_3:            TXS                              ; Set stack ptr to point to this frame,
DD10: e8                                             INX                              ; Which trims off any inner loops
DD11: e8                                             INX
DD12: e8                                             INX
DD13: e8                                             INX
DD14: 8a                                             TXA                              ; Low byte of adrs of step value
DD15: e8                                             INX
DD16: e8                                             INX
DD17: e8                                             INX
DD18: e8                                             INX
DD19: e8                                             INX
DD1A: e8                                             INX
DD1B: 86 60                                          STX   AS_DEST                    ; Low byte adrs of for var value
DD1D: a0 01                                          LDY   #>AS_STACK                 ; (Y,a) is address of step value
DD1F: 20 f8 ea                                       JSR   AS_LOAD_FAC_FROM_YA        ; Step to fac
DD22: ba                                             TSX
DD23: bd 09 01                                       LDA   AS_STACK + 9,X
DD26: 85 a2                                          STA   AS_FAC_SIGN
DD28: a5 85                                          LDA   AS_FORPNT
DD2A: a4 86                                          LDY   AS_FORPNT + 1
DD2C: 20 bd e7                                       JSR   AS_FADD                    ; Add to for value
DD2F: 20 26 eb                                       JSR   AS_SETFOR                  ; Put new value back
DD32: a0 01                                          LDY   #>AS_STACK                 ; (Y,a) is address of end value
DD34: 20 b3 eb                                       JSR   AS_FCOMP2                  ; Compare to end value
DD37: ba                                             TSX
DD38: 38                                             SEC
DD39: fd 09 01                                       SBC   AS_STACK + 9,X             ; Sign of step
DD3C: f0 55               DD55                       BEQ   AS_L_NEXT_3_2              ; Branch if for complete
DD3E: bd 0f 01                                       LDA   AS_STACK + 15,X            ; Otherwise set up
DD41: 85 75                                          STA   AS_CURLIN                  ; For line #
DD43: bd 10 01                                       LDA   AS_STACK + 16,X
DD46: 85 76                                          STA   AS_CURLIN + 1
DD48: bd 12 01                                       LDA   AS_STACK + 18,X            ; And set txtptr to just
DD4B: 85 b8                                          STA   AS_TXTPTR                  ; After for statement
DD4D: bd 11 01                                       LDA   AS_STACK + 17,X
DD50: 85 b9                                          STA   AS_TXTPTR + 1
DD52: 4c d2 d7                 AS_L_NEXT_3_1:        JMP   AS_NEWSTT
DD55: 8a                       AS_L_NEXT_3_2:        TXA                              ; Pop off for-frame, loop is done
DD56: 69 11                                          ADC   #17                        ; Carry is set, so adds 18
DD58: aa                                             TAX
DD59: 9a                                             TXS
DD5A: 20 b7 00                                       JSR   AS_CHRGOT                  ; Char after variable

Page 48
--------------------------------------------------------------------------------
DD5D: c9 2c                                          CMP   #"," & %01111111           ; Another variable in next_
DD5F: d0 52               DD52                       BNE   AS_L_NEXT_3_1              ; No, go to next statement
DD61: 20 b1 00                                       JSR   AS_CHRGET                  ; Yes, prime for next variable
DD64: 20 ff dc                                       JSR   AS_NEXT_1                  ; (Does not return)
DD67:                                                                                 ; --------------------------------
DD67:                                                                                 ; Evaluate expression, make sure it is numeric
DD67:                                                                                 ; --------------------------------
DD67: 20 7b dd                 AS_FRMNUM:            JSR   AS_FRMEVL
DD6A:                                                                                 ; --------------------------------
DD6A:                                                                                 ; Make sure (fac) is numeric
DD6A:                                                                                 ; --------------------------------
DD6A: 18                       AS_CHKNUM:            CLC
DD6B: 24                                             .byte $24                        ; Dummy for skip
DD6C:                                                                                 ; --------------------------------
DD6C:                                                                                 ; Make sure (fac) is string
DD6C:                                                                                 ; --------------------------------
DD6C: 38                       AS_CHKSTR:            SEC
DD6D:                                                                                 ; --------------------------------
DD6D:                                                                                 ; Make sure (fac) is correct type
DD6D:                                                                                 ; If c=0, type must be numeric
DD6D:                                                                                 ; If c=1, type must be string
DD6D:                                                                                 ; --------------------------------
DD6D: 24 11                    AS_CHKVAL:            BIT   AS_VALTYP                  ; $00 If numeric, $FF if string
DD6F: 30 74               DD74                       BMI   AS_L_CHKVAL_2              ; Type is string
DD71: b0 76               DD76                       BCS   AS_L_CHKVAL_3              ; Not string, but we need string
DD73: 60                       AS_L_CHKVAL_1:        RTS                              ; Type is correct
DD74: b0 73               DD73 AS_L_CHKVAL_2:        BCS   AS_L_CHKVAL_1              ; Is string and we wanted string
DD76: a2 a3                    AS_L_CHKVAL_3:        LDX   #AS_ERR_BADTYPE            ; Type mismatch
DD78: 4c 12 d4                 AS_JERROR:            JMP   AS_ERROR
DD7B:                                                                                 ; --------------------------------
DD7B:                                                                                 ; Evaluate the expression at txtptr, leaving the
DD7B:                                                                                 ; Result in fac.  works for both string and numeric
DD7B:                                                                                 ; Expressions.
DD7B:                                                                                 ; --------------------------------
DD7B: a6 b8                    AS_FRMEVL:            LDX   AS_TXTPTR                  ; Decrement txtptr
DD7D: d0 81               DD81                       BNE   AS_L_FRMEVL_1
DD7F: c6 b9                                          DEC   AS_TXTPTR + 1
DD81: c6 b8                    AS_L_FRMEVL_1:        DEC   AS_TXTPTR
DD83: a2 00                                          LDX   #0                         ; Start with precedence = 0
DD85: 24                                             .byte $24                        ; Trick to skip following "pha"
DD86:                                                                                 ; --------------------------------
DD86:                          AS_FRMEVL_1:
DD86: 48                                             PHA                              ; Push relops flags
DD87: 8a                                             TXA
DD88: 48                                             PHA                              ; Save last precedence
DD89: a9 01                                          LDA   #1
DD8B: 20 d6 d3                                       JSR   AS_CHKMEM                  ; Check if enough room on stack
DD8E: 20 5f de                                       JSR   AS_FRM_ELEMENT             ; Get an element
DD91: a9 00                                          LDA   #0
DD93: 85 89                                          STA   AS_CPRTYP                  ; Clear comparison operator flags
DD95:                                                                                 ; --------------------------------
DD95:                          AS_FRMEVL_2:
DD95: 20 b7 00                                       JSR   AS_CHRGOT                  ; Check for relational operators
DD98: 38                       AS_L_FRMEVL_2_1:      SEC                              ; > Is $CF, = is $D0, < is $D1
DD99: e9 cf                                          SBC   #AS_TOKEN_GREATER          ; > Is 0, = is 1, < is 2
DD9B: 90 b4               DDB4                       BCC   AS_L_FRMEVL_2_2            ; Not relational operator
DD9D: c9 03                                          CMP   #3
DD9F: b0 b4               DDB4                       BCS   AS_L_FRMEVL_2_2            ; Not relational operator
DDA1: c9 01                                          CMP   #1                         ; Set carry if "=" or "<"
DDA3: 2a                                             ROL                              ; Now > is 0, = is 3, < is 5

Page 49
--------------------------------------------------------------------------------
DDA4: 49 01                                          EOR   #1                         ; Now > is 1, = is 2, < is 4
DDA6: 45 89                                          EOR   AS_CPRTYP                  ; Set bits of cprtyp:  00000<=>
DDA8: c5 89                                          CMP   AS_CPRTYP                  ; Check for illegal combinations
DDAA: 90 0d               DE0D                       BCC   AS_SNTXERR                 ; If less than, a relop was repeated
DDAC: 85 89                                          STA   AS_CPRTYP
DDAE: 20 b1 00                                       JSR   AS_CHRGET                  ; Another operator?
DDB1: 4c 98 dd                                       JMP   AS_L_FRMEVL_2_1            ; Check for <,=,> again
DDB4:                                                                                 ; --------------------------------
DDB4: a6 89                    AS_L_FRMEVL_2_2:      LDX   AS_CPRTYP                  ; Did we find a relational operator?
DDB6: d0 e4               DDE4                       BNE   AS_FRM_RELATIONAL          ; Yes
DDB8: b0 34               DE34                       BCS   AS_NOTMATH                 ; No, and next token is > $D1
DDBA: 69 07                                          ADC   #$CF - AS_TOKEN_PLUS       ; No, and next token < $CF
DDBC: 90 34               DE34                       BCC   AS_NOTMATH                 ; If next token < "+"
DDBE: 65 11                                          ADC   AS_VALTYP                  ; + And last result a string?
DDC0: d0 c5               DDC5                       BNE   AS_L_FRMEVL_2_3            ; Branch if not
DDC2: 4c 96 e5                                       JMP   AS_CAT                     ; Concatenate if so.
DDC5:                                                                                 ; --------------------------------
DDC5: 69 ff                    AS_L_FRMEVL_2_3:      ADC   #$FF                       ; +-*/ Is 0123
DDC7: 85 5e                                          STA   AS_INDEX
DDC9: 0a                                             ASL                              ; Multiply by 3
DDCA: 65 5e                                          ADC   AS_INDEX                   ; +-*/ Is 0,3,6,9
DDCC: a8                                             TAY
DDCD:                                                                                 ; --------------------------------
DDCD:                          AS_FRM_PRECEDENCE_TEST:
DDCD: 68                                             PLA                              ; Get last precedence
DDCE: d9 b2 d0                                       CMP   AS_MATHTBL,Y
DDD1: b0 39               DE39                       BCS   AS_FRM_PERFORM_1           ; Do now if higher precedence
DDD3: 20 6a dd                                       JSR   AS_CHKNUM                  ; Was last result a #?
DDD6: 48                       AS_NXOP:              PHA                              ; Yes, save precedence on stack
DDD7: 20 fd dd                 AS_SAVOP:             JSR   AS_FRM_RECURSE             ; Save rest, call frmevl recursively
DDDA: 68                                             PLA
DDDB: a4 87                                          LDY   AS_LASTOP
DDDD: 10 f6               DDF6                       BPL   AS_PREFNC
DDDF: aa                                             TAX
DDE0: f0 37               DE37                       BEQ   AS_GOEX                    ; Exit if no math in expression
DDE2: d0 42               DE42                       BNE   AS_FRM_PERFORM_2           ; ...Always
DDE4:                                                                                 ; --------------------------------
DDE4:                                                                                 ; Found one or more relational operators <,=,>
DDE4:                                                                                 ; --------------------------------
DDE4:                          AS_FRM_RELATIONAL:
DDE4: 46 11                                          LSR   AS_VALTYP                  ; (Valtyp) = 0 (numeric), = $FF (string)
DDE6: 8a                                             TXA                              ; Set cprtyp to 0000<=>c
DDE7: 2a                                             ROL                              ; Where c=0 if #, c=1 if string
DDE8: a6 b8                                          LDX   AS_TXTPTR                  ; Back up txtptr
DDEA: d0 ee               DDEE                       BNE   AS_L_FRM_RELATIONAL_1
DDEC: c6 b9                                          DEC   AS_TXTPTR + 1
DDEE: c6 b8                    AS_L_FRM_RELATIONAL_1: DEC   AS_TXTPTR
DDF0: a0 1b                                          LDY   #AS_M_REL - AS_MATHTBL     ; Point at relops entry
DDF2: 85 89                                          STA   AS_CPRTYP
DDF4: d0 cd               DDCD                       BNE   AS_FRM_PRECEDENCE_TEST     ; ...Always
DDF6:                                                                                 ; --------------------------------
DDF6: d9 b2 d0                 AS_PREFNC:            CMP   AS_MATHTBL,Y
DDF9: b0 42               DE42                       BCS   AS_FRM_PERFORM_2           ; Do now if higher precedence
DDFB: 90 d6               DDD6                       BCC   AS_NXOP                    ; ...Always
DDFD:                                                                                 ; --------------------------------
DDFD:                                                                                 ; Stack this operation and call frmevl for
DDFD:                                                                                 ; Another one
DDFD:                                                                                 ; --------------------------------
DDFD:                          AS_FRM_RECURSE:
DDFD: b9 b4 d0                                       LDA   AS_MATHTBL + 2,Y

Page 50
--------------------------------------------------------------------------------
DE00: 48                                             PHA                              ; Push address of operation performer
DE01: b9 b3 d0                                       LDA   AS_MATHTBL + 1,Y
DE04: 48                                             PHA
DE05: 20 10 de                                       JSR   AS_FRM_STACK_1             ; Stack fac.sign and fac
DE08: a5 89                                          LDA   AS_CPRTYP                  ; A=relop flags, x=precedence byte
DE0A: 4c 86 dd                                       JMP   AS_FRMEVL_1                ; Recursively call frmevl
DE0D:                                                                                 ; --------------------------------
DE0D: 4c c8 de                 AS_SNTXERR:           JMP   AS_SYNERR
DE10:                                                                                 ; --------------------------------
DE10:                                                                                 ; Stack (fac)
DE10:                          
DE10:                                                                                 ; Three entry points:
DE10:                                                                                 ; L_sntxerr_1, from frmevl
DE10:                                                                                 ; L_sntxerr_2, from "step"
DE10:                                                                                 ; L_sntxerr_3, from "for"
DE10:                                                                                 ; --------------------------------
DE10:                          AS_FRM_STACK_1:
DE10: a5 a2                                          LDA   AS_FAC_SIGN                ; Get fac.sign to push it
DE12:                          ; Note: XA65 assembler (Andre Fachat) requires ! here when asm with "xa -R -bt 0" for some reason:
DE12: b6 00                                          LDX   !AS_MATHTBL,Y              ; Precedence byte from mathtbl
DE14:                                                                                 ; --------------------------------
DE14:                                                                                 ; Enter here from "step", to push step sign and value
DE14:                                                                                 ; --------------------------------
DE14:                          AS_FRM_STACK_2:
DE14: a8                                             TAY                              ; Fac.sign or sgn(step value)
DE15: 68                                             PLA                              ; Pull return address and add 1
DE16: 85 5e                                          STA   AS_INDEX                   ; <<< Assumes not on page boundary! >>>
DE18: e6 5e                                          INC   AS_INDEX                   ; Place bumped return address in
DE1A: 68                                             PLA                              ; Index,index+1
DE1B: 85 5f                                          STA   AS_INDEX + 1
DE1D: 98                                             TYA                              ; Fac.sign or sgn(step value)
DE1E: 48                                             PHA                              ; Push fac.sign or sgn(step value)
DE1F:                                                                                 ; --------------------------------
DE1F:                                                                                 ; Enter here from "for", with (index) = step,
DE1F:                                                                                 ; To push initial value of "for" variable
DE1F:                                                                                 ; --------------------------------
DE1F:                          AS_FRM_STACK_3:
DE1F: 20 71 eb                                       JSR   AS_ROUND_FAC               ; Round to 32 bits
DE22: a5 a1                                          LDA   AS_FAC + 4                 ; Push (fac)
DE24: 48                                             PHA
DE25: a5 a0                                          LDA   AS_FAC + 3
DE27: 48                                             PHA
DE28: a5 9f                                          LDA   AS_FAC + 2
DE2A: 48                                             PHA
DE2B: a5 9e                                          LDA   AS_FAC + 1
DE2D: 48                                             PHA
DE2E: a5 9d                                          LDA   AS_FAC
DE30: 48                                             PHA
DE31: 6c 5e 00                                       JMP   (AS_INDEX)                 ; Do rts funny way
DE34:                                                                                 ; --------------------------------
DE34:                          
DE34:                                                                                 ; --------------------------------
DE34: a0 ff                    AS_NOTMATH:           LDY   #$FF                       ; Set up to exit routine
DE36: 68                                             PLA
DE37: f0 5c               DE5C AS_GOEX:              BEQ   AS_EXIT                    ; Exit if no math to do
DE39:                                                                                 ; --------------------------------
DE39:                                                                                 ; Perform stacked operation
DE39:                          
DE39:                                                                                 ; (A) = precedence byte
DE39:                                                                                 ; Stack:  1 -- cprmask

Page 51
--------------------------------------------------------------------------------
DE39:                                                                                 ; 5 -- (Arg)
DE39:                                                                                 ; 2 -- Addr of performer
DE39:                                                                                 ; --------------------------------
DE39:                          AS_FRM_PERFORM_1:
DE39: c9 64                                          CMP   #AS_P_REL                  ; Was it relational operator?
DE3B: f0 40               DE40                       BEQ   AS_L_FRM_PERFORM_1_1       ; Yes, allow string compare
DE3D: 20 6a dd                                       JSR   AS_CHKNUM                  ; Must be numeric value
DE40: 84 87                    AS_L_FRM_PERFORM_1_1: STY   AS_LASTOP
DE42:                                                                                 ; --------------------------------
DE42:                          AS_FRM_PERFORM_2:
DE42: 68                                             PLA                              ; Get 0000<=>c from stack
DE43: 4a                                             LSR                              ; Shift to 00000<=> form
DE44: 85 16                                          STA   AS_CPRMASK                 ; 00000<=>
DE46: 68                                             PLA
DE47: 85 a5                                          STA   AS_ARG                     ; Get floating point value off stack,
DE49: 68                                             PLA                              ; And put it in arg
DE4A: 85 a6                                          STA   AS_ARG + 1
DE4C: 68                                             PLA
DE4D: 85 a7                                          STA   AS_ARG + 2
DE4F: 68                                             PLA
DE50: 85 a8                                          STA   AS_ARG + 3
DE52: 68                                             PLA
DE53: 85 a9                                          STA   AS_ARG + 4
DE55: 68                                             PLA
DE56: 85 aa                                          STA   AS_ARG + 5
DE58: 45 a2                                          EOR   AS_FAC_SIGN                ; Save eor of signs of the operands,
DE5A: 85 ab                                          STA   AS_SGNCPR                  ; In case of multiply or divide
DE5C: a5 9d                    AS_EXIT:              LDA   AS_FAC                     ; Fac exponent in a-reg
DE5E: 60                                             RTS                              ; Status equ. if (fac)=0
DE5F:                                                                                 ; Rts goes to perform operation
DE5F:                                                                                 ; --------------------------------
DE5F:                                                                                 ; Get element in expression
DE5F:                          
DE5F:                                                                                 ; Get value of variable or number at txtpnt, or point
DE5F:                                                                                 ; To string descriptor if a string, and put in fac.
DE5F:                                                                                 ; --------------------------------
DE5F:                          AS_FRM_ELEMENT:
DE5F: a9 00                                          LDA   #0                         ; Assume numeric
DE61: 85 11                                          STA   AS_VALTYP
DE63: 20 b1 00                 AS_L_FRM_ELEMENT_1:   JSR   AS_CHRGET
DE66: b0 6b               DE6B                       BCS   AS_L_FRM_ELEMENT_3         ; Not a digit
DE68: 4c 49 ec                 AS_L_FRM_ELEMENT_2:   JMP   AS_FIN                     ; Numeric constant
DE6B: 20 7c e0                 AS_L_FRM_ELEMENT_3:   JSR   AS_ISLETC                  ; Variable name?
DE6E: b0 d4               DED4                       BCS   AS_FRM_VARIABLE            ; Yes
DE70: c9 2e                                          CMP   #"." & %01111111           ; Decimal point
DE72: f0 68               DE68                       BEQ   AS_L_FRM_ELEMENT_2         ; Yes, numeric constant
DE74: c9 c9                                          CMP   #AS_TOKEN_MINUS            ; Unary minus?
DE76: f0 cd               DECD                       BEQ   AS_MIN                     ; Yes
DE78: c9 c8                                          CMP   #AS_TOKEN_PLUS             ; Unary plus
DE7A: f0 63               DE63                       BEQ   AS_L_FRM_ELEMENT_1         ; Yes
DE7C: c9 22                                          CMP   #$22                       ; String constant?
DE7E: d0 8f               DE8F                       BNE   AS_NOT_                    ; No
DE80:                                                                                 ; --------------------------------
DE80:                                                                                 ; String constant element
DE80:                          
DE80:                                                                                 ; Set y,a = (txtptr)+carry
DE80:                                                                                 ; --------------------------------
DE80: a5 b8                    AS_STRTXT:            LDA   AS_TXTPTR                  ; Add (carry) to get address of 1st char
DE82: a4 b9                                          LDY   AS_TXTPTR + 1              ; Of string in y,a
DE84: 69 00                                          ADC   #0

Page 52
--------------------------------------------------------------------------------
DE86: 90 89               DE89                       BCC   AS_L_STRTXT_1
DE88: c8                                             INY
DE89: 20 e6 e3                 AS_L_STRTXT_1:        JSR   AS_STRLIT                  ; Build descriptor to string
DE8C:                                                                                 ; Get address of descriptor in fac
DE8C: 4c 3c e7                                       JMP   AS_POINT                   ; Point txtptr after trailing quote
DE8F:                                                                                 ; --------------------------------
DE8F:                                                                                 ; "Not" function
DE8F:                                                                                 ; If fac=0, return fac=1
DE8F:                                                                                 ; If fac<>0, return fac=0
DE8F:                                                                                 ; --------------------------------
DE8F: c9 c6                    AS_NOT_:              CMP   #AS_TOKEN_NOT
DE91: d0 a3               DEA3                       BNE   AS_FN_                     ; Not "not", try "fn"
DE93: a0 18                                          LDY   #AS_MEQUU - AS_MATHTBL     ; Point at = comparison
DE95: d0 cf               DECF                       BNE   AS_EQUL                    ; ...Always
DE97:                                                                                 ; --------------------------------
DE97:                                                                                 ; Comparison for equality (= operator)
DE97:                                                                                 ; Also used to evaluate "not" function
DE97:                                                                                 ; --------------------------------
DE97: a5 9d                    AS_EQUOP:             LDA   AS_FAC                     ; Set "true" if (fac) = zero
DE99: d0 9e               DE9E                       BNE   AS_L_EQUOP_1               ; False
DE9B: a0 01                                          LDY   #1                         ; True
DE9D: 2c                                             .byte $2C                        ; Trick to skip next 2 bytes
DE9E: a0 00                    AS_L_EQUOP_1:         LDY   #0                         ; False
DEA0: 4c 00 e3                                       JMP   AS_SNGFLT
DEA3:                                                                                 ; --------------------------------
DEA3: c9 c2                    AS_FN_:               CMP   #AS_TOKEN_FN
DEA5: d0 aa               DEAA                       BNE   AS_SGN_
DEA7: 4c 53 e3                                       JMP   AS_FUNCT
DEAA:                                                                                 ; --------------------------------
DEAA: c9 d2                    AS_SGN_:              CMP   #AS_TOKEN_SGN
DEAC: 90 b1               DEB1                       BCC   AS_PARCHK
DEAE: 4c 0b df                                       JMP   AS_UNARY
DEB1:                                                                                 ; --------------------------------
DEB1:                                                                                 ; Evaluate "(expression)"
DEB1:                                                                                 ; --------------------------------
DEB1: 20 ba de                 AS_PARCHK:            JSR   AS_CHKOPN                  ; Is there a '(' at txtptr?
DEB4: 20 7b dd                                       JSR   AS_FRMEVL                  ; Yes, evaluate expression
DEB7:                                                                                 ; --------------------------------
DEB7: a9 29                    AS_CHKCLS:            LDA   #$29                       ; Check for ')'
DEB9: 2c                                             .byte $2C                        ; Trick
DEBA:                                                                                 ; --------------------------------
DEBA: a9 28                    AS_CHKOPN:            LDA   #$28
DEBC: 2c                                             .byte $2C                        ; Trick
DEBD:                                                                                 ; --------------------------------
DEBD: a9 2c                    AS_CHKCOM:            LDA   #"," & %01111111           ; Comma at txtptr?
DEBF:                                                                                 ; --------------------------------
DEBF:                                                                                 ; Unless char at txtptr = (a), syntax error
DEBF:                                                                                 ; --------------------------------
DEBF: a0 00                    AS_SYNCHR:            LDY   #0
DEC1: d1 b8                                          CMP   (AS_TXTPTR),Y
DEC3: d0 c8               DEC8                       BNE   AS_SYNERR
DEC5: 4c b1 00                                       JMP   AS_CHRGET                  ; Match, get next char & return
DEC8:                                                                                 ; --------------------------------
DEC8: a2 10                    AS_SYNERR:            LDX   #AS_ERR_SYNTAX
DECA: 4c 12 d4                                       JMP   AS_ERROR
DECD:                                                                                 ; --------------------------------
DECD: a0 15                    AS_MIN:               LDY   #AS_M_NEG - AS_MATHTBL     ; Point at unary minus
DECF: 68                       AS_EQUL:              PLA
DED0: 68                                             PLA
DED1: 4c d7 dd                                       JMP   AS_SAVOP

Page 53
--------------------------------------------------------------------------------
DED4:                                                                                 ; --------------------------------
DED4:                          AS_FRM_VARIABLE:
DED4: 20 e2 df                                       JSR   AS_PTRGET
DED7:                     DED6 AS_FRM_VARIABLE_CALL  =     * - 1                      ; So ptrget can tell we called
DED7: 85 a0                                          STA   AS_VPNT                    ; Address of variable
DED9: 84 a1                                          STY   AS_VPNT + 1
DEDB: a6 11                                          LDX   AS_VALTYP                  ; Numeric or string?
DEDD: f0 e4               DEE4                       BEQ   AS_L_FRM_VARIABLE_CALL_1   ; Numeric
DEDF: a2 00                                          LDX   #0                         ; String
DEE1: 86 ac                                          STX   AS_STRNG1 + 1
DEE3: 60                                             RTS
DEE4: a6 12                    AS_L_FRM_VARIABLE_CALL_1: LDX   AS_VALTYP + 1              ; Numeric, which type?
DEE6: 10 f5               DEF5                       BPL   AS_L_FRM_VARIABLE_CALL_2   ; Floating point
DEE8: a0 00                                          LDY   #0                         ; Integer
DEEA: b1 a0                                          LDA   (AS_VPNT),Y
DEEC: aa                                             TAX                              ; Get value in a,y
DEED: c8                                             INY
DEEE: b1 a0                                          LDA   (AS_VPNT),Y
DEF0: a8                                             TAY
DEF1: 8a                                             TXA
DEF2: 4c f1 e2                                       JMP   AS_GIVAYF                  ; Convert a,y to floating point
DEF5: 4c f8 ea                 AS_L_FRM_VARIABLE_CALL_2: JMP   AS_LOAD_FAC_FROM_YA
DEF8:                                                                                 ; --------------------------------
DEF8:                                                                                 ; --------------------------------
DEF8:                                                                                 ; "Scrn(" function
DEF8:                                                                                 ; --------------------------------
DEF8: 20 b1 00                 AS_SCREEN:            JSR   AS_CHRGET
DEFB: 20 eb f1                                       JSR   AS_PLOTFNS                 ; Get column and row
DEFE: 8a                                             TXA                              ; Row
DEFF: a4 f0                                          LDY   AS_FIRST                   ; Column
DF01: 20 70 f8                                       JSR   MON_SCRN                   ; Get 4-bit color there
DF04: a8                                             TAY
DF05: 20 00 e3                                       JSR   AS_SNGFLT                  ; Convert (y) to real in fac
DF08: 4c b7 de                                       JMP   AS_CHKCLS                  ; Require ")"
DF0B:                                                                                 ; --------------------------------
DF0B:                                                                                 ; Process unary operators (functions)
DF0B:                                                                                 ; --------------------------------
DF0B: c9 d7                    AS_UNARY:             CMP   #AS_TOKEN_SCRN             ; Not unary, do special
DF0D: f0 f8               DEF8                       BEQ   AS_SCREEN
DF0F: 0a                                             ASL                              ; Double token to get index
DF10: 48                                             PHA
DF11: aa                                             TAX
DF12: 20 b1 00                                       JSR   AS_CHRGET
DF15: e0 cf                                          CPX   #<(AS_TOKEN_LEFTSTR * 2 - 1) ; Left$, right$, and mid$
DF17: 90 39               DF39                       BCC   AS_L_UNARY_1               ; Not one of the string functions
DF19: 20 ba de                                       JSR   AS_CHKOPN                  ; String function, need "("
DF1C: 20 7b dd                                       JSR   AS_FRMEVL                  ; Evaluate expression for string
DF1F: 20 bd de                                       JSR   AS_CHKCOM                  ; Require a comma
DF22: 20 6c dd                                       JSR   AS_CHKSTR                  ; Make sure expression is a string
DF25: 68                                             PLA
DF26: aa                                             TAX                              ; Retrieve routine pointer
DF27: a5 a1                                          LDA   AS_VPNT + 1                ; Stack address of string
DF29: 48                                             PHA
DF2A: a5 a0                                          LDA   AS_VPNT
DF2C: 48                                             PHA
DF2D: 8a                                             TXA
DF2E: 48                                             PHA                              ; Stack doubled token
DF2F: 20 f7 e6                                       JSR   AS_GETBYT                  ; Convert next expression to byte in x-reg
DF32: 68                                             PLA                              ; Get doubled token off stack
DF33: a8                                             TAY                              ; Use as index to branch

Page 54
--------------------------------------------------------------------------------
DF34: 8a                                             TXA                              ; Value of second parameter
DF35: 48                                             PHA                              ; Push 2nd param
DF36: 4c 3e df                                       JMP   AS_L_UNARY_2               ; Join unary functions
DF39: 20 b1 de                 AS_L_UNARY_1:         JSR   AS_PARCHK                  ; Require "(expression)"
DF3C: 68                                             PLA
DF3D: a8                                             TAY                              ; Index into function address table
DF3E: b9 dc cf                 AS_L_UNARY_2:         LDA   AS_UNFNC - AS_TOKEN_SGN - AS_TOKEN_SGN + $100,Y
DF41: 85 91                                          STA   AS_JMPADRS + 1             ; Prepare to jsr to address
DF43: b9 dd cf                                       LDA   AS_UNFNC - AS_TOKEN_SGN - AS_TOKEN_SGN + $101,Y
DF46: 85 92                                          STA   AS_JMPADRS + 2
DF48: 20 90 00                                       JSR   AS_JMPADRS                 ; Does not return for
DF4B:                                                                                 ; Chr$, left$, right$, or mid$
DF4B: 4c 6a dd                                       JMP   AS_CHKNUM                  ; Require numeric result
DF4E:                                                                                 ; --------------------------------
DF4E: a5 a5                    AS_OR:                LDA   AS_ARG                     ; "Or" operator
DF50: 05 9d                                          ORA   AS_FAC                     ; If result nonzero, it is true
DF52: d0 5f               DF5F                       BNE   AS_TRUE
DF54:                                                                                 ; --------------------------------
DF54: a5 a5                    AS_ANDOP:             LDA   AS_ARG                     ; "And" operator
DF56: f0 5c               DF5C                       BEQ   AS_FALSE                   ; If either is zero, result is false
DF58: a5 9d                                          LDA   AS_FAC
DF5A: d0 5f               DF5F                       BNE   AS_TRUE
DF5C:                                                                                 ; --------------------------------
DF5C: a0 00                    AS_FALSE:             LDY   #0                         ; Return fac=0
DF5E: 2c                                             .byte $2C                        ; Trick
DF5F:                                                                                 ; --------------------------------
DF5F: a0 01                    AS_TRUE:              LDY   #1                         ; Return fac=1
DF61: 4c 00 e3                                       JMP   AS_SNGFLT
DF64:                                                                                 ; --------------------------------
DF64:                                                                                 ; Perform relational operations
DF64:                                                                                 ; --------------------------------
DF64: 20 6d dd                 AS_RELOPS:            JSR   AS_CHKVAL                  ; Make sure fac is correct type
DF67: b0 7c               DF7C                       BCS   AS_STRCMP                  ; Type matches, branch if strings
DF69: a5 aa                                          LDA   AS_ARG_SIGN                ; Numeric comparison
DF6B: 09 7f                                          ORA   #$7F                       ; Re-pack value in arg for fcomp
DF6D: 25 a6                                          AND   AS_ARG + 1
DF6F: 85 a6                                          STA   AS_ARG + 1
DF71: a9 a5                                          LDA   #<AS_ARG
DF73: a0 00                                          LDY   #>AS_ARG
DF75: 20 b1 eb                                       JSR   AS_FCOMP                   ; Return a-reg = -1,0,1
DF78: aa                                             TAX                              ; As arg <,=,> fac
DF79: 4c af df                                       JMP   AS_NUMCMP
DF7C:                                                                                 ; --------------------------------
DF7C:                                                                                 ; String comparison
DF7C:                                                                                 ; --------------------------------
DF7C: a9 00                    AS_STRCMP:            LDA   #0                         ; Set result type to numeric
DF7E: 85 11                                          STA   AS_VALTYP
DF80: c6 89                                          DEC   AS_CPRTYP                  ; Make cprtyp 0000<=>0
DF82: 20 ff e5                                       JSR   AS_FREFAC
DF85: 85 9d                                          STA   AS_FAC                     ; String length
DF87: 86 9e                                          STX   AS_FAC + 1
DF89: 84 9f                                          STY   AS_FAC + 2
DF8B: a5 a8                                          LDA   AS_ARG + 3
DF8D: a4 a9                                          LDY   AS_ARG + 4
DF8F: 20 03 e6                                       JSR   AS_FRETMP
DF92: 86 a8                                          STX   AS_ARG + 3
DF94: 84 a9                                          STY   AS_ARG + 4
DF96: aa                                             TAX                              ; Len (arg) string
DF97: 38                                             SEC
DF98: e5 9d                                          SBC   AS_FAC                     ; Set x to smaller len

Page 55
--------------------------------------------------------------------------------
DF9A: f0 a4               DFA4                       BEQ   AS_L_STRCMP_1
DF9C: a9 01                                          LDA   #1
DF9E: 90 a4               DFA4                       BCC   AS_L_STRCMP_1
DFA0: a6 9d                                          LDX   AS_FAC
DFA2: a9 ff                                          LDA   #$FF
DFA4: 85 a2                    AS_L_STRCMP_1:        STA   AS_FAC_SIGN                ; Flag which shorter
DFA6: a0 ff                                          LDY   #$FF
DFA8: e8                                             INX
DFA9:                          AS_STRCMP_1:
DFA9: c8                                             INY
DFAA: ca                                             DEX
DFAB: d0 b4               DFB4                       BNE   AS_STRCMP_2                ; More chars in both strings
DFAD: a6 a2                                          LDX   AS_FAC_SIGN                ; If = so far, decide by length
DFAF:                                                                                 ; --------------------------------
DFAF: 30 c0               DFC0 AS_NUMCMP:            BMI   AS_CMPDONE
DFB1: 18                                             CLC
DFB2: 90 c0               DFC0                       BCC   AS_CMPDONE                 ; ...Always
DFB4:                                                                                 ; --------------------------------
DFB4:                          AS_STRCMP_2:
DFB4: b1 a8                                          LDA   (AS_ARG + 3),Y
DFB6: d1 9e                                          CMP   (AS_FAC + 1),Y
DFB8: f0 a9               DFA9                       BEQ   AS_STRCMP_1                ; Same, keep comparing
DFBA: a2 ff                                          LDX   #$FF                       ; In case arg greater
DFBC: b0 c0               DFC0                       BCS   AS_CMPDONE                 ; It is
DFBE: a2 01                                          LDX   #1                         ; Fac greater
DFC0:                                                                                 ; --------------------------------
DFC0:                          AS_CMPDONE:
DFC0: e8                                             INX                              ; Convert ff,0,1 to 0,1,2
DFC1: 8a                                             TXA
DFC2: 2a                                             ROL                              ; And to 0,2,4 if c=0, else 1,2,5
DFC3: 25 16                                          AND   AS_CPRMASK                 ; 00000<=>
DFC5: f0 c9               DFC9                       BEQ   AS_L_CMPDONE_1             ; If no match: false
DFC7: a9 01                                          LDA   #1                         ; At least one match: true
DFC9: 4c 92 eb                 AS_L_CMPDONE_1:       JMP   AS_FLOAT
DFCC:                                                                                 ; --------------------------------
DFCC:                                                                                 ; "Pdl" function
DFCC:                                                                                 ; <<< Note: arg<4 is not checked >>>
DFCC:                                                                                 ; --------------------------------
DFCC: 20 fa e6                 AS_PDL:               JSR   AS_CONINT                  ; Get # in x
DFCF: 20 1d fb                                       JSR   MON_PREAD                  ; Read paddle
DFD2: 4c 00 e3                                       JMP   AS_SNGFLT                  ; Float result
DFD5:                                                                                 ; --------------------------------
DFD5:                                                                                 ; "Dim" statement
DFD5:                                                                                 ; --------------------------------
DFD5: 20 bd de                 AS_NXDIM:             JSR   AS_CHKCOM                  ; Separated by commas
DFD8: aa                       AS_DIM:               TAX                              ; Non-zero, flags ptrget dim called
DFD9: 20 e7 df                                       JSR   AS_PTRGET2                 ; Allocate the array
DFDC: 20 b7 00                                       JSR   AS_CHRGOT                  ; Next char
DFDF: d0 d5               DFD5                       BNE   AS_NXDIM                   ; Not end of statement
DFE1: 60                                             RTS
DFE2:                                                                                 ; --------------------------------
DFE2:                                                                                 ; Ptrget -- general variable scan
DFE2:                          
DFE2:                                                                                 ; Scans variable name at txtptr, and searches the
DFE2:                                                                                 ; Vartab and arytab for the name.
DFE2:                                                                                 ; If not found, create variable of appropriate type.
DFE2:                                                                                 ; Return with address in varpnt and y,a
DFE2:                          
DFE2:                                                                                 ; Actual activity controlled somewhat by two flags:
DFE2:                                                                                 ; Dimflg -- nonzero if called from "dim"

Page 56
--------------------------------------------------------------------------------
DFE2:                                                                                 ; Else = 0
DFE2:                          
DFE2:                                                                                 ; Subflg -- = $00
DFE2:                                                                                 ; = $40 If called from "getarypt"
DFE2:                                                                                 ; = $80 If called from "def fn"
DFE2:                                                                                 ; = $C1-da if called from "fn"
DFE2:                                                                                 ; --------------------------------
DFE2: a2 00                    AS_PTRGET:            LDX   #0
DFE4: 20 b7 00                                       JSR   AS_CHRGOT                  ; Get first char of variable name
DFE7:                                                                                 ; --------------------------------
DFE7:                          AS_PTRGET2:
DFE7: 86 10                                          STX   AS_DIMFLG                  ; X is nonzero if from dim
DFE9:                                                                                 ; --------------------------------
DFE9:                          AS_PTRGET3:
DFE9: 85 81                                          STA   AS_VARNAM
DFEB: 20 b7 00                                       JSR   AS_CHRGOT
DFEE: 20 7c e0                                       JSR   AS_ISLETC                  ; Is it a letter?
DFF1: b0 f6               DFF6                       BCS   AS_NAMOK                   ; Yes, okay so far
DFF3: 4c c8 de                 AS_BADNAM:            JMP   AS_SYNERR                  ; No, syntax error
DFF6: a2 00                    AS_NAMOK:             LDX   #0
DFF8: 86 11                                          STX   AS_VALTYP
DFFA: 86 12                                          STX   AS_VALTYP + 1
DFFC: 4c 06 e0                                       JMP   AS_PTRGET4                 ; To branch across $E000 vectors
DFFF:                                                                                 ; --------------------------------
DFFF:                                                                                 ; Dos and monitor call basic at $E000 and $E003
DFFF:                                                                                 ; --------------------------------
DFFF: 4c 27 f1                 AS_BASIC:             JMP   AS_COLD_START
E002: 4c 3c d4                 AS_BASIC2:            JMP   AS_RESTART
E005: 00                                             BRK                              ; <<< Wasted byte >>>
E006:                                                                                 ; --------------------------------
E006:                          AS_PTRGET4:
E006: 20 b1 00                                       JSR   AS_CHRGET                  ; Second char of variable name
E009: 90 10               E010                       BCC   AS_L_PTRGET4_1             ; Numeric
E00B: 20 7c e0                                       JSR   AS_ISLETC                  ; Letter?
E00E: 90 1b               E01B                       BCC   AS_L_PTRGET4_3             ; No, end of name
E010: aa                       AS_L_PTRGET4_1:       TAX                              ; Save second char of name in x
E011: 20 b1 00                 AS_L_PTRGET4_2:       JSR   AS_CHRGET                  ; Scan to end of variable name
E014: 90 11               E011                       BCC   AS_L_PTRGET4_2             ; Numeric
E016: 20 7c e0                                       JSR   AS_ISLETC
E019: b0 11               E011                       BCS   AS_L_PTRGET4_2             ; Alpha
E01B: c9 24                    AS_L_PTRGET4_3:       CMP   #"$" & %01111111           ; String?
E01D: d0 25               E025                       BNE   AS_L_PTRGET4_4             ; No
E01F: a9 ff                                          LDA   #$FF
E021: 85 11                                          STA   AS_VALTYP
E023: d0 35               E035                       BNE   AS_L_PTRGET4_5             ; ...Always
E025: c9 25                    AS_L_PTRGET4_4:       CMP   #"%" & %01111111           ; Integer?
E027: d0 3c               E03C                       BNE   AS_L_PTRGET4_6             ; No
E029: a5 14                                          LDA   AS_SUBFLG                  ; Yes; integer variable allowed?
E02B: 30 f3               DFF3                       BMI   AS_BADNAM                  ; No, syntax error
E02D: a9 80                                          LDA   #$80                       ; Yes
E02F: 85 12                                          STA   AS_VALTYP + 1              ; Flag integer mode
E031: 05 81                                          ORA   AS_VARNAM
E033: 85 81                                          STA   AS_VARNAM                  ; Set sign bit on varname
E035: 8a                       AS_L_PTRGET4_5:       TXA                              ; Second char of name
E036: 09 80                                          ORA   #$80                       ; Set sign
E038: aa                                             TAX
E039: 20 b1 00                                       JSR   AS_CHRGET                  ; Get terminating char
E03C: 86 82                    AS_L_PTRGET4_6:       STX   AS_VARNAM + 1              ; Store second char of name
E03E: 38                                             SEC
E03F: 05 14                                          ORA   AS_SUBFLG                  ; $00 Or $40 if subscripts ok, else $80

Page 57
--------------------------------------------------------------------------------
E041: e9 28                                          SBC   #$28                       ; If subflg=$00 and char="("...
E043: d0 48               E048                       BNE   AS_L_PTRGET4_8             ; Nope
E045: 4c 1d e1                 AS_L_PTRGET4_7:       JMP   AS_ARRAY                   ; Yes
E048: 24 14                    AS_L_PTRGET4_8:       BIT   AS_SUBFLG                  ; Check top two bits of subflg
E04A: 30 4e               E04E                       BMI   AS_L_PTRGET4_9             ; $80
E04C: 70 45               E045                       BVS   AS_L_PTRGET4_7             ; $40, Called from getarypt
E04E: a9 00                    AS_L_PTRGET4_9:       LDA   #0                         ; Clear subflg
E050: 85 14                                          STA   AS_SUBFLG
E052: a5 69                                          LDA   AS_VARTAB                  ; Start lowtr at simple variable table
E054: a6 6a                                          LDX   AS_VARTAB + 1
E056: a0 00                                          LDY   #0
E058: 86 9c                    AS_L_PTRGET4_10:      STX   AS_LOWTR + 1
E05A: 85 9b                    AS_L_PTRGET4_11:      STA   AS_LOWTR
E05C: e4 6c                                          CPX   AS_ARYTAB + 1              ; End of simple variables?
E05E: d0 64               E064                       BNE   AS_L_PTRGET4_12            ; No, go on
E060: c5 6b                                          CMP   AS_ARYTAB                  ; Yes; end of arrays?
E062: f0 86               E086                       BEQ   AS_NAME_NOT_FOUND          ; Yes, make one
E064: a5 81                    AS_L_PTRGET4_12:      LDA   AS_VARNAM                  ; Same first letter?
E066: d1 9b                                          CMP   (AS_LOWTR),Y
E068: d0 72               E072                       BNE   AS_L_PTRGET4_13            ; Not same first letter
E06A: a5 82                                          LDA   AS_VARNAM + 1              ; Same second letter?
E06C: c8                                             INY
E06D: d1 9b                                          CMP   (AS_LOWTR),Y
E06F: f0 dd               E0DD                       BEQ   AS_SET_VARPNT_AND_YA       ; Yes, same variable name
E071: 88                                             DEY                              ; No, bump to next name
E072: 18                       AS_L_PTRGET4_13:      CLC
E073: a5 9b                                          LDA   AS_LOWTR
E075: 69 07                                          ADC   #7
E077: 90 5a               E05A                       BCC   AS_L_PTRGET4_11
E079: e8                                             INX
E07A: d0 58               E058                       BNE   AS_L_PTRGET4_10            ; ...Always
E07C:                                                                                 ; --------------------------------
E07C:                                                                                 ; Check if (a) is ascii letter a-z
E07C:                          
E07C:                                                                                 ; Return carry = 1 if a-z
E07C:                                                                                 ; = 0 If not
E07C:                          
E07C:                                                                                 ; <<<Note faster and shorter code:    >>>
E07C:                                                                                 ; <<<    Cmp #lochar(`z')+1  compare hi end
E07C:                                                                                 ; <<<    Bcs l_ptrget4_1      above a-z
E07C:                                                                                 ; <<<    Cmp #lochar(`a')    compare lo end
E07C:                                                                                 ; <<<    Rts         c=0 if lo, c=1 if a-z
E07C:                                                                                 ; <<<L_ptrget4_1  clc         c=0 if hi
E07C:                                                                                 ; <<<    Rts
E07C:                                                                                 ; --------------------------------
E07C: c9 41                    AS_ISLETC:            CMP   #"A" & %01111111           ; Compare lo end
E07E: 90 85               E085                       BCC   AS_L_ISLETC_1              ; C=0 if low
E080: e9 5b                                          SBC   #("Z" & %01111111) + 1     ; Prepare hi end test
E082: 38                                             SEC                              ; Test hi end, restoring (a)
E083: e9 a5                                          SBC   #255 - 'Z'                 ; C=0 if lo, c=1 if a-z
E085: 60                       AS_L_ISLETC_1:        RTS
E086:                                                                                 ; --------------------------------
E086:                                                                                 ; Variable not found, so make one
E086:                                                                                 ; --------------------------------
E086:                          AS_NAME_NOT_FOUND:
E086: 68                                             PLA                              ; Look at return address on stack to
E087: 48                                             PHA                              ; See if called from frm.variable
E088: c9 d6                                          CMP   #<AS_FRM_VARIABLE_CALL
E08A: d0 9b               E09B                       BNE   AS_MAKE_NEW_VARIABLE       ; No
E08C: ba                                             TSX

Page 58
--------------------------------------------------------------------------------
E08D: bd 02 01                                       LDA   AS_STACK + 2,X
E090: c9 de                                          CMP   #>AS_FRM_VARIABLE_CALL
E092: d0 9b               E09B                       BNE   AS_MAKE_NEW_VARIABLE       ; No
E094: a9 99                                          LDA   #<AS_C_ZERO                ; Yes, called from frm.variable
E096: a0 e0                                          LDY   #>AS_C_ZERO                ; Point to a constant zero
E098: 60                                             RTS                              ; New variable used in expression = 0
E099:                                                                                 ; --------------------------------
E099: 00 00                    AS_C_ZERO:            .byte 00, 00                     ; Integer or real zero, or null string
E09B:                                                                                 ; --------------------------------
E09B:                                                                                 ; Make a new simple variable
E09B:                          
E09B:                                                                                 ; Move arrays up 7 bytes to make room for new variable
E09B:                                                                                 ; Enter 7-byte variable data in the hole
E09B:                                                                                 ; --------------------------------
E09B:                          AS_MAKE_NEW_VARIABLE:
E09B: a5 6b                                          LDA   AS_ARYTAB                  ; Set up call to bltu to
E09D: a4 6c                                          LDY   AS_ARYTAB + 1              ; To move from arytab thru strend-1
E09F: 85 9b                                          STA   AS_LOWTR                   ; 7 Bytes higher
E0A1: 84 9c                                          STY   AS_LOWTR + 1
E0A3: a5 6d                                          LDA   AS_STREND
E0A5: a4 6e                                          LDY   AS_STREND + 1
E0A7: 85 96                                          STA   AS_HIGHTR
E0A9: 84 97                                          STY   AS_HIGHTR + 1
E0AB: 18                                             CLC
E0AC: 69 07                                          ADC   #7
E0AE: 90 b1               E0B1                       BCC   AS_L_MAKE_NEW_VARIABLE_1
E0B0: c8                                             INY
E0B1: 85 94                    AS_L_MAKE_NEW_VARIABLE_1: STA   AS_ARYPNT
E0B3: 84 95                                          STY   AS_ARYPNT + 1
E0B5: 20 93 d3                                       JSR   AS_BLTU                    ; Move array block up
E0B8: a5 94                                          LDA   AS_ARYPNT                  ; Store new start of arrays
E0BA: a4 95                                          LDY   AS_ARYPNT + 1
E0BC: c8                                             INY
E0BD: 85 6b                                          STA   AS_ARYTAB
E0BF: 84 6c                                          STY   AS_ARYTAB + 1
E0C1: a0 00                                          LDY   #0
E0C3: a5 81                                          LDA   AS_VARNAM                  ; First char of name
E0C5: 91 9b                                          STA   (AS_LOWTR),Y
E0C7: c8                                             INY
E0C8: a5 82                                          LDA   AS_VARNAM + 1              ; Second char of name
E0CA: 91 9b                                          STA   (AS_LOWTR),Y
E0CC: a9 00                                          LDA   #0                         ; Set five-byte value to 0
E0CE: c8                                             INY
E0CF: 91 9b                                          STA   (AS_LOWTR),Y
E0D1: c8                                             INY
E0D2: 91 9b                                          STA   (AS_LOWTR),Y
E0D4: c8                                             INY
E0D5: 91 9b                                          STA   (AS_LOWTR),Y
E0D7: c8                                             INY
E0D8: 91 9b                                          STA   (AS_LOWTR),Y
E0DA: c8                                             INY
E0DB: 91 9b                                          STA   (AS_LOWTR),Y
E0DD:                                                                                 ; --------------------------------
E0DD:                                                                                 ; Put address of value of variable in varpnt and y,a
E0DD:                                                                                 ; --------------------------------
E0DD:                          AS_SET_VARPNT_AND_YA:
E0DD: a5 9b                                          LDA   AS_LOWTR                   ; Lowtr points at name of variable,
E0DF: 18                                             CLC                              ; So add 2 to get to value
E0E0: 69 02                                          ADC   #2
E0E2: a4 9c                                          LDY   AS_LOWTR + 1

Page 59
--------------------------------------------------------------------------------
E0E4: 90 e7               E0E7                       BCC   AS_L_SET_VARPNT_AND_YA_1
E0E6: c8                                             INY
E0E7: 85 83                    AS_L_SET_VARPNT_AND_YA_1: STA   AS_VARPNT                  ; Address in varpnt and y,a
E0E9: 84 84                                          STY   AS_VARPNT + 1
E0EB: 60                                             RTS
E0EC:                                                                                 ; --------------------------------
E0EC:                                                                                 ; Compute address of first value in array
E0EC:                                                                                 ; Arypnt = (lowtr) + #dims*2 + 5
E0EC:                                                                                 ; --------------------------------
E0EC: a5 0f                    AS_GETARY:            LDA   AS_NUMDIM                  ; Get # of dimensions
E0EE:                                                                                 ; --------------------------------
E0EE:                          AS_GETARY2:
E0EE: 0a                                             ASL                              ; #Dims*2 (size of each dim in 2 bytes)
E0EF: 69 05                                          ADC   #5                         ; + 5 (2 For name, 2 for offset to next
E0F1:                                                                                 ; Array, and 1 for #dims
E0F1: 65 9b                                          ADC   AS_LOWTR                   ; Address of th is array in arytab
E0F3: a4 9c                                          LDY   AS_LOWTR + 1
E0F5: 90 f8               E0F8                       BCC   AS_L_GETARY2_1
E0F7: c8                                             INY
E0F8: 85 94                    AS_L_GETARY2_1:       STA   AS_ARYPNT                  ; Address of first value in array
E0FA: 84 95                                          STY   AS_ARYPNT + 1
E0FC: 60                                             RTS
E0FD:                                                                                 ; --------------------------------
E0FD:                          
E0FD: 90 80 00 00              AS_NEG32768:          .byte $90, $80, $00, $00         ; -32768.00049 In floating point
E101:                                                                                 ; <<<  Meant to be -32768, which would be 9080000000 >>>
E101:                                                                                 ; <<<  1 Byte short, so picks up $20 from next instruction
E101:                                                                                 ; --------------------------------
E101:                                                                                 ; Evaluate numeric formula at txtptr
E101:                                                                                 ; Converting result to integer 0 <= x <= 32767
E101:                                                                                 ; In fac+3,4
E101:                                                                                 ; --------------------------------
E101: 20 b1 00                 AS_MAKINT:            JSR   AS_CHRGET
E104: 20 67 dd                                       JSR   AS_FRMNUM
E107:                                                                                 ; --------------------------------
E107:                                                                                 ; Convert fac to integer
E107:                                                                                 ; Must be positive and less than 32768
E107:                                                                                 ; --------------------------------
E107: a5 a2                    AS_MKINT:             LDA   AS_FAC_SIGN                ; Error if -
E109: 30 18               E118                       BMI   AS_MI1
E10B:                                                                                 ; --------------------------------
E10B:                                                                                 ; Convert fac to integer
E10B:                                                                                 ; Must be -32767 <= fac <= 32767
E10B:                                                                                 ; --------------------------------
E10B: a5 9d                    AS_AYINT:             LDA   AS_FAC                     ; Exponent of value in fac
E10D: c9 90                                          CMP   #$90                       ; Abs(value) < 32768?
E10F: 90 1a               E11A                       BCC   AS_MI2                     ; Yes, ok for integer
E111: a9 fd                                          LDA   #<AS_NEG32768              ; No; next few lines are supposed to
E113: a0 e0                                          LDY   #>AS_NEG32768              ; Allow -32768 ($8000), but do not!
E115: 20 b1 eb                                       JSR   AS_FCOMP                   ; Because compared to -32768.00049
E118:                                                                                 ; <<< Bug:  a=-32768.00049:a%=a is accepted >>>
E118:                                                                                 ; <<<       But print a,a% shows that       >>>
E118:                                                                                 ; <<<       A=-32768.0005 (ok), a%=32767    >>>
E118:                                                                                 ; <<<       Wrong! wrong! wrong!            >>>
E118:                                                                                 ; --------------------------------
E118: d0 98               E198 AS_MI1:               BNE   AS_IQERR                   ; Illegal quantity
E11A: 4c f1 eb                 AS_MI2:               JMP   AS_QINT                    ; Convert to integer
E11D:                                                                                 ; --------------------------------
E11D:                                                                                 ; Locate array element or create an array
E11D:                                                                                 ; --------------------------------

Page 60
--------------------------------------------------------------------------------
E11D: a5 14                    AS_ARRAY:             LDA   AS_SUBFLG                  ; Subscripts given?
E11F: d0 68               E168                       BNE   AS_L_ARRAY_2               ; No
E121:                                                                                 ; --------------------------------
E121:                                                                                 ; Parse the subscript list
E121:                                                                                 ; --------------------------------
E121: a5 10                                          LDA   AS_DIMFLG                  ; Yes
E123: 05 12                                          ORA   AS_VALTYP + 1              ; Set high bit if %
E125: 48                                             PHA                              ; Save valtyp and dimflg on stack
E126: a5 11                                          LDA   AS_VALTYP
E128: 48                                             PHA
E129: a0 00                                          LDY   #0                         ; Count # dimensions in y-reg
E12B: 98                       AS_L_ARRAY_1:         TYA                              ; Save #dims on stack
E12C: 48                                             PHA
E12D: a5 82                                          LDA   AS_VARNAM + 1              ; Save variable name on stack
E12F: 48                                             PHA
E130: a5 81                                          LDA   AS_VARNAM
E132: 48                                             PHA
E133: 20 01 e1                                       JSR   AS_MAKINT                  ; Evaluate subscript as integer
E136: 68                                             PLA                              ; Restore variable name
E137: 85 81                                          STA   AS_VARNAM
E139: 68                                             PLA
E13A: 85 82                                          STA   AS_VARNAM + 1
E13C: 68                                             PLA                              ; Restore # dims to y-reg
E13D: a8                                             TAY
E13E: ba                                             TSX                              ; Copy valtyp and dimflg on stack
E13F: bd 02 01                                       LDA   AS_STACK + 2,X             ; To leave room for the subscript
E142: 48                                             PHA
E143: bd 01 01                                       LDA   AS_STACK + 1,X
E146: 48                                             PHA
E147: a5 a0                                          LDA   AS_FAC + 3                 ; Get subscript value and place in the
E149: 9d 02 01                                       STA   AS_STACK + 2,X             ; Stack where valtyp & dimflg were
E14C: a5 a1                                          LDA   AS_FAC + 4
E14E: 9d 01 01                                       STA   AS_STACK + 1,X
E151: c8                                             INY                              ; Count the subscript
E152: 20 b7 00                                       JSR   AS_CHRGOT                  ; Next char
E155: c9 2c                                          CMP   #"," & %01111111
E157: f0 2b               E12B                       BEQ   AS_L_ARRAY_1               ; Comma, parse another subscript
E159: 84 0f                                          STY   AS_NUMDIM                  ; No more subscripts, save #
E15B: 20 b7 de                                       JSR   AS_CHKCLS                  ; Now need ")"
E15E: 68                                             PLA                              ; Restore valtype and dimflg
E15F: 85 11                                          STA   AS_VALTYP
E161: 68                                             PLA
E162: 85 12                                          STA   AS_VALTYP + 1
E164: 29 7f                                          AND   #$7F                       ; Isolate dimflg
E166: 85 10                                          STA   AS_DIMFLG
E168:                                                                                 ; --------------------------------
E168:                                                                                 ; Search array table for this array name
E168:                                                                                 ; --------------------------------
E168: a6 6b                    AS_L_ARRAY_2:         LDX   AS_ARYTAB                  ; (A,x) = start of array table
E16A: a5 6c                                          LDA   AS_ARYTAB + 1
E16C: 86 9b                    AS_L_ARRAY_3:         STX   AS_LOWTR                   ; Use lowtr for running pointer
E16E: 85 9c                                          STA   AS_LOWTR + 1
E170: c5 6e                                          CMP   AS_STREND + 1              ; Did we reach the end of arrays yet?
E172: d0 78               E178                       BNE   AS_L_ARRAY_4               ; No, keep searching
E174: e4 6d                                          CPX   AS_STREND
E176: f0 b7               E1B7                       BEQ   AS_MAKE_NEW_ARRAY          ; Yes, this is a new array name
E178: a0 00                    AS_L_ARRAY_4:         LDY   #0                         ; Point at 1st char of array name
E17A: b1 9b                                          LDA   (AS_LOWTR),Y               ; Get 1st char of name
E17C: c8                                             INY                              ; Point at 2nd char
E17D: c5 81                                          CMP   AS_VARNAM                  ; 1St char same?

Page 61
--------------------------------------------------------------------------------
E17F: d0 87               E187                       BNE   AS_L_ARRAY_5               ; No, move to next array
E181: a5 82                                          LDA   AS_VARNAM + 1              ; Yes, try 2nd char
E183: d1 9b                                          CMP   (AS_LOWTR),Y               ; Same?
E185: f0 9d               E19D                       BEQ   AS_USE_OLD_ARRAY           ; Yes, array found
E187: c8                       AS_L_ARRAY_5:         INY                              ; Point at offset to next array
E188: b1 9b                                          LDA   (AS_LOWTR),Y               ; Add offset to running pointer
E18A: 18                                             CLC
E18B: 65 9b                                          ADC   AS_LOWTR
E18D: aa                                             TAX
E18E: c8                                             INY
E18F: b1 9b                                          LDA   (AS_LOWTR),Y
E191: 65 9c                                          ADC   AS_LOWTR + 1
E193: 90 6c               E16C                       BCC   AS_L_ARRAY_3               ; ...Always
E195:                                                                                 ; --------------------------------
E195:                                                                                 ; Error:  bad subscripts
E195:                                                                                 ; --------------------------------
E195: a2 6b                    AS_SUBERR:            LDX   #AS_ERR_BADSUBS
E197: 2c                                             .byte $2C                        ; Trick to skip next line
E198:                                                                                 ; --------------------------------
E198:                                                                                 ; Error:  illegal quantity
E198:                                                                                 ; --------------------------------
E198: a2 35                    AS_IQERR:             LDX   #AS_ERR_ILLQTY
E19A: 4c 12 d4                 AS_JER:               JMP   AS_ERROR
E19D:                                                                                 ; --------------------------------
E19D:                                                                                 ; Found the array
E19D:                                                                                 ; --------------------------------
E19D:                          AS_USE_OLD_ARRAY:
E19D: a2 78                                          LDX   #AS_ERR_REDIMD             ; Set up for redim'd array error
E19F: a5 10                                          LDA   AS_DIMFLG                  ; Called from "dim" statement?
E1A1: d0 9a               E19A                       BNE   AS_JER                     ; Yes, error
E1A3: a5 14                                          LDA   AS_SUBFLG                  ; No, check if any subscripts
E1A5: f0 a9               E1A9                       BEQ   AS_L_USE_OLD_ARRAY_1       ; Yes, need to check the number
E1A7: 38                                             SEC                              ; No, signal array found
E1A8: 60                                             RTS
E1A9:                                                                                 ; --------------------------------
E1A9: 20 ec e0                 AS_L_USE_OLD_ARRAY_1: JSR   AS_GETARY                  ; Set (arypnt) = addr of first element
E1AC: a5 0f                                          LDA   AS_NUMDIM                  ; Compare number of dimensions
E1AE: a0 04                                          LDY   #4
E1B0: d1 9b                                          CMP   (AS_LOWTR),Y
E1B2: d0 95               E195                       BNE   AS_SUBERR                  ; Not same, subscript error
E1B4: 4c 4a e2                                       JMP   AS_FIND_ARRAY_ELEMENT
E1B7:                                                                                 ; --------------------------------
E1B7:                                                                                 ; --------------------------------
E1B7:                                                                                 ; Create a new array, unless called from getarypt
E1B7:                                                                                 ; --------------------------------
E1B7:                          AS_MAKE_NEW_ARRAY:
E1B7: a5 14                                          LDA   AS_SUBFLG                  ; Called from getarypt?
E1B9: f0 c0               E1C0                       BEQ   AS_L_MAKE_NEW_ARRAY_1      ; No
E1BB: a2 2a                                          LDX   #AS_ERR_NODATA             ; Yes, give "out of data" error
E1BD: 4c 12 d4                                       JMP   AS_ERROR
E1C0: 20 ec e0                 AS_L_MAKE_NEW_ARRAY_1: JSR   AS_GETARY                  ; Put addr of 1st element in arypnt
E1C3: 20 e3 d3                                       JSR   AS_REASON                  ; Make sure enough memory left
E1C6:                                                                                 ; --------------------------------
E1C6:                                                                                 ; <<< Next 3 lines could be written:   >>>
E1C6:                                                                                 ; Ldy #0
E1C6:                                                                                 ; Sty strng2+1
E1C6:                                                                                 ; --------------------------------
E1C6: a9 00                                          LDA   #0                         ; Point y-reg at variable name slot
E1C8: a8                                             TAY
E1C9: 85 ae                                          STA   AS_STRNG2 + 1              ; Start size computation

Page 62
--------------------------------------------------------------------------------
E1CB: a2 05                                          LDX   #5                         ; Assume 5-bytes per element
E1CD: a5 81                                          LDA   AS_VARNAM                  ; Stuff variable name in array
E1CF: 91 9b                                          STA   (AS_LOWTR),Y
E1D1: 10 d4               E1D4                       BPL   AS_L_MAKE_NEW_ARRAY_2      ; Not integer array
E1D3: ca                                             DEX                              ; Integer array, decr. size to 4-bytes
E1D4: c8                       AS_L_MAKE_NEW_ARRAY_2: INY                              ; Point y-reg at next char of name
E1D5: a5 82                                          LDA   AS_VARNAM + 1              ; Rest of array name
E1D7: 91 9b                                          STA   (AS_LOWTR),Y
E1D9: 10 dd               E1DD                       BPL   AS_L_MAKE_NEW_ARRAY_3      ; Real array, stick with size = 5 bytes
E1DB: ca                                             DEX                              ; Integer or string array, adjust size
E1DC: ca                                             DEX                              ; To integer=3, string=2 bytes
E1DD: 86 ad                    AS_L_MAKE_NEW_ARRAY_3: STX   AS_STRNG2                  ; Store low-byte of array element size
E1DF: a5 0f                                          LDA   AS_NUMDIM                  ; Store number of dimensions
E1E1: c8                                             INY                              ; In 5th byte of array
E1E2: c8                                             INY
E1E3: c8                                             INY
E1E4: 91 9b                                          STA   (AS_LOWTR),Y
E1E6: a2 0b                    AS_L_MAKE_NEW_ARRAY_4: LDX   #11                        ; Default dimension = 11 elements
E1E8: a9 00                                          LDA   #0                         ; For hi-byte of dimension if default
E1EA: 24 10                                          BIT   AS_DIMFLG                  ; Dimensioned array?
E1EC: 50 f6               E1F6                       BVC   AS_L_MAKE_NEW_ARRAY_5      ; No, use default value
E1EE: 68                                             PLA                              ; Get specified dim in a,x
E1EF: 18                                             CLC                              ; # Elements is 1 larger than
E1F0: 69 01                                          ADC   #1                         ; Dimension value
E1F2: aa                                             TAX
E1F3: 68                                             PLA
E1F4: 69 00                                          ADC   #0
E1F6: c8                       AS_L_MAKE_NEW_ARRAY_5: INY                              ; Add this dimension to array descriptor
E1F7: 91 9b                                          STA   (AS_LOWTR),Y
E1F9: c8                                             INY
E1FA: 8a                                             TXA
E1FB: 91 9b                                          STA   (AS_LOWTR),Y
E1FD: 20 ac e2                                       JSR   AS_MULTIPLY_SUBSCRIPT      ; Multiply this
E200:                                                                                 ; Dimension by running size
E200:                                                                                 ; ((Lowtr)) * (strng2) --> a,x
E200: 86 ad                                          STX   AS_STRNG2                  ; Store running size in strng2
E202: 85 ae                                          STA   AS_STRNG2 + 1
E204: a4 5e                                          LDY   AS_INDEX                   ; Retrieve y saved by multiply.subscript
E206: c6 0f                                          DEC   AS_NUMDIM                  ; Count down # dims
E208: d0 e6               E1E6                       BNE   AS_L_MAKE_NEW_ARRAY_4      ; Loop till done
E20A:                                                                                 ; --------------------------------
E20A:                                                                                 ; Now a,x has total # bytes of array elements
E20A:                                                                                 ; --------------------------------
E20A: 65 95                                          ADC   AS_ARYPNT + 1              ; Compute address of end of this array
E20C: b0 6b               E26B                       BCS   AS_GME                     ; ...Too large, error
E20E: 85 95                                          STA   AS_ARYPNT + 1
E210: a8                                             TAY
E211: 8a                                             TXA
E212: 65 94                                          ADC   AS_ARYPNT
E214: 90 19               E219                       BCC   AS_L_MAKE_NEW_ARRAY_6
E216: c8                                             INY
E217: f0 6b               E26B                       BEQ   AS_GME                     ; ...Too large, error
E219: 20 e3 d3                 AS_L_MAKE_NEW_ARRAY_6: JSR   AS_REASON                  ; Make sure there is room up to y,a
E21C: 85 6d                                          STA   AS_STREND                  ; There is room so save new end of table
E21E: 84 6e                                          STY   AS_STREND + 1              ; And zero the array
E220: a9 00                                          LDA   #0
E222: e6 ae                                          INC   AS_STRNG2 + 1              ; Prepare for fast zeroing loop
E224: a4 ad                                          LDY   AS_STRNG2                  ; # Bytes mod 256
E226: f0 2d               E22D                       BEQ   AS_L_MAKE_NEW_ARRAY_8      ; Full page
E228: 88                       AS_L_MAKE_NEW_ARRAY_7: DEY                              ; Clear page full

Page 63
--------------------------------------------------------------------------------
E229: 91 94                                          STA   (AS_ARYPNT),Y
E22B: d0 28               E228                       BNE   AS_L_MAKE_NEW_ARRAY_7
E22D: c6 95                    AS_L_MAKE_NEW_ARRAY_8: DEC   AS_ARYPNT + 1              ; Point to next page
E22F: c6 ae                                          DEC   AS_STRNG2 + 1              ; Count the pages
E231: d0 28               E228                       BNE   AS_L_MAKE_NEW_ARRAY_7      ; Still more to clear
E233: e6 95                                          INC   AS_ARYPNT + 1              ; Recover last dec, point at 1st element
E235: 38                                             SEC
E236: a5 6d                                          LDA   AS_STREND                  ; Compute offset to end of arrays
E238: e5 9b                                          SBC   AS_LOWTR                   ; And store in array descriptor
E23A: a0 02                                          LDY   #2
E23C: 91 9b                                          STA   (AS_LOWTR),Y
E23E: a5 6e                                          LDA   AS_STREND + 1
E240: c8                                             INY
E241: e5 9c                                          SBC   AS_LOWTR + 1
E243: 91 9b                                          STA   (AS_LOWTR),Y
E245: a5 10                                          LDA   AS_DIMFLG                  ; Was this called from "dim" statement?
E247: d0 ab               E2AB                       BNE   AS_RTS_9                   ; Yes, we are finished
E249: c8                                             INY                              ; No, now need to find the element
E24A:                                                                                 ; --------------------------------
E24A:                                                                                 ; Find specified array element
E24A:                          
E24A:                                                                                 ; (Lowtr),y points at # of dims in array descriptor
E24A:                                                                                 ; The subscripts are all on the stack as integers
E24A:                                                                                 ; --------------------------------
E24A:                          AS_FIND_ARRAY_ELEMENT:
E24A: b1 9b                                          LDA   (AS_LOWTR),Y               ; Get # of dimensions
E24C: 85 0f                                          STA   AS_NUMDIM
E24E: a9 00                                          LDA   #0                         ; Zero subscript accumulator
E250: 85 ad                                          STA   AS_STRNG2
E252: 85 ae                    AS_FAE_1:             STA   AS_STRNG2 + 1
E254: c8                                             INY
E255: 68                                             PLA                              ; Pull next subscript from stack
E256: aa                                             TAX                              ; Save in fac+3,4
E257: 85 a0                                          STA   AS_FAC + 3                 ; And compare with dimensioned size
E259: 68                                             PLA
E25A: 85 a1                                          STA   AS_FAC + 4
E25C: d1 9b                                          CMP   (AS_LOWTR),Y
E25E: 90 6e               E26E                       BCC   AS_FAE_2                   ; Subscript not too large
E260: d0 68               E268                       BNE   AS_GSE                     ; Subscript is too large
E262: c8                                             INY                              ; Check low-byte of subscript
E263: 8a                                             TXA
E264: d1 9b                                          CMP   (AS_LOWTR),Y
E266: 90 6f               E26F                       BCC   AS_FAE_3                   ; Not too large
E268:                                                                                 ; --------------------------------
E268: 4c 95 e1                 AS_GSE:               JMP   AS_SUBERR                  ; Bad subscripts error
E26B: 4c 10 d4                 AS_GME:               JMP   AS_MEMERR                  ; Mem full error
E26E:                                                                                 ; --------------------------------
E26E: c8                       AS_FAE_2:             INY                              ; Bump pointer into descriptor
E26F: a5 ae                    AS_FAE_3:             LDA   AS_STRNG2 + 1              ; Bypass multiplication if value so
E271: 05 ad                                          ORA   AS_STRNG2                  ; Far = 0
E273: 18                                             CLC
E274: f0 80               E280                       BEQ   AS_L_FAE_3_1               ; It is zero so far
E276: 20 ac e2                                       JSR   AS_MULTIPLY_SUBSCRIPT      ; Not zero, so multiply
E279: 8a                                             TXA                              ; Add current subscript
E27A: 65 a0                                          ADC   AS_FAC + 3
E27C: aa                                             TAX
E27D: 98                                             TYA
E27E: a4 5e                                          LDY   AS_INDEX                   ; Retrieve y saved by multiply.subscript
E280: 65 a1                    AS_L_FAE_3_1:         ADC   AS_FAC + 4                 ; Finish adding current subscript
E282: 86 ad                                          STX   AS_STRNG2                  ; Store accumulated offset

Page 64
--------------------------------------------------------------------------------
E284: c6 0f                                          DEC   AS_NUMDIM                  ; Last subscript yet?
E286: d0 52               E252                       BNE   AS_FAE_1                   ; No, loop till done
E288: 85 ae                                          STA   AS_STRNG2 + 1              ; Yes, now multiply be element size
E28A: a2 05                                          LDX   #5                         ; Start with size = 5
E28C: a5 81                                          LDA   AS_VARNAM                  ; Determine variable type
E28E: 10 91               E291                       BPL   AS_L_FAE_3_2               ; Not integer
E290: ca                                             DEX                              ; Integer, back down size to 4 bytes
E291: a5 82                    AS_L_FAE_3_2:         LDA   AS_VARNAM + 1              ; Discriminate between real and str
E293: 10 97               E297                       BPL   AS_L_FAE_3_3               ; It is real
E295: ca                                             DEX                              ; Size = 3 if string, =2 if integer
E296: ca                                             DEX
E297: 86 64                    AS_L_FAE_3_3:         STX   AS_RESULT + 2              ; Set up multiplier
E299: a9 00                                          LDA   #0                         ; Hi-byte of multiplier
E29B: 20 b5 e2                                       JSR   AS_MULTIPLY_SUBS_1         ; (Strng2) by element size
E29E: 8a                                             TXA                              ; Add accumulated offset
E29F: 65 94                                          ADC   AS_ARYPNT                  ; To address of 1st element
E2A1: 85 83                                          STA   AS_VARPNT                  ; To get address of specified element
E2A3: 98                                             TYA
E2A4: 65 95                                          ADC   AS_ARYPNT + 1
E2A6: 85 84                                          STA   AS_VARPNT + 1
E2A8: a8                                             TAY                              ; Return with addr in varpnt
E2A9: a5 83                                          LDA   AS_VARPNT                  ; And in y,a
E2AB: 60                       AS_RTS_9:             RTS
E2AC:                                                                                 ; --------------------------------
E2AC:                                                                                 ; Multiply (strng2) by ((lowtr),y)
E2AC:                                                                                 ; Leaving product in a,x.  (hi-byte also in y.)
E2AC:                                                                                 ; Used only by array subscript routines
E2AC:                                                                                 ; --------------------------------
E2AC:                          AS_MULTIPLY_SUBSCRIPT:
E2AC: 84 5e                                          STY   AS_INDEX                   ; Save y-reg
E2AE: b1 9b                                          LDA   (AS_LOWTR),Y               ; Get multiplier
E2B0: 85 64                                          STA   AS_RESULT + 2              ; Save in result+2,3
E2B2: 88                                             DEY
E2B3: b1 9b                                          LDA   (AS_LOWTR),Y
E2B5:                                                                                 ; --------------------------------
E2B5:                          AS_MULTIPLY_SUBS_1:
E2B5: 85 65                                          STA   AS_RESULT + 3              ; Low byte of multiplier
E2B7: a9 10                                          LDA   #16                        ; Multiply 16 bits
E2B9: 85 99                                          STA   AS_INDX
E2BB: a2 00                                          LDX   #0                         ; Product = 0 initially
E2BD: a0 00                                          LDY   #0
E2BF: 8a                       AS_L_MULTIPLY_SUBS_1_1: TXA                              ; Double product
E2C0: 0a                                             ASL                              ; Low byte
E2C1: aa                                             TAX
E2C2: 98                                             TYA                              ; High byte
E2C3: 2a                                             ROL                              ; If too large, set carry
E2C4: a8                                             TAY
E2C5: b0 6b               E26B                       BCS   AS_GME                     ; Too large, "mem full error"
E2C7: 06 ad                                          ASL   AS_STRNG2                  ; Next bit of mutlplicand
E2C9: 26 ae                                          ROL   AS_STRNG2 + 1              ; Into carry
E2CB: 90 d8               E2D8                       BCC   AS_L_MULTIPLY_SUBS_1_2     ; Bit=0, don't need to add
E2CD: 18                                             CLC                              ; Bit=1, add into partial product
E2CE: 8a                                             TXA
E2CF: 65 64                                          ADC   AS_RESULT + 2
E2D1: aa                                             TAX
E2D2: 98                                             TYA
E2D3: 65 65                                          ADC   AS_RESULT + 3
E2D5: a8                                             TAY
E2D6: b0 6b               E26B                       BCS   AS_GME                     ; Too large, "mem full error"
E2D8: c6 99                    AS_L_MULTIPLY_SUBS_1_2: DEC   AS_INDX                    ; 16-Bits yet?

Page 65
--------------------------------------------------------------------------------
E2DA: d0 bf               E2BF                       BNE   AS_L_MULTIPLY_SUBS_1_1     ; No, keep shuffling
E2DC: 60                                             RTS                              ; Yes, product in y,x and a,x
E2DD:                                                                                 ; --------------------------------
E2DD:                                                                                 ; "Fre" function
E2DD:                          
E2DD:                                                                                 ; Collects garbage and returns # bytes of memory left
E2DD:                                                                                 ; --------------------------------
E2DD: a5 11                    AS_FRE:               LDA   AS_VALTYP                  ; Look at value of argument
E2DF: f0 e4               E2E4                       BEQ   AS_L_FRE_1                 ; =0 Means real, =$FF means string
E2E1: 20 ff e5                                       JSR   AS_FREFAC                  ; String, so set it free is temp
E2E4: 20 83 e4                 AS_L_FRE_1:           JSR   AS_GARBAG                  ; Collect all the garbage in sight
E2E7: 38                                             SEC                              ; Compute space between arrays and
E2E8: a5 6f                                          LDA   AS_FRETOP                  ; String temp area
E2EA: e5 6d                                          SBC   AS_STREND
E2EC: a8                                             TAY
E2ED: a5 70                                          LDA   AS_FRETOP + 1
E2EF: e5 6e                                          SBC   AS_STREND + 1              ; Free space in y,a
E2F1:                                                                                 ; Fall into givayf to float the value
E2F1:                                                                                 ; Note that values over 32767 will return as negative
E2F1:                                                                                 ; --------------------------------
E2F1:                                                                                 ; Float the signed integer in a,y
E2F1:                                                                                 ; --------------------------------
E2F1: a2 00                    AS_GIVAYF:            LDX   #0                         ; Mark fac value type real
E2F3: 86 11                                          STX   AS_VALTYP
E2F5: 85 9e                                          STA   AS_FAC + 1                 ; Save value from a,y in mantissa
E2F7: 84 9f                                          STY   AS_FAC + 2
E2F9: a2 90                                          LDX   #$90                       ; Set exponent to 2^16
E2FB: 4c 9a eb                                       JMP   AS_FLOAT_1                 ; Convert to signed fp
E2FE:                                                                                 ; --------------------------------
E2FE:                                                                                 ; "Pos" function
E2FE:                          
E2FE:                                                                                 ; Returns current line position from mon.ch
E2FE:                                                                                 ; --------------------------------
E2FE: a4 24                    AS_POS:               LDY   MON_CH                     ; Get a,y = (mon.ch, go to givayf
E300:                                                                                 ; --------------------------------
E300:                                                                                 ; Float (y) into fac, giving value 0-255
E300:                                                                                 ; --------------------------------
E300: a9 00                    AS_SNGFLT:            LDA   #0                         ; Msb = 0
E302: 38                                             SEC                              ; <<< No purpose whatsoever >>>
E303: f0 f1               E2F1                       BEQ   AS_GIVAYF                  ; ...Always
E305:                                                                                 ; --------------------------------
E305:                                                                                 ; Check for direct or running mode
E305:                                                                                 ; Giving error if direct mode
E305:                                                                                 ; --------------------------------
E305: a6 76                    AS_ERRDIR:            LDX   AS_CURLIN + 1              ; =$FF if direct mode
E307: e8                                             INX                              ; Makes $FF into zero
E308: d0 ab               E2AB                       BNE   AS_RTS_9                   ; Return if running mode
E30A: a2 95                                          LDX   #AS_ERR_ILLDIR             ; Direct mode, give error
E30C: 2c                                             .byte $2C                        ; Trick to skip next 2 bytes
E30D:                                                                                 ; --------------------------------
E30D: a2 e0                    AS_UNDFNC:            LDX   #AS_ERR_UNDEFFUNC          ; Undefinded function error
E30F: 4c 12 d4                                       JMP   AS_ERROR
E312:                                                                                 ; --------------------------------
E312:                                                                                 ; "Def" statement
E312:                                                                                 ; --------------------------------
E312: 20 40 e3                 AS_DEF:               JSR   AS_FNC_                    ; Parse "fn", function name
E315: 20 05 e3                                       JSR   AS_ERRDIR                  ; Error if in direct mode
E318: 20 ba de                                       JSR   AS_CHKOPN                  ; Need "("
E31B: a9 80                                          LDA   #$80                       ; Flag ptrget that called from "def fn"
E31D: 85 14                                          STA   AS_SUBFLG                  ; Allow only simple fp variable for arg

Page 66
--------------------------------------------------------------------------------
E31F: 20 e2 df                                       JSR   AS_PTRGET                  ; Get pntr to argument
E322: 20 6a dd                                       JSR   AS_CHKNUM                  ; Must be numeric
E325: 20 b7 de                                       JSR   AS_CHKCLS                  ; Must have ")" now
E328: a9 d0                                          LDA   #AS_TOKENEQUUAL            ; Now need "="
E32A: 20 bf de                                       JSR   AS_SYNCHR                  ; Or else syntax error
E32D: 48                                             PHA                              ; Save char after "="
E32E: a5 84                                          LDA   AS_VARPNT + 1              ; Save pntr to argument
E330: 48                                             PHA
E331: a5 83                                          LDA   AS_VARPNT
E333: 48                                             PHA
E334: a5 b9                                          LDA   AS_TXTPTR + 1              ; Save txtptr
E336: 48                                             PHA
E337: a5 b8                                          LDA   AS_TXTPTR
E339: 48                                             PHA
E33A: 20 95 d9                                       JSR   AS_DATA                    ; Scan to next statement
E33D: 4c ae e3                                       JMP   AS_FNCDATA                 ; Store above 5 bytes in "value"
E340:                                                                                 ; --------------------------------
E340:                                                                                 ; Common routine for "deffn" and "fn", to
E340:                                                                                 ; Parse "fn" and the function name
E340:                                                                                 ; --------------------------------
E340: a9 c2                    AS_FNC_:              LDA   #AS_TOKEN_FN               ; Must now see "fn" token
E342: 20 bf de                                       JSR   AS_SYNCHR                  ; Or else syntax error
E345: 09 80                                          ORA   #$80                       ; Set sign bit on 1st char of name,
E347: 85 14                                          STA   AS_SUBFLG                  ; Making $C0 < subflg < $DB
E349: 20 e9 df                                       JSR   AS_PTRGET3                 ; Which tells ptrget who called
E34C: 85 8a                                          STA   AS_FNCNAM                  ; Found valid function name, so
E34E: 84 8b                                          STY   AS_FNCNAM + 1              ; Save address
E350: 4c 6a dd                                       JMP   AS_CHKNUM                  ; Must be numeric
E353:                                                                                 ; --------------------------------
E353:                                                                                 ; "Fn" function call
E353:                                                                                 ; --------------------------------
E353: 20 40 e3                 AS_FUNCT:             JSR   AS_FNC_                    ; Parse "fn", function name
E356: a5 8b                                          LDA   AS_FNCNAM + 1              ; Stack function address
E358: 48                                             PHA                              ; In case of a nested fn call
E359: a5 8a                                          LDA   AS_FNCNAM
E35B: 48                                             PHA
E35C: 20 b1 de                                       JSR   AS_PARCHK                  ; Must now have "(expression)"
E35F: 20 6a dd                                       JSR   AS_CHKNUM                  ; Must be numeric expression
E362: 68                                             PLA                              ; Get function address back
E363: 85 8a                                          STA   AS_FNCNAM
E365: 68                                             PLA
E366: 85 8b                                          STA   AS_FNCNAM + 1
E368: a0 02                                          LDY   #2                         ; Point at add of argument variable
E36A: b1 8a                                          LDA   (AS_FNCNAM),Y
E36C: 85 83                                          STA   AS_VARPNT
E36E: aa                                             TAX
E36F: c8                                             INY
E370: b1 8a                                          LDA   (AS_FNCNAM),Y
E372: f0 0d               E30D                       BEQ   AS_UNDFNC                  ; Undefined function
E374: 85 84                                          STA   AS_VARPNT + 1
E376: c8                                             INY                              ; Y=4 now
E377: b1 83                    AS_L_FUNCT_1:         LDA   (AS_VARPNT),Y              ; Save old value of argument variable
E379: 48                                             PHA                              ; On stack, in case also used as
E37A: 88                                             DEY                              ; A normal variable!
E37B: 10 77               E377                       BPL   AS_L_FUNCT_1
E37D: a4 84                                          LDY   AS_VARPNT + 1              ; (Y,x)= address, store fac in variable
E37F: 20 2a eb                                       JSR   AS_STORE_FACDB_YX_ROUNDED
E382: a5 b9                                          LDA   AS_TXTPTR + 1              ; Remember txtptr after fn call
E384: 48                                             PHA
E385: a5 b8                                          LDA   AS_TXTPTR

Page 67
--------------------------------------------------------------------------------
E387: 48                                             PHA
E388: b1 8a                                          LDA   (AS_FNCNAM),Y              ; Y=0 from movmf
E38A: 85 b8                                          STA   AS_TXTPTR                  ; Point to function def'n
E38C: c8                                             INY
E38D: b1 8a                                          LDA   (AS_FNCNAM),Y
E38F: 85 b9                                          STA   AS_TXTPTR + 1
E391: a5 84                                          LDA   AS_VARPNT + 1              ; Save address of argument variable
E393: 48                                             PHA
E394: a5 83                                          LDA   AS_VARPNT
E396: 48                                             PHA
E397: 20 67 dd                                       JSR   AS_FRMNUM                  ; Evaluate the function expression
E39A: 68                                             PLA                              ; Get address of argument variable
E39B: 85 8a                                          STA   AS_FNCNAM                  ; And save it
E39D: 68                                             PLA
E39E: 85 8b                                          STA   AS_FNCNAM + 1
E3A0: 20 b7 00                                       JSR   AS_CHRGOT                  ; Must be at ":" or eol
E3A3: f0 a8               E3A8                       BEQ   AS_L_FUNCT_2               ; We are
E3A5: 4c c8 de                                       JMP   AS_SYNERR                  ; We are not, slyntax error
E3A8: 68                       AS_L_FUNCT_2:         PLA                              ; Retrieve txtptr after "fn" call
E3A9: 85 b8                                          STA   AS_TXTPTR
E3AB: 68                                             PLA
E3AC: 85 b9                                          STA   AS_TXTPTR + 1
E3AE:                                                                                 ; Stack now has 5-byte value
E3AE:                                                                                 ; Of the argument variable,
E3AE:                                                                                 ; And fncnam points at the variable
E3AE:                                                                                 ; --------------------------------
E3AE:                                                                                 ; Store five bytes from stack at (fncnam)
E3AE:                                                                                 ; --------------------------------
E3AE:                          AS_FNCDATA:
E3AE: a0 00                                          LDY   #0
E3B0: 68                                             PLA
E3B1: 91 8a                                          STA   (AS_FNCNAM),Y
E3B3: 68                                             PLA
E3B4: c8                                             INY
E3B5: 91 8a                                          STA   (AS_FNCNAM),Y
E3B7: 68                                             PLA
E3B8: c8                                             INY
E3B9: 91 8a                                          STA   (AS_FNCNAM),Y
E3BB: 68                                             PLA
E3BC: c8                                             INY
E3BD: 91 8a                                          STA   (AS_FNCNAM),Y
E3BF: 68                                             PLA
E3C0: c8                                             INY
E3C1: 91 8a                                          STA   (AS_FNCNAM),Y
E3C3: 60                                             RTS
E3C4:                                                                                 ; --------------------------------
E3C4:                                                                                 ; "Str$" function
E3C4:                                                                                 ; --------------------------------
E3C4: 20 6a dd                 AS_STR:               JSR   AS_CHKNUM                  ; Expression must be numeric
E3C7: a0 00                                          LDY   #0                         ; Start string at stack-1 ($00FF)
E3C9:                                                                                 ; So strlit can diffrentiate str$ calls
E3C9: 20 35 ed                                       JSR   AS_FOUT_1                  ; Convert fac to string
E3CC: 68                                             PLA                              ; Pop return off stack
E3CD: 68                                             PLA
E3CE: a9 ff                                          LDA   #<AS_STACK - 1             ; Point to stack-1
E3D0: a0 00                                          LDY   #>AS_STACK - 1             ; (Which=0)
E3D2: f0 e6               E3E6                       BEQ   AS_STRLIT                  ; ...Always, create desc & move string
E3D4:                                                                                 ; --------------------------------
E3D4:                                                                                 ; Get space and make descriptor for string whose
E3D4:                                                                                 ; Address is in fac+3,4 and whose length is in a-reg

Page 68
--------------------------------------------------------------------------------
E3D4:                                                                                 ; --------------------------------
E3D4: a6 a0                    AS_STRINI:            LDX   AS_FAC + 3                 ; Y,x = string address
E3D6: a4 a1                                          LDY   AS_FAC + 4
E3D8: 86 8c                                          STX   AS_DSCPTR
E3DA: 84 8d                                          STY   AS_DSCPTR + 1
E3DC:                                                                                 ; --------------------------------
E3DC:                                                                                 ; Get space and make descriptor for string whose
E3DC:                                                                                 ; Address is in y,x and whose length is in a-reg
E3DC:                                                                                 ; --------------------------------
E3DC: 20 51 e4                 AS_STRSPA:            JSR   AS_GETSPA                  ; A holds length
E3DF: 86 9e                                          STX   AS_FAC + 1                 ; Save descriptor in fac
E3E1: 84 9f                                          STY   AS_FAC + 2                 ; ---Fac--- --fac+1-- --fac+2--
E3E3: 85 9d                                          STA   AS_FAC                     ; <Length>  <addr-lo> <addr-hi>
E3E5: 60                                             RTS
E3E6:                                                                                 ; --------------------------------
E3E6:                                                                                 ; Build a descriptor for string starting at y,a
E3E6:                                                                                 ; And terminated by $00 or quotation mark
E3E6:                                                                                 ; Return with descriptor in a temporary
E3E6:                                                                                 ; And address of descriptor in fac+3,4
E3E6:                                                                                 ; --------------------------------
E3E6: a2 22                    AS_STRLIT:            LDX   #$22                       ; Set up literal scan to stop on
E3E8: 86 0d                                          STX   AS_CHARAC                  ; Quotation mark or $00
E3EA: 86 0e                                          STX   AS_ENDCHR
E3EC:                                                                                 ; --------------------------------
E3EC:                                                                                 ; Build a descriptor for string starting at y,a
E3EC:                                                                                 ; And terminated by $00, (charac), or (endchr)
E3EC:                          
E3EC:                                                                                 ; Return with descriptor in a temporary
E3EC:                                                                                 ; And address of descriptor in fac+3,4
E3EC:                                                                                 ; --------------------------------
E3EC: 85 ab                    AS_STRLT2:            STA   AS_STRNG1                  ; Save address of string
E3EE: 84 ac                                          STY   AS_STRNG1 + 1
E3F0: 85 9e                                          STA   AS_FAC + 1                 ; ...Again
E3F2: 84 9f                                          STY   AS_FAC + 2
E3F4: a0 ff                                          LDY   #$FF
E3F6: c8                       AS_L_STRLT2_1:        INY                              ; Find end of string
E3F7: b1 ab                                          LDA   (AS_STRNG1),Y              ; Next string char
E3F9: f0 07               E407                       BEQ   AS_L_STRLT2_3              ; End of string
E3FB: c5 0d                                          CMP   AS_CHARAC                  ; Alternate terminator # 1?
E3FD: f0 03               E403                       BEQ   AS_L_STRLT2_2              ; Yes
E3FF: c5 0e                                          CMP   AS_ENDCHR                  ; Alternate terminator # 2?
E401: d0 f6               E3F6                       BNE   AS_L_STRLT2_1              ; No, keep scanning
E403: c9 22                    AS_L_STRLT2_2:        CMP   #$22                       ; Is string ended with quote mark?
E405: f0 08               E408                       BEQ   AS_L_STRLT2_4              ; Yes, c=1 to include " in string
E407: 18                       AS_L_STRLT2_3:        CLC
E408: 84 9d                    AS_L_STRLT2_4:        STY   AS_FAC                     ; Save length
E40A: 98                                             TYA
E40B: 65 ab                                          ADC   AS_STRNG1                  ; Compute address of end of string
E40D: 85 ad                                          STA   AS_STRNG2                  ; (Of 00 byte, or just after ")
E40F: a6 ac                                          LDX   AS_STRNG1 + 1
E411: 90 14               E414                       BCC   AS_L_STRLT2_5
E413: e8                                             INX
E414: 86 ae                    AS_L_STRLT2_5:        STX   AS_STRNG2 + 1
E416: a5 ac                                          LDA   AS_STRNG1 + 1              ; Where does the string start?
E418: f0 1e               E41E                       BEQ   AS_L_STRLT2_6              ; Page 0, must be from str$ function
E41A: c9 02                                          CMP   #2                         ; Page 2?
E41C: d0 29               E429                       BNE   AS_PUTNEW                  ; No, not page 0 or 2
E41E: 98                       AS_L_STRLT2_6:        TYA                              ; Length of string
E41F: 20 d4 e3                                       JSR   AS_STRINI                  ; Make space for string
E422: a6 ab                                          LDX   AS_STRNG1

Page 69
--------------------------------------------------------------------------------
E424: a4 ac                                          LDY   AS_STRNG1 + 1
E426: 20 e1 e5                                       JSR   AS_MOVSTR                  ; Move it in
E429:                                                                                 ; --------------------------------
E429:                                                                                 ; Store descriptor in temporary descriptor stack
E429:                          
E429:                                                                                 ; The descriptor is now in fac, fac+1, fac+2
E429:                                                                                 ; Put address of temp descriptor in fac+3,4
E429:                                                                                 ; --------------------------------
E429: a6 52                    AS_PUTNEW:            LDX   AS_TEMPPT                  ; Pointer to next temp string slot
E42B: e0 5e                                          CPX   #AS_TEMPST + 9             ; Max of 3 temp strings
E42D: d0 34               E434                       BNE   AS_PUTEMP                  ; Room for another one
E42F: a2 bf                                          LDX   #AS_ERR_FRMCPX             ; Too many, formula too complex
E431: 4c 12 d4                 AS_JERR:              JMP   AS_ERROR
E434:                                                                                 ; --------------------------------
E434: a5 9d                    AS_PUTEMP:            LDA   AS_FAC                     ; Copy temp descriptor into temp stack
E436: 95 00                                          STA   0,X
E438: a5 9e                                          LDA   AS_FAC + 1
E43A: 95 01                                          STA   1,X
E43C: a5 9f                                          LDA   AS_FAC + 2
E43E: 95 02                                          STA   2,X
E440: a0 00                                          LDY   #0
E442: 86 a0                                          STX   AS_FAC + 3                 ; Address of temp descriptor
E444: 84 a1                                          STY   AS_FAC + 4                 ; In y,x and fac+3,4
E446: 88                                             DEY                              ; Y=$FF
E447: 84 11                                          STY   AS_VALTYP                  ; Flag (fac ) as string
E449: 86 53                                          STX   AS_LASTPT                  ; Index of last pointer
E44B: e8                                             INX                              ; Update for next temp entry
E44C: e8                                             INX
E44D: e8                                             INX
E44E: 86 52                                          STX   AS_TEMPPT
E450: 60                                             RTS
E451:                                                                                 ; --------------------------------
E451:                                                                                 ; Make space for string at bottom of string space
E451:                                                                                 ; (A)=# bytes space to make
E451:                          
E451:                                                                                 ; Return with (a) same,
E451:                                                                                 ; And y,x = address of space allocated
E451:                                                                                 ; --------------------------------
E451: 46 13                    AS_GETSPA:            LSR   AS_GARFLG                  ; Clear signbit of flag
E453: 48                       AS_L_GETSPA_1:        PHA                              ; A holds length
E454: 49 ff                                          EOR   #$FF                       ; Get -length
E456: 38                                             SEC
E457: 65 6f                                          ADC   AS_FRETOP                  ; Compute starting address of space
E459: a4 70                                          LDY   AS_FRETOP + 1              ; For the string
E45B: b0 5e               E45E                       BCS   AS_L_GETSPA_2
E45D: 88                                             DEY
E45E: c4 6e                    AS_L_GETSPA_2:        CPY   AS_STREND + 1              ; See if fits in remaining memory
E460: 90 73               E473                       BCC   AS_L_GETSPA_4              ; No, try garbage
E462: d0 68               E468                       BNE   AS_L_GETSPA_3              ; Yes, it fits
E464: c5 6d                                          CMP   AS_STREND                  ; Have to check lower bytes
E466: 90 73               E473                       BCC   AS_L_GETSPA_4              ; Not enuf room yet
E468: 85 6f                    AS_L_GETSPA_3:        STA   AS_FRETOP                  ; There is room so save new fretop
E46A: 84 70                                          STY   AS_FRETOP + 1
E46C: 85 71                                          STA   AS_FRESPC
E46E: 84 72                                          STY   AS_FRESPC + 1
E470: aa                                             TAX                              ; Addr in y,x
E471: 68                                             PLA                              ; Length in a
E472: 60                                             RTS
E473: a2 4d                    AS_L_GETSPA_4:        LDX   #AS_ERR_MEMFULL
E475: a5 13                                          LDA   AS_GARFLG                  ; Garbage done yet?

Page 70
--------------------------------------------------------------------------------
E477: 30 31               E431                       BMI   AS_JERR                    ; Yes, memory is really full
E479: 20 83 e4                                       JSR   AS_GARBAG                  ; No, try collecting now
E47C: a9 80                                          LDA   #$80                       ; Flag that collected garbage already
E47E: 85 13                                          STA   AS_GARFLG
E480: 68                                             PLA                              ; Get string length again
E481: d0 53               E453                       BNE   AS_L_GETSPA_1              ; ...Always
E483:                                                                                 ; --------------------------------
E483:                                                                                 ; Shove all referenced strings as high as possible
E483:                                                                                 ; In memory (against himem), freeing up space
E483:                                                                                 ; Below string area down to strend.
E483:                                                                                 ; --------------------------------
E483: a6 73                    AS_GARBAG:            LDX   AS_MEMSIZ                  ; Collect from top down
E485: a5 74                                          LDA   AS_MEMSIZ + 1
E487:                          AS_FIND_HIGHEST_STRING:
E487: 86 6f                                          STX   AS_FRETOP                  ; One pass through all vars
E489: 85 70                                          STA   AS_FRETOP + 1              ; For each active string!
E48B: a0 00                                          LDY   #0
E48D: 84 8b                                          STY   AS_FNCNAM + 1              ; Flag in case no strings to collect
E48F: a5 6d                                          LDA   AS_STREND
E491: a6 6e                                          LDX   AS_STREND + 1
E493: 85 9b                                          STA   AS_LOWTR
E495: 86 9c                                          STX   AS_LOWTR + 1
E497:                                                                                 ; --------------------------------
E497:                                                                                 ; Start by collecting temporaries
E497:                                                                                 ; --------------------------------
E497: a9 55                                          LDA   #<AS_TEMPST
E499: a2 00                                          LDX   #>AS_TEMPST
E49B: 85 5e                                          STA   AS_INDEX
E49D: 86 5f                                          STX   AS_INDEX + 1
E49F: c5 52                    AS_L_FIND_HIGHEST_STRING_1: CMP   AS_TEMPPT                  ; Finished with temps yet?
E4A1: f0 a8               E4A8                       BEQ   AS_L_FIND_HIGHEST_STRING_2 ; Yes, now do simple variables
E4A3: 20 22 e5                                       JSR   AS_CHECK_VARIABLE          ; Do a temp
E4A6: f0 9f               E49F                       BEQ   AS_L_FIND_HIGHEST_STRING_1 ; ...Always
E4A8:                                                                                 ; --------------------------------
E4A8:                                                                                 ; Now collect simple variables
E4A8:                                                                                 ; --------------------------------
E4A8: a9 07                    AS_L_FIND_HIGHEST_STRING_2: LDA   #7                         ; Length of each variable is 7 bytes
E4AA: 85 8f                                          STA   AS_DSCLEN
E4AC: a5 69                                          LDA   AS_VARTAB                  ; Start at beginning of vartab
E4AE: a6 6a                                          LDX   AS_VARTAB + 1
E4B0: 85 5e                                          STA   AS_INDEX
E4B2: 86 5f                                          STX   AS_INDEX + 1
E4B4: e4 6c                    AS_L_FIND_HIGHEST_STRING_3: CPX   AS_ARYTAB + 1              ; Finished with simple variables?
E4B6: d0 bc               E4BC                       BNE   AS_L_FIND_HIGHEST_STRING_4 ; No
E4B8: c5 6b                                          CMP   AS_ARYTAB                  ; Maybe, check lo-byte
E4BA: f0 c1               E4C1                       BEQ   AS_L_FIND_HIGHEST_STRING_5 ; Yes, now do arrays
E4BC: 20 18 e5                 AS_L_FIND_HIGHEST_STRING_4: JSR   AS_CHECK_SIMPLE_VARIABLE
E4BF: f0 b4               E4B4                       BEQ   AS_L_FIND_HIGHEST_STRING_3 ; ...Always
E4C1:                                                                                 ; --------------------------------
E4C1:                                                                                 ; Now collect array variables
E4C1:                                                                                 ; --------------------------------
E4C1: 85 94                    AS_L_FIND_HIGHEST_STRING_5: STA   AS_ARYPNT
E4C3: 86 95                                          STX   AS_ARYPNT + 1
E4C5: a9 03                                          LDA   #3                         ; Descriptors in arrays are 3-bytes each
E4C7: 85 8f                                          STA   AS_DSCLEN
E4C9: a5 94                    AS_L_FIND_HIGHEST_STRING_6: LDA   AS_ARYPNT                  ; Compare to end of arrays
E4CB: a6 95                                          LDX   AS_ARYPNT + 1
E4CD: e4 6e                    AS_L_FIND_HIGHEST_STRING_7: CPX   AS_STREND + 1              ; Finished with arrays yet?
E4CF: d0 d8               E4D8                       BNE   AS_L_FIND_HIGHEST_STRING_8 ; Not yet
E4D1: c5 6d                                          CMP   AS_STREND                  ; Maybe, check lo-byte

Page 71
--------------------------------------------------------------------------------
E4D3: d0 d8               E4D8                       BNE   AS_L_FIND_HIGHEST_STRING_8 ; Not finished yet
E4D5: 4c 61 e5                                       JMP   AS_MOVE_HIGHEST_STRING_TO_TOP ; Finished
E4D8: 85 5e                    AS_L_FIND_HIGHEST_STRING_8: STA   AS_INDEX                   ; Set up pntr to start of array
E4DA: 86 5f                                          STX   AS_INDEX + 1
E4DC: a0 00                                          LDY   #0                         ; Point at name of array
E4DE: b1 5e                                          LDA   (AS_INDEX),Y
E4E0: aa                                             TAX                              ; 1St letter of name in x-reg
E4E1: c8                                             INY
E4E2: b1 5e                                          LDA   (AS_INDEX),Y
E4E4: 08                                             PHP                              ; Status from second letter of name
E4E5: c8                                             INY
E4E6: b1 5e                                          LDA   (AS_INDEX),Y               ; Offset to next array
E4E8: 65 94                                          ADC   AS_ARYPNT                  ; (Carry always clear)
E4EA: 85 94                                          STA   AS_ARYPNT                  ; Calculate start of next array
E4EC: c8                                             INY
E4ED: b1 5e                                          LDA   (AS_INDEX),Y               ; Hi-byte of offset
E4EF: 65 95                                          ADC   AS_ARYPNT + 1
E4F1: 85 95                                          STA   AS_ARYPNT + 1
E4F3: 28                                             PLP                              ; Get status from 2nd char of name
E4F4: 10 c9               E4C9                       BPL   AS_L_FIND_HIGHEST_STRING_6 ; Not a string array
E4F6: 8a                                             TXA                              ; Set status with 1st char of name
E4F7: 30 c9               E4C9                       BMI   AS_L_FIND_HIGHEST_STRING_6 ; Not a string array
E4F9: c8                                             INY
E4FA: b1 5e                                          LDA   (AS_INDEX),Y               ; # Of dimensions for this array
E4FC: a0 00                                          LDY   #0
E4FE: 0a                                             ASL                              ; Preamble size = 2*#dims + 5
E4FF: 69 05                                          ADC   #5
E501: 65 5e                                          ADC   AS_INDEX                   ; Make index point at first element
E503: 85 5e                                          STA   AS_INDEX                   ; In the array
E505: 90 09               E509                       BCC   AS_L_FIND_HIGHEST_STRING_9
E507: e6 5f                                          INC   AS_INDEX + 1
E509:                          AS_L_FIND_HIGHEST_STRING_9:
E509: a6 5f                                          LDX   AS_INDEX + 1               ; Step thru each string in this array
E50B: e4 95                    AS_L_FIND_HIGHEST_STRING_10: CPX   AS_ARYPNT + 1              ; Array done?
E50D: d0 13               E513                       BNE   AS_L_FIND_HIGHEST_STRING_11 ; No, process next element
E50F: c5 94                                          CMP   AS_ARYPNT                  ; Maybe, check lo-byte
E511: f0 cd               E4CD                       BEQ   AS_L_FIND_HIGHEST_STRING_7 ; Yes, move to next array
E513: 20 22 e5                 AS_L_FIND_HIGHEST_STRING_11: JSR   AS_CHECK_VARIABLE          ; Process the array
E516: f0 0b               E50B                       BEQ   AS_L_FIND_HIGHEST_STRING_10 ; ...Always
E518:                                                                                 ; --------------------------------
E518:                                                                                 ; Process a simple variable
E518:                                                                                 ; --------------------------------
E518:                          AS_CHECK_SIMPLE_VARIABLE:
E518: b1 5e                                          LDA   (AS_INDEX),Y               ; Look at 1st char of name
E51A: 30 51               E551                       BMI   AS_CHECK_BUMP              ; Not a string variable
E51C: c8                                             INY
E51D: b1 5e                                          LDA   (AS_INDEX),Y               ; Look at 2nd char of name
E51F: 10 51               E551                       BPL   AS_CHECK_BUMP              ; Not a string variable
E521: c8                                             INY
E522:                                                                                 ; --------------------------------
E522:                                                                                 ; If string is not empty, check if it is highest
E522:                                                                                 ; --------------------------------
E522:                          AS_CHECK_VARIABLE:
E522: b1 5e                                          LDA   (AS_INDEX),Y               ; Get length of string
E524: f0 51               E551                       BEQ   AS_CHECK_BUMP              ; Ignore string if length is zero
E526: c8                                             INY
E527: b1 5e                                          LDA   (AS_INDEX),Y               ; Get address of string
E529: aa                                             TAX
E52A: c8                                             INY
E52B: b1 5e                                          LDA   (AS_INDEX),Y

Page 72
--------------------------------------------------------------------------------
E52D: c5 70                                          CMP   AS_FRETOP + 1              ; Check if already collected
E52F: 90 37               E537                       BCC   AS_L_CHECK_VARIABLE_1      ; No, below fretop
E531: d0 51               E551                       BNE   AS_CHECK_BUMP              ; Yes, above fretop
E533: e4 6f                                          CPX   AS_FRETOP                  ; Maybe, check lo-byte
E535: b0 51               E551                       BCS   AS_CHECK_BUMP              ; Yes, above fretop
E537: c5 9c                    AS_L_CHECK_VARIABLE_1: CMP   AS_LOWTR + 1               ; Above highest string found?
E539: 90 51               E551                       BCC   AS_CHECK_BUMP              ; No, ignore for now
E53B: d0 41               E541                       BNE   AS_L_CHECK_VARIABLE_2      ; Yes, this is the new highest
E53D: e4 9b                                          CPX   AS_LOWTR                   ; Maybe, try lo-byte
E53F: 90 51               E551                       BCC   AS_CHECK_BUMP              ; No, ignore for now
E541: 86 9b                    AS_L_CHECK_VARIABLE_2: STX   AS_LOWTR                   ; Make this the highest string
E543: 85 9c                                          STA   AS_LOWTR + 1
E545: a5 5e                                          LDA   AS_INDEX                   ; Save address of descriptor too
E547: a6 5f                                          LDX   AS_INDEX + 1
E549: 85 8a                                          STA   AS_FNCNAM
E54B: 86 8b                                          STX   AS_FNCNAM + 1
E54D: a5 8f                                          LDA   AS_DSCLEN
E54F: 85 91                                          STA   AS_LENGTH
E551:                                                                                 ; --------------------------------
E551:                                                                                 ; Add (dsclen) to pntr in index
E551:                                                                                 ; Return with y=0, pntr also in x,a
E551:                                                                                 ; --------------------------------
E551:                          AS_CHECK_BUMP:
E551: a5 8f                                          LDA   AS_DSCLEN                  ; Bump to next variable
E553: 18                                             CLC
E554: 65 5e                                          ADC   AS_INDEX
E556: 85 5e                                          STA   AS_INDEX
E558: 90 5c               E55C                       BCC   AS_CHECK_EXIT
E55A: e6 5f                                          INC   AS_INDEX + 1
E55C:                                                                                 ; --------------------------------
E55C:                          AS_CHECK_EXIT:
E55C: a6 5f                                          LDX   AS_INDEX + 1
E55E: a0 00                                          LDY   #0
E560: 60                                             RTS
E561:                                                                                 ; --------------------------------
E561:                                                                                 ; Found highest non-empty string, so move it
E561:                                                                                 ; To top and go back for another
E561:                                                                                 ; --------------------------------
E561:                          AS_MOVE_HIGHEST_STRING_TO_TOP:
E561: a6 8b                                          LDX   AS_FNCNAM + 1              ; Any string found?
E563: f0 5c               E55C                       BEQ   AS_CHECK_EXIT              ; No, return
E565: a5 91                                          LDA   AS_LENGTH                  ; Get length of variable element
E567: 29 04                                          AND   #4                         ; Was 7 or 3, make 4 or 0
E569: 4a                                             LSR                              ; 2 0R 0; in simple variables,
E56A: a8                                             TAY                              ; Name precedes descriptor
E56B: 85 91                                          STA   AS_LENGTH                  ; 2 Or 0
E56D: b1 8a                                          LDA   (AS_FNCNAM),Y              ; Get length from descriptor
E56F: 65 9b                                          ADC   AS_LOWTR                   ; Carry already cleared by lsr
E571: 85 96                                          STA   AS_HIGHTR                  ; String is btwn (lowtr) and (hightr)
E573: a5 9c                                          LDA   AS_LOWTR + 1
E575: 69 00                                          ADC   #0
E577: 85 97                                          STA   AS_HIGHTR + 1
E579: a5 6f                                          LDA   AS_FRETOP                  ; High end destination
E57B: a6 70                                          LDX   AS_FRETOP + 1
E57D: 85 94                                          STA   AS_HIGHDS
E57F: 86 95                                          STX   AS_HIGHDS + 1
E581: 20 9a d3                                       JSR   AS_BLTU2                   ; Move string up
E584: a4 91                                          LDY   AS_LENGTH                  ; Fix its descriptor
E586: c8                                             INY                              ; Point at address in descriptor
E587: a5 94                                          LDA   AS_HIGHDS                  ; Store new address

Page 73
--------------------------------------------------------------------------------
E589: 91 8a                                          STA   (AS_FNCNAM),Y
E58B: aa                                             TAX
E58C: e6 95                                          INC   AS_HIGHDS + 1              ; Correct bltu's overshoot
E58E: a5 95                                          LDA   AS_HIGHDS + 1
E590: c8                                             INY
E591: 91 8a                                          STA   (AS_FNCNAM),Y
E593: 4c 87 e4                                       JMP   AS_FIND_HIGHEST_STRING
E596:                                                                                 ; --------------------------------
E596:                                                                                 ; --------------------------------
E596:                                                                                 ; Concatenate two strings
E596:                                                                                 ; --------------------------------
E596: a5 a1                    AS_CAT:               LDA   AS_FAC + 4                 ; Save address of first descriptor
E598: 48                                             PHA
E599: a5 a0                                          LDA   AS_FAC + 3
E59B: 48                                             PHA
E59C: 20 5f de                                       JSR   AS_FRM_ELEMENT             ; Get second string element
E59F: 20 6c dd                                       JSR   AS_CHKSTR                  ; Must be a string
E5A2: 68                                             PLA                              ; Recover addres of 1st descriptor
E5A3: 85 ab                                          STA   AS_STRNG1
E5A5: 68                                             PLA
E5A6: 85 ac                                          STA   AS_STRNG1 + 1
E5A8: a0 00                                          LDY   #0
E5AA: b1 ab                                          LDA   (AS_STRNG1),Y              ; Add lengths, get concatenated size
E5AC: 18                                             CLC
E5AD: 71 a0                                          ADC   (AS_FAC + 3),Y
E5AF: 90 b6               E5B6                       BCC   AS_L_CAT_1                 ; Ok if < $100
E5B1: a2 b0                                          LDX   #AS_ERR_STRLONG
E5B3: 4c 12 d4                                       JMP   AS_ERROR
E5B6: 20 d4 e3                 AS_L_CAT_1:           JSR   AS_STRINI                  ; Get space for concatenated strings
E5B9: 20 d3 e5                                       JSR   AS_MOVINS                  ; Move 1st string
E5BC: a5 8c                                          LDA   AS_DSCPTR
E5BE: a4 8d                                          LDY   AS_DSCPTR + 1
E5C0: 20 03 e6                                       JSR   AS_FRETMP
E5C3: 20 e5 e5                                       JSR   AS_MOVSTR_1                ; Move 2nd string
E5C6: a5 ab                                          LDA   AS_STRNG1
E5C8: a4 ac                                          LDY   AS_STRNG1 + 1
E5CA: 20 03 e6                                       JSR   AS_FRETMP
E5CD: 20 29 e4                                       JSR   AS_PUTNEW                  ; Set up descriptor
E5D0: 4c 95 dd                                       JMP   AS_FRMEVL_2                ; Finish expression
E5D3:                                                                                 ; --------------------------------
E5D3:                                                                                 ; Get string descriptor pointed at by (strng1)
E5D3:                                                                                 ; And move described string to (frespc)
E5D3:                                                                                 ; --------------------------------
E5D3: a0 00                    AS_MOVINS:            LDY   #0
E5D5: b1 ab                                          LDA   (AS_STRNG1),Y
E5D7: 48                                             PHA                              ; Length
E5D8: c8                                             INY
E5D9: b1 ab                                          LDA   (AS_STRNG1),Y
E5DB: aa                                             TAX                              ; Put string pointer in x,y
E5DC: c8                                             INY
E5DD: b1 ab                                          LDA   (AS_STRNG1),Y
E5DF: a8                                             TAY
E5E0: 68                                             PLA                              ; Retrieve length
E5E1:                                                                                 ; --------------------------------
E5E1:                                                                                 ; Move string at (y,x) with length (a)
E5E1:                                                                                 ; To destination whose address is in frespc,frespc+1
E5E1:                                                                                 ; --------------------------------
E5E1: 86 5e                    AS_MOVSTR:            STX   AS_INDEX                   ; Put pointer in index
E5E3: 84 5f                                          STY   AS_INDEX + 1
E5E5:                          AS_MOVSTR_1:

Page 74
--------------------------------------------------------------------------------
E5E5: a8                                             TAY                              ; Length to y-reg
E5E6: f0 f2               E5F2                       BEQ   AS_L_MOVSTR_1_2            ; If length is zero, finished
E5E8: 48                                             PHA                              ; Save length on stack
E5E9: 88                       AS_L_MOVSTR_1_1:      DEY                              ; Move bytes from (index) to (frespc)
E5EA: b1 5e                                          LDA   (AS_INDEX),Y
E5EC: 91 71                                          STA   (AS_FRESPC),Y
E5EE: 98                                             TYA                              ; Test if any left to move
E5EF: d0 e9               E5E9                       BNE   AS_L_MOVSTR_1_1            ; Yes, keep moving
E5F1: 68                                             PLA                              ; No, finished.  get length
E5F2: 18                       AS_L_MOVSTR_1_2:      CLC                              ; And add to frespc, so
E5F3: 65 71                                          ADC   AS_FRESPC                  ; Frespc points to next higher
E5F5: 85 71                                          STA   AS_FRESPC                  ; Byte.  (used by concatenation)
E5F7: 90 fb               E5FB                       BCC   AS_L_MOVSTR_1_3
E5F9: e6 72                                          INC   AS_FRESPC + 1
E5FB: 60                       AS_L_MOVSTR_1_3:      RTS
E5FC:                                                                                 ; --------------------------------
E5FC:                                                                                 ; If (fac) is a temporary string, release descriptor
E5FC:                                                                                 ; --------------------------------
E5FC: 20 6c dd                 AS_FRESTR:            JSR   AS_CHKSTR                  ; Last result a string?
E5FF:                                                                                 ; --------------------------------
E5FF:                                                                                 ; If string descriptor pointed to by fac+3,4 is
E5FF:                                                                                 ; A temporary string, release it.
E5FF:                                                                                 ; --------------------------------
E5FF: a5 a0                    AS_FREFAC:            LDA   AS_FAC + 3                 ; Get descriptor pointer
E601: a4 a1                                          LDY   AS_FAC + 4
E603:                                                                                 ; --------------------------------
E603:                                                                                 ; If string descriptor whose address is in y,a is
E603:                                                                                 ; A temporary string, release it.
E603:                                                                                 ; --------------------------------
E603: 85 5e                    AS_FRETMP:            STA   AS_INDEX                   ; Save the address of the descriptor
E605: 84 5f                                          STY   AS_INDEX + 1
E607: 20 34 e6                                       JSR   AS_FRETMS                  ; Free descriptor if it is temporary
E60A: 08                                             PHP                              ; Remember if temp
E60B: a0 00                                          LDY   #0                         ; Point at length of string
E60D: b1 5e                                          LDA   (AS_INDEX),Y
E60F: 48                                             PHA                              ; Save length on stack
E610: c8                                             INY
E611: b1 5e                                          LDA   (AS_INDEX),Y
E613: aa                                             TAX                              ; Get address of string in y,x
E614: c8                                             INY
E615: b1 5e                                          LDA   (AS_INDEX),Y
E617: a8                                             TAY
E618: 68                                             PLA                              ; Length in a
E619: 28                                             PLP                              ; Retrieve status, z=1 if temp
E61A: d0 2f               E62F                       BNE   AS_L_FRETMP_2              ; Not a temporary string
E61C: c4 70                                          CPY   AS_FRETOP + 1              ; Is it the lowest string?
E61E: d0 2f               E62F                       BNE   AS_L_FRETMP_2              ; No
E620: e4 6f                                          CPX   AS_FRETOP
E622: d0 2f               E62F                       BNE   AS_L_FRETMP_2              ; No
E624: 48                                             PHA                              ; Yes, push length again
E625: 18                                             CLC                              ; Recover the space used by
E626: 65 6f                                          ADC   AS_FRETOP                  ; The string
E628: 85 6f                                          STA   AS_FRETOP
E62A: 90 2e               E62E                       BCC   AS_L_FRETMP_1
E62C: e6 70                                          INC   AS_FRETOP + 1
E62E: 68                       AS_L_FRETMP_1:        PLA                              ; Retrieve length again
E62F: 86 5e                    AS_L_FRETMP_2:        STX   AS_INDEX                   ; Address of string in y,x
E631: 84 5f                                          STY   AS_INDEX + 1               ; Length of string in a-reg
E633: 60                                             RTS
E634:                                                                                 ; --------------------------------

Page 75
--------------------------------------------------------------------------------
E634:                                                                                 ; Release temporary descriptor if y,a = lastpt
E634:                                                                                 ; --------------------------------
E634: c4 54                    AS_FRETMS:            CPY   AS_LASTPT + 1              ; Compare y,a to latest temp
E636: d0 44               E644                       BNE   AS_L_FRETMS_1              ; Not same one, cannot release
E638: c5 53                                          CMP   AS_LASTPT
E63A: d0 44               E644                       BNE   AS_L_FRETMS_1              ; Not same one, cannot release
E63C: 85 52                                          STA   AS_TEMPPT                  ; Update tempt for next temp
E63E: e9 03                                          SBC   #3                         ; Back off lastpt
E640: 85 53                                          STA   AS_LASTPT
E642: a0 00                                          LDY   #0                         ; Now y,a points to top temp
E644: 60                       AS_L_FRETMS_1:        RTS                              ; Z=0 if not temp, z=1 if temp
E645:                                                                                 ; --------------------------------
E645:                                                                                 ; "Chr$" function
E645:                                                                                 ; --------------------------------
E645: 20 fa e6                 AS_CHRSTR:            JSR   AS_CONINT                  ; Convert argument to byte in x
E648: 8a                                             TXA
E649: 48                                             PHA                              ; Save it
E64A: a9 01                                          LDA   #1                         ; Get space for string of length 1
E64C: 20 dc e3                                       JSR   AS_STRSPA
E64F: 68                                             PLA                              ; Recall the character
E650: a0 00                                          LDY   #0                         ; Put in string
E652: 91 9e                                          STA   (AS_FAC + 1),Y
E654: 68                                             PLA                              ; Pop return address
E655: 68                                             PLA
E656: 4c 29 e4                                       JMP   AS_PUTNEW                  ; Make it a temporary string
E659:                                                                                 ; --------------------------------
E659:                                                                                 ; "Left$" function
E659:                                                                                 ; --------------------------------
E659:                          AS_LEFTSTR:
E659: 20 b8 e6                                       JSR   AS_SUBSTRING_SETUP
E65C: d1 8c                                          CMP   (AS_DSCPTR),Y              ; Compare 1st parameter to length
E65E: 98                                             TYA                              ; Y=a=0
E65F:                          AS_SUBSTRING_1:
E65F: 90 65               E665                       BCC   AS_L_SUBSTRING_1_1         ; 1St parameter smaller, use it
E661: b1 8c                                          LDA   (AS_DSCPTR),Y              ; 1St is longer, use string length
E663: aa                                             TAX                              ; In x-reg
E664: 98                                             TYA                              ; Y=a=0 again
E665: 48                       AS_L_SUBSTRING_1_1:   PHA                              ; Push left end of substring
E666:                          AS_SUBSTRING_2:
E666: 8a                                             TXA
E667:                          AS_SUBSTRING_3:
E667: 48                                             PHA                              ; Push length of substring
E668: 20 dc e3                                       JSR   AS_STRSPA                  ; Make room for string of (a) bytes
E66B: a5 8c                                          LDA   AS_DSCPTR                  ; Release parameter string if temp
E66D: a4 8d                                          LDY   AS_DSCPTR + 1
E66F: 20 03 e6                                       JSR   AS_FRETMP
E672: 68                                             PLA                              ; Get length of substring
E673: a8                                             TAY                              ; In y-reg
E674: 68                                             PLA                              ; Get left end of substring
E675: 18                                             CLC                              ; Add to pointer to string
E676: 65 5e                                          ADC   AS_INDEX
E678: 85 5e                                          STA   AS_INDEX
E67A: 90 7e               E67E                       BCC   AS_L_SUBSTRING_3_1
E67C: e6 5f                                          INC   AS_INDEX + 1
E67E: 98                       AS_L_SUBSTRING_3_1:   TYA                              ; Length
E67F: 20 e5 e5                                       JSR   AS_MOVSTR_1                ; Copy string into space
E682: 4c 29 e4                                       JMP   AS_PUTNEW                  ; Add to temps
E685:                                                                                 ; --------------------------------
E685:                                                                                 ; "Right$" function
E685:                                                                                 ; --------------------------------

Page 76
--------------------------------------------------------------------------------
E685:                          AS_RIGHTSTR:
E685: 20 b8 e6                                       JSR   AS_SUBSTRING_SETUP
E688: 18                                             CLC                              ; Compute length-width of substring
E689: f1 8c                                          SBC   (AS_DSCPTR),Y              ; To get starting point in string
E68B: 49 ff                                          EOR   #$FF
E68D: 4c 5f e6                                       JMP   AS_SUBSTRING_1             ; Join left$
E690:                                                                                 ; --------------------------------
E690:                                                                                 ; "Mid$" function
E690:                                                                                 ; --------------------------------
E690: a9 ff                    AS_MIDSTR:            LDA   #$FF                       ; Flag whether 2nd parameter
E692: 85 a1                                          STA   AS_FAC + 4
E694: 20 b7 00                                       JSR   AS_CHRGOT                  ; See if ")" yet
E697: c9 29                                          CMP   #")" & %01111111
E699: f0 a1               E6A1                       BEQ   AS_L_MIDSTR_1              ; Yes, no 2nd parameter
E69B: 20 bd de                                       JSR   AS_CHKCOM                  ; No, must have comma
E69E: 20 f7 e6                                       JSR   AS_GETBYT                  ; Get 2nd param in x-reg
E6A1: 20 b8 e6                 AS_L_MIDSTR_1:        JSR   AS_SUBSTRING_SETUP
E6A4: ca                                             DEX                              ; 1St parameter - 1
E6A5: 8a                                             TXA
E6A6: 48                                             PHA
E6A7: 18                                             CLC
E6A8: a2 00                                          LDX   #0
E6AA: f1 8c                                          SBC   (AS_DSCPTR),Y
E6AC: b0 66               E666                       BCS   AS_SUBSTRING_2
E6AE: 49 ff                                          EOR   #$FF
E6B0: c5 a1                                          CMP   AS_FAC + 4                 ; Use smaller of two
E6B2: 90 67               E667                       BCC   AS_SUBSTRING_3
E6B4: a5 a1                                          LDA   AS_FAC + 4
E6B6: b0 67               E667                       BCS   AS_SUBSTRING_3             ; ...Always
E6B8:                                                                                 ; --------------------------------
E6B8:                                                                                 ; Common setup routine for left$, right$, mid$:
E6B8:                                                                                 ; Require ")"; pop return adrs, get descriptor
E6B8:                                                                                 ; Address, get 1st parameter of command
E6B8:                                                                                 ; --------------------------------
E6B8:                          AS_SUBSTRING_SETUP:
E6B8: 20 b7 de                                       JSR   AS_CHKCLS                  ; Require ")"
E6BB: 68                                             PLA                              ; Save return address
E6BC: a8                                             TAY                              ; In y-reg and length
E6BD: 68                                             PLA
E6BE: 85 91                                          STA   AS_LENGTH
E6C0: 68                                             PLA                              ; Pop previous return address
E6C1: 68                                             PLA                              ; (From gorout).
E6C2: 68                                             PLA                              ; Retrieve 1st parameter
E6C3: aa                                             TAX
E6C4: 68                                             PLA                              ; Get address of string descriptor
E6C5: 85 8c                                          STA   AS_DSCPTR
E6C7: 68                                             PLA
E6C8: 85 8d                                          STA   AS_DSCPTR + 1
E6CA: a5 91                                          LDA   AS_LENGTH                  ; Restore return address
E6CC: 48                                             PHA
E6CD: 98                                             TYA
E6CE: 48                                             PHA
E6CF: a0 00                                          LDY   #0
E6D1: 8a                                             TXA                              ; Get 1st parameter in a-reg
E6D2: f0 f1               E6F1                       BEQ   AS_GOIQ                    ; Error if 0
E6D4: 60                                             RTS
E6D5:                                                                                 ; --------------------------------
E6D5:                                                                                 ; "Len" function
E6D5:                                                                                 ; --------------------------------
E6D5: 20 db e6                 AS_LEN:               JSR   AS_GETSTR                  ; Get lentgh in y-reg, make fac numeric

Page 77
--------------------------------------------------------------------------------
E6D8: 4c 00 e3                                       JMP   AS_SNGFLT                  ; Float y-reg into fac
E6DB:                                                                                 ; --------------------------------
E6DB:                                                                                 ; If last result is a temporary string, free it
E6DB:                                                                                 ; Make valtyp numeric, return length in y-reg
E6DB:                                                                                 ; --------------------------------
E6DB: 20 fc e5                 AS_GETSTR:            JSR   AS_FRESTR                  ; If last result is a string, free it
E6DE: a2 00                                          LDX   #0                         ; Make valtyp numeric
E6E0: 86 11                                          STX   AS_VALTYP
E6E2: a8                                             TAY                              ; Length of string to y-reg
E6E3: 60                                             RTS
E6E4:                                                                                 ; --------------------------------
E6E4:                                                                                 ; "Asc" function
E6E4:                                                                                 ; --------------------------------
E6E4: 20 db e6                 AS_ASC:               JSR   AS_GETSTR                  ; Get string, get length in y-reg
E6E7: f0 f1               E6F1                       BEQ   AS_GOIQ                    ; Error if length 0
E6E9: a0 00                                          LDY   #0
E6EB: b1 5e                                          LDA   (AS_INDEX),Y               ; Get 1st char of string
E6ED: a8                                             TAY
E6EE: 4c 00 e3                                       JMP   AS_SNGFLT                  ; Float y-reg into fac
E6F1:                                                                                 ; --------------------------------
E6F1: 4c 98 e1                 AS_GOIQ:              JMP   AS_IQERR                   ; Illegal quantity error
E6F4:                                                                                 ; --------------------------------
E6F4:                                                                                 ; Scan to next character and convert expression
E6F4:                                                                                 ; To single byte in x-reg
E6F4:                                                                                 ; --------------------------------
E6F4: 20 b1 00                 AS_GTBYTC:            JSR   AS_CHRGET
E6F7:                                                                                 ; --------------------------------
E6F7:                                                                                 ; Evaluate expression at txtptr, and
E6F7:                                                                                 ; Convert it to single byte in x-reg
E6F7:                                                                                 ; --------------------------------
E6F7: 20 67 dd                 AS_GETBYT:            JSR   AS_FRMNUM
E6FA:                                                                                 ; --------------------------------
E6FA:                                                                                 ; Convert (fac) to single byte integer in x-reg
E6FA:                                                                                 ; --------------------------------
E6FA: 20 07 e1                 AS_CONINT:            JSR   AS_MKINT                   ; Convert if in range -32767 to +32767
E6FD: a6 a0                                          LDX   AS_FAC + 3                 ; Hi-byte must be zero
E6FF: d0 f1               E6F1                       BNE   AS_GOIQ                    ; Value > 255, error
E701: a6 a1                                          LDX   AS_FAC + 4                 ; Value in x-reg
E703: 4c b7 00                                       JMP   AS_CHRGOT                  ; Get next char in a-reg
E706:                                                                                 ; --------------------------------
E706:                                                                                 ; "Val" function
E706:                                                                                 ; --------------------------------
E706: 20 db e6                 AS_VAL:               JSR   AS_GETSTR                  ; Get pointer to string in index
E709: d0 0e               E70E                       BNE   AS_L_VAL_1                 ; Length non-zero
E70B: 4c 4d e8                                       JMP   AS_ZERO_FAC                ; Return 0 if length=0
E70E: a6 b8                    AS_L_VAL_1:           LDX   AS_TXTPTR                  ; Save current txtptr
E710: a4 b9                                          LDY   AS_TXTPTR + 1
E712: 86 ad                                          STX   AS_STRNG2
E714: 84 ae                                          STY   AS_STRNG2 + 1
E716: a6 5e                                          LDX   AS_INDEX
E718: 86 b8                                          STX   AS_TXTPTR                  ; Point txtptr to start of string
E71A: 18                                             CLC
E71B: 65 5e                                          ADC   AS_INDEX                   ; Add length
E71D: 85 60                                          STA   AS_DEST                    ; Point dest to end of string + 1
E71F: a6 5f                                          LDX   AS_INDEX + 1
E721: 86 b9                                          STX   AS_TXTPTR + 1
E723: 90 26               E726                       BCC   AS_L_VAL_2
E725: e8                                             INX
E726: 86 61                    AS_L_VAL_2:           STX   AS_DEST + 1
E728: a0 00                                          LDY   #0                         ; Save byte that follows string

Page 78
--------------------------------------------------------------------------------
E72A: b1 60                                          LDA   (AS_DEST),Y                ; On stack
E72C: 48                                             PHA
E72D: a9 00                                          LDA   #0                         ; And store $00 in its place
E72F: 91 60                                          STA   (AS_DEST),Y
E731:                                                                                 ; <<< That causes a bug if himem = $BFFF, >>>
E731:                                                                                 ; <<< Because storing $00 at $C000 is no  >>>
E731:                                                                                 ; <<< Use; $C000 will always be last char >>>
E731:                                                                                 ; <<< Typed, so fin won't terminate until >>>
E731:                                                                                 ; <<< It sees a zero at $C010!            >>>
E731: 20 b7 00                                       JSR   AS_CHRGOT                  ; Prime the pump
E734: 20 49 ec                                       JSR   AS_FIN                     ; Evaluate string
E737: 68                                             PLA                              ; Get byte that should follow string
E738: a0 00                                          LDY   #0                         ; And put it back
E73A: 91 60                                          STA   (AS_DEST),Y
E73C:                                                                                 ; Restore txtptr
E73C:                                                                                 ; --------------------------------
E73C:                                                                                 ; Copy strng2 into txtptr
E73C:                                                                                 ; --------------------------------
E73C: a6 ad                    AS_POINT:             LDX   AS_STRNG2
E73E: a4 ae                                          LDY   AS_STRNG2 + 1
E740: 86 b8                                          STX   AS_TXTPTR
E742: 84 b9                                          STY   AS_TXTPTR + 1
E744: 60                                             RTS
E745:                                                                                 ; --------------------------------
E745:                                                                                 ; Evaluate "exp1,exp2"
E745:                          
E745:                                                                                 ; Convert exp1 to 16-bit number in linnum
E745:                                                                                 ; Convert exp2 to 8-bit number in x-reg
E745:                                                                                 ; --------------------------------
E745: 20 67 dd                 AS_GTNUM:             JSR   AS_FRMNUM
E748: 20 51 e7                                       JSR   AS_GETADR
E74B:                                                                                 ; --------------------------------
E74B:                                                                                 ; Evaluate ",expression"
E74B:                                                                                 ; Convert expression to single byte in x-reg
E74B:                                                                                 ; --------------------------------
E74B:                          AS_COMBYTE:
E74B: 20 bd de                                       JSR   AS_CHKCOM                  ; Must have comma first
E74E: 4c f7 e6                                       JMP   AS_GETBYT                  ; Convert expression to byte in x-reg
E751:                                                                                 ; --------------------------------
E751:                                                                                 ; Convert (fac) to a 16-bit value in linnum
E751:                                                                                 ; --------------------------------
E751: a5 9d                    AS_GETADR:            LDA   AS_FAC                     ; Fac < 2^16?
E753: c9 91                                          CMP   #$91
E755: b0 f1               E6F1                       BCS   AS_GOIQ                    ; No, illegal quantity
E757: 20 f1 eb                                       JSR   AS_QINT                    ; Convert to integer
E75A: a5 a0                                          LDA   AS_FAC + 3                 ; Copy it into linnum
E75C: a4 a1                                          LDY   AS_FAC + 4
E75E: 84 50                                          STY   AS_LINNUM                  ; To linnum
E760: 85 51                                          STA   AS_LINNUM + 1
E762: 60                                             RTS
E763:                                                                                 ; --------------------------------
E763:                                                                                 ; "Peek" function
E763:                                                                                 ; --------------------------------
E763: a5 50                    AS_PEEK:              LDA   AS_LINNUM                  ; Save (linnum) on stack during peek
E765: 48                                             PHA
E766: a5 51                                          LDA   AS_LINNUM + 1
E768: 48                                             PHA
E769: 20 51 e7                                       JSR   AS_GETADR                  ; Get address peeking at
E76C: a0 00                                          LDY   #0
E76E: b1 50                                          LDA   (AS_LINNUM),Y              ; Take a quick look

Page 79
--------------------------------------------------------------------------------
E770: a8                                             TAY                              ; Value in y-reg
E771: 68                                             PLA                              ; Restore linnum from stack
E772: 85 51                                          STA   AS_LINNUM + 1
E774: 68                                             PLA
E775: 85 50                                          STA   AS_LINNUM
E777: 4c 00 e3                                       JMP   AS_SNGFLT                  ; Float y-reg into fac
E77A:                                                                                 ; --------------------------------
E77A:                                                                                 ; "Poke" statement
E77A:                                                                                 ; --------------------------------
E77A: 20 45 e7                 AS_POKE:              JSR   AS_GTNUM                   ; Get the address and value
E77D: 8a                                             TXA                              ; Value in a,
E77E: a0 00                                          LDY   #0
E780: 91 50                                          STA   (AS_LINNUM),Y              ; Store it away,
E782: 60                                             RTS                              ; And that's all for today
E783:                                                                                 ; --------------------------------
E783:                                                                                 ; "Wait" statement
E783:                                                                                 ; --------------------------------
E783: 20 45 e7                 AS_WAIT:              JSR   AS_GTNUM                   ; Get address in linnum, mask in x
E786: 86 85                                          STX   AS_FORPNT                  ; Save mask
E788: a2 00                                          LDX   #0
E78A: 20 b7 00                                       JSR   AS_CHRGOT                  ; Another parameter?
E78D: f0 92               E792                       BEQ   AS_L_WAIT_1                ; No, use $00 for exclusive-or
E78F: 20 4b e7                                       JSR   AS_COMBYTE                 ; Get xor-mask
E792: 86 86                    AS_L_WAIT_1:          STX   AS_FORPNT + 1              ; Save xor-mask here
E794: a0 00                                          LDY   #0
E796: b1 50                    AS_L_WAIT_2:          LDA   (AS_LINNUM),Y              ; Get byte at address
E798: 45 86                                          EOR   AS_FORPNT + 1              ; Invert specified bits
E79A: 25 85                                          AND   AS_FORPNT                  ; Select specified bits
E79C: f0 96               E796                       BEQ   AS_L_WAIT_2                ; Loop till not 0
E79E: 60                       AS_RTS_10:            RTS
E79F:                                                                                 ; --------------------------------
E79F:                                                                                 ; Add 0l_rts_10_5 to fac
E79F:                                                                                 ; --------------------------------
E79F: a9 63                    AS_FADDH:             LDA   #<AS_CON_HALF              ; Fac+1/2 -> fac
E7A1: a0 ee                                          LDY   #>AS_CON_HALF
E7A3: 4c bd e7                                       JMP   AS_FADD
E7A6:                                                                                 ; --------------------------------
E7A6:                                                                                 ; Fac = (y,a) - fac
E7A6:                                                                                 ; --------------------------------
E7A6: 20 e2 e9                 AS_FSUB:              JSR   AS_LOAD_ARG_FROM_YA
E7A9:                                                                                 ; --------------------------------
E7A9:                                                                                 ; Fac = arg - fac
E7A9:                                                                                 ; --------------------------------
E7A9: a5 a2                    AS_FSUBT:             LDA   AS_FAC_SIGN                ; Complement fac and add
E7AB: 49 ff                                          EOR   #$FF
E7AD: 85 a2                                          STA   AS_FAC_SIGN
E7AF: 45 aa                                          EOR   AS_ARG_SIGN                ; Fix sgncpr too
E7B1: 85 ab                                          STA   AS_SGNCPR
E7B3: a5 9d                                          LDA   AS_FAC                     ; Make status show fac exponent
E7B5: 4c c0 e7                                       JMP   AS_FADDT                   ; Join fadd
E7B8:                                                                                 ; --------------------------------
E7B8:                                                                                 ; Shift smaller argument more than 7 bits
E7B8:                                                                                 ; --------------------------------
E7B8: 20 ef e8                 AS_FADD_1:            JSR   AS_SHIFT_RIGHT             ; Align radix by shifting
E7BB: 90 f9               E7F9                       BCC   AS_FADD_3                  ; ...Always
E7BD:                                                                                 ; --------------------------------
E7BD:                                                                                 ; Fac = (y,a) + fac
E7BD:                                                                                 ; --------------------------------
E7BD: 20 e2 e9                 AS_FADD:              JSR   AS_LOAD_ARG_FROM_YA
E7C0:                                                                                 ; --------------------------------

Page 80
--------------------------------------------------------------------------------
E7C0:                                                                                 ; Fac = arg + fac
E7C0:                                                                                 ; --------------------------------
E7C0: d0 c5               E7C5 AS_FADDT:             BNE   AS_L_FADDT_1               ; Fac is non-zero
E7C2: 4c 52 eb                                       JMP   AS_COPY_ARG_TO_FAC         ; Fac = 0 + arg
E7C5: a6 ac                    AS_L_FADDT_1:         LDX   AS_FAC_EXTENSION
E7C7: 86 92                                          STX   AS_ARG_EXTENSION
E7C9: a2 a5                                          LDX   #AS_ARG                    ; Set up to shift arg
E7CB: a5 a5                                          LDA   AS_ARG                     ; Exponent
E7CD:                                                                                 ; --------------------------------
E7CD: a8                       AS_FADD_2:            TAY
E7CE: f0 9e               E79E                       BEQ   AS_RTS_10                  ; If arg=0, we are finished
E7D0: 38                                             SEC
E7D1: e5 9d                                          SBC   AS_FAC                     ; Get diffnce of exp
E7D3: f0 f9               E7F9                       BEQ   AS_FADD_3                  ; Go add if same exp
E7D5: 90 e9               E7E9                       BCC   AS_L_FADD_2_1              ; Arg has smaller exponent
E7D7: 84 9d                                          STY   AS_FAC                     ; Exp has smaller exponent
E7D9: a4 aa                                          LDY   AS_ARG_SIGN
E7DB: 84 a2                                          STY   AS_FAC_SIGN
E7DD: 49 ff                                          EOR   #$FF                       ; Complement shift count
E7DF: 69 00                                          ADC   #0                         ; Carry was set
E7E1: a0 00                                          LDY   #0
E7E3: 84 92                                          STY   AS_ARG_EXTENSION
E7E5: a2 9d                                          LDX   #AS_FAC                    ; Set up to shift fac
E7E7: d0 ed               E7ED                       BNE   AS_L_FADD_2_2              ; ...Always
E7E9: a0 00                    AS_L_FADD_2_1:        LDY   #0
E7EB: 84 ac                                          STY   AS_FAC_EXTENSION
E7ED: c9 f9                    AS_L_FADD_2_2:        CMP   #$F9                       ; Shift more than 7 bits?
E7EF: 30 b8               E7B8                       BMI   AS_FADD_1                  ; Yes
E7F1: a8                                             TAY                              ; Index to # of shifts
E7F2: a5 ac                                          LDA   AS_FAC_EXTENSION
E7F4: 56 01                                          LSR   1,X                        ; Start shifting...
E7F6: 20 06 e9                                       JSR   AS_SHIFT_RIGHT_4           ; ...Complete shifting
E7F9: 24 ab                    AS_FADD_3:            BIT   AS_SGNCPR                  ; Do fac and arg have same signs?
E7FB: 10 54               E854                       BPL   AS_FADD_4                  ; Yes, add the mantissas
E7FD: a0 9d                                          LDY   #AS_FAC                    ; No, subtract smaller from larger
E7FF: e0 a5                                          CPX   #AS_ARG                    ; Which was adjusted?
E801: f0 05               E805                       BEQ   AS_L_FADD_3_1              ; If arg, do fac-arg
E803: a0 a5                                          LDY   #AS_ARG                    ; If fac, do arg-fac
E805: 38                       AS_L_FADD_3_1:        SEC                              ; Subtract smaller from larger (we hope)
E806: 49 ff                                          EOR   #$FF                       ; (If exponents were equal, we might be
E808: 65 92                                          ADC   AS_ARG_EXTENSION           ; Subtracting larger from smaller)
E80A: 85 ac                                          STA   AS_FAC_EXTENSION
E80C: b9 04 00                                       LDA   4,Y
E80F: f5 04                                          SBC   4,X
E811: 85 a1                                          STA   AS_FAC + 4
E813: b9 03 00                                       LDA   3,Y
E816: f5 03                                          SBC   3,X
E818: 85 a0                                          STA   AS_FAC + 3
E81A: b9 02 00                                       LDA   2,Y
E81D: f5 02                                          SBC   2,X
E81F: 85 9f                                          STA   AS_FAC + 2
E821: b9 01 00                                       LDA   1,Y
E824: f5 01                                          SBC   1,X
E826: 85 9e                                          STA   AS_FAC + 1
E828:                                                                                 ; --------------------------------
E828:                                                                                 ; Normalize value in fac
E828:                                                                                 ; --------------------------------
E828:                          AS_NORMALIZE_FAC_1:
E828: b0 2d               E82D                       BCS   AS_NORMALIZE_FAC_2
E82A: 20 9d e8                                       JSR   AS_COMPLEMENT_FAC

Page 81
--------------------------------------------------------------------------------
E82D:                                                                                 ; --------------------------------
E82D:                          AS_NORMALIZE_FAC_2:
E82D: a0 00                                          LDY   #0                         ; Shift up signif digit
E82F: 98                                             TYA                              ; Start a=0, count shifts in a-reg
E830: 18                                             CLC
E831: a6 9e                    AS_L_NORMALIZE_FAC_2_1: LDX   AS_FAC + 1                 ; Look at most significant byte
E833: d0 7f               E87F                       BNE   AS_NORMALIZE_FAC_4         ; Some 1-bits here
E835: a6 9f                                          LDX   AS_FAC + 2                 ; Hi-byte of mantissa still zero,
E837: 86 9e                                          STX   AS_FAC + 1                 ; So do a fast 8-bit shuffle
E839: a6 a0                                          LDX   AS_FAC + 3
E83B: 86 9f                                          STX   AS_FAC + 2
E83D: a6 a1                                          LDX   AS_FAC + 4
E83F: 86 a0                                          STX   AS_FAC + 3
E841: a6 ac                                          LDX   AS_FAC_EXTENSION
E843: 86 a1                                          STX   AS_FAC + 4
E845: 84 ac                                          STY   AS_FAC_EXTENSION           ; Zero extension byte
E847: 69 08                                          ADC   #8                         ; Bump shift count
E849: c9 20                                          CMP   #32                        ; Done 4 times yet?
E84B: d0 31               E831                       BNE   AS_L_NORMALIZE_FAC_2_1     ; No, still might be some 1's
E84D:                                                                                 ; Yes, value of fac is zero
E84D:                                                                                 ; --------------------------------
E84D:                                                                                 ; Set fac = 0
E84D:                                                                                 ; (Only necessary to zero exponent and sign cells)
E84D:                                                                                 ; --------------------------------
E84D:                          AS_ZERO_FAC:
E84D: a9 00                                          LDA   #0
E84F:                                                                                 ; --------------------------------
E84F:                          AS_STA_IN_FAC_SIGN_AND_EXP:
E84F: 85 9d                                          STA   AS_FAC
E851:                                                                                 ; --------------------------------
E851:                          AS_STA_IN_FAC_SIGN:
E851: 85 a2                                          STA   AS_FAC_SIGN
E853: 60                                             RTS
E854:                                                                                 ; --------------------------------
E854:                                                                                 ; Add mantissas of fac and arg into fac
E854:                                                                                 ; --------------------------------
E854: 65 92                    AS_FADD_4:            ADC   AS_ARG_EXTENSION
E856: 85 ac                                          STA   AS_FAC_EXTENSION
E858: a5 a1                                          LDA   AS_FAC + 4
E85A: 65 a9                                          ADC   AS_ARG + 4
E85C: 85 a1                                          STA   AS_FAC + 4
E85E: a5 a0                                          LDA   AS_FAC + 3
E860: 65 a8                                          ADC   AS_ARG + 3
E862: 85 a0                                          STA   AS_FAC + 3
E864: a5 9f                                          LDA   AS_FAC + 2
E866: 65 a7                                          ADC   AS_ARG + 2
E868: 85 9f                                          STA   AS_FAC + 2
E86A: a5 9e                                          LDA   AS_FAC + 1
E86C: 65 a6                                          ADC   AS_ARG + 1
E86E: 85 9e                                          STA   AS_FAC + 1
E870: 4c 8c e8                                       JMP   AS_NORMALIZE_FAC_5
E873:                                                                                 ; --------------------------------
E873:                                                                                 ; Finish normalizing fac
E873:                                                                                 ; --------------------------------
E873:                          AS_NORMALIZE_FAC_3:
E873: 69 01                                          ADC   #1                         ; Count bits shifted
E875: 06 ac                                          ASL   AS_FAC_EXTENSION
E877: 26 a1                                          ROL   AS_FAC + 4
E879: 26 a0                                          ROL   AS_FAC + 3
E87B: 26 9f                                          ROL   AS_FAC + 2

Page 82
--------------------------------------------------------------------------------
E87D: 26 9e                                          ROL   AS_FAC + 1
E87F:                                                                                 ; --------------------------------
E87F:                          AS_NORMALIZE_FAC_4:
E87F: 10 73               E873                       BPL   AS_NORMALIZE_FAC_3         ; Until top bit = 1
E881: 38                                             SEC
E882: e5 9d                                          SBC   AS_FAC                     ; Adjust exponent by bits shifted
E884: b0 4d               E84D                       BCS   AS_ZERO_FAC                ; Underflow, return zero
E886: 49 ff                                          EOR   #$FF
E888: 69 01                                          ADC   #1                         ; 2'S complement
E88A: 85 9d                                          STA   AS_FAC                     ; Carry=0 now
E88C:                                                                                 ; --------------------------------
E88C:                          AS_NORMALIZE_FAC_5:
E88C: 90 9c               E89C                       BCC   AS_RTS_11                  ; Unless mantissa carried
E88E:                                                                                 ; --------------------------------
E88E:                          AS_NORMALIZE_FAC_6:
E88E: e6 9d                                          INC   AS_FAC                     ; Mantissa carried, so shift right
E890: f0 d4               E8D4                       BEQ   AS_OVERFLOW                ; Overflow if exponent too big
E892: 66 9e                                          ROR   AS_FAC + 1
E894: 66 9f                                          ROR   AS_FAC + 2
E896: 66 a0                                          ROR   AS_FAC + 3
E898: 66 a1                                          ROR   AS_FAC + 4
E89A: 66 ac                                          ROR   AS_FAC_EXTENSION
E89C: 60                       AS_RTS_11:            RTS
E89D:                                                                                 ; --------------------------------
E89D:                                                                                 ; 2'S complement of fac
E89D:                                                                                 ; --------------------------------
E89D:                          AS_COMPLEMENT_FAC:
E89D: a5 a2                                          LDA   AS_FAC_SIGN
E89F: 49 ff                                          EOR   #$FF
E8A1: 85 a2                                          STA   AS_FAC_SIGN
E8A3:                                                                                 ; --------------------------------
E8A3:                                                                                 ; 2'S complement of fac mantissa only
E8A3:                                                                                 ; --------------------------------
E8A3:                          AS_COMPLEMENT_FAC_MANTISSA:
E8A3: a5 9e                                          LDA   AS_FAC + 1
E8A5: 49 ff                                          EOR   #$FF
E8A7: 85 9e                                          STA   AS_FAC + 1
E8A9: a5 9f                                          LDA   AS_FAC + 2
E8AB: 49 ff                                          EOR   #$FF
E8AD: 85 9f                                          STA   AS_FAC + 2
E8AF: a5 a0                                          LDA   AS_FAC + 3
E8B1: 49 ff                                          EOR   #$FF
E8B3: 85 a0                                          STA   AS_FAC + 3
E8B5: a5 a1                                          LDA   AS_FAC + 4
E8B7: 49 ff                                          EOR   #$FF
E8B9: 85 a1                                          STA   AS_FAC + 4
E8BB: a5 ac                                          LDA   AS_FAC_EXTENSION
E8BD: 49 ff                                          EOR   #$FF
E8BF: 85 ac                                          STA   AS_FAC_EXTENSION
E8C1: e6 ac                                          INC   AS_FAC_EXTENSION           ; Start incrementing mantissa
E8C3: d0 d3               E8D3                       BNE   AS_RTS_12
E8C5:                                                                                 ; --------------------------------
E8C5:                                                                                 ; Increment fac mantissa
E8C5:                                                                                 ; --------------------------------
E8C5:                          AS_INCREMENT_FAC_MANTISSA:
E8C5: e6 a1                                          INC   AS_FAC + 4                 ; Add carry from extra
E8C7: d0 d3               E8D3                       BNE   AS_RTS_12
E8C9: e6 a0                                          INC   AS_FAC + 3
E8CB: d0 d3               E8D3                       BNE   AS_RTS_12
E8CD: e6 9f                                          INC   AS_FAC + 2

Page 83
--------------------------------------------------------------------------------
E8CF: d0 d3               E8D3                       BNE   AS_RTS_12
E8D1: e6 9e                                          INC   AS_FAC + 1
E8D3: 60                       AS_RTS_12:            RTS
E8D4:                                                                                 ; --------------------------------
E8D4:                          AS_OVERFLOW:
E8D4: a2 45                                          LDX   #AS_ERR_OVERFLOW
E8D6: 4c 12 d4                                       JMP   AS_ERROR
E8D9:                                                                                 ; --------------------------------
E8D9:                                                                                 ; Shift 1,x thru 5,x right
E8D9:                                                                                 ; (A) = negative of shift count
E8D9:                                                                                 ; (X) = pointer to bytes to be shifted
E8D9:                          
E8D9:                                                                                 ; Return with (y)=0, carry=0, extension bits in a-reg
E8D9:                                                                                 ; --------------------------------
E8D9:                          AS_SHIFT_RIGHT_1:
E8D9: a2 61                                          LDX   #AS_RESULT - 1             ; Shift result right
E8DB:                          AS_SHIFT_RIGHT_2:
E8DB: b4 04                                          LDY   4,X                        ; Shift 8 bits right
E8DD: 84 ac                                          STY   AS_FAC_EXTENSION
E8DF: b4 03                                          LDY   3,X
E8E1: 94 04                                          STY   4,X
E8E3: b4 02                                          LDY   2,X
E8E5: 94 03                                          STY   3,X
E8E7: b4 01                                          LDY   1,X
E8E9: 94 02                                          STY   2,X
E8EB: a4 a4                                          LDY   AS_SHIFT_SIGN_EXT          ; $00 If +, $FF if -
E8ED: 94 01                                          STY   1,X
E8EF:                                                                                 ; --------------------------------
E8EF:                                                                                 ; Main entry to right shift subroutine
E8EF:                                                                                 ; --------------------------------
E8EF:                          AS_SHIFT_RIGHT:
E8EF: 69 08                                          ADC   #8
E8F1: 30 db               E8DB                       BMI   AS_SHIFT_RIGHT_2           ; Still more than 8 bits to go
E8F3: f0 db               E8DB                       BEQ   AS_SHIFT_RIGHT_2           ; Exactly 8 more bits to go
E8F5: e9 08                                          SBC   #8                         ; Undo adc above
E8F7: a8                                             TAY                              ; Remaining shift count
E8F8: a5 ac                                          LDA   AS_FAC_EXTENSION
E8FA: b0 10               E910                       BCS   AS_SHIFT_RIGHT_5           ; Finished shifting
E8FC:                          AS_SHIFT_RIGHT_3:
E8FC: 16 01                    AS_L:                 ASL   1,X                        ; Sign -> carry (sign extension)
E8FE: 90 02               E902                       BCC   AS_L_L_1                   ; Sign +
E900: f6 01                                          INC   1,X                        ; Put sign in lsb
E902: 76 01                    AS_L_L_1:             ROR   1,X                        ; Restore value, sign still in carry
E904: 76 01                                          ROR   1,X                        ; Start right shift, inserting sign
E906:                                                                                 ; --------------------------------
E906:                                                                                 ; Enter here for short shifts with no sign extension
E906:                                                                                 ; --------------------------------
E906:                          AS_SHIFT_RIGHT_4:
E906: 76 02                                          ROR   2,X
E908: 76 03                                          ROR   3,X
E90A: 76 04                                          ROR   4,X
E90C: 6a                                             ROR                              ; Extension
E90D: c8                                             INY                              ; Count the shift
E90E: d0 fc               E8FC                       BNE   AS_SHIFT_RIGHT_3
E910:                          AS_SHIFT_RIGHT_5:
E910: 18                                             CLC                              ; Return with carry clear
E911: 60                                             RTS
E912:                                                                                 ; --------------------------------
E912:                                                                                 ; --------------------------------
E912:                          

Page 84
--------------------------------------------------------------------------------
E912: 81 00 00 00 00           AS_CON_ONE:           .byte $81, $00, $00, $00, $00
E917:                                                                                 ; --------------------------------
E917: 03                       AS_POLY_LOG:          .byte 3                          ; # Of coefficients - 1
E918: 7f 5e 56 cb 79                                 .byte $7F, $5E, $56, $CB, $79    ; * X^7 +
E91D: 80 13 9b 0b 64                                 .byte $80, $13, $9B, $0B, $64    ; * X^5 +
E922: 80 76 38 93 16                                 .byte $80, $76, $38, $93, $16    ; * X^3 +
E927: 82 38 aa 3b 20                                 .byte $82, $38, $AA, $3B, $20    ; * X
E92C:                                                                                 ; --------------------------------
E92C:                          
E92C: 80 35 04 f3 34           AS_CON_SQR_HALF:      .byte $80, $35, $04, $F3, $34
E931: 81 35 04 f3 34           AS_CON_SQR_TWO:       .byte $81, $35, $04, $F3, $34
E936: 80 80 00 00 00           AS_CON_NEG_HALF:      .byte $80, $80, $00, $00, $00
E93B: 80 31 72 17 f8           AS_CON_LOG_TWO:       .byte $80, $31, $72, $17, $F8
E940:                                                                                 ; --------------------------------
E940:                                                                                 ; "Log" function
E940:                                                                                 ; --------------------------------
E940: 20 81 eb                 AS_LOG:               JSR   AS_SIGN                    ; Get -1,0,+1 in a-reg for fac
E943: f0 47               E947                       BEQ   AS_GIQ                     ; Log (0) is illegal
E945: 10 4a               E94A                       BPL   AS_LOG_2                   ; >0 Is ok
E947: 4c 98 e1                 AS_GIQ:               JMP   AS_IQERR                   ; <= 0 Is no good
E94A: a5 9d                    AS_LOG_2:             LDA   AS_FAC                     ; First get log base 2
E94C: e9 7f                                          SBC   #$7F                       ; Save unbiased exponent
E94E: 48                                             PHA
E94F: a9 80                                          LDA   #$80                       ; Normalize between l_log_2_5 and 1
E951: 85 9d                                          STA   AS_FAC
E953: a9 2c                                          LDA   #<AS_CON_SQR_HALF
E955: a0 e9                                          LDY   #>AS_CON_SQR_HALF
E957: 20 bd e7                                       JSR   AS_FADD                    ; Compute via series of odd
E95A: a9 31                                          LDA   #<AS_CON_SQR_TWO           ; Powers of
E95C: a0 e9                                          LDY   #>AS_CON_SQR_TWO           ; (Sqr(2)x-1)/(sqr(2)x+1)
E95E: 20 65 ea                                       JSR   AS_FDIV
E961: a9 12                                          LDA   #<AS_CON_ONE
E963: a0 e9                                          LDY   #>AS_CON_ONE
E965: 20 a6 e7                                       JSR   AS_FSUB
E968: a9 17                                          LDA   #<AS_POLY_LOG
E96A: a0 e9                                          LDY   #>AS_POLY_LOG
E96C: 20 5b ef                                       JSR   AS_POLYNOMIAL_ODD
E96F: a9 36                                          LDA   #<AS_CON_NEG_HALF
E971: a0 e9                                          LDY   #>AS_CON_NEG_HALF
E973: 20 bd e7                                       JSR   AS_FADD
E976: 68                                             PLA
E977: 20 d4 ec                                       JSR   AS_ADDACC                  ; Add original exponent
E97A: a9 3b                                          LDA   #<AS_CON_LOG_TWO           ; Multiply by log(2) to form
E97C: a0 e9                                          LDY   #>AS_CON_LOG_TWO           ; Natural log of x
E97E:                                                                                 ; --------------------------------
E97E:                                                                                 ; Fac = (y,a) * fac
E97E:                                                                                 ; --------------------------------
E97E: 20 e2 e9                 AS_FMULT:             JSR   AS_LOAD_ARG_FROM_YA
E981:                                                                                 ; --------------------------------
E981:                                                                                 ; Fac = arg * fac
E981:                                                                                 ; --------------------------------
E981: d0 86               E986 AS_FMULTT:            BNE   AS_L_FMULTT_1              ; Fac .ne. zero
E983: 4c e1 e9                                       JMP   AS_RTS_13                  ; Fac = 0 * arg = 0
E986:                                                                                 ; <<< Why is line above just "rts"? >>>
E986:                                                                                 ; --------------------------------
E986:                          
E986:                                                                                 ; --------------------------------
E986: 20 0d ea                 AS_L_FMULTT_1:        JSR   AS_ADD_EXPONENTS
E989: a9 00                                          LDA   #0
E98B: 85 62                                          STA   AS_RESULT                  ; Init product = 0

Page 85
--------------------------------------------------------------------------------
E98D: 85 63                                          STA   AS_RESULT + 1
E98F: 85 64                                          STA   AS_RESULT + 2
E991: 85 65                                          STA   AS_RESULT + 3
E993: a5 ac                                          LDA   AS_FAC_EXTENSION
E995: 20 af e9                                       JSR   AS_MULTIPLY_1
E998: a5 a1                                          LDA   AS_FAC + 4
E99A: 20 af e9                                       JSR   AS_MULTIPLY_1
E99D: a5 a0                                          LDA   AS_FAC + 3
E99F: 20 af e9                                       JSR   AS_MULTIPLY_1
E9A2: a5 9f                                          LDA   AS_FAC + 2
E9A4: 20 af e9                                       JSR   AS_MULTIPLY_1
E9A7: a5 9e                                          LDA   AS_FAC + 1
E9A9: 20 b4 e9                                       JSR   AS_MULTIPLY_2
E9AC: 4c e5 ea                                       JMP   AS_COPY_RESULT_INTO_FAC
E9AF:                                                                                 ; --------------------------------
E9AF:                                                                                 ; Multiply arg by (a) into result
E9AF:                                                                                 ; --------------------------------
E9AF:                          AS_MULTIPLY_1:
E9AF: d0 b4               E9B4                       BNE   AS_MULTIPLY_2              ; This byte non-zero
E9B1: 4c d9 e8                                       JMP   AS_SHIFT_RIGHT_1           ; (A)=0, just shift arg right 8
E9B4:                                                                                 ; --------------------------------
E9B4:                          AS_MULTIPLY_2:
E9B4: 4a                                             LSR                              ; Shift bit into carry
E9B5: 09 80                                          ORA   #$80                       ; Supply sentinel bit
E9B7: a8                       AS_L_MULTIPLY_2_1:    TAY                              ; Remaining multiplier to y
E9B8: 90 d3               E9D3                       BCC   AS_L_MULTIPLY_2_2          ; This multiplier bit = 0
E9BA: 18                                             CLC                              ; = 1, So add arg to result
E9BB: a5 65                                          LDA   AS_RESULT + 3
E9BD: 65 a9                                          ADC   AS_ARG + 4
E9BF: 85 65                                          STA   AS_RESULT + 3
E9C1: a5 64                                          LDA   AS_RESULT + 2
E9C3: 65 a8                                          ADC   AS_ARG + 3
E9C5: 85 64                                          STA   AS_RESULT + 2
E9C7: a5 63                                          LDA   AS_RESULT + 1
E9C9: 65 a7                                          ADC   AS_ARG + 2
E9CB: 85 63                                          STA   AS_RESULT + 1
E9CD: a5 62                                          LDA   AS_RESULT
E9CF: 65 a6                                          ADC   AS_ARG + 1
E9D1: 85 62                                          STA   AS_RESULT
E9D3: 66 62                    AS_L_MULTIPLY_2_2:    ROR   AS_RESULT                  ; Shift result right 1
E9D5: 66 63                                          ROR   AS_RESULT + 1
E9D7: 66 64                                          ROR   AS_RESULT + 2
E9D9: 66 65                                          ROR   AS_RESULT + 3
E9DB: 66 ac                                          ROR   AS_FAC_EXTENSION
E9DD: 98                                             TYA                              ; Remaining multiplier
E9DE: 4a                                             LSR                              ; Lsb into carry
E9DF: d0 b7               E9B7                       BNE   AS_L_MULTIPLY_2_1          ; If sentinel still here, multiply
E9E1: 60                       AS_RTS_13:            RTS                              ; 8 X 32 completed
E9E2:                                                                                 ; --------------------------------
E9E2:                                                                                 ; Unpack number at (y,a) into arg
E9E2:                                                                                 ; --------------------------------
E9E2:                          AS_LOAD_ARG_FROM_YA:
E9E2: 85 5e                                          STA   AS_INDEX                   ; Use index for pntr
E9E4: 84 5f                                          STY   AS_INDEX + 1
E9E6: a0 04                                          LDY   #4                         ; Five bytes to move
E9E8: b1 5e                                          LDA   (AS_INDEX),Y
E9EA: 85 a9                                          STA   AS_ARG + 4
E9EC: 88                                             DEY
E9ED: b1 5e                                          LDA   (AS_INDEX),Y
E9EF: 85 a8                                          STA   AS_ARG + 3

Page 86
--------------------------------------------------------------------------------
E9F1: 88                                             DEY
E9F2: b1 5e                                          LDA   (AS_INDEX),Y
E9F4: 85 a7                                          STA   AS_ARG + 2
E9F6: 88                                             DEY
E9F7: b1 5e                                          LDA   (AS_INDEX),Y
E9F9: 85 aa                                          STA   AS_ARG_SIGN
E9FB: 45 a2                                          EOR   AS_FAC_SIGN                ; Set combined sign for mult/div
E9FD: 85 ab                                          STA   AS_SGNCPR
E9FF: a5 aa                                          LDA   AS_ARG_SIGN                ; Turn on normalized invisible bit
EA01: 09 80                                          ORA   #$80                       ; To complete mantissa
EA03: 85 a6                                          STA   AS_ARG + 1
EA05: 88                                             DEY
EA06: b1 5e                                          LDA   (AS_INDEX),Y
EA08: 85 a5                                          STA   AS_ARG                     ; Exponent
EA0A: a5 9d                                          LDA   AS_FAC                     ; Set status bits on fac exponent
EA0C: 60                                             RTS
EA0D:                                                                                 ; --------------------------------
EA0D:                                                                                 ; Add exponents of arg and fac
EA0D:                                                                                 ; (Called by fmult and fdiv)
EA0D:                          
EA0D:                                                                                 ; Also check for overflow, and set result sign
EA0D:                                                                                 ; --------------------------------
EA0D:                          AS_ADD_EXPONENTS:
EA0D: a5 a5                                          LDA   AS_ARG
EA0F:                                                                                 ; --------------------------------
EA0F:                          AS_ADD_EXPONENTS_1:
EA0F: f0 30               EA30                       BEQ   AS_ZERO                    ; If arg=0, result is zero
EA11: 18                                             CLC
EA12: 65 9d                                          ADC   AS_FAC
EA14: 90 1a               EA1A                       BCC   AS_L_ADD_EXPONENTS_1_1     ; In range
EA16: 30 35               EA35                       BMI   AS_JOV                     ; Overflow
EA18: 18                                             CLC
EA19: 2c                                             .byte $2C                        ; Trick to skip
EA1A: 10 30               EA30 AS_L_ADD_EXPONENTS_1_1: BPL   AS_ZERO                    ; Overflow
EA1C: 69 80                                          ADC   #$80                       ; Re-bias
EA1E: 85 9d                                          STA   AS_FAC                     ; Result
EA20: d0 25               EA25                       BNE   AS_L_ADD_EXPONENTS_1_2
EA22: 4c 51 e8                                       JMP   AS_STA_IN_FAC_SIGN         ; Result is zero
EA25:                                                                                 ; <<< Crazy to jump way back there! >>>
EA25:                                                                                 ; <<< Same identical code is below! >>>
EA25:                                                                                 ; <<< Instead of bne l_add_exponents_1_2, jmp sta.in.fac.sign   >>>
EA25:                                                                                 ; <<< Only needed beq l_add_exponents_1_3            >>>
EA25: a5 ab                    AS_L_ADD_EXPONENTS_1_2: LDA   AS_SGNCPR                  ; Set sign of result
EA27: 85 a2                    AS_L_ADD_EXPONENTS_1_3: STA   AS_FAC_SIGN
EA29: 60                                             RTS
EA2A:                                                                                 ; --------------------------------
EA2A:                                                                                 ; If (fac) is positive, give "overflow" error
EA2A:                                                                                 ; If (fac) is negative, set fac=0, pop one return, and rts
EA2A:                                                                                 ; Called from "exp" function
EA2A:                                                                                 ; --------------------------------
EA2A:                          AS_OUTOFRNG:
EA2A: a5 a2                                          LDA   AS_FAC_SIGN
EA2C: 49 ff                                          EOR   #$FF
EA2E: 30 35               EA35                       BMI   AS_JOV                     ; Error if positive #
EA30:                                                                                 ; --------------------------------
EA30:                                                                                 ; Pop return address and set fac=0
EA30:                                                                                 ; --------------------------------
EA30: 68                       AS_ZERO:              PLA
EA31: 68                                             PLA
EA32: 4c 4d e8                                       JMP   AS_ZERO_FAC

Page 87
--------------------------------------------------------------------------------
EA35:                                                                                 ; --------------------------------
EA35: 4c d4 e8                 AS_JOV:               JMP   AS_OVERFLOW
EA38:                                                                                 ; --------------------------------
EA38:                                                                                 ; Multiply fac by 10
EA38:                                                                                 ; --------------------------------
EA38: 20 62 eb                 AS_MUL10:             JSR   AS_COPY_FAC_TO_ARG_ROUNDED
EA3B: aa                                             TAX                              ; Text fac exponent
EA3C: f0 4e               EA4E                       BEQ   AS_L_MUL10_1               ; Finished if fac=0
EA3E: 18                                             CLC
EA3F: 69 02                                          ADC   #2                         ; Add 2 to exponent gives (fac)*4
EA41: b0 35               EA35                       BCS   AS_JOV                     ; Overflow
EA43: a2 00                                          LDX   #0
EA45: 86 ab                                          STX   AS_SGNCPR
EA47: 20 cd e7                                       JSR   AS_FADD_2                  ; Makes (fac)*5
EA4A: e6 9d                                          INC   AS_FAC                     ; *2, Makes (fac)*10
EA4C: f0 35               EA35                       BEQ   AS_JOV                     ; Overflow
EA4E: 60                       AS_L_MUL10_1:         RTS
EA4F:                                                                                 ; --------------------------------
EA4F:                          
EA4F: 84 20 00 00 00           AS_CON_TEN:           .byte $84, $20, $00, $00, $00
EA54:                                                                                 ; --------------------------------
EA54:                                                                                 ; Divide fac by 10
EA54:                                                                                 ; --------------------------------
EA54: 20 62 eb                 AS_DIV10:             JSR   AS_COPY_FAC_TO_ARG_ROUNDED
EA57: a9 4f                                          LDA   #<AS_CON_TEN               ; Set up to put
EA59: a0 ea                                          LDY   #>AS_CON_TEN               ; 10 In fac
EA5B: a2 00                                          LDX   #0
EA5D:                                                                                 ; --------------------------------
EA5D:                                                                                 ; Fac = arg / (y,a)
EA5D:                                                                                 ; --------------------------------
EA5D: 86 ab                    AS_DIV:               STX   AS_SGNCPR
EA5F: 20 f8 ea                                       JSR   AS_LOAD_FAC_FROM_YA
EA62: 4c 68 ea                                       JMP   AS_FDIVT                   ; Divide arg by fac
EA65:                                                                                 ; --------------------------------
EA65:                                                                                 ; Fac = (y,a) / fac
EA65:                                                                                 ; --------------------------------
EA65: 20 e2 e9                 AS_FDIV:              JSR   AS_LOAD_ARG_FROM_YA
EA68:                                                                                 ; --------------------------------
EA68:                                                                                 ; Fac = arg / fac
EA68:                                                                                 ; --------------------------------
EA68: f0 e0               EAE0 AS_FDIVT:             BEQ   AS_L_FDIVT_8               ; Fac = 0, divide by zero error
EA6A: 20 71 eb                                       JSR   AS_ROUND_FAC
EA6D: a9 00                                          LDA   #0                         ; Negate fac exponent, so
EA6F: 38                                             SEC                              ; Add.exponents forms difference
EA70: e5 9d                                          SBC   AS_FAC
EA72: 85 9d                                          STA   AS_FAC
EA74: 20 0d ea                                       JSR   AS_ADD_EXPONENTS
EA77: e6 9d                                          INC   AS_FAC
EA79: f0 35               EA35                       BEQ   AS_JOV                     ; Overflow
EA7B: a2 fc                                          LDX   #$FC                       ; Index for result
EA7D: a9 01                                          LDA   #1                         ; Sentinel
EA7F: a4 a6                    AS_L_FDIVT_1:         LDY   AS_ARG + 1                 ; See if fac can be subtracted
EA81: c4 9e                                          CPY   AS_FAC + 1
EA83: d0 95               EA95                       BNE   AS_L_FDIVT_2
EA85: a4 a7                                          LDY   AS_ARG + 2
EA87: c4 9f                                          CPY   AS_FAC + 2
EA89: d0 95               EA95                       BNE   AS_L_FDIVT_2
EA8B: a4 a8                                          LDY   AS_ARG + 3
EA8D: c4 a0                                          CPY   AS_FAC + 3
EA8F: d0 95               EA95                       BNE   AS_L_FDIVT_2

Page 88
--------------------------------------------------------------------------------
EA91: a4 a9                                          LDY   AS_ARG + 4
EA93: c4 a1                                          CPY   AS_FAC + 4
EA95: 08                       AS_L_FDIVT_2:         PHP                              ; Save the answer, and also roll the
EA96: 2a                                             ROL                              ; Bit into the quotient, sentinel out
EA97: 90 a2               EAA2                       BCC   AS_L_FDIVT_3               ; No sentinel, still not 8 trips
EA99: e8                                             INX                              ; 8 Trips, store byte of quotient
EA9A: 95 65                                          STA   AS_RESULT + 3,X
EA9C: f0 d0               EAD0                       BEQ   AS_L_FDIVT_6               ; 32-Bits completed
EA9E: 10 d4               EAD4                       BPL   AS_L_FDIVT_7               ; Final exit when x=1
EAA0: a9 01                                          LDA   #1                         ; Re-start sentinel
EAA2: 28                       AS_L_FDIVT_3:         PLP                              ; Get answer, can fac be subtracted?
EAA3: b0 b3               EAB3                       BCS   AS_L_FDIVT_5               ; Yes, do it
EAA5: 06 a9                    AS_L_FDIVT_4:         ASL   AS_ARG + 4                 ; No, shift arg left
EAA7: 26 a8                                          ROL   AS_ARG + 3
EAA9: 26 a7                                          ROL   AS_ARG + 2
EAAB: 26 a6                                          ROL   AS_ARG + 1
EAAD: b0 95               EA95                       BCS   AS_L_FDIVT_2               ; Another trip
EAAF: 30 7f               EA7F                       BMI   AS_L_FDIVT_1               ; Have to compare first
EAB1: 10 95               EA95                       BPL   AS_L_FDIVT_2               ; ...Always
EAB3: a8                       AS_L_FDIVT_5:         TAY                              ; Save quotient/sentinel byte
EAB4: a5 a9                                          LDA   AS_ARG + 4                 ; Subtract fac from arg once
EAB6: e5 a1                                          SBC   AS_FAC + 4
EAB8: 85 a9                                          STA   AS_ARG + 4
EABA: a5 a8                                          LDA   AS_ARG + 3
EABC: e5 a0                                          SBC   AS_FAC + 3
EABE: 85 a8                                          STA   AS_ARG + 3
EAC0: a5 a7                                          LDA   AS_ARG + 2
EAC2: e5 9f                                          SBC   AS_FAC + 2
EAC4: 85 a7                                          STA   AS_ARG + 2
EAC6: a5 a6                                          LDA   AS_ARG + 1
EAC8: e5 9e                                          SBC   AS_FAC + 1
EACA: 85 a6                                          STA   AS_ARG + 1
EACC: 98                                             TYA                              ; Restore quotient/sentinel byte
EACD: 4c a5 ea                                       JMP   AS_L_FDIVT_4               ; Go to shift arg and continue
EAD0:                                                                                 ; --------------------------------
EAD0: a9 40                    AS_L_FDIVT_6:         LDA   #$40                       ; Do a few extension bits
EAD2: d0 a2               EAA2                       BNE   AS_L_FDIVT_3               ; ...Always
EAD4:                                                                                 ; --------------------------------
EAD4: 0a                       AS_L_FDIVT_7:         ASL                              ; Left justify the extension bits we did
EAD5: 0a                                             ASL
EAD6: 0a                                             ASL
EAD7: 0a                                             ASL
EAD8: 0a                                             ASL
EAD9: 0a                                             ASL
EADA: 85 ac                                          STA   AS_FAC_EXTENSION
EADC: 28                                             PLP
EADD: 4c e5 ea                                       JMP   AS_COPY_RESULT_INTO_FAC
EAE0:                                                                                 ; --------------------------------
EAE0: a2 85                    AS_L_FDIVT_8:         LDX   #AS_ERR_ZERODIV
EAE2: 4c 12 d4                                       JMP   AS_ERROR
EAE5:                                                                                 ; --------------------------------
EAE5:                                                                                 ; Copy result into fac mantissa, and normalize
EAE5:                                                                                 ; --------------------------------
EAE5:                          AS_COPY_RESULT_INTO_FAC:
EAE5: a5 62                                          LDA   AS_RESULT
EAE7: 85 9e                                          STA   AS_FAC + 1
EAE9: a5 63                                          LDA   AS_RESULT + 1
EAEB: 85 9f                                          STA   AS_FAC + 2
EAED: a5 64                                          LDA   AS_RESULT + 2
EAEF: 85 a0                                          STA   AS_FAC + 3

Page 89
--------------------------------------------------------------------------------
EAF1: a5 65                                          LDA   AS_RESULT + 3
EAF3: 85 a1                                          STA   AS_FAC + 4
EAF5: 4c 2d e8                                       JMP   AS_NORMALIZE_FAC_2
EAF8:                                                                                 ; --------------------------------
EAF8:                                                                                 ; Unpack (y,a) into fac
EAF8:                                                                                 ; --------------------------------
EAF8:                          AS_LOAD_FAC_FROM_YA:
EAF8: 85 5e                                          STA   AS_INDEX                   ; Use index for pntr
EAFA: 84 5f                                          STY   AS_INDEX + 1
EAFC: a0 04                                          LDY   #4                         ; Pick up 5 bytes
EAFE: b1 5e                                          LDA   (AS_INDEX),Y
EB00: 85 a1                                          STA   AS_FAC + 4
EB02: 88                                             DEY
EB03: b1 5e                                          LDA   (AS_INDEX),Y
EB05: 85 a0                                          STA   AS_FAC + 3
EB07: 88                                             DEY
EB08: b1 5e                                          LDA   (AS_INDEX),Y
EB0A: 85 9f                                          STA   AS_FAC + 2
EB0C: 88                                             DEY
EB0D: b1 5e                                          LDA   (AS_INDEX),Y
EB0F: 85 a2                                          STA   AS_FAC_SIGN                ; First bit is sign
EB11: 09 80                                          ORA   #$80                       ; Set normalized invisible bit
EB13: 85 9e                                          STA   AS_FAC + 1
EB15: 88                                             DEY
EB16: b1 5e                                          LDA   (AS_INDEX),Y
EB18: 85 9d                                          STA   AS_FAC                     ; Exponent
EB1A: 84 ac                                          STY   AS_FAC_EXTENSION           ; y=0
EB1C: 60                                             RTS
EB1D:                                                                                 ; --------------------------------
EB1D:                                                                                 ; Round fac, store in temp2
EB1D:                                                                                 ; --------------------------------
EB1D:                          AS_STORE_FAC_IN_TEMP2_ROUNDED:
EB1D: a2 98                                          LDX   #AS_TEMP2                  ; Pack fac into temp2
EB1F: 2c                                             .byte $2C                        ; Trick to branch
EB20:                                                                                 ; --------------------------------
EB20:                                                                                 ; Round fac, store in temp1
EB20:                                                                                 ; --------------------------------
EB20:                          AS_STORE_FAC_IN_TEMP1_ROUNDED:
EB20: a2 93                                          LDX   #<AS_TEMP1                 ; Pack fac into temp1
EB22: a0 00                                          LDY   #>AS_TEMP1                 ; Hi-byte of temp1 same as temp2
EB24: f0 2a               EB2A                       BEQ   AS_STORE_FACDB_YX_ROUNDED  ; ...Always
EB26:                                                                                 ; --------------------------------
EB26:                                                                                 ; Round fac, and store where forpnt points
EB26:                                                                                 ; --------------------------------
EB26: a6 85                    AS_SETFOR:            LDX   AS_FORPNT
EB28: a4 86                                          LDY   AS_FORPNT + 1
EB2A:                                                                                 ; --------------------------------
EB2A:                                                                                 ; Round fac, and store at (y,x)
EB2A:                                                                                 ; --------------------------------
EB2A:                          AS_STORE_FACDB_YX_ROUNDED:
EB2A: 20 71 eb                                       JSR   AS_ROUND_FAC               ; Round value in fac using extension
EB2D: 86 5e                                          STX   AS_INDEX                   ; Use index for pntr
EB2F: 84 5f                                          STY   AS_INDEX + 1
EB31: a0 04                                          LDY   #4                         ; Storing 5 packed bytes
EB33: a5 a1                                          LDA   AS_FAC + 4
EB35: 91 5e                                          STA   (AS_INDEX),Y
EB37: 88                                             DEY
EB38: a5 a0                                          LDA   AS_FAC + 3
EB3A: 91 5e                                          STA   (AS_INDEX),Y
EB3C: 88                                             DEY

Page 90
--------------------------------------------------------------------------------
EB3D: a5 9f                                          LDA   AS_FAC + 2
EB3F: 91 5e                                          STA   (AS_INDEX),Y
EB41: 88                                             DEY
EB42: a5 a2                                          LDA   AS_FAC_SIGN                ; Pack sign in top bit of mantissa
EB44: 09 7f                                          ORA   #$7F
EB46: 25 9e                                          AND   AS_FAC + 1
EB48: 91 5e                                          STA   (AS_INDEX),Y
EB4A: 88                                             DEY
EB4B: a5 9d                                          LDA   AS_FAC                     ; Exponent
EB4D: 91 5e                                          STA   (AS_INDEX),Y
EB4F: 84 ac                                          STY   AS_FAC_EXTENSION           ; Zero the extension
EB51: 60                                             RTS
EB52:                                                                                 ; --------------------------------
EB52:                                                                                 ; Copy arg into fac
EB52:                                                                                 ; --------------------------------
EB52:                          AS_COPY_ARG_TO_FAC:
EB52: a5 aa                                          LDA   AS_ARG_SIGN                ; Copy sign
EB54: 85 a2                    AS_MFA:               STA   AS_FAC_SIGN
EB56: a2 05                                          LDX   #5                         ; Move 5 bytes
EB58: b5 a4                    AS_L_MFA_1:           LDA   AS_ARG - 1,X
EB5A: 95 9c                                          STA   AS_FAC - 1,X
EB5C: ca                                             DEX
EB5D: d0 58               EB58                       BNE   AS_L_MFA_1
EB5F: 86 ac                                          STX   AS_FAC_EXTENSION           ; Zero extension
EB61: 60                                             RTS
EB62:                                                                                 ; --------------------------------
EB62:                                                                                 ; Round fac and copy to arg
EB62:                                                                                 ; --------------------------------
EB62:                          AS_COPY_FAC_TO_ARG_ROUNDED:
EB62: 20 71 eb                                       JSR   AS_ROUND_FAC               ; Round fac using extension
EB65: a2 06                    AS_MAF:               LDX   #6                         ; Copy 6 bytes, includes sign
EB67: b5 9c                    AS_L_MAF_1:           LDA   AS_FAC - 1,X
EB69: 95 a4                                          STA   AS_ARG - 1,X
EB6B: ca                                             DEX
EB6C: d0 67               EB67                       BNE   AS_L_MAF_1
EB6E: 86 ac                                          STX   AS_FAC_EXTENSION           ; Zero fac extension
EB70: 60                       AS_RTS_14:            RTS
EB71:                                                                                 ; --------------------------------
EB71:                                                                                 ; Round fac using extension byte
EB71:                                                                                 ; --------------------------------
EB71:                          AS_ROUND_FAC:
EB71: a5 9d                                          LDA   AS_FAC
EB73: f0 70               EB70                       BEQ   AS_RTS_14                  ; Fac = 0, return
EB75: 06 ac                                          ASL   AS_FAC_EXTENSION           ; Is fac.extension >= 128?
EB77: 90 70               EB70                       BCC   AS_RTS_14                  ; No, finished
EB79:                                                                                 ; --------------------------------
EB79:                                                                                 ; Increment mantissa and re-normalize if carry
EB79:                                                                                 ; --------------------------------
EB79:                          AS_INCREMENT_MANTISSA:
EB79: 20 c5 e8                                       JSR   AS_INCREMENT_FAC_MANTISSA  ; Yes, increment fac
EB7C: d0 70               EB70                       BNE   AS_RTS_14                  ; High byte has bits, finished
EB7E: 4c 8e e8                                       JMP   AS_NORMALIZE_FAC_6         ; Hi-byte=0, so shift left
EB81:                                                                                 ; --------------------------------
EB81:                                                                                 ; Test fac for zero and sign
EB81:                          
EB81:                                                                                 ; Fac > 0, return +1
EB81:                                                                                 ; Fac = 0, return  0
EB81:                                                                                 ; Fac < 0, return -1
EB81:                                                                                 ; --------------------------------
EB81: a5 9d                    AS_SIGN:              LDA   AS_FAC                     ; Check sign of fac and

Page 91
--------------------------------------------------------------------------------
EB83: f0 8e               EB8E                       BEQ   AS_RTS_15                  ; Return -1,0,1 in a-reg
EB85:                                                                                 ; --------------------------------
EB85: a5 a2                    AS_SIGN1:             LDA   AS_FAC_SIGN
EB87:                                                                                 ; --------------------------------
EB87: 2a                       AS_SIGN2:             ROL                              ; Msbit to carry
EB88: a9 ff                                          LDA   #$FF                       ; -1
EB8A: b0 8e               EB8E                       BCS   AS_RTS_15                  ; Msbit = 1
EB8C: a9 01                                          LDA   #1                         ; +1
EB8E: 60                       AS_RTS_15:            RTS
EB8F:                                                                                 ; --------------------------------
EB8F:                                                                                 ; "Sgn" function
EB8F:                                                                                 ; --------------------------------
EB8F: 20 81 eb                 AS_SGN:               JSR   AS_SIGN                    ; Convert fac to -1,0,1
EB92:                                                                                 ; --------------------------------
EB92:                                                                                 ; Convert (a) into fac, as signed value -128 to +127
EB92:                                                                                 ; --------------------------------
EB92: 85 9e                    AS_FLOAT:             STA   AS_FAC + 1                 ; Put in high byte of mantissa
EB94: a9 00                                          LDA   #0                         ; Clear 2nd byte of mantissa
EB96: 85 9f                                          STA   AS_FAC + 2
EB98: a2 88                                          LDX   #$88                       ; Use exponent 2^9
EB9A:                                                                                 ; --------------------------------
EB9A:                                                                                 ; Float unsigned value in fac+1,2
EB9A:                                                                                 ; (X) = exponent
EB9A:                                                                                 ; --------------------------------
EB9A:                          AS_FLOAT_1:
EB9A: a5 9e                                          LDA   AS_FAC + 1                 ; Msbit=0, set carry; =1, clear carry
EB9C: 49 ff                                          EOR   #$FF
EB9E: 2a                                             ROL
EB9F:                                                                                 ; --------------------------------
EB9F:                                                                                 ; Float unsigned value in fac+1,2
EB9F:                                                                                 ; (X) = exponent
EB9F:                                                                                 ; C=0 to make value negative
EB9F:                                                                                 ; C=1 to make value positive
EB9F:                                                                                 ; --------------------------------
EB9F:                          AS_FLOAT_2:
EB9F: a9 00                                          LDA   #0                         ; Clear lower 16-bits of mantissa
EBA1: 85 a1                                          STA   AS_FAC + 4
EBA3: 85 a0                                          STA   AS_FAC + 3
EBA5: 86 9d                                          STX   AS_FAC                     ; Store exponent
EBA7: 85 ac                                          STA   AS_FAC_EXTENSION           ; Clear extension
EBA9: 85 a2                                          STA   AS_FAC_SIGN                ; Make sign positive
EBAB: 4c 28 e8                                       JMP   AS_NORMALIZE_FAC_1         ; If c=0, will negate fac
EBAE:                                                                                 ; --------------------------------
EBAE:                                                                                 ; "Abs" function
EBAE:                                                                                 ; --------------------------------
EBAE: 46 a2                    AS_ABS:               LSR   AS_FAC_SIGN                ; Change sign to +
EBB0: 60                                             RTS
EBB1:                                                                                 ; --------------------------------
EBB1:                                                                                 ; Compare fac with packed # at (y,a)
EBB1:                                                                                 ; Return a=1,0,-1 as (y,a) is <,=,> fac
EBB1:                                                                                 ; --------------------------------
EBB1: 85 60                    AS_FCOMP:             STA   AS_DEST                    ; Use dest for pntr
EBB3:                                                                                 ; --------------------------------
EBB3:                                                                                 ; Special entry from "next" processor
EBB3:                                                                                 ; "Dest" already set up
EBB3:                                                                                 ; --------------------------------
EBB3: 84 61                    AS_FCOMP2:            STY   AS_DEST + 1
EBB5: a0 00                                          LDY   #0                         ; Get exponent of comparand
EBB7: b1 60                                          LDA   (AS_DEST),Y
EBB9: c8                                             INY                              ; Point at next byte

Page 92
--------------------------------------------------------------------------------
EBBA: aa                                             TAX                              ; Exponent to x-reg
EBBB: f0 81               EB81                       BEQ   AS_SIGN                    ; If comparand=0, "sign" compares fac
EBBD: b1 60                                          LDA   (AS_DEST),Y                ; Get hi-byte of mantissa
EBBF: 45 a2                                          EOR   AS_FAC_SIGN                ; Compare with fac sign
EBC1: 30 85               EB85                       BMI   AS_SIGN1                   ; Different signs, "sign" gives answer
EBC3: e4 9d                                          CPX   AS_FAC                     ; Same sign, so compare exponents
EBC5: d0 e8               EBE8                       BNE   AS_L_FCOMP2_1              ; Different, so sufficient test
EBC7: b1 60                                          LDA   (AS_DEST),Y                ; Same exponent, compare mantissa
EBC9: 09 80                                          ORA   #$80                       ; Set invisible normalized bit
EBCB: c5 9e                                          CMP   AS_FAC + 1
EBCD: d0 e8               EBE8                       BNE   AS_L_FCOMP2_1              ; Not same, so sufficient
EBCF: c8                                             INY                              ; Same, compare more mantissa
EBD0: b1 60                                          LDA   (AS_DEST),Y
EBD2: c5 9f                                          CMP   AS_FAC + 2
EBD4: d0 e8               EBE8                       BNE   AS_L_FCOMP2_1              ; Not same, so sufficient
EBD6: c8                                             INY                              ; Same, compare more mantissa
EBD7: b1 60                                          LDA   (AS_DEST),Y
EBD9: c5 a0                                          CMP   AS_FAC + 3
EBDB: d0 e8               EBE8                       BNE   AS_L_FCOMP2_1              ; Not same, so sufficient
EBDD: c8                                             INY                              ; Same, compare rest of mantissa
EBDE: a9 7f                                          LDA   #$7F                       ; Artificial extension byte for comparand
EBE0: c5 ac                                          CMP   AS_FAC_EXTENSION
EBE2: b1 60                                          LDA   (AS_DEST),Y
EBE4: e5 a1                                          SBC   AS_FAC + 4
EBE6: f0 10               EC10                       BEQ   AS_RTS_16                  ; Numbers are equal, return (a)=0
EBE8: a5 a2                    AS_L_FCOMP2_1:        LDA   AS_FAC_SIGN                ; Numbers are different
EBEA: 90 ee               EBEE                       BCC   AS_L_FCOMP2_2              ; Fac is larger magnitude
EBEC: 49 ff                                          EOR   #$FF                       ; Fac is smaller magnitude
EBEE:                                                                                 ; <<<  Note that above three lines can be shortened: >>>
EBEE:                                                                                 ; <<<  L_fcomp2_1  ror              put carry into sign bit  >>>
EBEE:                                                                                 ; <<<      Eor fac.sign     toggle with sign of fac  >>>
EBEE: 4c 87 eb                 AS_L_FCOMP2_2:        JMP   AS_SIGN2                   ; Convert +1 or -1
EBF1:                                                                                 ; --------------------------------
EBF1:                                                                                 ; Quick integer function
EBF1:                          
EBF1:                                                                                 ; Converts fp value in fac to integer value
EBF1:                                                                                 ; In fac+1...fac+4, by shifting right with sign
EBF1:                                                                                 ; Extension until fractional bits are out.
EBF1:                          
EBF1:                                                                                 ; This subroutine assumes the exponent < 32.
EBF1:                                                                                 ; --------------------------------
EBF1: a5 9d                    AS_QINT:              LDA   AS_FAC                     ; Look at fac exponent
EBF3: f0 3f               EC3F                       BEQ   AS_QINT_3                  ; Fac=0, so finished
EBF5: 38                                             SEC                              ; Get -(number of fractional bits)
EBF6: e9 a0                                          SBC   #$A0                       ; In a-reg for shift count
EBF8: 24 a2                                          BIT   AS_FAC_SIGN                ; Check sign of fac
EBFA: 10 05               EC05                       BPL   AS_L_QINT_1                ; Positive, continue
EBFC: aa                                             TAX                              ; Negative, so complement mantissa
EBFD: a9 ff                                          LDA   #$FF                       ; And set sign extension for shift
EBFF: 85 a4                                          STA   AS_SHIFT_SIGN_EXT
EC01: 20 a3 e8                                       JSR   AS_COMPLEMENT_FAC_MANTISSA
EC04: 8a                                             TXA                              ; Restore bit count to a-reg
EC05: a2 9d                    AS_L_QINT_1:          LDX   #AS_FAC                    ; Point shift subroutine at fac
EC07: c9 f9                                          CMP   #$F9                       ; More than 7 bits to shift?
EC09: 10 11               EC11                       BPL   AS_QINT_2                  ; No, short shift
EC0B: 20 ef e8                                       JSR   AS_SHIFT_RIGHT             ; Yes, use general routine
EC0E: 84 a4                                          STY   AS_SHIFT_SIGN_EXT          ; Y=0, clear sign extension
EC10: 60                       AS_RTS_16:            RTS
EC11:                                                                                 ; --------------------------------
EC11: a8                       AS_QINT_2:            TAY                              ; Save shift count

Page 93
--------------------------------------------------------------------------------
EC12: a5 a2                                          LDA   AS_FAC_SIGN                ; Get sign bit
EC14: 29 80                                          AND   #$80
EC16: 46 9e                                          LSR   AS_FAC + 1                 ; Start right shift
EC18: 05 9e                                          ORA   AS_FAC + 1                 ; And merge with sign
EC1A: 85 9e                                          STA   AS_FAC + 1
EC1C: 20 06 e9                                       JSR   AS_SHIFT_RIGHT_4           ; Jump into middle of shifter
EC1F: 84 a4                                          STY   AS_SHIFT_SIGN_EXT          ; Y=0, clear sign extension
EC21: 60                                             RTS
EC22:                                                                                 ; --------------------------------
EC22:                                                                                 ; "Int" function
EC22:                          
EC22:                                                                                 ; Uses qint to convert (fac) to integer form,
EC22:                                                                                 ; And then refloats the integer.
EC22:                                                                                 ; <<< A faster approach would simply clear >>>
EC22:                                                                                 ; <<< The fractional bits by zeroing them  >>>
EC22:                                                                                 ; --------------------------------
EC22: a5 9d                    AS_INT:               LDA   AS_FAC                     ; Check if exponent < 32
EC24: c9 a0                                          CMP   #$A0                       ; Because if > 31 there is no fraction
EC26: b0 48               EC48                       BCS   AS_RTS_17                  ; No fraction, we are finished
EC28: 20 f1 eb                                       JSR   AS_QINT                    ; Use general integer conversion
EC2B: 84 ac                                          STY   AS_FAC_EXTENSION           ; Y=0, clear extension
EC2D: a5 a2                                          LDA   AS_FAC_SIGN                ; Get sign of value
EC2F: 84 a2                                          STY   AS_FAC_SIGN                ; Y=0, clear sign
EC31: 49 80                                          EOR   #$80                       ; Toggle actual sign
EC33: 2a                                             ROL                              ; And save in carry
EC34: a9 a0                                          LDA   #$A0                       ; Set exponent to 32
EC36: 85 9d                                          STA   AS_FAC                     ; Because 4-byte integer now
EC38: a5 a1                                          LDA   AS_FAC + 4                 ; Save low 8-bits of integer form
EC3A: 85 0d                                          STA   AS_CHARAC                  ; For exp and power
EC3C: 4c 28 e8                                       JMP   AS_NORMALIZE_FAC_1         ; Normalize to finish conversion
EC3F:                                                                                 ; --------------------------------
EC3F: 85 9e                    AS_QINT_3:            STA   AS_FAC + 1                 ; Fac=0, so clear all 4 bytes for
EC41: 85 9f                                          STA   AS_FAC + 2                 ; Integer version
EC43: 85 a0                                          STA   AS_FAC + 3
EC45: 85 a1                                          STA   AS_FAC + 4
EC47: a8                                             TAY                              ; Y=0 too
EC48: 60                       AS_RTS_17:            RTS
EC49:                                                                                 ; --------------------------------
EC49:                                                                                 ; Convert string to fp value in fac
EC49:                          
EC49:                                                                                 ; String pointed to by txtptr
EC49:                                                                                 ; First char already scanned by chrget
EC49:                                                                                 ; (A) = first char, c=0 if digit.
EC49:                                                                                 ; --------------------------------
EC49: a0 00                    AS_FIN:               LDY   #0                         ; Clear working area ($99...$A3)
EC4B: a2 0a                                          LDX   #10                        ; Tmpexp, expon, dpflg, expsgn, fac, serlen
EC4D: 94 99                    AS_L_FIN_1:           STY   AS_TMPEXP,X
EC4F: ca                                             DEX
EC50: 10 4d               EC4D                       BPL   AS_L_FIN_1
EC52:                                                                                 ; --------------------------------
EC52: 90 63               EC63                       BCC   AS_FIN_2                   ; First char is a digit
EC54: c9 2d                                          CMP   #"-" & %01111111           ; Check for leading sign
EC56: d0 5c               EC5C                       BNE   AS_L_FIN_2                 ; Not minus
EC58: 86 a3                                          STX   AS_SERLEN                  ; Minus, set serlen = $FF for flag
EC5A: f0 60               EC60                       BEQ   AS_FIN_1                   ; ...Always
EC5C: c9 2b                    AS_L_FIN_2:           CMP   #"+" & %01111111           ; Might be plus
EC5E: d0 65               EC65                       BNE   AS_FIN_3                   ; Not plus either, check decimal point
EC60:                                                                                 ; --------------------------------
EC60: 20 b1 00                 AS_FIN_1:             JSR   AS_CHRGET                  ; Get next char of string
EC63:                                                                                 ; --------------------------------

Page 94
--------------------------------------------------------------------------------
EC63: 90 c0               ECC0 AS_FIN_2:             BCC   AS_FIN_9                   ; Insert this digit
EC65:                                                                                 ; --------------------------------
EC65: c9 2e                    AS_FIN_3:             CMP   #"." & %01111111           ; Check for decimal point
EC67: f0 97               EC97                       BEQ   AS_FIN_10                  ; Yes
EC69: c9 45                                          CMP   #"E" & %01111111           ; Check for exponent part
EC6B: d0 9d               EC9D                       BNE   AS_FIN_7                   ; No, end of number
EC6D: 20 b1 00                                       JSR   AS_CHRGET                  ; Yes, start converting exponent
EC70: 90 89               EC89                       BCC   AS_FIN_5                   ; Exponent digit
EC72: c9 c9                                          CMP   #AS_TOKEN_MINUS            ; Negative exponent?
EC74: f0 84               EC84                       BEQ   AS_L_FIN_3_1               ; Yes
EC76: c9 2d                                          CMP   #"-" & %01111111           ; Might not be tokenized yet
EC78: f0 84               EC84                       BEQ   AS_L_FIN_3_1               ; Yes, it is negative
EC7A: c9 c8                                          CMP   #AS_TOKEN_PLUS             ; Optional "+"
EC7C: f0 86               EC86                       BEQ   AS_FIN_4                   ; Yes
EC7E: c9 2b                                          CMP   #"+" & %01111111           ; Might not be tokenized yet
EC80: f0 86               EC86                       BEQ   AS_FIN_4                   ; Yes, found "+"
EC82: d0 8b               EC8B                       BNE   AS_FIN_6                   ; ...Always, number completed
EC84: 66 9c                    AS_L_FIN_3_1:         ROR   AS_EXPSGN                  ; C=1, set flag negative
EC86:                                                                                 ; --------------------------------
EC86: 20 b1 00                 AS_FIN_4:             JSR   AS_CHRGET                  ; Get next digit of exponent
EC89:                                                                                 ; --------------------------------
EC89: 90 e7               ECE7 AS_FIN_5:             BCC   AS_GETEXP                  ; Char is a digit of exponent
EC8B:                                                                                 ; --------------------------------
EC8B: 24 9c                    AS_FIN_6:             BIT   AS_EXPSGN                  ; End of number, check exp sign
EC8D: 10 9d               EC9D                       BPL   AS_FIN_7                   ; Positive exponent
EC8F: a9 00                                          LDA   #0                         ; Negative exponent
EC91: 38                                             SEC                              ; Make 2's complement of exponent
EC92: e5 9a                                          SBC   AS_EXPON
EC94: 4c 9f ec                                       JMP   AS_FIN_8
EC97:                                                                                 ; --------------------------------
EC97:                                                                                 ; Found a decimal point
EC97:                                                                                 ; --------------------------------
EC97: 66 9b                    AS_FIN_10:            ROR   AS_DPFLG                   ; C=1, set dpflg for decimal point
EC99: 24 9b                                          BIT   AS_DPFLG                   ; Check if previous dec. pt.
EC9B: 50 60               EC60                       BVC   AS_FIN_1                   ; No previous decimal point
EC9D:                                                                                 ; A second decimal point is taken as a terminator
EC9D:                                                                                 ; To the numeric string.
EC9D:                                                                                 ; "A=11..22" will give a syntax error, because
EC9D:                                                                                 ; It is two numbers with no operator between.
EC9D:                                                                                 ; "Print 11..22" gives no error, because it is
EC9D:                                                                                 ; Just the concatenation of two numbers.
EC9D:                                                                                 ; --------------------------------
EC9D:                                                                                 ; Number terminated, adjust exponent now
EC9D:                                                                                 ; --------------------------------
EC9D: a5 9a                    AS_FIN_7:             LDA   AS_EXPON                   ; E-value
EC9F: 38                       AS_FIN_8:             SEC                              ; Modify with count of digits
ECA0: e5 99                                          SBC   AS_TMPEXP                  ; After the decimal point
ECA2: 85 9a                                          STA   AS_EXPON                   ; Complete current exponent
ECA4: f0 b8               ECB8                       BEQ   AS_L_FIN_8_15              ; No adjust needed if exp=0
ECA6: 10 b1               ECB1                       BPL   AS_L_FIN_8_14              ; Exp>0, multiply by ten
ECA8: 20 54 ea                 AS_L_FIN_8_13:        JSR   AS_DIV10                   ; Exp<0, divide by ten
ECAB: e6 9a                                          INC   AS_EXPON                   ; Until exp=0
ECAD: d0 a8               ECA8                       BNE   AS_L_FIN_8_13
ECAF: f0 b8               ECB8                       BEQ   AS_L_FIN_8_15              ; ...Always, we are finished
ECB1: 20 38 ea                 AS_L_FIN_8_14:        JSR   AS_MUL10                   ; Exp>0, multiply bky ten
ECB4: c6 9a                                          DEC   AS_EXPON                   ; Until exp=0
ECB6: d0 b1               ECB1                       BNE   AS_L_FIN_8_14
ECB8: a5 a3                    AS_L_FIN_8_15:        LDA   AS_SERLEN                  ; Is whole number negative?
ECBA: 30 bd               ECBD                       BMI   AS_L_FIN_8_16              ; Yes
ECBC: 60                                             RTS                              ; No, return, whole job done!

Page 95
--------------------------------------------------------------------------------
ECBD: 4c cf ee                 AS_L_FIN_8_16:        JMP   AS_NEGOP                   ; Negative number, so negate fac
ECC0:                                                                                 ; --------------------------------
ECC0:                                                                                 ; Accumulate a digit into fac
ECC0:                                                                                 ; --------------------------------
ECC0: 48                       AS_FIN_9:             PHA                              ; Save digit
ECC1: 24 9b                                          BIT   AS_DPFLG                   ; Seen a decimal point yet?
ECC3: 10 c7               ECC7                       BPL   AS_L_FIN_9_1               ; No, still in integer part
ECC5: e6 99                                          INC   AS_TMPEXP                  ; Yes, count the fractional digit
ECC7: 20 38 ea                 AS_L_FIN_9_1:         JSR   AS_MUL10                   ; Fac = fac * 10
ECCA: 68                                             PLA                              ; Current digit
ECCB: 38                                             SEC                              ; <<<Shorter here to just "and #$0F">>>
ECCC: e9 30                                          SBC   #"0" & %01111111           ; <<<To convert ascii to binary form>>>
ECCE: 20 d4 ec                                       JSR   AS_ADDACC                  ; Add the digit
ECD1: 4c 60 ec                                       JMP   AS_FIN_1                   ; Go back for more
ECD4:                                                                                 ; --------------------------------
ECD4:                                                                                 ; Add (a) to fac
ECD4:                                                                                 ; --------------------------------
ECD4: 48                       AS_ADDACC:            PHA                              ; Save addend
ECD5: 20 62 eb                                       JSR   AS_COPY_FAC_TO_ARG_ROUNDED
ECD8: 68                                             PLA                              ; Get addend again
ECD9: 20 92 eb                                       JSR   AS_FLOAT                   ; Convert to fp value in fac
ECDC: a5 aa                                          LDA   AS_ARG_SIGN
ECDE: 45 a2                                          EOR   AS_FAC_SIGN
ECE0: 85 ab                                          STA   AS_SGNCPR
ECE2: a6 9d                                          LDX   AS_FAC                     ; To signal if fac=0
ECE4: 4c c0 e7                                       JMP   AS_FADDT                   ; Perform the addition
ECE7:                                                                                 ; --------------------------------
ECE7:                                                                                 ; Accumulate digit of exponent
ECE7:                                                                                 ; --------------------------------
ECE7: a5 9a                    AS_GETEXP:            LDA   AS_EXPON                   ; Check current value
ECE9: c9 0a                                          CMP   #10                        ; For more than 2 digits
ECEB: 90 f6               ECF6                       BCC   AS_L_GETEXP_1              ; No, this is 1st or 2nd digit
ECED: a9 64                                          LDA   #100                       ; Exponent too big
ECEF: 24 9c                                          BIT   AS_EXPSGN                  ; Unless it is negative
ECF1: 30 04               ED04                       BMI   AS_L_GETEXP_2              ; Large negative exponent makes fac=0
ECF3: 4c d4 e8                                       JMP   AS_OVERFLOW                ; Large positive exponent is error
ECF6: 0a                       AS_L_GETEXP_1:        ASL                              ; Exponent times 10
ECF7: 0a                                             ASL
ECF8: 18                                             CLC
ECF9: 65 9a                                          ADC   AS_EXPON
ECFB: 0a                                             ASL
ECFC: 18                                             CLC                              ; <<< Asl already did this! >>>
ECFD: a0 00                                          LDY   #0                         ; Add the new digit
ECFF: 71 b8                                          ADC   (AS_TXTPTR),Y              ; But this is in ascii,
ED01: 38                                             SEC                              ; So adjust back to binary
ED02: e9 30                                          SBC   #"0" & %01111111
ED04: 85 9a                    AS_L_GETEXP_2:        STA   AS_EXPON                   ; New value
ED06: 4c 86 ec                                       JMP   AS_FIN_4                   ; Back for more
ED09:                                                                                 ; --------------------------------
ED09:                                                                                 ; --------------------------------
ED09:                          
ED09: 9b 3e bc 1f fd           AS_CON_99999999P9:    .byte $9B, $3E, $BC, $1F, $FD    ; 99,999,999.9
ED0E: 9e 6e 6b 27 fd           AS_CON_999999999:     .byte $9E, $6E, $6B, $27, $FD    ; 999,999,999
ED13: 9e 6e 6b 28 00           AS_CON_BILLION:       .byte $9E, $6E, $6B, $28, $00    ; 1,000,000,000
ED18:                                                                                 ; --------------------------------
ED18:                                                                                 ; Print "in <line #>"
ED18:                                                                                 ; --------------------------------
ED18: a9 58                    AS_INPRT:             LDA   #<AS_QT_IN                 ; Print " in "
ED1A: a0 d3                                          LDY   #>AS_QT_IN
ED1C: 20 30 ed                                       JSR   AS_GO_STROUT

Page 96
--------------------------------------------------------------------------------
ED1F: a5 76                                          LDA   AS_CURLIN + 1
ED21: a6 75                                          LDX   AS_CURLIN
ED23:                                                                                 ; --------------------------------
ED23:                                                                                 ; Print a,x as decimal integer
ED23:                                                                                 ; --------------------------------
ED23: 85 9e                    AS_LINPRT:            STA   AS_FAC + 1                 ; Print a,x in decimal
ED25: 86 9f                                          STX   AS_FAC + 2
ED27: a2 90                                          LDX   #$90                       ; Exponent = 2^16
ED29: 38                                             SEC                              ; Convert unsigned
ED2A: 20 9f eb                                       JSR   AS_FLOAT_2                 ; Convert line # to fp
ED2D:                                                                                 ; --------------------------------
ED2D:                                                                                 ; Convert (fac) to string, and print it
ED2D:                                                                                 ; --------------------------------
ED2D:                          AS_PRINT_FAC:
ED2D: 20 33 ed                                       JSR   AS_FOUT                    ; Convert (fac) to string at stack
ED30:                                                                                 ; --------------------------------
ED30:                                                                                 ; Print string starting at y,a
ED30:                                                                                 ; --------------------------------
ED30:                          AS_GO_STROUT:
ED30: 4c 3a db                                       JMP   AS_STROUT                  ; Print string at a,y
ED33:                                                                                 ; --------------------------------
ED33:                                                                                 ; Convert (fac) to string starting at stack
ED33:                                                                                 ; Return with (y,a) pointing at string
ED33:                                                                                 ; --------------------------------
ED33: a0 01                    AS_FOUT:              LDY   #1                         ; Normal entry puts string at stack...
ED35:                                                                                 ; --------------------------------
ED35:                                                                                 ; "Str$" function enters here, with (y)=0
ED35:                                                                                 ; So that result string starts at stack-1
ED35:                                                                                 ; (This is used as a flag)
ED35:                                                                                 ; --------------------------------
ED35: a9 2d                    AS_FOUT_1:            LDA   #"-" & %01111111           ; In case value negative
ED37: 88                                             DEY                              ; Back up pntr
ED38: 24 a2                                          BIT   AS_FAC_SIGN
ED3A: 10 40               ED40                       BPL   AS_L_FOUT_1_1              ; Value is +
ED3C: c8                                             INY                              ; Value is -
ED3D: 99 ff 00                                       STA   AS_STACK - 1,Y             ; Emit "-"
ED40: 85 a2                    AS_L_FOUT_1_1:        STA   AS_FAC_SIGN                ; Make fac.sign positive ($2D)
ED42: 84 ad                                          STY   AS_STRNG2                  ; Save string pntr
ED44: c8                                             INY
ED45: a9 30                                          LDA   #"0" & %01111111           ; In case (fac)=0
ED47: a6 9d                                          LDX   AS_FAC                     ; Number=0?
ED49: d0 4e               ED4E                       BNE   AS_L_FOUT_1_2              ; No, (fac) not zero
ED4B: 4c 56 ee                                       JMP   AS_FOUT_4                  ; Yes, finished
ED4E:                                                                                 ; --------------------------------
ED4E: a9 00                    AS_L_FOUT_1_2:        LDA   #0                         ; Starting value for tmpexp
ED50: e0 80                                          CPX   #$80                       ; Any integer part?
ED52: f0 56               ED56                       BEQ   AS_L_FOUT_1_3              ; No, btwn l_fout_1_5 and l_fout_1_999999999
ED54: b0 5f               ED5F                       BCS   AS_L_FOUT_1_4              ; Yes
ED56:                                                                                 ; --------------------------------
ED56: a9 13                    AS_L_FOUT_1_3:        LDA   #<AS_CON_BILLION           ; Multiply by 1e9
ED58: a0 ed                                          LDY   #>AS_CON_BILLION           ; To give adjustment a head start
ED5A: 20 7e e9                                       JSR   AS_FMULT
ED5D: a9 f7                                          LDA   #$100 - 9                  ; Exponent adjustment
ED5F: 85 99                    AS_L_FOUT_1_4:        STA   AS_TMPEXP                  ; 0 Or -9
ED61:                                                                                 ; --------------------------------
ED61:                                                                                 ; Adjust until 1e8 <= (fac) <1e9
ED61:                                                                                 ; --------------------------------
ED61: a9 0e                    AS_L_FOUT_1_5:        LDA   #<AS_CON_999999999
ED63: a0 ed                                          LDY   #>AS_CON_999999999
ED65: 20 b1 eb                                       JSR   AS_FCOMP                   ; Compare to 1e9-1

Page 97
--------------------------------------------------------------------------------
ED68: f0 88               ED88                       BEQ   AS_L_FOUT_1_10             ; (Fac) = 1e9-1
ED6A: 10 7e               ED7E                       BPL   AS_L_FOUT_1_8              ; Too large, divide by ten
ED6C: a9 09                    AS_L_FOUT_1_6:        LDA   #<AS_CON_99999999P9        ; Compare to 1e8-l_fout_1_1
ED6E: a0 ed                                          LDY   #>AS_CON_99999999P9
ED70: 20 b1 eb                                       JSR   AS_FCOMP                   ; Compare to 1e8-l_fout_1_1
ED73: f0 77               ED77                       BEQ   AS_L_FOUT_1_7              ; (Fac) = 1e8-l_fout_1_1
ED75: 10 85               ED85                       BPL   AS_L_FOUT_1_9              ; In range, adjustment finished
ED77: 20 38 ea                 AS_L_FOUT_1_7:        JSR   AS_MUL10                   ; Too small, multiply by ten
ED7A: c6 99                                          DEC   AS_TMPEXP                  ; Keep track of multiplies
ED7C: d0 6c               ED6C                       BNE   AS_L_FOUT_1_6              ; ...Always
ED7E: 20 54 ea                 AS_L_FOUT_1_8:        JSR   AS_DIV10                   ; Too large, divide by ten
ED81: e6 99                                          INC   AS_TMPEXP                  ; Keep track of divisions
ED83: d0 61               ED61                       BNE   AS_L_FOUT_1_5              ; ...Always
ED85:                                                                                 ; --------------------------------
ED85: 20 9f e7                 AS_L_FOUT_1_9:        JSR   AS_FADDH                   ; Round adjusted result
ED88: 20 f1 eb                 AS_L_FOUT_1_10:       JSR   AS_QINT                    ; Convert adjusted value to 32-bit integer
ED8B:                                                                                 ; --------------------------------
ED8B:                                                                                 ; Fac+1...fac+4 is now in integer form
ED8B:                                                                                 ; With power of ten adjustment in tmpexp
ED8B:                          
ED8B:                                                                                 ; If -10 < tmpexp > 1, print in decimal form
ED8B:                                                                                 ; Otherwise, print in exponential form
ED8B:                                                                                 ; --------------------------------
ED8B: a2 01                    AS_FOUT_2:            LDX   #1                         ; Assume 1 digit before "."
ED8D: a5 99                                          LDA   AS_TMPEXP                  ; Check range
ED8F: 18                                             CLC
ED90: 69 0a                                          ADC   #10
ED92: 30 9d               ED9D                       BMI   AS_L_FOUT_2_1              ; < .01, Use exponential form
ED94: c9 0b                                          CMP   #11
ED96: b0 9e               ED9E                       BCS   AS_L_FOUT_2_2              ; >= 1E10, use exponential form
ED98: 69 ff                                          ADC   #$FF                       ; Less 1 gives index for "."
ED9A: aa                                             TAX
ED9B: a9 02                                          LDA   #2                         ; Set remaining exponent = 0
ED9D: 38                       AS_L_FOUT_2_1:        SEC                              ; Compute remaining exponent
ED9E: e9 02                    AS_L_FOUT_2_2:        SBC   #2
EDA0: 85 9a                                          STA   AS_EXPON                   ; Value for "e+xx" or "e-xx"
EDA2: 86 99                                          STX   AS_TMPEXP                  ; Index for decimal point
EDA4: 8a                                             TXA                              ; See if "." comes first
EDA5: f0 a9               EDA9                       BEQ   AS_L_FOUT_2_3              ; Yes
EDA7: 10 bc               EDBC                       BPL   AS_L_FOUT_2_5              ; No, later
EDA9: a4 ad                    AS_L_FOUT_2_3:        LDY   AS_STRNG2                  ; Get index into string being built
EDAB: a9 2e                                          LDA   #"." & %01111111           ; Store a decimal point
EDAD: c8                                             INY
EDAE: 99 ff 00                                       STA   AS_STACK - 1,Y
EDB1: 8a                                             TXA                              ; See if need ".0"
EDB2: f0 ba               EDBA                       BEQ   AS_L_FOUT_2_4              ; No
EDB4: a9 30                                          LDA   #"0" & %01111111           ; Yes, store "0"
EDB6: c8                                             INY
EDB7: 99 ff 00                                       STA   AS_STACK - 1,Y
EDBA: 84 ad                    AS_L_FOUT_2_4:        STY   AS_STRNG2                  ; Save output index again
EDBC:                                                                                 ; --------------------------------
EDBC:                                                                                 ; Now divide by powers of ten to get successive digits
EDBC:                                                                                 ; --------------------------------
EDBC: a0 00                    AS_L_FOUT_2_5:        LDY   #0                         ; Index to table of powers of ten
EDBE: a2 80                                          LDX   #$80                       ; Starting value for digit with direction
EDC0: a5 a1                    AS_L_FOUT_2_6:        LDA   AS_FAC + 4                 ; Start by adding -100000000 until
EDC2: 18                                             CLC                              ; Overshoot.  then add +10000000,
EDC3: 79 6b ee                                       ADC   AS_DECTBL + 3,Y            ; Then add -1000000, then add
EDC6: 85 a1                                          STA   AS_FAC + 4                 ; +100000, And so on.
EDC8: a5 a0                                          LDA   AS_FAC + 3                 ; The # of times each power is added

Page 98
--------------------------------------------------------------------------------
EDCA: 79 6a ee                                       ADC   AS_DECTBL + 2,Y            ; Is 1 more than corresponding digit
EDCD: 85 a0                                          STA   AS_FAC + 3
EDCF: a5 9f                                          LDA   AS_FAC + 2
EDD1: 79 69 ee                                       ADC   AS_DECTBL + 1,Y
EDD4: 85 9f                                          STA   AS_FAC + 2
EDD6: a5 9e                                          LDA   AS_FAC + 1
EDD8: 79 68 ee                                       ADC   AS_DECTBL,Y
EDDB: 85 9e                                          STA   AS_FAC + 1
EDDD: e8                                             INX                              ; Count the add
EDDE: b0 e4               EDE4                       BCS   AS_L_FOUT_2_7              ; If c=1 and x negative, keep adding
EDE0: 10 c0               EDC0                       BPL   AS_L_FOUT_2_6              ; If c=0 and x positive, keep adding
EDE2: 30 e6               EDE6                       BMI   AS_L_FOUT_2_8              ; If c=0 and x negative, we overshot
EDE4: 30 c0               EDC0 AS_L_FOUT_2_7:        BMI   AS_L_FOUT_2_6              ; If c=1 and x positive, we overshot
EDE6: 8a                       AS_L_FOUT_2_8:        TXA                              ; Overshot, so make x into a digit
EDE7: 90 ed               EDED                       BCC   AS_L_FOUT_2_9              ; How depends on direction we were going
EDE9: 49 ff                                          EOR   #$FF                       ; Digit = 9-x
EDEB: 69 0a                                          ADC   #10
EDED: 69 2f                    AS_L_FOUT_2_9:        ADC   #("0" & %01111111) - 1     ; Make digit into ascii
EDEF: c8                                             INY                              ; Advance to next smaller power of ten
EDF0: c8                                             INY
EDF1: c8                                             INY
EDF2: c8                                             INY
EDF3: 84 83                                          STY   AS_VARPNT                  ; Save pntr to powers
EDF5: a4 ad                                          LDY   AS_STRNG2                  ; Get output pntr
EDF7: c8                                             INY                              ; Store the digit
EDF8: aa                                             TAX                              ; Save digit, hi-bit is direction
EDF9: 29 7f                                          AND   #$7F                       ; Make sure MON_COLOR...$39 for string
EDFB: 99 ff 00                                       STA   AS_STACK - 1,Y
EDFE: c6 99                                          DEC   AS_TMPEXP                  ; Count the digit
EE00: d0 08               EE08                       BNE   AS_L_FOUT_2_10             ; Not time for "." yet
EE02: a9 2e                                          LDA   #"." & %01111111           ; Time, so store the decimal point
EE04: c8                                             INY
EE05: 99 ff 00                                       STA   AS_STACK - 1,Y
EE08: 84 ad                    AS_L_FOUT_2_10:       STY   AS_STRNG2                  ; Save output pntr again
EE0A: a4 83                                          LDY   AS_VARPNT                  ; Get pntr to powers
EE0C: 8a                                             TXA                              ; Get digit with hi-bit = direction
EE0D: 49 ff                                          EOR   #$FF                       ; Change direction
EE0F: 29 80                                          AND   #$80                       ; $00 If adding, $80 if subtracting
EE11: aa                                             TAX
EE12: c0 24                                          CPY   #AS_DECTBL_END - AS_DECTBL
EE14: d0 c0               EDC0                       BNE   AS_L_FOUT_2_6              ; Not finished yet
EE16:                                                                                 ; --------------------------------
EE16:                                                                                 ; Nine digits have been stored in string.  now look
EE16:                                                                                 ; Back and lop off trailing zeroes and a trailing
EE16:                                                                                 ; Decimal point.
EE16:                                                                                 ; --------------------------------
EE16: a4 ad                    AS_FOUT_3:            LDY   AS_STRNG2                  ; Points at last stored char
EE18: b9 ff 00                 AS_L_FOUT_3_1:        LDA   AS_STACK - 1,Y             ; See if loppable
EE1B: 88                                             DEY
EE1C: c9 30                                          CMP   #"0" & %01111111           ; Suppress trailing zeroes
EE1E: f0 18               EE18                       BEQ   AS_L_FOUT_3_1              ; Yes, keep looping
EE20: c9 2e                                          CMP   #"." & %01111111           ; Suppress trailing decimal point
EE22: f0 25               EE25                       BEQ   AS_L_FOUT_3_2              ; ".", So write over it
EE24: c8                                             INY                              ; Not ".", so include in string again
EE25: a9 2b                    AS_L_FOUT_3_2:        LDA   #"+" & %01111111           ; Prepare for positive exponent "e+xx"
EE27: a6 9a                                          LDX   AS_EXPON                   ; See if any e-value
EE29: f0 59               EE59                       BEQ   AS_FOUT_5                  ; No, just mark end of string
EE2B: 10 35               EE35                       BPL   AS_L_FOUT_3_3              ; Yes, and it is positive
EE2D: a9 00                                          LDA   #0                         ; Yes, and it is negative
EE2F: 38                                             SEC                              ; Complement the value

Page 99
--------------------------------------------------------------------------------
EE30: e5 9a                                          SBC   AS_EXPON
EE32: aa                                             TAX                              ; Get magnitude in x
EE33: a9 2d                                          LDA   #"-" & %01111111           ; E sign
EE35: 99 01 01                 AS_L_FOUT_3_3:        STA   AS_STACK + 1,Y             ; Store sign in string
EE38: a9 45                                          LDA   #"E" & %01111111           ; Store "e" in string before sign
EE3A: 99 00 01                                       STA   AS_STACK,Y
EE3D: 8a                                             TXA                              ; Exponent magnitude in a-reg
EE3E: a2 2f                                          LDX   #("0" & %01111111) - 1     ; Seed for exponent digit
EE40: 38                                             SEC                              ; Convert to decimal
EE41: e8                       AS_L_FOUT_3_4:        INX                              ; Count the subtraction
EE42: e9 0a                                          SBC   #10                        ; Ten's digit
EE44: b0 41               EE41                       BCS   AS_L_FOUT_3_4              ; More tens to subtract
EE46: 69 3a                                          ADC   #("0" & %01111111) + 10    ; Convert remainder to one's digit
EE48: 99 03 01                                       STA   AS_STACK + 3,Y             ; Store one's digit
EE4B: 8a                                             TXA
EE4C: 99 02 01                                       STA   AS_STACK + 2,Y             ; Store ten's digit
EE4F: a9 00                                          LDA   #0                         ; Mark end of string with $00
EE51: 99 04 01                                       STA   AS_STACK + 4,Y
EE54: f0 5e               EE5E                       BEQ   AS_FOUT_6                  ; ...Always
EE56: 99 ff 00                 AS_FOUT_4:            STA   AS_STACK - 1,Y             ; Store "0" in ascii
EE59: a9 00                    AS_FOUT_5:            LDA   #0                         ; Store $00 on end of string
EE5B: 99 00 01                                       STA   AS_STACK,Y
EE5E: a9 00                    AS_FOUT_6:            LDA   #<AS_STACK                 ; Point y,a at beginning of string
EE60: a0 01                                          LDY   #>AS_STACK                 ; (Str$ started string at stack-1, but
EE62: 60                                             RTS                              ; Str$ doesn't use y,a anyway.)
EE63:                                                                                 ; --------------------------------
EE63:                          
EE63: 80 00 00 00 00           AS_CON_HALF:          .byte $80, $00, $00, $00, $00    ; Fp constant 0l_con_half_5
EE68:                                                                                 ; --------------------------------
EE68:                                                                                 ; Powers of 10 from 1e8 down to 1,
EE68:                                                                                 ; As 32-bit integers, with alternating signs
EE68:                                                                                 ; --------------------------------
EE68:                          
EE68: fa 0a 1f 00              AS_DECTBL:            .byte $FA, $0A, $1F, $00         ; -100000000
EE6C: 00 98 96 80                                    .byte $00, $98, $96, $80         ; 10000000
EE70: ff f0 bd c0                                    .byte $FF, $F0, $BD, $C0         ; -1000000
EE74: 00 01 86 a0                                    .byte $00, $01, $86, $A0         ; 100000
EE78: ff ff d8 f0                                    .byte $FF, $FF, $D8, $F0         ; -10000
EE7C: 00 00 03 e8                                    .byte $00, $00, $03, $E8         ; 1000
EE80: ff ff ff 9c                                    .byte $FF, $FF, $FF, $9C         ; -100
EE84: 00 00 00 0a                                    .byte $00, $00, $00, $0A         ; 10
EE88: ff ff ff ff                                    .byte $FF, $FF, $FF, $FF         ; -1
EE8C:                          AS_DECTBL_END:
EE8C:                                                                                 ; --------------------------------
EE8C:                                                                                 ; --------------------------------
EE8C:                                                                                 ; "Sqr" function
EE8C:                          
EE8C:                                                                                 ; <<< Unfortunately, rather than a newton-raphson >>>
EE8C:                                                                                 ; <<< Iteration, applesoft uses exponentiation    >>>
EE8C:                                                                                 ; <<< Sqr(x) = x^l_dectbl_end_5                               >>>
EE8C:                                                                                 ; --------------------------------
EE8C: 20 62 eb                 AS_SQR:               JSR   AS_COPY_FAC_TO_ARG_ROUNDED
EE8F: a9 63                                          LDA   #<AS_CON_HALF              ; Set up power of 0l_sqr_5
EE91: a0 ee                                          LDY   #>AS_CON_HALF
EE93: 20 f8 ea                                       JSR   AS_LOAD_FAC_FROM_YA
EE96:                                                                                 ; --------------------------------
EE96:                                                                                 ; Exponentiation operation
EE96:                          
EE96:                                                                                 ; Arg ^ fac  =  exp( log(arg) * fac )
EE96:                                                                                 ; --------------------------------

Page 100
--------------------------------------------------------------------------------
EE96: f0 08               EF08 AS_FPWRT:             BEQ   AS_EXP                     ; If fac=0, arg^fac=exp(0)
EE98: a5 a5                                          LDA   AS_ARG                     ; If arg=0, arg^fac=0
EE9A: d0 9f               EE9F                       BNE   AS_L_FPWRT_1               ; Neither is zero
EE9C: 4c 4f e8                                       JMP   AS_STA_IN_FAC_SIGN_AND_EXP ; Set fac = 0
EE9F: a2 8a                    AS_L_FPWRT_1:         LDX   #AS_TEMP3                  ; Save fac in temp3
EEA1: a0 00                                          LDY   #0
EEA3: 20 2a eb                                       JSR   AS_STORE_FACDB_YX_ROUNDED
EEA6: a5 aa                                          LDA   AS_ARG_SIGN                ; Normally, arg must be positive
EEA8: 10 b9               EEB9                       BPL   AS_L_FPWRT_2               ; It is positive, so all is well
EEAA: 20 22 ec                                       JSR   AS_INT                     ; Negative, but ok if integral power
EEAD: a9 8a                                          LDA   #AS_TEMP3                  ; See if int(fac)=fac
EEAF: a0 00                                          LDY   #0
EEB1: 20 b1 eb                                       JSR   AS_FCOMP                   ; Is it an integer power?
EEB4: d0 b9               EEB9                       BNE   AS_L_FPWRT_2               ; Not integral,  will cause error later
EEB6: 98                                             TYA                              ; Make arg sign + as it is moved to fac
EEB7: a4 0d                                          LDY   AS_CHARAC                  ; Integral, so allow negative arg
EEB9: 20 54 eb                 AS_L_FPWRT_2:         JSR   AS_MFA                     ; Move argument to fac
EEBC: 98                                             TYA                              ; Save flag for negative arg (0=+)
EEBD: 48                                             PHA
EEBE: 20 40 e9                                       JSR   AS_LOG                     ; Get log(arg)
EEC1: a9 8a                                          LDA   #AS_TEMP3                  ; Multiply by power
EEC3: a0 00                                          LDY   #0
EEC5: 20 7e e9                                       JSR   AS_FMULT
EEC8: 20 08 ef                                       JSR   AS_EXP                     ; E ^ log(fac)
EECB: 68                                             PLA                              ; Get flag for negative arg
EECC: 4a                                             LSR                              ; <<<Lsr,bcc could be merely bpl>>>
EECD: 90 d9               EED9                       BCC   AS_RTS_18                  ; Not negative, finished
EECF:                                                                                 ; Negative arg, so negate result
EECF:                                                                                 ; --------------------------------
EECF:                                                                                 ; Negate value in fac
EECF:                                                                                 ; --------------------------------
EECF: a5 9d                    AS_NEGOP:             LDA   AS_FAC                     ; If fac=0, no need to complement
EED1: f0 d9               EED9                       BEQ   AS_RTS_18                  ; Yes, fac=0
EED3: a5 a2                                          LDA   AS_FAC_SIGN                ; No, so toggle sign
EED5: 49 ff                                          EOR   #$FF
EED7: 85 a2                                          STA   AS_FAC_SIGN
EED9: 60                       AS_RTS_18:            RTS
EEDA:                                                                                 ; --------------------------------
EEDA:                          
EEDA: 81 38 aa 3b 29           AS_CON_LOG_E:         .byte $81, $38, $AA, $3B, $29    ; Log(e) to base 2
EEDF:                                                                                 ; --------------------------------
EEDF: 07                       AS_POLY_EXP:          .byte 7                          ; ( # Of terms in polynomial) - 1
EEE0: 71 34 58 3e 56                                 .byte $71, $34, $58, $3E, $56    ; (Log(2)^7)/8!
EEE5: 74 16 7e b3 1b                                 .byte $74, $16, $7E, $B3, $1B    ; (Log(2)^6)/7!
EEEA: 77 2f ee e3 85                                 .byte $77, $2F, $EE, $E3, $85    ; (Log(2)^5)/6!
EEEF: 7a 1d 84 1c 2a                                 .byte $7A, $1D, $84, $1C, $2A    ; (Log(2)^4)/5!
EEF4: 7c 63 59 58 0a                                 .byte $7C, $63, $59, $58, $0A    ; (Log(2)^3)/4!
EEF9: 7e 75 fd e7 c6                                 .byte $7E, $75, $FD, $E7, $C6    ; (Log(2)^2)/3!
EEFE: 80 31 72 18 10                                 .byte $80, $31, $72, $18, $10    ; Log(2)/2!
EF03: 81 00 00 00 00                                 .byte $81, $00, $00, $00, $00    ; 1
EF08:                                                                                 ; --------------------------------
EF08:                                                                                 ; "Exp" function
EF08:                          
EF08:                                                                                 ; Fac = e ^ fac
EF08:                                                                                 ; --------------------------------
EF08: a9 da                    AS_EXP:               LDA   #<AS_CON_LOG_E             ; Convert to power of two problem
EF0A: a0 ee                                          LDY   #>AS_CON_LOG_E             ; E^x = 2^(log2(e)*x)
EF0C: 20 7e e9                                       JSR   AS_FMULT
EF0F: a5 ac                                          LDA   AS_FAC_EXTENSION           ; Non-standard rounding here
EF11: 69 50                                          ADC   #$50                       ; Round up if extension > $AF

Page 101
--------------------------------------------------------------------------------
EF13: 90 18               EF18                       BCC   AS_L_EXP_1                 ; No, don't round up
EF15: 20 79 eb                                       JSR   AS_INCREMENT_MANTISSA
EF18: 85 92                    AS_L_EXP_1:           STA   AS_ARG_EXTENSION           ; Strange value
EF1A: 20 65 eb                                       JSR   AS_MAF                     ; Copy fac into arg
EF1D: a5 9d                                          LDA   AS_FAC                     ; Maximum exponent is < 128
EF1F: c9 88                                          CMP   #$88                       ; Within range?
EF21: 90 26               EF26                       BCC   AS_L_EXP_3                 ; Yes
EF23: 20 2a ea                 AS_L_EXP_2:           JSR   AS_OUTOFRNG                ; Overflow if +, return 0.0 if -
EF26: 20 22 ec                 AS_L_EXP_3:           JSR   AS_INT                     ; Get int(fac)
EF29: a5 0d                                          LDA   AS_CHARAC                  ; This is the inetgral part of the power
EF2B: 18                                             CLC                              ; Add to exponent bias + 1
EF2C: 69 81                                          ADC   #$81
EF2E: f0 23               EF23                       BEQ   AS_L_EXP_2                 ; Overflow
EF30: 38                                             SEC                              ; Back off to normal bias
EF31: e9 01                                          SBC   #1
EF33: 48                                             PHA                              ; Save exponent
EF34:                                                                                 ; --------------------------------
EF34: a2 05                                          LDX   #5                         ; Swap arg and fac
EF36: b5 a5                    AS_L_EXP_4:           LDA   AS_ARG,X                   ; <<< Why swap? it is doing      >>>
EF38: b4 9d                                          LDY   AS_FAC,X                   ; <<< -(A-b) when (b-a) is the   >>>
EF3A: 95 9d                                          STA   AS_FAC,X                   ; <<< Same thing!                >>>
EF3C: 94 a5                                          STY   AS_ARG,X
EF3E: ca                                             DEX
EF3F: 10 36               EF36                       BPL   AS_L_EXP_4
EF41: a5 92                                          LDA   AS_ARG_EXTENSION
EF43: 85 ac                                          STA   AS_FAC_EXTENSION
EF45: 20 a9 e7                                       JSR   AS_FSUBT                   ; Power-int(power) --> fractional part
EF48: 20 cf ee                                       JSR   AS_NEGOP
EF4B: a9 df                                          LDA   #<AS_POLY_EXP
EF4D: a0 ee                                          LDY   #>AS_POLY_EXP
EF4F: 20 71 ef                                       JSR   AS_POLYNOMIAL              ; Compute f(x) on fractional part
EF52: a9 00                                          LDA   #0
EF54: 85 ab                                          STA   AS_SGNCPR
EF56: 68                                             PLA                              ; Get exponent
EF57: 20 0f ea                                       JSR   AS_ADD_EXPONENTS_1
EF5A: 60                                             RTS                              ; <<< Wasted byte here, could have >>>
EF5B:                                                                                 ; <<< Just used "jmp add.expo..."  >>>
EF5B:                                                                                 ; --------------------------------
EF5B:                                                                                 ; Odd polynomial subroutine
EF5B:                          
EF5B:                                                                                 ; F(x) = x * p(x^2)
EF5B:                          
EF5B:                                                                                 ; Where:  x is value in fac
EF5B:                                                                                 ; Y,a points at coefficient table
EF5B:                                                                                 ; First byte of coeff. table is n
EF5B:                                                                                 ; Coefficients follow, highest power first
EF5B:                          
EF5B:                                                                                 ; P(x^2) computed using normal polynomial subroutine
EF5B:                          
EF5B:                                                                                 ; --------------------------------
EF5B:                          AS_POLYNOMIAL_ODD:
EF5B: 85 ad                                          STA   AS_SERPNT                  ; Save address of coefficient table
EF5D: 84 ae                                          STY   AS_SERPNT + 1
EF5F: 20 20 eb                                       JSR   AS_STORE_FAC_IN_TEMP1_ROUNDED
EF62: a9 93                                          LDA   #AS_TEMP1                  ; Y=0 already, so y,a points at temp1
EF64: 20 7e e9                                       JSR   AS_FMULT                   ; Form x^2
EF67: 20 75 ef                                       JSR   AS_SERMAIN                 ; Do series in x^2
EF6A: a9 93                                          LDA   #<AS_TEMP1                 ; Get x again
EF6C: a0 00                                          LDY   #>AS_TEMP1
EF6E: 4c 7e e9                                       JMP   AS_FMULT                   ; Multiply x by p(x^2) and exit

Page 102
--------------------------------------------------------------------------------
EF71:                                                                                 ; --------------------------------
EF71:                                                                                 ; Normal polynomial subroutine
EF71:                          
EF71:                                                                                 ; P(x) = c(0)*x^n + c(1)*x^(n-1) + ... + c(n)
EF71:                          
EF71:                                                                                 ; Where:  x is value in fac
EF71:                                                                                 ; Y,a points at coefficient table
EF71:                                                                                 ; First byte of coeff. table is n
EF71:                                                                                 ; Coefficients follow, highest power first
EF71:                          
EF71:                                                                                 ; --------------------------------
EF71:                          AS_POLYNOMIAL:
EF71: 85 ad                                          STA   AS_SERPNT                  ; Pointer to coefficient table
EF73: 84 ae                                          STY   AS_SERPNT + 1
EF75:                                                                                 ; --------------------------------
EF75:                          AS_SERMAIN:
EF75: 20 1d eb                                       JSR   AS_STORE_FAC_IN_TEMP2_ROUNDED
EF78: b1 ad                                          LDA   (AS_SERPNT),Y              ; Get n
EF7A: 85 a3                                          STA   AS_SERLEN                  ; Save n
EF7C: a4 ad                                          LDY   AS_SERPNT                  ; Bump pntr to highest coefficient
EF7E: c8                                             INY                              ; And get pntr into y,a
EF7F: 98                                             TYA
EF80: d0 84               EF84                       BNE   AS_L_SERMAIN_1
EF82: e6 ae                                          INC   AS_SERPNT + 1
EF84: 85 ad                    AS_L_SERMAIN_1:       STA   AS_SERPNT
EF86: a4 ae                                          LDY   AS_SERPNT + 1
EF88: 20 7e e9                 AS_L_SERMAIN_2:       JSR   AS_FMULT                   ; Accumulate series terms
EF8B: a5 ad                                          LDA   AS_SERPNT                  ; Bump pntr to next coefficient
EF8D: a4 ae                                          LDY   AS_SERPNT + 1
EF8F: 18                                             CLC
EF90: 69 05                                          ADC   #5
EF92: 90 95               EF95                       BCC   AS_L_SERMAIN_3
EF94: c8                                             INY
EF95: 85 ad                    AS_L_SERMAIN_3:       STA   AS_SERPNT
EF97: 84 ae                                          STY   AS_SERPNT + 1
EF99: 20 bd e7                                       JSR   AS_FADD                    ; Add next coefficient
EF9C: a9 98                                          LDA   #AS_TEMP2                  ; Point at x again
EF9E: a0 00                                          LDY   #0
EFA0: c6 a3                                          DEC   AS_SERLEN                  ; If series not finished,
EFA2: d0 88               EF88                       BNE   AS_L_SERMAIN_2             ; Then add another term
EFA4: 60                       AS_RTS_19:            RTS                              ; Finished
EFA5:                                                                                 ; --------------------------------
EFA5:                          
EFA5: 98 35 44 7a              AS_CON_RND_1:         .byte $98, $35, $44, $7A         ; <<< These are missing one byte >>>
EFA9: 68 28 b1 46              AS_CON_RND_2:         .byte $68, $28, $B1, $46         ; <<< For fp values              >>>
EFAD:                                                                                 ; --------------------------------
EFAD:                                                                                 ; "Rnd" function
EFAD:                                                                                 ; --------------------------------
EFAD: 20 81 eb                 AS_RND:               JSR   AS_SIGN                    ; Reduce argument to -1, 0, or +1
EFB0: aa                                             TAX                              ; Save argument
EFB1: 30 cb               EFCB                       BMI   AS_L_RND_1                 ; = -1, Use current argument for seed
EFB3: a9 c9                                          LDA   #<AS_RNDSEED               ; Use current seed
EFB5: a0 00                                          LDY   #>AS_RNDSEED
EFB7: 20 f8 ea                                       JSR   AS_LOAD_FAC_FROM_YA
EFBA: 8a                                             TXA                              ; Recall sign of argument
EFBB: f0 a4               EFA4                       BEQ   AS_RTS_19                  ; =0, Return seed unchanged
EFBD: a9 a5                                          LDA   #<AS_CON_RND_1             ; Very poor rnd algorithm
EFBF: a0 ef                                          LDY   #>AS_CON_RND_1
EFC1: 20 7e e9                                       JSR   AS_FMULT
EFC4: a9 a9                                          LDA   #<AS_CON_RND_2             ; Also, constants are truncated

Page 103
--------------------------------------------------------------------------------
EFC6: a0 ef                                          LDY   #>AS_CON_RND_2             ; <<<This does nothing, due to >>>
EFC8:                                                                                 ; <<<Small exponent            >>>
EFC8: 20 bd e7                                       JSR   AS_FADD
EFCB: a6 a1                    AS_L_RND_1:           LDX   AS_FAC + 4                 ; Shuffle hi and lo bytes
EFCD: a5 9e                                          LDA   AS_FAC + 1                 ; To supposedly make it more random
EFCF: 85 a1                                          STA   AS_FAC + 4
EFD1: 86 9e                                          STX   AS_FAC + 1
EFD3: a9 00                                          LDA   #0                         ; Make it positive
EFD5: 85 a2                                          STA   AS_FAC_SIGN
EFD7: a5 9d                                          LDA   AS_FAC                     ; A somewhat random extension
EFD9: 85 ac                                          STA   AS_FAC_EXTENSION
EFDB: a9 80                                          LDA   #$80                       ; Exponent to make value < 1.0
EFDD: 85 9d                                          STA   AS_FAC
EFDF: 20 2d e8                                       JSR   AS_NORMALIZE_FAC_2
EFE2: a2 c9                                          LDX   #<AS_RNDSEED               ; Move fac to rnd seed
EFE4: a0 00                                          LDY   #>AS_RNDSEED
EFE6: 4c 2a eb                 AS_GO_MOVMF:          JMP   AS_STORE_FACDB_YX_ROUNDED
EFE9:                                                                                 ; --------------------------------
EFE9:                                                                                 ; --------------------------------
EFE9:                                                                                 ; "Cos" function
EFE9:                                                                                 ; --------------------------------
EFE9: a9 65                    AS_COS:               LDA   #<AS_CON_PI_HALF           ; Cos(x)=sin(x + pi/2)
EFEB: a0 f0                                          LDY   #>AS_CON_PI_HALF
EFED: 20 bd e7                                       JSR   AS_FADD
EFF0:                                                                                 ; --------------------------------
EFF0:                                                                                 ; "Sin" function
EFF0:                                                                                 ; --------------------------------
EFF0: 20 62 eb                 AS_SIN:               JSR   AS_COPY_FAC_TO_ARG_ROUNDED
EFF3: a9 6a                                          LDA   #<AS_CON_PI_DOUB           ; Remove multiples of 2*pi
EFF5: a0 f0                                          LDY   #>AS_CON_PI_DOUB           ; By dividing and saving
EFF7: a6 aa                                          LDX   AS_ARG_SIGN                ; The fractional part
EFF9: 20 5d ea                                       JSR   AS_DIV                     ; Use sign of argument
EFFC: 20 62 eb                                       JSR   AS_COPY_FAC_TO_ARG_ROUNDED
EFFF: 20 22 ec                                       JSR   AS_INT                     ; Take integer part
F002: a9 00                                          LDA   #0                         ; <<< Wasted lines, because fsubt >>>
F004: 85 ab                                          STA   AS_SGNCPR                  ; <<< Changes sgncpr again        >>>
F006: 20 a9 e7                                       JSR   AS_FSUBT                   ; Subtract to get fractional part
F009:                                                                                 ; --------------------------------
F009:                                                                                 ; (Fac) = angle as a fraction of a full circle
F009:                          
F009:                                                                                 ; Now fold the range into a quarter circle
F009:                          
F009:                                                                                 ; <<< There are much simpler ways to do this >>>
F009:                                                                                 ; --------------------------------
F009: a9 6f                                          LDA   #<AS_QUARTER               ; 1/4 - Fraction makes
F00B: a0 f0                                          LDY   #>AS_QUARTER               ; -3/4 <= Fraction < 1/4
F00D: 20 a6 e7                                       JSR   AS_FSUB
F010: a5 a2                                          LDA   AS_FAC_SIGN                ; Test sign of result
F012: 48                                             PHA                              ; Save sign for later unfolding
F013: 10 22               F022                       BPL   AS_SIN_1                   ; Already 0...1/4
F015: 20 9f e7                                       JSR   AS_FADDH                   ; Add 1/2 to shift to -1/4...1/2
F018: a5 a2                                          LDA   AS_FAC_SIGN                ; Test sign
F01A: 30 25               F025                       BMI   AS_SIN_2                   ; -1/4...0
F01C:                                                                                 ; 0...1/2
F01C: a5 16                                          LDA   AS_SIGNFLG                 ; Signflg initialized = 0 in "tan"
F01E: 49 ff                                          EOR   #$FF                       ; Function
F020: 85 16                                          STA   AS_SIGNFLG                 ; "Tan" is only user of signflg too
F022:                                                                                 ; --------------------------------
F022:                                                                                 ; If fall thru, range is 0...1/2
F022:                                                                                 ; If branch here, range is 0...1/4

Page 104
--------------------------------------------------------------------------------
F022:                                                                                 ; --------------------------------
F022: 20 cf ee                 AS_SIN_1:             JSR   AS_NEGOP
F025:                                                                                 ; --------------------------------
F025:                                                                                 ; If fall thru, range is -1/2...0
F025:                                                                                 ; If branch here, range is -1/4...0
F025:                                                                                 ; --------------------------------
F025: a9 6f                    AS_SIN_2:             LDA   #<AS_QUARTER               ; Add 1/4 to shift range
F027: a0 f0                                          LDY   #>AS_QUARTER               ; To -1/4...1/4
F029: 20 bd e7                                       JSR   AS_FADD
F02C: 68                                             PLA                              ; Get saved sign from above
F02D: 10 32               F032                       BPL   AS_L_SIN_2_1
F02F: 20 cf ee                                       JSR   AS_NEGOP                   ; Make range 0...1/4
F032: a9 74                    AS_L_SIN_2_1:         LDA   #<AS_POLY_SIN              ; Do standard sin series
F034: a0 f0                                          LDY   #>AS_POLY_SIN
F036: 4c 5b ef                                       JMP   AS_POLYNOMIAL_ODD
F039:                                                                                 ; --------------------------------
F039:                                                                                 ; "Tan" function
F039:                          
F039:                                                                                 ; Compute tan(x) = sin(x) / cos(x)
F039:                                                                                 ; --------------------------------
F039: 20 20 eb                 AS_TAN:               JSR   AS_STORE_FAC_IN_TEMP1_ROUNDED
F03C: a9 00                                          LDA   #0                         ; Signflg will be toggled if 2nd or 3rd
F03E: 85 16                                          STA   AS_SIGNFLG                 ; Quadrant
F040: 20 f0 ef                                       JSR   AS_SIN                     ; Get sin(x)
F043: a2 8a                                          LDX   #<AS_TEMP3                 ; Save sin(x) in temp3
F045: a0 00                                          LDY   #>AS_TEMP3
F047: 20 e6 ef                                       JSR   AS_GO_MOVMF                ; <<<Funny way to call movmf! >>>
F04A: a9 93                                          LDA   #<AS_TEMP1                 ; Retrieve x
F04C: a0 00                                          LDY   #>AS_TEMP1
F04E: 20 f8 ea                                       JSR   AS_LOAD_FAC_FROM_YA
F051: a9 00                                          LDA   #0                         ; And compute cos(x)
F053: 85 a2                                          STA   AS_FAC_SIGN
F055: a5 16                                          LDA   AS_SIGNFLG
F057: 20 61 f0                                       JSR   AS_TAN_1                   ; Weird & dangerous way to get into sin
F05A: a9 8a                                          LDA   #<AS_TEMP3                 ; Now form sin/cos
F05C: a0 00                                          LDY   #>AS_TEMP3
F05E: 4c 65 ea                                       JMP   AS_FDIV
F061:                                                                                 ; --------------------------------
F061: 48                       AS_TAN_1:             PHA                              ; Shame, shame!
F062: 4c 22 f0                                       JMP   AS_SIN_1
F065:                                                                                 ; --------------------------------
F065:                          
F065: 81 49 0f da a2           AS_CON_PI_HALF:       .byte $81, $49, $0F, $DA, $A2
F06A: 83 49 0f da a2           AS_CON_PI_DOUB:       .byte $83, $49, $0F, $DA, $A2
F06F: 7f 00 00 00 00           AS_QUARTER:           .byte $7F, $00, $00, $00, $00
F074:                                                                                 ; --------------------------------
F074: 05                       AS_POLY_SIN:          .byte 5                          ; Power of polynomial
F075: 84 e6 1a 2d 1b                                 .byte $84, $E6, $1A, $2D, $1B    ; (2Pi)^11/11!
F07A: 86 28 07 fb f8                                 .byte $86, $28, $07, $FB, $F8    ; (2Pi)^9/9!
F07F: 87 99 68 89 01                                 .byte $87, $99, $68, $89, $01    ; (2Pi)^7/7!
F084: 87 23 35 df e1                                 .byte $87, $23, $35, $DF, $E1    ; (2Pi)^5/5!
F089: 86 a5 5d e7 28                                 .byte $86, $A5, $5D, $E7, $28    ; (2Pi)^3/3!
F08E: 83 49 0f da a2                                 .byte $83, $49, $0F, $DA, $A2    ; 2Pi
F093:                          
F093:                                                                                 ; --------------------------------
F093:                                                                                 ; <<< Next ten bytes are never referenced >>>
F093:                                                                                 ; Obfuscated "microsoft!" by bill gates
F093:                                                                                 ; (Reversed, high bit set, xor 7)
F093:                                                                                 ; --------------------------------
F093:                          

Page 105
--------------------------------------------------------------------------------
F093: a6                                             .byte ("!" | %10000000) ^ 7
F094: d3                                             .byte ("T" | %10000000) ^ 7
F095: c1                                             .byte ("F" | %10000000) ^ 7
F096: c8                                             .byte ("O" | %10000000) ^ 7
F097: d4                                             .byte ("S" | %10000000) ^ 7
F098: c8                                             .byte ("O" | %10000000) ^ 7
F099: d5                                             .byte ("R" | %10000000) ^ 7
F09A: c4                                             .byte ("C" | %10000000) ^ 7
F09B: ce                                             .byte ("I" | %10000000) ^ 7
F09C: ca                                             .byte ("M" | %10000000) ^ 7
F09D:                          
F09D:                                                                                 ; --------------------------------
F09D:                                                                                 ; "Atn" function
F09D:                                                                                 ; --------------------------------
F09D: a5 a2                    AS_ATN:               LDA   AS_FAC_SIGN                ; Fold the argument range first
F09F: 48                                             PHA                              ; Save sign for later unfolding
F0A0: 10 a5               F0A5                       BPL   AS_L_ATN_1                 ; .Ge. 0
F0A2: 20 cf ee                                       JSR   AS_NEGOP                   ; .Lt. 0, so complement
F0A5: a5 9d                    AS_L_ATN_1:           LDA   AS_FAC                     ; If .ge. 1, form reciprocal
F0A7: 48                                             PHA                              ; Save for later unfolding
F0A8: c9 81                                          CMP   #$81                       ; (Exponent for .ge. 1
F0AA: 90 b3               F0B3                       BCC   AS_L_ATN_2                 ; x < 1
F0AC: a9 12                                          LDA   #<AS_CON_ONE               ; Form 1/x
F0AE: a0 e9                                          LDY   #>AS_CON_ONE
F0B0: 20 65 ea                                       JSR   AS_FDIV
F0B3:                                                                                 ; --------------------------------
F0B3:                                                                                 ; 0 <= x <= 1
F0B3:                                                                                 ; 0 <= Atn(x) <= pi/8
F0B3:                                                                                 ; --------------------------------
F0B3: a9 cd                    AS_L_ATN_2:           LDA   #<AS_POLY_ATN              ; Compute polynomial approximation
F0B5: a0 f0                                          LDY   #>AS_POLY_ATN
F0B7: 20 5b ef                                       JSR   AS_POLYNOMIAL_ODD
F0BA: 68                                             PLA                              ; Start to unfold
F0BB: c9 81                                          CMP   #$81                       ; Was it .ge. 1?
F0BD: 90 c6               F0C6                       BCC   AS_L_ATN_3                 ; No
F0BF: a9 65                                          LDA   #<AS_CON_PI_HALF           ; Yes, subtract from pi/2
F0C1: a0 f0                                          LDY   #>AS_CON_PI_HALF
F0C3: 20 a6 e7                                       JSR   AS_FSUB
F0C6: 68                       AS_L_ATN_3:           PLA                              ; Was it negative?
F0C7: 10 cc               F0CC                       BPL   AS_RTS_20                  ; No
F0C9: 4c cf ee                                       JMP   AS_NEGOP                   ; Yes, complement
F0CC: 60                       AS_RTS_20:            RTS
F0CD:                                                                                 ; --------------------------------
F0CD: 0b                       AS_POLY_ATN:          .byte 11                         ; Power of polynomial
F0CE: 76 b3 83 bd d3                                 .byte $76, $B3, $83, $BD, $D3
F0D3: 79 1e f4 a6 f5                                 .byte $79, $1E, $F4, $A6, $F5
F0D8: 7b 83 fc b0 10                                 .byte $7B, $83, $FC, $B0, $10
F0DD: 7c 0c 1f 67 ca                                 .byte $7C, $0C, $1F, $67, $CA
F0E2: 7c de 53 cb c1                                 .byte $7C, $DE, $53, $CB, $C1
F0E7: 7d 14 64 70 4c                                 .byte $7D, $14, $64, $70, $4C
F0EC: 7d b7 ea 51 7a                                 .byte $7D, $B7, $EA, $51, $7A
F0F1: 7d 63 30 88 7e                                 .byte $7D, $63, $30, $88, $7E
F0F6: 7e 92 44 99 3a                                 .byte $7E, $92, $44, $99, $3A
F0FB: 7e 4c cc 91 c7                                 .byte $7E, $4C, $CC, $91, $C7
F100: 7f aa aa aa 13                                 .byte $7F, $AA, $AA, $AA, $13
F105: 81 00 00 00 00                                 .byte $81, $00, $00, $00, $00
F10A:                                                                                 ; --------------------------------
F10A:                                                                                 ; Generic copy of chrget subroutine, which
F10A:                                                                                 ; Is copied into $00B1...$00C8 during initialization
F10A:                          

Page 106
--------------------------------------------------------------------------------
F10A:                                                                                 ; Cornelis bongers described several improvements
F10A:                                                                                 ; To chrget in micro magazine or call a.p.p.l.e.
F10A:                                                                                 ; (I don't remember which or exactly when)
F10A:                                                                                 ; --------------------------------
F10A:                          AS_GENERIC_CHRGET:
F10A: e6 b8                                          INC   AS_TXTPTR
F10C: d0 10               F110                       BNE   AS_L_GENERIC_CHRGET_1
F10E: e6 b9                                          INC   AS_TXTPTR + 1
F110: ad 60 ea                 AS_L_GENERIC_CHRGET_1: LDA   $EA60                      ; <<< Actual address filled in later >>>
F113: c9 3a                                          CMP   #":" & %01111111           ; Eos, also top of numeric range
F115: b0 21               F121                       BCS   AS_L_GENERIC_CHRGET_2      ; Not number, might be eos
F117: c9 20                                          CMP   #" " & %01111111           ; Ignore blanks
F119: f0 0a               F10A                       BEQ   AS_GENERIC_CHRGET
F11B: 38                                             SEC                              ; Test for numeric range in way that
F11C: e9 30                                          SBC   #"0" & %01111111           ; Clears carry if char is digit
F11E: 38                                             SEC                              ; And leaves char in a-reg
F11F: e9 d0                                          SBC   #$D0
F121: 60                       AS_L_GENERIC_CHRGET_2: RTS
F122:                                                                                 ; --------------------------------
F122:                                                                                 ; Initial value for random number, also copied
F122:                                                                                 ; In along with chrget, but erroneously:
F122:                                                                                 ; <<< The last byte is not copied >>>
F122:                                                                                 ; --------------------------------
F122:                          
F122: 80 4f c7 52 58                                 .byte $80, $4F, $C7, $52, $58    ; Approx. = l_generic_chrget_811635157
F127:                          AS_GENERIC_END:
F127:                                                                                 ; --------------------------------
F127:                          AS_COLD_START:
F127: a2 ff                                          LDX   #$FF                       ; Set direct mode flag
F129: 86 76                                          STX   AS_CURLIN + 1
F12B: a2 fb                                          LDX   #$FB                       ; Set stack pointer, leaving room for
F12D: 9a                                             TXS                              ; Line buffer during parsing
F12E: a9 27                                          LDA   #<AS_COLD_START            ; Set restart to cold.start
F130: a0 f1                                          LDY   #>AS_COLD_START            ; Until coldstart is completed
F132: 85 01                                          STA   AS_GOWARM + 1
F134: 84 02                                          STY   AS_GOWARM + 2
F136: 85 04                                          STA   AS_GOSTROUT + 1            ; Also second user vector...
F138: 84 05                                          STY   AS_GOSTROUT + 2            ; ..We simply must finish cold.start!
F13A: 20 72 f2                                       JSR   AS_NORMAL                  ; Set normal display mode
F13D: a9 4c                                          LDA   #$4C                       ; "Jmp" opcode for 4 vectors
F13F: 85 00                                          STA   AS_GOWARM                  ; Warm start
F141: 85 03                                          STA   AS_GOSTROUT                ; Anyone ever use this one?
F143: 85 90                                          STA   AS_JMPADRS                 ; Used by functions (jsr jmpadrs)
F145: 85 0a                    AS_L_USR1:            STA   AS_USR                     ; "Usr" function vector
F147: a9 98                                          LDA   #<AS_IQERR                 ; Point "usr" to illegal quantity
F149: a0 e1                                          LDY   #>AS_IQERR                 ; Error, until user sets it up
F14B: 85 0b                                          STA   AS_USR + 1
F14D: 84 0c                                          STY   AS_USR + 2
F14F:                          AS_L_USR2:                                             ; --------------------------------
F14F:                                                                                 ; Move generic chrget and random seed into place
F14F:                          
F14F:                                                                                 ; <<< Note that loop value is wrong!          >>>
F14F:                                                                                 ; <<< The last byte of the random seed is not >>>
F14F:                                                                                 ; <<< Copied into page zero!                  >>>
F14F:                                                                                 ; --------------------------------
F14F: a2 1c                                          LDX   #AS_GENERIC_END - AS_GENERIC_CHRGET - 1
F151: bd 09 f1                 AS_L_COLD_START_1:    LDA   AS_GENERIC_CHRGET - 1,X
F154: 95 b0                                          STA   AS_CHRGET - 1,X
F156: 86 f1                                          STX   AS_SPEEDZ                  ; On last pass stores $01)
F158: ca                                             DEX

Page 107
--------------------------------------------------------------------------------
F159: d0 51               F151                       BNE   AS_L_COLD_START_1
F15B:                                                                                 ; --------------------------------
F15B: 86 f2                                          STX   AS_TRCFLG                  ; x=0, turn off tracing
F15D: 8a                                             TXA                              ; a=0
F15E: 85 a4                                          STA   AS_SHIFT_SIGN_EXT
F160: 85 54                                          STA   AS_LASTPT + 1
F162: 48                                             PHA                              ; Put $00 on stack (what for?)
F163: a9 03                                          LDA   #3                         ; Set length of temp. string descriptors
F165: 85 8f                                          STA   AS_DSCLEN                  ; For garbage collection subroutine
F167: 20 fb da                                       JSR   AS_CRDO                    ; Print <return>
F16A: a9 01                                          LDA   #1                         ; Set up fake forward link
F16C: 8d fd 01                                       STA   AS_INPUT_BUFFER - 3
F16F: 8d fc 01                                       STA   AS_INPUT_BUFFER - 4
F172: a2 55                                          LDX   #AS_TEMPST                 ; Init index to temp string descriptors
F174: 86 52                                          STX   AS_TEMPPT
F176:                                                                                 ; --------------------------------
F176:                                                                                 ; Find high end of ram
F176:                                                                                 ; --------------------------------
F176: a9 00                                          LDA   #<$0800                    ; Set up pointer to low end of ram
F178: a0 08                                          LDY   #>$0800
F17A: 85 50                                          STA   AS_LINNUM
F17C: 84 51                                          STY   AS_LINNUM + 1
F17E: a0 00                                          LDY   #0
F180: e6 51                    AS_L_COLD_START_2:    INC   AS_LINNUM + 1              ; Test first byte of each page
F182: b1 50                                          LDA   (AS_LINNUM),Y              ; By complementing it and watching
F184: 49 ff                                          EOR   #$FF                       ; It change the same way
F186: 91 50                                          STA   (AS_LINNUM),Y
F188: d1 50                                          CMP   (AS_LINNUM),Y              ; Rom or empty sockets won't track
F18A: d0 94               F194                       BNE   AS_L_COLD_START_3          ; Not ram here
F18C: 49 ff                                          EOR   #$FF                       ; Restore original value
F18E: 91 50                                          STA   (AS_LINNUM),Y
F190: d1 50                                          CMP   (AS_LINNUM),Y              ; Did it track again?
F192: f0 80               F180                       BEQ   AS_L_COLD_START_2          ; Yes, still in ram
F194: a4 50                    AS_L_COLD_START_3:    LDY   AS_LINNUM                  ; No, end of ram
F196: a5 51                                          LDA   AS_LINNUM + 1
F198: 29 f0                                          AND   #$F0                       ; Force a multiple of 4096 bytes
F19A: 84 73                                          STY   AS_MEMSIZ                  ; (Bad ram may have yielded non-multiple)
F19C: 85 74                                          STA   AS_MEMSIZ + 1
F19E: 84 6f                                          STY   AS_FRETOP                  ; Set himem and bottom of strings
F1A0: 85 70                                          STA   AS_FRETOP + 1
F1A2: a2 00                                          LDX   #<$0800                    ; Set program pointer to $0800
F1A4: a0 08                                          LDY   #>$0800
F1A6: 86 67                                          STX   AS_TXTTAB
F1A8: 84 68                                          STY   AS_TXTTAB + 1
F1AA: a0 00                                          LDY   #0                         ; Turn off semi-secret lock flag
F1AC: 84 d6                                          STY   AS_LOCK
F1AE: 98                                             TYA                              ; A=0 too
F1AF: 91 67                                          STA   (AS_TXTTAB),Y              ; First byte in program space = 0
F1B1: e6 67                                          INC   AS_TXTTAB                  ; Advance past the $00
F1B3: d0 b7               F1B7                       BNE   AS_L_COLD_START_4
F1B5: e6 68                                          INC   AS_TXTTAB + 1
F1B7: a5 67                    AS_L_COLD_START_4:    LDA   AS_TXTTAB
F1B9: a4 68                                          LDY   AS_TXTTAB + 1
F1BB: 20 e3 d3                                       JSR   AS_REASON                  ; Set rest of pointers up
F1BE: 20 4b d6                                       JSR   AS_SCRTCH                  ; More pointers
F1C1: a9 3a                                          LDA   #<AS_STROUT                ; Put correct addresses in two
F1C3: a0 db                                          LDY   #>AS_STROUT                ; User vectors
F1C5: 85 04                                          STA   AS_GOSTROUT + 1
F1C7: 84 05                                          STY   AS_GOSTROUT + 2
F1C9: a9 3c                                          LDA   #<AS_RESTART

Page 108
--------------------------------------------------------------------------------
F1CB: a0 d4                                          LDY   #>AS_RESTART
F1CD: 85 01                                          STA   AS_GOWARM + 1
F1CF: 84 02                                          STY   AS_GOWARM + 2
F1D1: 6c 01 00                                       JMP   (AS_GOWARM + 1)            ; Silly, why not just "jmp restart"
F1D4:                                                                                 ; --------------------------------
F1D4:                                                                                 ; --------------------------------
F1D4:                                                                                 ; "Call" statement
F1D4:                          
F1D4:                                                                                 ; Effectively performs a "jsr" to the specified
F1D4:                                                                                 ; Address, with the following register contents:
F1D4:                                                                                 ; (A,y) = call address
F1D4:                                                                                 ; (X)   = $9D
F1D4:                          
F1D4:                                                                                 ; The called routine can return with "rts",
F1D4:                                                                                 ; And applesoft will continue with the next
F1D4:                                                                                 ; Statement.
F1D4:                                                                                 ; --------------------------------
F1D4: 20 67 dd                 AS_CALL:              JSR   AS_FRMNUM                  ; Evaluate expression for call address
F1D7: 20 51 e7                                       JSR   AS_GETADR                  ; Convert expression to 16-bit integer
F1DA: 6c 50 00                                       JMP   (AS_LINNUM)                ; In linnum, and jump there.
F1DD:                                                                                 ; --------------------------------
F1DD:                                                                                 ; "In#" statement
F1DD:                          
F1DD:                                                                                 ; Note:  no check for valid slot #, as long
F1DD:                                                                                 ; As value is < 256 it is accepted.
F1DD:                                                                                 ; Monitor masks value to 4 bits (0-15).
F1DD:                                                                                 ; --------------------------------
F1DD:                          AS_IN_NUMBER:
F1DD: 20 f7 e6                                       JSR   AS_GETBYT                  ; Get slot number in x-reg
F1E0: 8a                                             TXA                              ; Monitor will install in vector
F1E1: 4c 8a fe                                       JMP   MON_INPORT                 ; At $38,39.
F1E4:                                                                                 ; --------------------------------
F1E4:                                                                                 ; "Pr#" statement
F1E4:                          
F1E4:                                                                                 ; Note:  no check for valid slot #, as long
F1E4:                                                                                 ; As value is < 256 it is accepted.
F1E4:                                                                                 ; Monitor masks value to 4 bits (0-15).
F1E4:                                                                                 ; --------------------------------
F1E4:                          AS_PR_NUMBER:
F1E4: 20 f7 e6                                       JSR   AS_GETBYT                  ; Get slot number in x-reg
F1E7: 8a                                             TXA                              ; Monitor will install in vector
F1E8: 4c 94 fe                                       JMP   MON_OUTPORT                ; At $36,37
F1EB:                                                                                 ; --------------------------------
F1EB:                                                                                 ; Get two values < 48, with comma separator
F1EB:                          
F1EB:                                                                                 ; Called for "plot x,y"
F1EB:                                                                                 ; And "hlin a,b at y"
F1EB:                                                                                 ; And "vlin a,b at x"
F1EB:                          
F1EB:                                                                                 ; --------------------------------
F1EB:                          AS_PLOTFNS:
F1EB: 20 f7 e6                                       JSR   AS_GETBYT                  ; Get first value in x-reg
F1EE: e0 30                                          CPX   #48                        ; Must be < 48
F1F0: b0 05               F205                       BCS   AS_GOERR                   ; Too large
F1F2: 86 f0                                          STX   AS_FIRST                   ; Save first value
F1F4: a9 2c                                          LDA   #"," & %01111111           ; Must have a comma
F1F6: 20 bf de                                       JSR   AS_SYNCHR
F1F9: 20 f7 e6                                       JSR   AS_GETBYT                  ; Get second value in x-reg
F1FC: e0 30                                          CPX   #48                        ; Must be < 48
F1FE: b0 05               F205                       BCS   AS_GOERR                   ; Too large

Page 109
--------------------------------------------------------------------------------
F200: 86 2c                                          STX   MON_H2                     ; Save second value
F202: 86 2d                                          STX   MON_V2
F204: 60                                             RTS                              ; Second value still in x-reg
F205:                                                                                 ; --------------------------------
F205: 4c 98 e1                 AS_GOERR:             JMP   AS_IQERR                   ; Illegal quantity error
F208:                                                                                 ; --------------------------------
F208:                                                                                 ; Get "a,b at c" values for "hlin" and "vlin"
F208:                          
F208:                                                                                 ; Put smaller of (a,b) in first,
F208:                                                                                 ; And larger  of (a,b) in h2 and v2.
F208:                                                                                 ; Return with (x) = c-value.
F208:                                                                                 ; --------------------------------
F208:                          AS_LINCOOR:
F208: 20 eb f1                                       JSR   AS_PLOTFNS                 ; Get a,b values
F20B: e4 f0                                          CPX   AS_FIRST                   ; Is a < b?
F20D: b0 17               F217                       BCS   AS_L_LINCOOR_1             ; Yes, in right order
F20F: a5 f0                                          LDA   AS_FIRST                   ; No, interchange them
F211: 85 2c                                          STA   MON_H2
F213: 85 2d                                          STA   MON_V2
F215: 86 f0                                          STX   AS_FIRST
F217: a9 c5                    AS_L_LINCOOR_1:       LDA   #AS_TOKENDB                ; Must have "at" next
F219: 20 bf de                                       JSR   AS_SYNCHR
F21C: 20 f7 e6                                       JSR   AS_GETBYT                  ; Get c-value in x-reg
F21F: e0 30                                          CPX   #48                        ; Must be < 48
F221: b0 05               F205                       BCS   AS_GOERR                   ; Too large
F223: 60                                             RTS                              ; C-value in x-reg
F224:                                                                                 ; --------------------------------
F224:                                                                                 ; "Plot" statement
F224:                                                                                 ; --------------------------------
F224: 20 eb f1                 AS_PLOT:              JSR   AS_PLOTFNS                 ; Get x,y values
F227: 8a                                             TXA                              ; Y-coord to a-reg for monitor
F228: a4 f0                                          LDY   AS_FIRST                   ; X-coord to y-yeg for monitor
F22A: c0 28                                          CPY   #40                        ; X-coord must be < 40
F22C: b0 05               F205                       BCS   AS_GOERR                   ; X-coord is too large
F22E: 4c ff f7                                       JMP   MON_PLOT                   ; Plot!
F231:                                                                                 ; --------------------------------
F231:                                                                                 ; "Hlin" statement
F231:                                                                                 ; --------------------------------
F231: 20 08 f2                 AS_HLIN:              JSR   AS_LINCOOR                 ; Get "a,b at c"
F234: 8a                                             TXA                              ; Y-coord in a-reg
F235: a4 2c                                          LDY   MON_H2                     ; Right end of line
F237: c0 28                                          CPY   #40                        ; Must be < 40
F239: b0 05               F205                       BCS   AS_GOERR                   ; Too large
F23B: a4 f0                                          LDY   AS_FIRST                   ; Left end of line in y-reg
F23D: 4c 18 f8                                       JMP   MON_HLINE                  ; Let monitor draw line
F240:                                                                                 ; --------------------------------
F240:                                                                                 ; "Vlin" statement
F240:                                                                                 ; --------------------------------
F240: 20 08 f2                 AS_VLIN:              JSR   AS_LINCOOR                 ; Get "a,b at c"
F243: 8a                                             TXA                              ; X-coord in y-reg
F244: a8                                             TAY
F245: c0 28                                          CPY   #40                        ; X-coord must be < 40
F247: b0 05               F205                       BCS   AS_GOERR                   ; Too large
F249: a5 f0                                          LDA   AS_FIRST                   ; Top end of line in a-reg
F24B: 4c 27 f8                                       JMP   MON_VLINE                  ; Let monitor draw line
F24E:                                                                                 ; --------------------------------
F24E:                                                                                 ; "Color=" statement
F24E:                                                                                 ; --------------------------------
F24E: 20 f7 e6                 AS_COLOR:             JSR   AS_GETBYT                  ; Get color value in x-reg
F251: 8a                                             TXA

Page 110
--------------------------------------------------------------------------------
F252: 4c 63 f8                                       JMP   MON_SETCOL                 ; Let monitor store color
F255:                                                                                 ; --------------------------------
F255:                                                                                 ; "Vtab" statement
F255:                                                                                 ; --------------------------------
F255: 20 f7 e6                 AS_VTAB:              JSR   AS_GETBYT                  ; Get line # in x-reg
F258: ca                                             DEX                              ; Convert to zero base
F259: 8a                                             TXA
F25A: c9 18                                          CMP   #24                        ; Must be 0-23
F25C: b0 05               F205                       BCS   AS_GOERR                   ; Too large, or was "vtab 0"
F25E: 4c 5a fb                                       JMP   MON_TABV                   ; Let monitor compute base
F261:                                                                                 ; --------------------------------
F261:                                                                                 ; "Speed=" statement
F261:                                                                                 ; --------------------------------
F261: 20 f7 e6                 AS_SPEED:             JSR   AS_GETBYT                  ; Get speed setting in x-reg
F264: 8a                                             TXA                              ; Speedz = $100-speed
F265: 49 ff                                          EOR   #$FF                       ; So "speed=255" is fastest
F267: aa                                             TAX
F268: e8                                             INX
F269: 86 f1                                          STX   AS_SPEEDZ
F26B: 60                                             RTS
F26C:                                                                                 ; --------------------------------
F26C:                                                                                 ; "Trace" statement
F26C:                                                                                 ; Set sign bit in trcflg
F26C:                                                                                 ; --------------------------------
F26C: 38                       AS_TRACE:             SEC
F26D: 90                                             .byte $90                        ; Fake bcc to skip next opcode
F26E:                                                                                 ; --------------------------------
F26E:                                                                                 ; "Notrace" statement
F26E:                                                                                 ; Clear sign bit in trcflg
F26E:                                                                                 ; --------------------------------
F26E:                          AS_NOTRACE:
F26E: 18                                             CLC
F26F: 66 f2                                          ROR   AS_TRCFLG                  ; Shift carry into trcflg
F271: 60                                             RTS
F272:                                                                                 ; --------------------------------
F272:                                                                                 ; "Normal" statement
F272:                                                                                 ; --------------------------------
F272: a9 ff                    AS_NORMAL:            LDA   #$FF                       ; Set invflg = $FF
F274: d0 78               F278                       BNE   AS_N_I_                    ; And flash.bit = $00
F276:                                                                                 ; --------------------------------
F276:                                                                                 ; "Inverse" statement
F276:                                                                                 ; --------------------------------
F276:                          AS_INVERSE:
F276: a9 3f                                          LDA   #$3F                       ; Set invflg = $3F
F278: a2 00                    AS_N_I_:              LDX   #0                         ; And flash.bit = $00
F27A: 85 32                    AS_N_I_F_:            STA   MON_INVFLG
F27C: 86 f3                                          STX   AS_FLASH_BIT
F27E: 60                                             RTS
F27F:                                                                                 ; --------------------------------
F27F:                                                                                 ; "Flash" statement
F27F:                                                                                 ; --------------------------------
F27F: a9 7f                    AS_FLASH:             LDA   #$7F                       ; Set invflg = $7F
F281: a2 40                                          LDX   #$40                       ; And flash.bit = $40
F283: d0 7a               F27A                       BNE   AS_N_I_F_                  ; ...Always
F285:                                                                                 ; --------------------------------
F285:                                                                                 ; "Himem:" statement
F285:                                                                                 ; --------------------------------
F285: 20 67 dd                 AS_HIMEM:             JSR   AS_FRMNUM                  ; Get value specified for himem
F288: 20 51 e7                                       JSR   AS_GETADR                  ; As 16-bit integer
F28B: a5 50                                          LDA   AS_LINNUM                  ; Must be above variables and arrays

Page 111
--------------------------------------------------------------------------------
F28D: c5 6d                                          CMP   AS_STREND
F28F: a5 51                                          LDA   AS_LINNUM + 1
F291: e5 6e                                          SBC   AS_STREND + 1
F293: b0 98               F298                       BCS   AS_SETHI                   ; It is above them
F295: 4c 10 d4                 AS_JMM:               JMP   AS_MEMERR                  ; Not enough memory
F298: a5 50                    AS_SETHI:             LDA   AS_LINNUM                  ; Store new himem: value
F29A: 85 73                                          STA   AS_MEMSIZ
F29C: 85 6f                                          STA   AS_FRETOP                  ; <<<Note that "himem:" does not>>>
F29E: a5 51                                          LDA   AS_LINNUM + 1              ; <<<Clear string variables.    >>>
F2A0: 85 74                                          STA   AS_MEMSIZ + 1              ; <<<This could be disastrous.  >>>
F2A2: 85 70                                          STA   AS_FRETOP + 1
F2A4: 60                                             RTS
F2A5:                                                                                 ; --------------------------------
F2A5:                                                                                 ; "Lomem:" statement
F2A5:                                                                                 ; --------------------------------
F2A5: 20 67 dd                 AS_LOMEM:             JSR   AS_FRMNUM                  ; Get value specified for lomem
F2A8: 20 51 e7                                       JSR   AS_GETADR                  ; As 16-bit integer in linnum
F2AB: a5 50                                          LDA   AS_LINNUM                  ; Must be below himem
F2AD: c5 73                                          CMP   AS_MEMSIZ
F2AF: a5 51                                          LDA   AS_LINNUM + 1
F2B1: e5 74                                          SBC   AS_MEMSIZ + 1
F2B3: b0 95               F295                       BCS   AS_JMM                     ; Above himem, memory error
F2B5: a5 50                                          LDA   AS_LINNUM                  ; Must be above program
F2B7: c5 69                                          CMP   AS_VARTAB
F2B9: a5 51                                          LDA   AS_LINNUM + 1
F2BB: e5 6a                                          SBC   AS_VARTAB + 1
F2BD: 90 95               F295                       BCC   AS_JMM                     ; Not above program, error
F2BF: a5 50                                          LDA   AS_LINNUM                  ; Store new lomem value
F2C1: 85 69                                          STA   AS_VARTAB
F2C3: a5 51                                          LDA   AS_LINNUM + 1
F2C5: 85 6a                                          STA   AS_VARTAB + 1
F2C7: 4c 6c d6                                       JMP   AS_CLEARC                  ; Lomem clears variables and arrays
F2CA:                                                                                 ; --------------------------------
F2CA:                                                                                 ; "On err go to" statement
F2CA:                                                                                 ; --------------------------------
F2CA: a9 ab                    AS_ONERR:             LDA   #AS_TOKEN_GOTO             ; Must be "goto" next
F2CC: 20 bf de                                       JSR   AS_SYNCHR
F2CF: a5 b8                                          LDA   AS_TXTPTR                  ; Save txtptr for handlerr
F2D1: 85 f4                                          STA   AS_TXTPSV
F2D3: a5 b9                                          LDA   AS_TXTPTR + 1
F2D5: 85 f5                                          STA   AS_TXTPSV + 1
F2D7: 38                                             SEC                              ; Set sign bit of errflg
F2D8: 66 d8                                          ROR   AS_ERRFLG
F2DA: a5 75                                          LDA   AS_CURLIN                  ; Save line # of current line
F2DC: 85 f6                                          STA   AS_CURLSV
F2DE: a5 76                                          LDA   AS_CURLIN + 1
F2E0: 85 f7                                          STA   AS_CURLSV + 1
F2E2: 20 a6 d9                                       JSR   AS_REMN                    ; Ignore rest of line <<<why?>>>
F2E5: 4c 98 d9                                       JMP   AS_ADDON                   ; Continue program
F2E8:                                                                                 ; --------------------------------
F2E8:                                                                                 ; Routine to handle errors if onerr goto active
F2E8:                                                                                 ; --------------------------------
F2E8:                          AS_HANDLERR:
F2E8: 86 de                                          STX   AS_ERRNUM                  ; Save error code number
F2EA: a6 f8                                          LDX   AS_REMSTK                  ; Get stack pntr saved at newstt
F2EC: 86 df                                          STX   AS_ERRSTK                  ; Remember it
F2EE:                                                                                 ; <<<Could also have done txs  >>>
F2EE:                                                                                 ; <<<Here; see onerr correction>>>
F2EE:                                                                                 ; <<<In applesoft manual.      >>>
F2EE: a5 75                                          LDA   AS_CURLIN                  ; Get line # of offending statement

Page 112
--------------------------------------------------------------------------------
F2F0: 85 da                                          STA   AS_ERRLIN                  ; So user can see it if desired
F2F2: a5 76                                          LDA   AS_CURLIN + 1
F2F4: 85 db                                          STA   AS_ERRLIN + 1
F2F6: a5 79                                          LDA   AS_OLDTEXT                 ; Also the position in the line
F2F8: 85 dc                                          STA   AS_ERRPOS                  ; In case user wants to "resume"
F2FA: a5 7a                                          LDA   AS_OLDTEXT + 1
F2FC: 85 dd                                          STA   AS_ERRPOS + 1
F2FE: a5 f4                                          LDA   AS_TXTPSV                  ; Set up txtptr to read target line #
F300: 85 b8                                          STA   AS_TXTPTR                  ; In "on err go to xxxx"
F302: a5 f5                                          LDA   AS_TXTPSV + 1
F304: 85 b9                                          STA   AS_TXTPTR + 1
F306: a5 f6                                          LDA   AS_CURLSV
F308: 85 75                                          STA   AS_CURLIN                  ; Line # of "on err" statement
F30A: a5 f7                                          LDA   AS_CURLSV + 1
F30C: 85 76                                          STA   AS_CURLIN + 1
F30E: 20 b7 00                                       JSR   AS_CHRGOT                  ; Start conversion
F311: 20 3e d9                                       JSR   AS_GOTO                    ; Goto specified onerr line
F314: 4c d2 d7                                       JMP   AS_NEWSTT
F317:                                                                                 ; --------------------------------
F317:                                                                                 ; "Resume" statement
F317:                                                                                 ; --------------------------------
F317: a5 da                    AS_RESUME:            LDA   AS_ERRLIN                  ; Restore line # and txtptr
F319: 85 75                                          STA   AS_CURLIN                  ; To re-try offending line
F31B: a5 db                                          LDA   AS_ERRLIN + 1
F31D: 85 76                                          STA   AS_CURLIN + 1
F31F: a5 dc                                          LDA   AS_ERRPOS
F321: 85 b8                                          STA   AS_TXTPTR
F323: a5 dd                                          LDA   AS_ERRPOS + 1
F325: 85 b9                                          STA   AS_TXTPTR + 1
F327:                                                                                 ; <<< Onerr correction in manual is easily >>>
F327:                                                                                 ; <<< By "call -3288", which is $F328 here >>>
F327: a6 df                                          LDX   AS_ERRSTK                  ; Retrieve stack pntr as it was
F329: 9a                                             TXS                              ; Before statement scanned
F32A: 4c d2 d7                                       JMP   AS_NEWSTT                  ; Do statement again
F32D:                                                                                 ; --------------------------------
F32D: 4c c8 de                 AS_JSYN:              JMP   AS_SYNERR
F330:                                                                                 ; --------------------------------
F330:                                                                                 ; "Del" statement
F330:                                                                                 ; --------------------------------
F330: b0 2d               F32D AS_DEL:               BCS   AS_JSYN                    ; Error if # not specified
F332: a6 af                                          LDX   AS_PRGEND
F334: 86 69                                          STX   AS_VARTAB
F336: a6 b0                                          LDX   AS_PRGEND + 1
F338: 86 6a                                          STX   AS_VARTAB + 1
F33A: 20 0c da                                       JSR   AS_LINGET                  ; Get beginning of range
F33D: 20 1a d6                                       JSR   AS_FNDLIN                  ; Find this line or next
F340: a5 9b                                          LDA   AS_LOWTR                   ; Upper portion of program will
F342: 85 60                                          STA   AS_DEST                    ; Be moved down to here
F344: a5 9c                                          LDA   AS_LOWTR + 1
F346: 85 61                                          STA   AS_DEST + 1
F348: a9 2c                                          LDA   #"," & %01111111           ; Must have a comma next
F34A: 20 bf de                                       JSR   AS_SYNCHR
F34D: 20 0c da                                       JSR   AS_LINGET                  ; Get end range
F350:                                                                                 ; (Does nothing if end range
F350:                                                                                 ; Is not specified)
F350: e6 50                                          INC   AS_LINNUM                  ; Point one past it
F352: d0 56               F356                       BNE   AS_L_DEL_1
F354: e6 51                                          INC   AS_LINNUM + 1
F356: 20 1a d6                 AS_L_DEL_1:           JSR   AS_FNDLIN                  ; Find start line after specified line
F359: a5 9b                                          LDA   AS_LOWTR                   ; Which is beginning of portion

Page 113
--------------------------------------------------------------------------------
F35B: c5 60                                          CMP   AS_DEST                    ; To be moved down
F35D: a5 9c                                          LDA   AS_LOWTR + 1               ; It must be above the target
F35F: e5 61                                          SBC   AS_DEST + 1
F361: b0 64               F364                       BCS   AS_L_DEL_2                 ; It is okay
F363: 60                                             RTS                              ; Nothing to delete
F364: a0 00                    AS_L_DEL_2:           LDY   #0                         ; Move upper portion down now
F366: b1 9b                    AS_L_DEL_3:           LDA   (AS_LOWTR),Y               ; Source . . .
F368: 91 60                                          STA   (AS_DEST),Y                ; ...To destination
F36A: e6 9b                                          INC   AS_LOWTR                   ; Bump source pntr
F36C: d0 70               F370                       BNE   AS_L_DEL_4
F36E: e6 9c                                          INC   AS_LOWTR + 1
F370: e6 60                    AS_L_DEL_4:           INC   AS_DEST                    ; Bump destination pntr
F372: d0 76               F376                       BNE   AS_L_DEL_5
F374: e6 61                                          INC   AS_DEST + 1
F376: a5 69                    AS_L_DEL_5:           LDA   AS_VARTAB                  ; Reached end of program yet?
F378: c5 9b                                          CMP   AS_LOWTR
F37A: a5 6a                                          LDA   AS_VARTAB + 1
F37C: e5 9c                                          SBC   AS_LOWTR + 1
F37E: b0 66               F366                       BCS   AS_L_DEL_3                 ; No, keep moving
F380: a6 61                                          LDX   AS_DEST + 1                ; Store new end of program
F382: a4 60                                          LDY   AS_DEST                    ; Must subtract 1 first
F384: d0 87               F387                       BNE   AS_L_DEL_6
F386: ca                                             DEX
F387: 88                       AS_L_DEL_6:           DEY
F388: 86 6a                                          STX   AS_VARTAB + 1
F38A: 84 69                                          STY   AS_VARTAB
F38C: 4c f2 d4                                       JMP   AS_FIX_LINKS               ; Reset links after a delete
F38F:                                                                                 ; --------------------------------
F38F:                                                                                 ; "Gr" statement
F38F:                                                                                 ; --------------------------------
F38F: ad 56 c0                 AS_GR:                LDA   AS_SW_LORES
F392: ad 53 c0                                       LDA   AS_SW_MIXSET
F395: 4c 3f fb                                       JMP   MON_SETGR
F398:                                                                                 ; --------------------------------
F398:                                                                                 ; "Text" statement
F398:                                                                                 ; --------------------------------
F398: ad 54 c0                 AS_TEXT:              LDA   AS_SW_LOWSCR               ; Jmp $FB36 would have
F39B: 4c 38 fb                                       JMP   MON_SETTXT                 ; Done both of these
F39E:                                                                                 ; <<<       Better code would be:   >>>
F39E:                                                                                 ; <<<  Lda sw.mixset                >>>
F39E:                                                                                 ; <<<  Jmp $FB33                    >>>
F39E:                                                                                 ; --------------------------------
F39E:                                                                                 ; "Store" statement
F39E:                                                                                 ; --------------------------------
F39E: 20 d8 f7                 AS_STORE:             JSR   AS_GETARYPT                ; Get address of array to be saved
F3A1: a0 03                                          LDY   #3                         ; Forward offset - 1 is size of
F3A3: b1 9b                                          LDA   (AS_LOWTR),Y               ; This array
F3A5: aa                                             TAX
F3A6: 88                                             DEY
F3A7: b1 9b                                          LDA   (AS_LOWTR),Y
F3A9: e9 01                                          SBC   #1
F3AB: b0 ae               F3AE                       BCS   AS_L_STORE_1
F3AD: ca                                             DEX
F3AE: 85 50                    AS_L_STORE_1:         STA   AS_LINNUM
F3B0: 86 51                                          STX   AS_LINNUM + 1
F3B2: 20 cc fe                                       JSR   MON_WRITE
F3B5: 20 bb f7                                       JSR   AS_TAPEPNT
F3B8: 4c cc fe                                       JMP   MON_WRITE
F3BB:                                                                                 ; --------------------------------
F3BB:                                                                                 ; "Recall" statement

Page 114
--------------------------------------------------------------------------------
F3BB:                                                                                 ; --------------------------------
F3BB: 20 d8 f7                 AS_RECALL:            JSR   AS_GETARYPT                ; Find array in memory
F3BE: 20 fc fe                                       JSR   MON_READ                   ; Read header
F3C1: a0 02                                          LDY   #2                         ; Make sure the new data fits
F3C3: b1 9b                                          LDA   (AS_LOWTR),Y
F3C5: c5 50                                          CMP   AS_LINNUM
F3C7: c8                                             INY
F3C8: b1 9b                                          LDA   (AS_LOWTR),Y
F3CA: e5 51                                          SBC   AS_LINNUM + 1
F3CC: b0 d1               F3D1                       BCS   AS_L_RECALL_1              ; It fits
F3CE: 4c 10 d4                                       JMP   AS_MEMERR                  ; Doesn't fit
F3D1: 20 bb f7                 AS_L_RECALL_1:        JSR   AS_TAPEPNT                 ; Read the data
F3D4: 4c fc fe                                       JMP   MON_READ
F3D7:                                                                                 ; --------------------------------
F3D7:                                                                                 ; "Hgr" and "hgr2" statements
F3D7:                                                                                 ; --------------------------------
F3D7: 2c 55 c0                 AS_HGR2:              BIT   AS_SW_HISCR                ; Select page 2 ($4000-5fff)
F3DA: 2c 52 c0                                       BIT   AS_SW_MIXCLR               ; Default to full screen
F3DD: a9 40                                          LDA   #>$4000                    ; Set starting page for hires
F3DF: d0 e9               F3E9                       BNE   AS_SETHPG                  ; ...Always
F3E1: a9 20                    AS_HGR:               LDA   #>$2000                    ; Set starting page for hires
F3E3: 2c 54 c0                                       BIT   AS_SW_LOWSCR               ; Select page 1 ($2000-3fff)
F3E6: 2c 53 c0                                       BIT   AS_SW_MIXSET               ; Default to mixed screen
F3E9: 85 e6                    AS_SETHPG:            STA   AS_HGR_PAGE                ; Base page of hires buffer
F3EB: ad 57 c0                                       LDA   AS_SW_HIRES                ; Turn on hires
F3EE: ad 50 c0                                       LDA   AS_SW_TXTCLR               ; Turn on graphics
F3F1:                                                                                 ; --------------------------------
F3F1:                                                                                 ; Clear screen
F3F1:                                                                                 ; --------------------------------
F3F1: a9 00                    AS_HCLR:              LDA   #0                         ; Set for black background
F3F3: 85 1c                                          STA   AS_HGR_BITS
F3F5:                                                                                 ; --------------------------------
F3F5:                                                                                 ; Fill screen with (hgr.bits)
F3F5:                                                                                 ; --------------------------------
F3F5: a5 e6                    AS_BKGND:             LDA   AS_HGR_PAGE                ; Put buffer address in hgr.shape
F3F7: 85 1b                                          STA   AS_HGR_SHAPE + 1
F3F9: a0 00                                          LDY   #0
F3FB: 84 1a                                          STY   AS_HGR_SHAPE
F3FD: a5 1c                    AS_L_BKGND_1:         LDA   AS_HGR_BITS                ; Color byte
F3FF: 91 1a                                          STA   (AS_HGR_SHAPE),Y           ; Clear hires to hgr.bits
F401: 20 7d f4                                       JSR   AS_COLOR_SHIFT             ; Correct for color shift
F404: c8                                             INY                              ; (Slows clear by factor of 2)
F405: d0 fd               F3FD                       BNE   AS_L_BKGND_1
F407: e6 1b                                          INC   AS_HGR_SHAPE + 1
F409: a5 1b                                          LDA   AS_HGR_SHAPE + 1
F40B: 29 1f                                          AND   #$1F                       ; Done?  ($40 or$60)
F40D: d0 fd               F3FD                       BNE   AS_L_BKGND_1               ; No
F40F: 60                                             RTS                              ; Yes, return
F410:                                                                                 ; --------------------------------
F410:                                                                                 ; Set the hires cursor position
F410:                          
F410:                                                                                 ; (Y,x) = horizontal coordinate  (0-279)
F410:                                                                                 ; (A)   = vertical coordinate    (0-191)
F410:                                                                                 ; --------------------------------
F410: 85 e2                    AS_HPOSN:             STA   AS_HGR_Y                   ; Save y- and x-positions
F412: 86 e0                                          STX   AS_HGR_X
F414: 84 e1                                          STY   AS_HGR_X + 1
F416: 48                                             PHA                              ; Y-pos also on stack
F417: 29 c0                                          AND   #$C0                       ; Calculate base address for y-pos
F419: 85 26                                          STA   MON_GBASL                  ; For y=abcdefgh

Page 115
--------------------------------------------------------------------------------
F41B: 4a                                             LSR                              ; Gbasl=abab0000
F41C: 4a                                             LSR
F41D: 05 26                                          ORA   MON_GBASL
F41F: 85 26                                          STA   MON_GBASL
F421: 68                                             PLA                              ; (A)      (gbash)   (gbasl)
F422: 85 27                                          STA   MON_GBASH                  ; ?-Abcdefgh  abcdefgh  abab0000
F424: 0a                                             ASL                              ; A-bcdefgh0  abcdefgh  abab0000
F425: 0a                                             ASL                              ; B-cdefgh00  abcdefgh  abab0000
F426: 0a                                             ASL                              ; C-defgh000  abcdefgh  abab0000
F427: 26 27                                          ROL   MON_GBASH                  ; A-defgh000  bcdefghc  abab0000
F429: 0a                                             ASL                              ; D-efgh0000  bcdefghc  abab0000
F42A: 26 27                                          ROL   MON_GBASH                  ; B-efgh0000  cdefghcd  abab0000
F42C: 0a                                             ASL                              ; E-fgh00000  cdefghcd  abab0000
F42D: 66 26                                          ROR   MON_GBASL                  ; 0-Fgh00000  cdefghcd  eabab000
F42F: a5 27                                          LDA   MON_GBASH                  ; 0-Cdefghcd  cdefghcd  eabab000
F431: 29 1f                                          AND   #$1F                       ; 0-000Fghcd  cdefghcd  eabab000
F433: 05 e6                                          ORA   AS_HGR_PAGE                ; 0-Pppfghcd  cdefghcd  eabab000
F435: 85 27                                          STA   MON_GBASH                  ; 0-Pppfghcd  pppfghcd  eabab000
F437: 8a                                             TXA                              ; Divide x-pos by 7 for index from base
F438: c0 00                                          CPY   #0                         ; Is x-pos < 256?
F43A: f0 41               F441                       BEQ   AS_L_HPOSN_2               ; Yes
F43C: a0 23                                          LDY   #35                        ; No: 256/7 = 36 rem 4
F43E:                                                                                 ; Carry=1, so adc #4 is too large;
F43E:                                                                                 ; However, adc #4 clears carry
F43E:                                                                                 ; Which makes sbc #7 only -6
F43E:                                                                                 ; Balancing it out.
F43E: 69 04                                          ADC   #4                         ; Following iny makes y=36
F440: c8                       AS_L_HPOSN_1:         INY
F441: e9 07                    AS_L_HPOSN_2:         SBC   #7
F443: b0 40               F440                       BCS   AS_L_HPOSN_1
F445: 84 e5                                          STY   AS_HGR_HORIZ               ; Horizontal index
F447: aa                                             TAX                              ; Use remainder-7 to look up the
F448: bd b8 f4                                       LDA   AS_MSKTBL - $100 + 7,X     ; Bit mask
F44B: 85 30                                          STA   MON_HMASK
F44D: 98                                             TYA                              ; Quotient gives byte index
F44E: 4a                                             LSR                              ; Odd or even column?
F44F: a5 e4                                          LDA   AS_HGR_COLOR               ; If on odd byte (carry set)
F451: 85 1c                                          STA   AS_HGR_BITS                ; Then rotate bits
F453: b0 7d               F47D                       BCS   AS_COLOR_SHIFT             ; Odd column
F455: 60                                             RTS                              ; Even column
F456:                                                                                 ; --------------------------------
F456:                                                                                 ; Plot a dot
F456:                          
F456:                                                                                 ; (Y,x) = horizontal position
F456:                                                                                 ; (A)   = vertical position
F456:                                                                                 ; --------------------------------
F456: 20 10 f4                 AS_HPLOT0:            JSR   AS_HPOSN
F459: a5 1c                                          LDA   AS_HGR_BITS                ; Calculate bit posn in gbas,
F45B: 51 26                                          EOR   (MON_GBASL),Y              ; Hgr.horiz, and hmask from
F45D: 25 30                                          AND   MON_HMASK                  ; Y-coor in a-reg,
F45F: 51 26                                          EOR   (MON_GBASL),Y              ; X-coor in x,y regs.
F461: 91 26                                          STA   (MON_GBASL),Y              ; For any 1-bits, substitute
F463: 60                                             RTS                              ; Corresponding bit of hgr.bits
F464:                                                                                 ; --------------------------------
F464:                                                                                 ; Move left or right one pixel
F464:                          
F464:                                                                                 ; If status is +, move right; if -, move left
F464:                                                                                 ; If already at left or right edge, wrap around
F464:                          
F464:                                                                                 ; Remember bits in hi-res byte are backwards order:

Page 116
--------------------------------------------------------------------------------
F464:                                                                                 ; Byte n   byte n+1
F464:                                                                                 ; S7654321   sedcba98
F464:                                                                                 ; --------------------------------
F464:                          AS_MOVE_LEFT_OR_RIGHT:
F464: 10 89               F489                       BPL   AS_MOVE_RIGHT              ; + Move right, - move left
F466: a5 30                                          LDA   MON_HMASK                  ; Move left one pixel
F468: 4a                                             LSR                              ; Shift mask right, moves dot left
F469: b0 70               F470                       BCS   AS_LR_2                    ; ...Dot moved to next byte
F46B: 49 c0                                          EOR   #$C0                       ; Move sign bit back where it was
F46D: 85 30                    AS_LR_1:              STA   MON_HMASK                  ; New mask value
F46F: 60                                             RTS
F470: 88                       AS_LR_2:              DEY                              ; Moved to next byte, so decr index
F471: 10 75               F475                       BPL   AS_LR_3                    ; Still not past edge
F473: a0 27                                          LDY   #39                        ; Off left edge, so wrap around screen
F475: a9 c0                    AS_LR_3:              LDA   #$C0                       ; New hmask, rightmost bit on screen
F477: 85 30                    AS_LR_4:              STA   MON_HMASK                  ; New mask and index
F479: 84 e5                                          STY   AS_HGR_HORIZ
F47B: a5 1c                                          LDA   AS_HGR_BITS                ; Also need to rotate color
F47D:                                                                                 ; --------------------------------
F47D:                          AS_COLOR_SHIFT:
F47D: 0a                                             ASL                              ; Rotate low-order 7 bits
F47E: c9 c0                                          CMP   #$C0                       ; Of hgr.bits one bit posn.
F480: 10 88               F488                       BPL   AS_L_COLOR_SHIFT_1
F482: a5 1c                                          LDA   AS_HGR_BITS
F484: 49 7f                                          EOR   #$7F
F486: 85 1c                                          STA   AS_HGR_BITS
F488: 60                       AS_L_COLOR_SHIFT_1:   RTS
F489:                                                                                 ; --------------------------------
F489:                                                                                 ; Move right one pixel
F489:                                                                                 ; If already at right edge, wrap around
F489:                                                                                 ; --------------------------------
F489:                          AS_MOVE_RIGHT:
F489: a5 30                                          LDA   MON_HMASK
F48B: 0a                                             ASL                              ; Shifting byte left moves pixel right
F48C: 49 80                                          EOR   #$80
F48E:                                                                                 ; Original:  c0 a0 90 88 84 82 81
F48E:                                                                                 ; Shifted:   80 40 20 10 08 02 01
F48E:                                                                                 ; Eor #$80:  00 c0 a0 90 88 84 82
F48E: 30 6d               F46D                       BMI   AS_LR_1                    ; Finished
F490: a9 81                                          LDA   #$81                       ; New mask value
F492: c8                                             INY                              ; Move to next byte right
F493: c0 28                                          CPY   #40                        ; Unless that is too far
F495: 90 77               F477                       BCC   AS_LR_4                    ; Not too far
F497: a0 00                                          LDY   #0                         ; Too far, so wrap around
F499: b0 77               F477                       BCS   AS_LR_4                    ; ...Always
F49B:                                                                                 ; --------------------------------
F49B:                                                                                 ; --------------------------------
F49B:                                                                                 ; "Xdraw" one bit
F49B:                                                                                 ; --------------------------------
F49B: 18                       AS_LRUDX1:            CLC                              ; C=0 means no 90 degree rotation
F49C: a5 d1                    AS_LRUDX2:            LDA   AS_HGR_DX + 1              ; C=1 means rotate 90 degrees
F49E: 29 04                                          AND   #4                         ; If bit2=0 then don't plot
F4A0: f0 c7               F4C7                       BEQ   AS_LRUD4                   ; Yes, do not plot
F4A2: a9 7f                                          LDA   #$7F                       ; No, look at what is already there
F4A4: 25 30                                          AND   MON_HMASK
F4A6: 31 26                                          AND   (MON_GBASL),Y              ; Screen bit = 1?
F4A8: d0 c3               F4C3                       BNE   AS_LRUD3                   ; Yes, go clear it
F4AA: e6 ea                                          INC   AS_HGR_COLLISIONS          ; No, count the collision
F4AC: a9 7f                                          LDA   #$7F                       ; And turn the bit on
F4AE: 25 30                                          AND   MON_HMASK

Page 117
--------------------------------------------------------------------------------
F4B0: 10 c3               F4C3                       BPL   AS_LRUD3                   ; ...Always
F4B2:                                                                                 ; --------------------------------
F4B2:                                                                                 ; "Draw" one bit
F4B2:                                                                                 ; --------------------------------
F4B2: 18                       AS_LRUD1:             CLC                              ; C=0 means no 90 degree rotation
F4B3: a5 d1                    AS_LRUD2:             LDA   AS_HGR_DX + 1              ; C=1 means rotate
F4B5: 29 04                                          AND   #4                         ; If bit2=0 then do not plot
F4B7: f0 c7               F4C7                       BEQ   AS_LRUD4                   ; Do not plot
F4B9: b1 26                                          LDA   (MON_GBASL),Y
F4BB: 45 1c                                          EOR   AS_HGR_BITS                ; 1'S where any bits not in color
F4BD: 25 30                                          AND   MON_HMASK                  ; Look at just this bit position
F4BF: d0 c3               F4C3                       BNE   AS_LRUD3                   ; The bit was zero, so plot it
F4C1: e6 ea                                          INC   AS_HGR_COLLISIONS          ; Bit is already 1; count collsn
F4C3:                                                                                 ; --------------------------------
F4C3:                                                                                 ; Toggle bit on screen with (a)
F4C3:                                                                                 ; --------------------------------
F4C3: 51 26                    AS_LRUD3:             EOR   (MON_GBASL),Y
F4C5: 91 26                                          STA   (MON_GBASL),Y
F4C7:                                                                                 ; --------------------------------
F4C7:                                                                                 ; Determine where next point will be, and move there
F4C7:                                                                                 ; C=0 if no 90 degree rotation
F4C7:                                                                                 ; C=1 rotates 90 degrees
F4C7:                                                                                 ; --------------------------------
F4C7: a5 d1                    AS_LRUD4:             LDA   AS_HGR_DX + 1              ; Calculate the direction to move
F4C9: 65 d3                                          ADC   AS_HGR_QUADRANT
F4CB: 29 03                                          AND   #3                         ; Wrap around the circle
F4CD:                     F4CC AS_CON_03             =     * - 1                      ; (( A constant ))
F4CD:                          
F4CD:                                                                                 ; 00 -- Up
F4CD:                                                                                 ; 01 -- Down
F4CD:                                                                                 ; 10 -- Right
F4CD:                                                                                 ; 11 -- Left
F4CD:                          
F4CD: c9 02                                          CMP   #2                         ; C=0 if 0 or 1, c=1 if 2 or 3
F4CF: 6a                                             ROR                              ; Put c into sign, odd/even into c
F4D0: b0 64               F464                       BCS   AS_MOVE_LEFT_OR_RIGHT
F4D2:                                                                                 ; --------------------------------
F4D2:                          AS_MOVE_UP_OR_DOWN:
F4D2: 30 04               F504                       BMI   AS_MOVE_DOWN               ; Sign for up/down select_
F4D4:                                                                                 ; --------------------------------
F4D4:                                                                                 ; Move up one pixel
F4D4:                                                                                 ; If already at top, go to bottom
F4D4:                          
F4D4:                                                                                 ; Remember:  y-coord   gbash     gbasl
F4D4:                                                                                 ; Abcdefgh  pppfghcd  eabab000
F4D4:                                                                                 ; --------------------------------
F4D4: 18                                             CLC                              ; Move up
F4D5: a5 27                                          LDA   MON_GBASH                  ; Calc. base address of prev. line
F4D7: 2c b8 f5                                       BIT   AS_CON_1C                  ; Look at bits 000fgh00 in gbash
F4DA: d0 fe               F4FE                       BNE   AS_L_MOVE_UP_OR_DOWN_5     ; Simple, just fgh=fgh-1
F4DC:                                                                                 ; Gbash=ppp000cd, gbasl=eabab000
F4DC: 06 26                                          ASL   MON_GBASL                  ; What is "e"?
F4DE: b0 fa               F4FA                       BCS   AS_L_MOVE_UP_OR_DOWN_3     ; E=1, then efgh=efgh-1
F4E0: 2c cc f4                                       BIT   AS_CON_03                  ; Look at 000000cd in gbash
F4E3: f0 ea               F4EA                       BEQ   AS_L_MOVE_UP_OR_DOWN_1     ; Y-pos is ab000000 form
F4E5: 69 1f                                          ADC   #$1F                       ; Cd <> 0, so cdefgh=cdefgh-1
F4E7: 38                                             SEC
F4E8: b0 fc               F4FC                       BCS   AS_L_MOVE_UP_OR_DOWN_4     ; ...Always
F4EA: 69 23                    AS_L_MOVE_UP_OR_DOWN_1: ADC   #$23                       ; Enough to make gbash=ppp11111 later
F4EC: 48                                             PHA                              ; Save for later

Page 118
--------------------------------------------------------------------------------
F4ED: a5 26                                          LDA   MON_GBASL                  ; Gbasl is now abab0000 (ab=00,01,10)
F4EF: 69 b0                                          ADC   #$B0                       ; 0000+1011=1011 And carry clear
F4F1:                                                                                 ; Or 0101+1011=0000 and carry set
F4F1:                                                                                 ; Or 1010+1011=0101 and carry set
F4F1: b0 f5               F4F5                       BCS   AS_L_MOVE_UP_OR_DOWN_2     ; No wrap-around needed
F4F3: 69 f0                                          ADC   #$F0                       ; Change 1011 to 1010 (wrap-around)
F4F5: 85 26                    AS_L_MOVE_UP_OR_DOWN_2: STA   MON_GBASL                  ; Form is now still abab0000
F4F7: 68                                             PLA                              ; Partially modified gbash
F4F8: b0 fc               F4FC                       BCS   AS_L_MOVE_UP_OR_DOWN_4     ; ...Always
F4FA: 69 1f                    AS_L_MOVE_UP_OR_DOWN_3: ADC   #$1F
F4FC: 66 26                    AS_L_MOVE_UP_OR_DOWN_4: ROR   MON_GBASL                  ; Shift in e, to get eabab000 form
F4FE: 69 fc                    AS_L_MOVE_UP_OR_DOWN_5: ADC   #$FC                       ; Finish gbash mods
F500: 85 27                    AS_UD_1:              STA   MON_GBASH
F502: 60                                             RTS
F503:                                                                                 ; --------------------------------
F503: 18                                             CLC                              ; <<<Never used>>>
F504:                                                                                 ; --------------------------------
F504:                                                                                 ; Move down one pixel
F504:                                                                                 ; If already at bottom, go to top
F504:                          
F504:                                                                                 ; Remember:  y-coord   gbash     gbasl
F504:                                                                                 ; Abcdefgh  pppfghcd  eabab000
F504:                                                                                 ; --------------------------------
F504:                          AS_MOVE_DOWN:
F504: a5 27                                          LDA   MON_GBASH                  ; Try it first, by fgh=fgh+1
F506: 69 04                                          ADC   #4                         ; Gbash = pppfghcd
F508:                     F507 AS_CON_04             =     * - 1                      ; (( Constant ))
F508: 2c b8 f5                                       BIT   AS_CON_1C                  ; Is fgh field now zero?
F50B: d0 00               F500                       BNE   AS_UD_1                    ; No, so we are finished
F50D:                                                                                 ; Yes, ripple the carry as high
F50D:                                                                                 ; As necessary
F50D: 06 26                                          ASL   MON_GBASL                  ; Look at "e" bit
F50F: 90 29               F529                       BCC   AS_L_CON_04_2              ; Now zero; make it 1 and leave
F511: 69 e0                                          ADC   #$E0                       ; Carry = 1, so adds $E1
F513: 18                                             CLC                              ; Is "cd" not zero?
F514: 2c 07 f5                                       BIT   AS_CON_04                  ; Tests bit 2 for carry out of "cd"
F517: f0 2b               F52B                       BEQ   AS_L_CON_04_3              ; No carry, finished
F519:                                                                                 ; Increment "ab" then
F519:                                                                                 ; 0000 --> 0101
F519:                                                                                 ; 0101 --> 1010
F519:                                                                                 ; 1010 --> Wrap around to line 0
F519: a5 26                                          LDA   MON_GBASL                  ; 0000  0101  1010
F51B: 69 50                                          ADC   #$50                       ; 0101  1010  1111
F51D: 49 f0                                          EOR   #$F0                       ; 1010  0101  0000
F51F: f0 23               F523                       BEQ   AS_L_CON_04_1
F521: 49 f0                                          EOR   #$F0                       ; 0101  1010
F523: 85 26                    AS_L_CON_04_1:        STA   MON_GBASL                  ; New abab0000
F525: a5 e6                                          LDA   AS_HGR_PAGE                ; Wrap around to line zero of group
F527: 90 2b               F52B                       BCC   AS_L_CON_04_3              ; ...Always
F529: 69 e0                    AS_L_CON_04_2:        ADC   #$E0
F52B: 66 26                    AS_L_CON_04_3:        ROR   MON_GBASL
F52D: 90 00               F500                       BCC   AS_UD_1                    ; ...Always
F52F:                                                                                 ; --------------------------------
F52F:                                                                                 ; Hlinrl is never called by applesoft
F52F:                          
F52F:                                                                                 ; Enter with:  (a,x) = dx from current point
F52F:                                                                                 ; (Y)   = dy from current point
F52F:                                                                                 ; --------------------------------
F52F: 48                       AS_HLINRL:            PHA                              ; Save (a)
F530: a9 00                                          LDA   #0                         ; Clear current point so hglin will

Page 119
--------------------------------------------------------------------------------
F532: 85 e0                                          STA   AS_HGR_X                   ; Act relatively
F534: 85 e1                                          STA   AS_HGR_X + 1
F536: 85 e2                                          STA   AS_HGR_Y
F538: 68                                             PLA                              ; Restore (a)
F539:                                                                                 ; --------------------------------
F539:                                                                                 ; Draw line from last plotted point to (a,x),(y)
F539:                          
F539:                                                                                 ; Enter with:  (a,x) = x of target point
F539:                                                                                 ; (Y)   = y of target point
F539:                                                                                 ; --------------------------------
F539: 48                       AS_HGLIN:             PHA                              ; Compute dx = x- x0
F53A: 38                                             SEC
F53B: e5 e0                                          SBC   AS_HGR_X
F53D: 48                                             PHA
F53E: 8a                                             TXA
F53F: e5 e1                                          SBC   AS_HGR_X + 1
F541: 85 d3                                          STA   AS_HGR_QUADRANT            ; Save dx sign (+ = right, - = left)
F543: b0 4f               F54F                       BCS   AS_L_HGLIN_1               ; Now find abs (dx)
F545: 68                                             PLA                              ; Forms 2's complement
F546: 49 ff                                          EOR   #$FF
F548: 69 01                                          ADC   #1
F54A: 48                                             PHA
F54B: a9 00                                          LDA   #0
F54D: e5 d3                                          SBC   AS_HGR_QUADRANT
F54F: 85 d1                    AS_L_HGLIN_1:         STA   AS_HGR_DX + 1
F551: 85 d5                                          STA   AS_HGR_E + 1               ; Init hgr.e to abs(x-x0)
F553: 68                                             PLA
F554: 85 d0                                          STA   AS_HGR_DX
F556: 85 d4                                          STA   AS_HGR_E
F558: 68                                             PLA
F559: 85 e0                                          STA   AS_HGR_X                   ; Target x point
F55B: 86 e1                                          STX   AS_HGR_X + 1
F55D: 98                                             TYA                              ; Target y point
F55E: 18                                             CLC                              ; Compute dy = y-hgr.y
F55F: e5 e2                                          SBC   AS_HGR_Y                   ; And save -abs(y-hgr.y)-1 in hgr.dy
F561: 90 67               F567                       BCC   AS_L_HGLIN_2               ; (So + means up, - means down)
F563: 49 ff                                          EOR   #$FF                       ; 2'S complement of dy
F565: 69 fe                                          ADC   #$FE
F567: 85 d2                    AS_L_HGLIN_2:         STA   AS_HGR_DY
F569: 84 e2                                          STY   AS_HGR_Y                   ; Target y point
F56B: 66 d3                                          ROR   AS_HGR_QUADRANT            ; Shift y-direction into quadrant
F56D: 38                                             SEC                              ; Count = dx -(-dy) = # of dots needed
F56E: e5 d0                                          SBC   AS_HGR_DX
F570: aa                                             TAX                              ; Countl is in x-reg
F571: a9 ff                                          LDA   #$FF
F573: e5 d1                                          SBC   AS_HGR_DX + 1
F575: 85 1d                                          STA   AS_HGR_COUNT
F577: a4 e5                                          LDY   AS_HGR_HORIZ               ; Horizontal index
F579: b0 80               F580                       BCS   AS_MOVEX2                  ; ...Always
F57B:                                                                                 ; --------------------------------
F57B:                                                                                 ; Move left or right one pixel
F57B:                                                                                 ; (A) bit 6 has direction
F57B:                                                                                 ; --------------------------------
F57B: 0a                       AS_MOVEX:             ASL                              ; Put bit 6 into sign position
F57C: 20 64 f4                                       JSR   AS_MOVE_LEFT_OR_RIGHT
F57F: 38                                             SEC
F580:                                                                                 ; --------------------------------
F580:                                                                                 ; Draw line now
F580:                                                                                 ; --------------------------------
F580: a5 d4                    AS_MOVEX2:            LDA   AS_HGR_E                   ; Carry is set

Page 120
--------------------------------------------------------------------------------
F582: 65 d2                                          ADC   AS_HGR_DY                  ; E = e-delty
F584: 85 d4                                          STA   AS_HGR_E                   ; Note: dy is (-delta y)-1
F586: a5 d5                                          LDA   AS_HGR_E + 1               ; Carry clr if hgr.e goes negative
F588: e9 00                                          SBC   #0
F58A: 85 d5                    AS_L_MOVEX2_1:        STA   AS_HGR_E + 1
F58C: b1 26                                          LDA   (MON_GBASL),Y
F58E: 45 1c                                          EOR   AS_HGR_BITS                ; Plot a dot
F590: 25 30                                          AND   MON_HMASK
F592: 51 26                                          EOR   (MON_GBASL),Y
F594: 91 26                                          STA   (MON_GBASL),Y
F596: e8                                             INX                              ; Finished all the dots?
F597: d0 9d               F59D                       BNE   AS_L_MOVEX2_2              ; No
F599: e6 1d                                          INC   AS_HGR_COUNT               ; Test rest of count
F59B: f0 ff               F5FF                       BEQ   AS_RTS_22                  ; Yes, finished.
F59D: a5 d3                    AS_L_MOVEX2_2:        LDA   AS_HGR_QUADRANT            ; Test direction
F59F: b0 7b               F57B                       BCS   AS_MOVEX                   ; Next move is in the x direction
F5A1: 20 d2 f4                                       JSR   AS_MOVE_UP_OR_DOWN         ; If clr, neg, move
F5A4: 18                                             CLC                              ; E = e+dx
F5A5: a5 d4                                          LDA   AS_HGR_E
F5A7: 65 d0                                          ADC   AS_HGR_DX
F5A9: 85 d4                                          STA   AS_HGR_E
F5AB: a5 d5                                          LDA   AS_HGR_E + 1
F5AD: 65 d1                                          ADC   AS_HGR_DX + 1
F5AF: 50 8a               F58A                       BVC   AS_L_MOVEX2_1              ; ...Always
F5B1:                                                                                 ; --------------------------------
F5B1:                          
F5B1: 81                       AS_MSKTBL:            .byte %10000001
F5B2: 82                                             .byte %10000010
F5B3: 84                                             .byte %10000100
F5B4: 88                                             .byte %10001000
F5B5: 90                                             .byte %10010000
F5B6: a0                                             .byte %10100000
F5B7: c0                                             .byte %11000000
F5B8:                                                                                 ; --------------------------------
F5B8: 1c                       AS_CON_1C:            .byte %00011100                  ; Mask for "fgh" bits
F5B9:                                                                                 ; --------------------------------
F5B9:                          
F5B9:                                                                                 ; --------------------------------
F5B9:                                                                                 ; Table of cos(90*x/16 degrees)*$100 - 1
F5B9:                                                                                 ; With one byte precision, x=0 to 16:
F5B9:                                                                                 ; --------------------------------
F5B9: ff fe fa f4 ec e1 d4 c5  AS_COSINE_TABLE:      .byte $FF, $FE, $FA, $F4, $EC, $E1, $D4, $C5
F5C1: b4 a1 8d 78 61 49 31 18                        .byte $B4, $A1, $8D, $78, $61, $49, $31, $18
F5C9: ff                                             .byte $FF
F5CA:                                                                                 ; --------------------------------
F5CA:                                                                                 ; Hfind -- calculates current position of hi-res cursor
F5CA:                                                                                 ; (Not called by any applesoft routine)
F5CA:                          
F5CA:                                                                                 ; Calculate y-coord from gbasl,h
F5CA:                                                                                 ; And x-coord from horiz and hmask
F5CA:                                                                                 ; --------------------------------
F5CA: a5 26                    AS_HFIND:             LDA   MON_GBASL                  ; Gbasl = eabab000
F5CC: 0a                                             ASL                              ; E into carry
F5CD: a5 27                                          LDA   MON_GBASH                  ; Gbash = pppfghcd
F5CF: 29 03                                          AND   #3                         ; 000000Cd
F5D1: 2a                                             ROL                              ; 00000Cde
F5D2: 05 26                                          ORA   MON_GBASL                  ; Eababcde
F5D4: 0a                                             ASL                              ; Ababcde0
F5D5: 0a                                             ASL                              ; Babcde00
F5D6: 0a                                             ASL                              ; Abcde000

Page 121
--------------------------------------------------------------------------------
F5D7: 85 e2                                          STA   AS_HGR_Y                   ; All but fgh
F5D9: a5 27                                          LDA   MON_GBASH                  ; Pppfghcd
F5DB: 4a                                             LSR                              ; 0Pppfghc
F5DC: 4a                                             LSR                              ; 00Pppfgh
F5DD: 29 07                                          AND   #7                         ; 00000Fgh
F5DF: 05 e2                                          ORA   AS_HGR_Y                   ; Abcdefgh
F5E1: 85 e2                                          STA   AS_HGR_Y                   ; That takes care of y-coordinate!
F5E3: a5 e5                                          LDA   AS_HGR_HORIZ               ; X = 7*horiz + bit pos. in hmask
F5E5: 0a                                             ASL                              ; Multiply by 7
F5E6: 65 e5                                          ADC   AS_HGR_HORIZ               ; 3* So far
F5E8: 0a                                             ASL                              ; 6*
F5E9: aa                                             TAX                              ; Since 7* might not fit in 1 byte,
F5EA:                                                                                 ; Wait till later for last add
F5EA: ca                                             DEX
F5EB: a5 30                                          LDA   MON_HMASK                  ; Now find bit position in hmask
F5ED: 29 7f                                          AND   #$7F                       ; Only look at low seven
F5EF: e8                       AS_L_HFIND_1:         INX                              ; Count a shift
F5F0: 4a                                             LSR
F5F1: d0 ef               F5EF                       BNE   AS_L_HFIND_1               ; Still in there
F5F3: 85 e1                                          STA   AS_HGR_X + 1               ; Zero to hi-byte
F5F5: 8a                                             TXA                              ; 6*Horiz+log2(hmask)
F5F6: 18                                             CLC                              ; Add horiz one more time
F5F7: 65 e5                                          ADC   AS_HGR_HORIZ               ; 7*Horiz+log2(hmask)
F5F9: 90 fd               F5FD                       BCC   AS_L_HFIND_2               ; Upper byte = 0
F5FB: e6 e1                                          INC   AS_HGR_X + 1               ; Upper byte = 1
F5FD: 85 e0                    AS_L_HFIND_2:         STA   AS_HGR_X                   ; Store lower byte
F5FF: 60                       AS_RTS_22:            RTS
F600:                                                                                 ; --------------------------------
F600:                                                                                 ; Draw a shape
F600:                          
F600:                                                                                 ; (Y,x) = shape starting address
F600:                                                                                 ; (A)   = rotation (0-3f)
F600:                                                                                 ; --------------------------------
F600:                                                                                 ; Applesoft does not call draw0
F600:                                                                                 ; --------------------------------
F600: 86 1a                    AS_DRAW0:             STX   AS_HGR_SHAPE               ; Save shape address
F602: 84 1b                                          STY   AS_HGR_SHAPE + 1
F604:                                                                                 ; --------------------------------
F604:                                                                                 ; Applesoft enters here
F604:                                                                                 ; --------------------------------
F604: aa                       AS_DRAW1:             TAX                              ; Save rotation (0-$3F)
F605: 4a                                             LSR                              ; Divide rotation by 16 to get
F606: 4a                                             LSR                              ; Quadrant (0=up, 1=rt, 2=dwn, 3=lft)
F607: 4a                                             LSR
F608: 4a                                             LSR
F609: 85 d3                                          STA   AS_HGR_QUADRANT
F60B: 8a                                             TXA                              ; Use low 4 bits of rotation to index
F60C: 29 0f                                          AND   #$0F                       ; The trig table
F60E: aa                                             TAX
F60F: bc b9 f5                                       LDY   AS_COSINE_TABLE,X          ; Save cosine in hgr.dx
F612: 84 d0                                          STY   AS_HGR_DX
F614: 49 0f                                          EOR   #$F                        ; And sine in dy
F616: aa                                             TAX
F617: bc ba f5                                       LDY   AS_COSINE_TABLE + 1,X
F61A: c8                                             INY
F61B: 84 d2                                          STY   AS_HGR_DY
F61D: a4 e5                                          LDY   AS_HGR_HORIZ               ; Index from gbasl,h to byte we're in
F61F: a2 00                                          LDX   #0
F621: 86 ea                                          STX   AS_HGR_COLLISIONS          ; Clear collision counter
F623: a1 1a                                          LDA   (AS_HGR_SHAPE,X)           ; Get first byte of shape defn

Page 122
--------------------------------------------------------------------------------
F625: 85 d1                    AS_L_DRAW1_1:         STA   AS_HGR_DX + 1              ; Keep shape byte in hgr.dx+1
F627: a2 80                                          LDX   #$80                       ; Initial values for fractional vectors
F629: 86 d4                                          STX   AS_HGR_E                   ; L_draw1_5 in cosine component
F62B: 86 d5                                          STX   AS_HGR_E + 1               ; L_draw1_5 in sine component
F62D: a6 e7                                          LDX   AS_HGR_SCALE               ; Scale factor
F62F: a5 d4                    AS_L_DRAW1_2:         LDA   AS_HGR_E                   ; Add cosine value to x-value
F631: 38                                             SEC                              ; If >= 1, then draw
F632: 65 d0                                          ADC   AS_HGR_DX
F634: 85 d4                                          STA   AS_HGR_E                   ; Only save fractional part
F636: 90 3c               F63C                       BCC   AS_L_DRAW1_3               ; No integral part
F638: 20 b2 f4                                       JSR   AS_LRUD1                   ; Time to plot cosine component
F63B: 18                                             CLC
F63C: a5 d5                    AS_L_DRAW1_3:         LDA   AS_HGR_E + 1               ; Add sine value to y-value
F63E: 65 d2                                          ADC   AS_HGR_DY                  ; If >= 1, then draw
F640: 85 d5                                          STA   AS_HGR_E + 1               ; Only save fractional part
F642: 90 47               F647                       BCC   AS_L_DRAW1_4               ; No integral part
F644: 20 b3 f4                                       JSR   AS_LRUD2                   ; Time to plot sine component
F647: ca                       AS_L_DRAW1_4:         DEX                              ; Loop on scale factor.
F648: d0 2f               F62F                       BNE   AS_L_DRAW1_2               ; Still on same shape item
F64A: a5 d1                                          LDA   AS_HGR_DX + 1              ; Get next shape item
F64C: 4a                                             LSR                              ; Next 3 bit vector
F64D: 4a                                             LSR
F64E: 4a                                             LSR
F64F: d0 25               F625                       BNE   AS_L_DRAW1_1               ; More in this shape byte
F651: e6 1a                                          INC   AS_HGR_SHAPE               ; Go to next shape byte
F653: d0 57               F657                       BNE   AS_L_DRAW1_5
F655: e6 1b                                          INC   AS_HGR_SHAPE + 1
F657: a1 1a                    AS_L_DRAW1_5:         LDA   (AS_HGR_SHAPE,X)           ; Next byte of shape definition
F659: d0 25               F625                       BNE   AS_L_DRAW1_1               ; Process if not zero
F65B: 60                                             RTS                              ; Finished
F65C:                                                                                 ; --------------------------------
F65C:                                                                                 ; Xdraw a shape (same as draw, except toggles screen)
F65C:                          
F65C:                                                                                 ; (Y,x) = shape starting address
F65C:                                                                                 ; (A)   = rotation (0-3f)
F65C:                                                                                 ; --------------------------------
F65C:                                                                                 ; Applesoft does not call xdraw0
F65C:                                                                                 ; --------------------------------
F65C: 86 1a                    AS_XDRAW0:            STX   AS_HGR_SHAPE               ; Save shape address
F65E: 84 1b                                          STY   AS_HGR_SHAPE + 1
F660:                                                                                 ; --------------------------------
F660:                                                                                 ; Applesoft enters here
F660:                                                                                 ; --------------------------------
F660: aa                       AS_XDRAW1:            TAX                              ; Save rotation (0-$3F)
F661: 4a                                             LSR                              ; Divide rotation by 16 to get
F662: 4a                                             LSR                              ; Quadrant (0=up, 1=rt, 2=dwn, 3=lft)
F663: 4a                                             LSR
F664: 4a                                             LSR
F665: 85 d3                                          STA   AS_HGR_QUADRANT
F667: 8a                                             TXA                              ; Use low 4 bits of rotation to index
F668: 29 0f                                          AND   #$0F                       ; The trig table
F66A: aa                                             TAX
F66B: bc b9 f5                                       LDY   AS_COSINE_TABLE,X          ; Save cosine in hgr.dx
F66E: 84 d0                                          STY   AS_HGR_DX
F670: 49 0f                                          EOR   #$F                        ; And sine in dy
F672: aa                                             TAX
F673: bc ba f5                                       LDY   AS_COSINE_TABLE + 1,X
F676: c8                                             INY
F677: 84 d2                                          STY   AS_HGR_DY
F679: a4 e5                                          LDY   AS_HGR_HORIZ               ; Index from gbasl,h to byte we're in

Page 123
--------------------------------------------------------------------------------
F67B: a2 00                                          LDX   #0
F67D: 86 ea                                          STX   AS_HGR_COLLISIONS          ; Clear collision counter
F67F: a1 1a                                          LDA   (AS_HGR_SHAPE,X)           ; Get first byte of shape defn
F681: 85 d1                    AS_L_XDRAW1_1:        STA   AS_HGR_DX + 1              ; Keep shape byte in hgr.dx+1
F683: a2 80                                          LDX   #$80                       ; Initial values for fractional vectors
F685: 86 d4                                          STX   AS_HGR_E                   ; L_xdraw1_5 in cosine component
F687: 86 d5                                          STX   AS_HGR_E + 1               ; L_xdraw1_5 in sine component
F689: a6 e7                                          LDX   AS_HGR_SCALE               ; Scale factor
F68B: a5 d4                    AS_L_XDRAW1_2:        LDA   AS_HGR_E                   ; Add cosine value to x-value
F68D: 38                                             SEC                              ; If >= 1, then draw
F68E: 65 d0                                          ADC   AS_HGR_DX
F690: 85 d4                                          STA   AS_HGR_E                   ; Only save fractional part
F692: 90 98               F698                       BCC   AS_L_XDRAW1_3              ; No integral part
F694: 20 9b f4                                       JSR   AS_LRUDX1                  ; Time to plot cosine component
F697: 18                                             CLC
F698: a5 d5                    AS_L_XDRAW1_3:        LDA   AS_HGR_E + 1               ; Add sine value to y-value
F69A: 65 d2                                          ADC   AS_HGR_DY                  ; If >= 1, then draw
F69C: 85 d5                                          STA   AS_HGR_E + 1               ; Only save fractional part
F69E: 90 a3               F6A3                       BCC   AS_L_XDRAW1_4              ; No integral part
F6A0: 20 9c f4                                       JSR   AS_LRUDX2                  ; Time to plot sine component
F6A3: ca                       AS_L_XDRAW1_4:        DEX                              ; Loop on scale factor.
F6A4: d0 8b               F68B                       BNE   AS_L_XDRAW1_2              ; Still on same shape item
F6A6: a5 d1                                          LDA   AS_HGR_DX + 1              ; Get next shape item
F6A8: 4a                                             LSR                              ; Next 3 bit vector
F6A9: 4a                                             LSR
F6AA: 4a                                             LSR
F6AB: d0 81               F681                       BNE   AS_L_XDRAW1_1              ; More in this shape byte
F6AD: e6 1a                                          INC   AS_HGR_SHAPE               ; Go to next shape byte
F6AF: d0 b3               F6B3                       BNE   AS_L_XDRAW1_5
F6B1: e6 1b                                          INC   AS_HGR_SHAPE + 1
F6B3: a1 1a                    AS_L_XDRAW1_5:        LDA   (AS_HGR_SHAPE,X)           ; Next byte of shape definition
F6B5: d0 81               F681                       BNE   AS_L_XDRAW1_1              ; Process if not zero
F6B7: 60                                             RTS                              ; Finished
F6B8:                                                                                 ; --------------------------------
F6B8:                                                                                 ; Get hi-res plotting coordinates (0-279,0-191) from
F6B8:                                                                                 ; Txtptr.  leave registers set up for hposn:
F6B8:                                                                                 ; (Y,x)=x-coord
F6B8:                                                                                 ; (A)  =y-coord
F6B8:                                                                                 ; --------------------------------
F6B8: 20 67 dd                 AS_HFNS:              JSR   AS_FRMNUM                  ; Evaluate expression, must be numeric
F6BB: 20 51 e7                                       JSR   AS_GETADR                  ; Convert to 2-byte integer in linnum
F6BE: a4 51                                          LDY   AS_LINNUM + 1              ; Get horiz coor in x,y
F6C0: a6 50                                          LDX   AS_LINNUM
F6C2: c0 01                                          CPY   #>280                      ; Make sure it is < 280
F6C4: 90 cc               F6CC                       BCC   AS_L_HFNS_1                ; In range
F6C6: d0 e5               F6E5                       BNE   AS_GGERR
F6C8: e0 18                                          CPX   #<280
F6CA: b0 e5               F6E5                       BCS   AS_GGERR
F6CC: 8a                       AS_L_HFNS_1:          TXA                              ; Save horiz coor on stack
F6CD: 48                                             PHA
F6CE: 98                                             TYA
F6CF: 48                                             PHA
F6D0: a9 2c                                          LDA   #"," & %01111111           ; Require a comma
F6D2: 20 bf de                                       JSR   AS_SYNCHR
F6D5: 20 f7 e6                                       JSR   AS_GETBYT                  ; Eval exp to single byte in x-reg
F6D8: e0 c0                                          CPX   #192                       ; Check for range
F6DA: b0 e5               F6E5                       BCS   AS_GGERR                   ; Too big
F6DC: 86 9d                                          STX   AS_FAC                     ; Save y-coord
F6DE: 68                                             PLA                              ; Retrieve horizontal coordinate
F6DF: a8                                             TAY

Page 124
--------------------------------------------------------------------------------
F6E0: 68                                             PLA
F6E1: aa                                             TAX
F6E2: a5 9d                                          LDA   AS_FAC                     ; And vertical coordinate
F6E4: 60                                             RTS
F6E5:                                                                                 ; --------------------------------
F6E5: 4c 05 f2                 AS_GGERR:             JMP   AS_GOERR                   ; Illegal quantity error
F6E8:                                                                                 ; --------------------------------
F6E8:                                                                                 ; "Hcolor=" statement
F6E8:                                                                                 ; --------------------------------
F6E8: 20 f7 e6                 AS_HCOLOR:            JSR   AS_GETBYT                  ; Eval exp to single byte in x
F6EB: e0 08                                          CPX   #8                         ; Value must be 0-7
F6ED: b0 e5               F6E5                       BCS   AS_GGERR                   ; Too big
F6EF: bd f5 f6                                       LDA   AS_COLORTBL,X              ; Get color pattern
F6F2: 85 e4                                          STA   AS_HGR_COLOR
F6F4: 60                       AS_RTS_23:            RTS
F6F5:                                                                                 ; --------------------------------
F6F5:                          
F6F5: 00                       AS_COLORTBL:          .byte %00000000
F6F6: 2a                                             .byte %00101010
F6F7: 55                                             .byte %01010101
F6F8: 7f                                             .byte %01111111
F6F9: 80                                             .byte %00000000 | %10000000
F6FA: aa                                             .byte %00101010 | %10000000
F6FB: d5                                             .byte %01010101 | %10000000
F6FC: ff                                             .byte %01111111 | %10000000
F6FD:                          
F6FD:                                                                                 ; --------------------------------
F6FD:                                                                                 ; "Hplot" statement
F6FD:                          
F6FD:                                                                                 ; Hplot x,y
F6FD:                                                                                 ; Hplot to x,y
F6FD:                                                                                 ; Hplot x1,y1 to x2,y2
F6FD:                                                                                 ; --------------------------------
F6FD: c9 c1                    AS_HPLOT:             CMP   #AS_TOKEN_TO               ; "Plot to" form?
F6FF: f0 0e               F70E                       BEQ   AS_L_HPLOT_2               ; Yes, start from current location
F701: 20 b8 f6                                       JSR   AS_HFNS                    ; No, get starting point of line
F704: 20 56 f4                                       JSR   AS_HPLOT0                  ; Plot the point, and set up for
F707:                                                                                 ; Drawing a line from that point
F707: 20 b7 00                 AS_L_HPLOT_1:         JSR   AS_CHRGOT                  ; Character at end of expression
F70A: c9 c1                                          CMP   #AS_TOKEN_TO               ; Is a line specified?
F70C: d0 f4               F6F4                       BNE   AS_RTS_23                  ; No, exit
F70E: 20 bf de                 AS_L_HPLOT_2:         JSR   AS_SYNCHR                  ; Yes. adv. txtptr (why not chrget)
F711: 20 b8 f6                                       JSR   AS_HFNS                    ; Get coordinates of line end
F714: 84 9d                                          STY   AS_DSCTMP                  ; Set up for line
F716: a8                                             TAY
F717: 8a                                             TXA
F718: a6 9d                                          LDX   AS_DSCTMP
F71A: 20 39 f5                                       JSR   AS_HGLIN                   ; Plot line
F71D: 4c 07 f7                                       JMP   AS_L_HPLOT_1               ; Loop till no more "to" phrases
F720:                                                                                 ; --------------------------------
F720:                                                                                 ; "Rot=" statement
F720:                                                                                 ; --------------------------------
F720: 20 f7 e6                 AS_ROT:               JSR   AS_GETBYT                  ; Eval exp to a byte in x-reg
F723: 86 f9                                          STX   AS_HGR_ROTATION
F725: 60                                             RTS
F726:                                                                                 ; --------------------------------
F726:                                                                                 ; "Scale=" statement
F726:                                                                                 ; --------------------------------
F726: 20 f7 e6                 AS_SCALE:             JSR   AS_GETBYT                  ; Eval exp to a byte in x-reg
F729: 86 e7                                          STX   AS_HGR_SCALE

Page 125
--------------------------------------------------------------------------------
F72B: 60                                             RTS
F72C:                                                                                 ; --------------------------------
F72C:                                                                                 ; Set up for draw and xdraw
F72C:                                                                                 ; --------------------------------
F72C: 20 f7 e6                 AS_DRWPNT:            JSR   AS_GETBYT                  ; Get shape number in x-reg
F72F: a5 e8                                          LDA   AS_HGR_SHAPE_PNTR          ; Search for that shape
F731: 85 1a                                          STA   AS_HGR_SHAPE               ; Set up pntr to beginning of table
F733: a5 e9                                          LDA   AS_HGR_SHAPE_PNTR + 1
F735: 85 1b                                          STA   AS_HGR_SHAPE + 1
F737: 8a                                             TXA
F738: a2 00                                          LDX   #0
F73A: c1 1a                                          CMP   (AS_HGR_SHAPE,X)           ; Compare to # of shapes in table
F73C: f0 40               F740                       BEQ   AS_L_DRWPNT_1              ; Last shape in table
F73E: b0 e5               F6E5                       BCS   AS_GGERR                   ; Shape # too large
F740: 0a                       AS_L_DRWPNT_1:        ASL                              ; Double shape# to make an index
F741: 90 46               F746                       BCC   AS_L_DRWPNT_2              ; Add 256 if shape # > 127
F743: e6 1b                                          INC   AS_HGR_SHAPE + 1
F745: 18                                             CLC
F746: a8                       AS_L_DRWPNT_2:        TAY                              ; Use index to look up offset for shape
F747: b1 1a                                          LDA   (AS_HGR_SHAPE),Y           ; In offset table
F749: 65 1a                                          ADC   AS_HGR_SHAPE
F74B: aa                                             TAX
F74C: c8                                             INY
F74D: b1 1a                                          LDA   (AS_HGR_SHAPE),Y
F74F: 65 e9                                          ADC   AS_HGR_SHAPE_PNTR + 1
F751: 85 1b                                          STA   AS_HGR_SHAPE + 1           ; Save address of shape
F753: 86 1a                                          STX   AS_HGR_SHAPE
F755: 20 b7 00                                       JSR   AS_CHRGOT                  ; Is there any "at" phrase?
F758: c9 c5                                          CMP   #AS_TOKENDB
F75A: d0 65               F765                       BNE   AS_L_DRWPNT_3              ; No, draw right where we are
F75C: 20 bf de                                       JSR   AS_SYNCHR                  ; Scan over "at"
F75F: 20 b8 f6                                       JSR   AS_HFNS                    ; Get x- and y-coords to start drawing at
F762: 20 10 f4                                       JSR   AS_HPOSN                   ; Set up cursor there
F765: a5 f9                    AS_L_DRWPNT_3:        LDA   AS_HGR_ROTATION            ; Rotation value
F767: 60                                             RTS
F768:                                                                                 ; --------------------------------
F768:                                                                                 ; "Draw" statement
F768:                                                                                 ; --------------------------------
F768: 20 2c f7                 AS_DRAW:              JSR   AS_DRWPNT
F76B: 4c 04 f6                                       JMP   AS_DRAW1
F76E:                                                                                 ; --------------------------------
F76E:                                                                                 ; "Xdraw" statement
F76E:                                                                                 ; --------------------------------
F76E: 20 2c f7                 AS_XDRAW:             JSR   AS_DRWPNT
F771: 4c 60 f6                                       JMP   AS_XDRAW1
F774:                                                                                 ; --------------------------------
F774:                                                                                 ; "Shload" statement
F774:                          
F774:                                                                                 ; Reads a shape table from cassette tape
F774:                                                                                 ; To a position just below himem.
F774:                                                                                 ; Himem is then moved to just below the table
F774:                                                                                 ; --------------------------------
F774: a9 00                    AS_SHLOAD:            LDA   #>AS_LINNUM                ; Set up to read two bytes
F776: 85 3d                                          STA   MON_A1H                    ; Into linnum,linnum+1
F778: 85 3f                                          STA   MON_A2H
F77A: a0 50                                          LDY   #AS_LINNUM
F77C: 84 3c                                          STY   MON_A1L
F77E: c8                                             INY                              ; Linnum+1
F77F: 84 3e                                          STY   MON_A2L
F781: 20 fc fe                                       JSR   MON_READ                   ; Read tape

Page 126
--------------------------------------------------------------------------------
F784: 18                                             CLC                              ; Setup to read (linnum) bytes
F785: a5 73                                          LDA   AS_MEMSIZ                  ; Ending at himem-1
F787: aa                                             TAX
F788: ca                                             DEX                              ; Forming himem-1
F789: 86 3e                                          STX   MON_A2L
F78B: e5 50                                          SBC   AS_LINNUM                  ; Forming himem-(linnum)
F78D: 48                                             PHA
F78E: a5 74                                          LDA   AS_MEMSIZ + 1
F790: a8                                             TAY
F791: e8                                             INX                              ; See if himem low-byte was zero
F792: d0 95               F795                       BNE   AS_L_SHLOAD_1              ; No
F794: 88                                             DEY                              ; Yes, have to decrement high byte
F795: 84 3f                    AS_L_SHLOAD_1:        STY   MON_A2H
F797: e5 51                                          SBC   AS_LINNUM + 1
F799: c5 6e                                          CMP   AS_STREND + 1              ; Running into variables?
F79B: 90 9f               F79F                       BCC   AS_L_SHLOAD_2              ; Yes, out of memory
F79D: d0 a2               F7A2                       BNE   AS_L_SHLOAD_3              ; No, still room
F79F: 4c 10 d4                 AS_L_SHLOAD_2:        JMP   AS_MEMERR                  ; Mem full err
F7A2: 85 74                    AS_L_SHLOAD_3:        STA   AS_MEMSIZ + 1
F7A4: 85 70                                          STA   AS_FRETOP + 1              ; Clear string space
F7A6: 85 3d                                          STA   MON_A1H                    ; (But names are still in vartbl!)
F7A8: 85 e9                                          STA   AS_HGR_SHAPE_PNTR + 1
F7AA: 68                                             PLA
F7AB: 85 e8                                          STA   AS_HGR_SHAPE_PNTR
F7AD: 85 73                                          STA   AS_MEMSIZ
F7AF: 85 6f                                          STA   AS_FRETOP
F7B1: 85 3c                                          STA   MON_A1L
F7B3: 20 f9 fc                                       JSR   MON_RD2BIT                 ; Read to tape transitions
F7B6: a9 03                                          LDA   #3                         ; Short delay for intermediate header
F7B8: 4c 01 ff                                       JMP   MON_READ2                  ; Read shapes
F7BB:                                                                                 ; --------------------------------
F7BB:                                                                                 ; Called from store and recall
F7BB:                                                                                 ; --------------------------------
F7BB:                          AS_TAPEPNT:
F7BB: 18                                             CLC
F7BC: a5 9b                                          LDA   AS_LOWTR
F7BE: 65 50                                          ADC   AS_LINNUM
F7C0: 85 3e                                          STA   MON_A2L
F7C2: a5 9c                                          LDA   AS_LOWTR + 1
F7C4: 65 51                                          ADC   AS_LINNUM + 1
F7C6: 85 3f                                          STA   MON_A2H
F7C8: a0 04                                          LDY   #4
F7CA: b1 9b                                          LDA   (AS_LOWTR),Y
F7CC: 20 ee e0                                       JSR   AS_GETARY2
F7CF: a5 94                                          LDA   AS_HIGHDS
F7D1: 85 3c                                          STA   MON_A1L
F7D3: a5 95                                          LDA   AS_HIGHDS + 1
F7D5: 85 3d                                          STA   MON_A1H
F7D7: 60                                             RTS
F7D8:                                                                                 ; --------------------------------
F7D8:                                                                                 ; Called from store and recall
F7D8:                                                                                 ; --------------------------------
F7D8:                          AS_GETARYPT:
F7D8: a9 40                                          LDA   #$40
F7DA: 85 14                                          STA   AS_SUBFLG
F7DC: 20 e2 df                                       JSR   AS_PTRGET
F7DF: a9 00                                          LDA   #0
F7E1: 85 14                                          STA   AS_SUBFLG
F7E3: 4c f0 d8                                       JMP   AS_VARTIO
F7E6:                                                                                 ; --------------------------------

Page 127
--------------------------------------------------------------------------------
F7E6:                                                                                 ; "Htab" statement
F7E6:                          
F7E6:                                                                                 ; Note that if wndleft is not 0, htab can print
F7E6:                                                                                 ; Outside the screen (eg., in the program)
F7E6:                                                                                 ; --------------------------------
F7E6: 20 f7 e6                 AS_HTAB:              JSR   AS_GETBYT
F7E9: ca                                             DEX
F7EA: 8a                                             TXA
F7EB: c9 28                    AS_L_HTAB_1:          CMP   #40
F7ED: 90 f9               F7F9                       BCC   AS_L_HTAB_2
F7EF: e9 28                                          SBC   #40
F7F1: 48                                             PHA
F7F2: 20 fb da                                       JSR   AS_CRDO
F7F5: 68                                             PLA
F7F6: 4c eb f7                                       JMP   AS_L_HTAB_1
F7F9: 85 24                    AS_L_HTAB_2:          STA   MON_CH
F7FB: 60                                             RTS
F7FC:                                                                                 ; --------------------------------
F7FC: cb                                             .byte "K" | %10000000
F7FD: d2                                             .byte "R" | %10000000
F7FE: d7                                             .byte "W" | %10000000
F7FF:                                                                                 ; Unknown
F7FF:                          ; Source assembly code for the Apple ][ System Monitor
F7FF:                          
F7FF:                     0030 MON_LORESHEIGHT       =     24 * 2
F7FF:                          
F7FF:                          ;-----------------------------------------------------------------------
F7FF:                          
F7FF:                          ; Lo-res graphics
F7FF:                          
F7FF:                          ; Some low-resolution-graphics routines.
F7FF:                          
F7FF:                          ;-----------------------------------------------------------------------
F7FF:                          
F7FF: 4a                       MON_PLOT:             LSR                              ;Y-coord/2
F800: 08                                             PHP                              ;Save lsb in carry
F801: 20 46 f8                                       JSR   MON_GBASCALC               ;Calc base adr in gbasl,h
F804: 28                                             PLP                              ;Restore lsb from carry
F805: a9 0f                                          LDA   #%00001111                 ;Mask $0F if even
F807: 90 0b               F80B                       BCC   MON_RTMASK
F809: 69 e0                                          ADC   #%11100000                 ;Mask $F0 if odd
F80B: 85 2e                    MON_RTMASK:           STA   MON_MASK
F80D: b1 26                    MON_PLOT1:            LDA   (MON_GBASL),Y              ;Data
F80F: 45 30                                          EOR   MON_COLOR                  ; Eor color
F811: 25 2e                                          AND   MON_MASK                   ;  And mask
F813: 51 26                                          EOR   (MON_GBASL),Y              ;   Eor data
F815: 91 26                                          STA   (MON_GBASL),Y              ;    To data
F817: 60                                             RTS
F818:                          
F818: 20 ff f7                 MON_HLINE:            JSR   MON_PLOT                   ;Plot square
F81B: c4 2c                    MON_HLINE1:           CPY   MON_H2                     ;Done?
F81D: b0 30               F830                       BCS   MON_RTS1                   ; Yes, return
F81F: c8                                             INY                              ; No, inc index (x-coord)
F820: 20 0d f8                                       JSR   MON_PLOT1                  ;Plot next square
F823: 90 1b               F81B                       BCC   MON_HLINE1                 ;Always taken
F825: 69 01                    MON_VLINEZ:           ADC   #1                         ;Next y-coord
F827: 48                       MON_VLINE:            PHA                              ; Save on stack
F828: 20 ff f7                                       JSR   MON_PLOT                   ; Plot square
F82B: 68                                             PLA
F82C: c5 2d                                          CMP   MON_V2                     ;Done?

Page 128
--------------------------------------------------------------------------------
F82E: 90 25               F825                       BCC   MON_VLINEZ                 ; No, loop
F830: 60                       MON_RTS1:             RTS
F831:                          
F831: a0 2f                    MON_CLRSCR:           LDY   #MON_LORESHEIGHT - 1       ;Max y, full scrn clr
F833: d0 37               F837                       BNE   MON_CLRSC2                 ;Always taken
F835: a0 27                    MON_CLRTOP:           LDY   #40 - 1                    ;Max y, top screen clr
F837: 84 2d                    MON_CLRSC2:           STY   MON_V2                     ;Store as bottom coord
F839:                                                                                 ; For vline calls
F839: a0 27                                          LDY   #40 - 1                    ;Rightmost x-coord (column)
F83B: a9 00                    MON_CLRSC3:           LDA   #0                         ;Top coord for vline calls
F83D: 85 30                                          STA   MON_COLOR                  ;Clear color (black)
F83F: 20 27 f8                                       JSR   MON_VLINE                  ;Draw vline
F842: 88                                             DEY                              ;Next leftmost x-coord
F843: 10 3b               F83B                       BPL   MON_CLRSC3                 ;Loop until done
F845: 60                                             RTS
F846:                          
F846: 48                       MON_GBASCALC:         PHA                              ;For input 000defgh
F847: 4a                                             LSR
F848: 29 03                                          AND   #%00000011
F84A: 09 04                                          ORA   #%00000100                 ;  Generate gbash=000001fg
F84C: 85 27                                          STA   MON_GBASH
F84E: 68                                             PLA                              ;  And gbasl=hdede000
F84F: 29 18                                          AND   #%00011000
F851: 90 55               F855                       BCC   MON_GBCALC
F853: 69 7f                                          ADC   #$80 - 1
F855: 85 26                    MON_GBCALC:           STA   MON_GBASL
F857: 0a                                             ASL
F858: 0a                                             ASL
F859: 05 26                                          ORA   MON_GBASL
F85B: 85 26                                          STA   MON_GBASL
F85D: 60                                             RTS
F85E:                          
F85E: a5 30                    MON1_NXTCOL:          LDA   MON_COLOR                  ;Increment color by 3
F860: 18                                             CLC
F861: 69 03                                          ADC   #3
F863: 29 0f                    MON_SETCOL:           AND   #%00001111                 ;Sets color=17*a mod 16
F865: 85 30                                          STA   MON_COLOR
F867: 0a                                             ASL                              ;Both half bytes of color equal
F868: 0a                                             ASL
F869: 0a                                             ASL
F86A: 0a                                             ASL
F86B: 05 30                                          ORA   MON_COLOR
F86D: 85 30                                          STA   MON_COLOR
F86F: 60                                             RTS
F870:                          
F870: 4a                       MON_SCRN:             LSR                              ;Read screen y-coord/2
F871: 08                                             PHP                              ;Save lsb (carry)
F872: 20 46 f8                                       JSR   MON_GBASCALC               ;Calc base address
F875: b1 26                                          LDA   (MON_GBASL),Y              ;Get byte
F877: 28                                             PLP                              ;Restore lsb from carry
F878:                          
F878: 90 7e               F87E MON_SCRN2:            BCC   MON_RTMSKZ                 ;If even, use lo h
F87A: 4a                                             LSR
F87B: 4a                                             LSR
F87C: 4a                                             LSR                              ;Shift high half byte down
F87D: 4a                                             LSR
F87E: 29 0f                    MON_RTMSKZ:           AND   #%00001111                 ;Mask 4-bits
F880: 60                                             RTS
F881:                          
F881:                          ;-----------------------------------------------------------------------

Page 129
--------------------------------------------------------------------------------
F881:                          
F881:                          ; Disassembler
F881:                          
F881:                          ; Handles disassembling 6502 instructions.
F881:                          
F881:                          ;-----------------------------------------------------------------------
F881:                          
F881: a6 3a                    MON_INSDS1:           LDX   $3A                        ;Print pcl,h
F883: a4 3b                                          LDY   $3B
F885: 20 95 fd                                       JSR   MON_PRYX2
F888: 20 47 f9                                       JSR   MON_PRBLNK                 ;Followed by a blank
F88B: a1 3a                                          LDA   ($3A,X)                    ;Get op code
F88D: a8                       MON_INSDS2:           TAY
F88E: 4a                                             LSR                              ;Even/odd test
F88F: 90 9a               F89A                       BCC   MON_IEVEN
F891: 6a                                             ROR                              ;Bit 1 test
F892: b0 a4               F8A4                       BCS   MON_ERR                    ;Xxxxxx11 invalid op
F894: c9 a2                                          CMP   #$A2
F896: f0 a4               F8A4                       BEQ   MON_ERR                    ;Opcode $89 invalid
F898: 29 87                                          AND   #$87                       ;Mask bits
F89A: 4a                       MON_IEVEN:            LSR                              ;Lsb into carry for l/r test
F89B: aa                                             TAX
F89C: bd 61 f9                                       LDA   MON_FMT1,X                 ;Get format index byte
F89F: 20 78 f8                                       JSR   MON_SCRN2                  ;R/l h-byte on carry
F8A2: d0 a8               F8A8                       BNE   MON_GETFMT
F8A4: a0 80                    MON_ERR:              LDY   #$80                       ;Substitute $80 for invalid ops
F8A6: a9 00                                          LDA   #$00                       ;Set print format index to 0
F8A8: aa                       MON_GETFMT:           TAX
F8A9: bd a5 f9                                       LDA   MON_FMT2,X                 ;Index into print format table
F8AC: 85 2e                                          STA   MON_MASK                   ;Save for adr field formatting
F8AE: 29 03                                          AND   #$03                       ;Mask for 2-bit (length-1)
F8B0: 85 2f                                          STA   $2F
F8B2: 98                                             TYA                              ;Opcode
F8B3: 29 8f                                          AND   #$8F                       ;Mask for 1xxx1010 test
F8B5: aa                                             TAX                              ; Save it
F8B6: 98                                             TYA                              ;Opcode to a again
F8B7: a0 03                                          LDY   #$03
F8B9: e0 8a                                          CPX   #$8A
F8BB: f0 c8               F8C8                       BEQ   MON_MNNDX3
F8BD: 4a                       MON_MNNDX1:           LSR
F8BE: 90 c8               F8C8                       BCC   MON_MNNDX3                 ;Form index into mnemonic table
F8C0: 4a                                             LSR
F8C1: 4a                       MON_MNNDX2:           LSR                              ;1) 1Xxx1010->00101xxx
F8C2: 09 20                                          ORA   #$20                       ;2) Xxxyyy01->00111xxx
F8C4: 88                                             DEY                              ;3) Xxxyyy10->00110xxx
F8C5: d0 c1               F8C1                       BNE   MON_MNNDX2                 ;4) Xxxyy100->00100xxx
F8C7: c8                                             INY                              ;5) Xxxxx000->000xxxxx
F8C8: 88                       MON_MNNDX3:           DEY
F8C9: d0 bd               F8BD                       BNE   MON_MNNDX1
F8CB: 60                                             RTS
F8CC:                          
F8CC: ff ff ff                                       .byte $FF, $FF, $FF
F8CF:                          
F8CF: 20 81 f8                 MON_INSTDSP:          JSR   MON_INSDS1                 ;Gen fmt, len bytes
F8D2: 48                                             PHA                              ;Save mnemonic table index
F8D3: b1 3a                    MON_PRNTOP:           LDA   ($3A),Y
F8D5: 20 d9 fd                                       JSR   MON_PRBYTE
F8D8: a2 01                                          LDX   #1                         ;Print 2 blanks
F8DA: 20 49 f9                 MON_PRNTBL:           JSR   MON_PRBL2
F8DD: c4 2f                                          CPY   $2F                        ;Print inst (1-3 bytes)

Page 130
--------------------------------------------------------------------------------
F8DF: c8                                             INY                              ;In a 12 chr field
F8E0: 90 d3               F8D3                       BCC   MON_PRNTOP
F8E2: a2 03                                          LDX   #3                         ;Char count for mnemonic print
F8E4: c0 04                                          CPY   #4
F8E6: 90 da               F8DA                       BCC   MON_PRNTBL
F8E8: 68                                             PLA                              ;Recover mnemonic index
F8E9: a8                                             TAY
F8EA: b9 bf f9                                       LDA   MON_MNEML,Y
F8ED: 85 2c                                          STA   MON_H2                     ;Fetch 3-char mnemonic
F8EF: b9 ff f9                                       LDA   MON_MNEMR,Y                ;  (Packed in 2-bytes)
F8F2: 85 2d                                          STA   MON_V2
F8F4: a9 00                    MON_NXTCOL:           LDA   #0
F8F6: a0 05                                          LDY   #5
F8F8: 06 2d                    MON_PRMN2:            ASL   MON_V2                     ;Shift 5 bits of
F8FA: 26 2c                                          ROL   MON_H2                     ;  Character into a
F8FC: 2a                                             ROL                              ;    (Clears carry)
F8FD: 88                                             DEY
F8FE: d0 f8               F8F8                       BNE   MON_PRMN2
F900: 69 bf                                          ADC   #"?" | %10000000           ;Add "?" offset
F902: 20 ec fd                                       JSR   MON_COUT                   ;Output a char of mnem
F905: ca                                             DEX
F906: d0 f4               F8F4                       BNE   MON_NXTCOL
F908: 20 47 f9                                       JSR   MON_PRBLNK                 ;Output 3 blanks
F90B: a4 2f                                          LDY   $2F
F90D: a2 06                                          LDX   #6                         ;Cnt for 6 format bits
F90F: e0 03                    MON_PRADR1:           CPX   #3
F911: f0 2f               F92F                       BEQ   MON_PRADR5                 ;If x=3 then addr.
F913: 06 2e                    MON_PRADR2:           ASL   MON_MASK
F915: 90 25               F925                       BCC   MON_PRADR3
F917: bd b2 f9                                       LDA   MON_CHAR1 - 1,X
F91A: 20 ec fd                                       JSR   MON_COUT
F91D: bd b8 f9                                       LDA   MON_CHAR2 - 1,X
F920: f0 25               F925                       BEQ   MON_PRADR3
F922: 20 ec fd                                       JSR   MON_COUT
F925: ca                       MON_PRADR3:           DEX
F926: d0 0f               F90F                       BNE   MON_PRADR1
F928: 60                                             RTS
F929: 88                       MON_PRADR4:           DEY
F92A: 30 13               F913                       BMI   MON_PRADR2
F92C: 20 d9 fd                                       JSR   MON_PRBYTE
F92F: a5 2e                    MON_PRADR5:           LDA   MON_MASK
F931: c9 e8                                          CMP   #$E8                       ;Handle rel adr mode
F933: b1 3a                                          LDA   ($3A),Y                    ;Special (print target,
F935: 90 29               F929                       BCC   MON_PRADR4                 ;  Not offset)
F937: 20 55 f9                 MON_RELADR:           JSR   MON_PCADJ3
F93A: aa                                             TAX                              ;Pcl,pch+offset+1 to a,y
F93B: e8                                             INX
F93C: d0 3f               F93F                       BNE   MON_PRNTYX                 ;+1 To y,x
F93E: c8                                             INY
F93F:                          
F93F: 98                       MON_PRNTYX:           TYA
F940: 20 d9 fd                 MON_PRNTAX:           JSR   MON_PRBYTE                 ;Output target adr
F943: 8a                       MON_PRNTX:            TXA                              ;  Of branch and return
F944: 4c d9 fd                                       JMP   MON_PRBYTE
F947:                          
F947: a2 03                    MON_PRBLNK:           LDX   #3                         ;Blank count
F949: a9 a0                    MON_PRBL2:            LDA   #" " | %10000000           ;Load a space
F94B: 20 ec fd                 MON_PRBL3:            JSR   MON_COUT                   ;Output a blank
F94E: ca                                             DEX
F94F: d0 49               F949                       BNE   MON_PRBL2                  ;Loop until count=0

Page 131
--------------------------------------------------------------------------------
F951: 60                                             RTS
F952:                          
F952: 38                       MON_PCADJ:            SEC                              ;0=1-Byte, 1=2-byte
F953: a5 2f                    MON_PCADJ2:           LDA   $2F                        ;  2=3-Byte
F955: a4 3b                    MON_PCADJ3:           LDY   $3B
F957: aa                                             TAX                              ;Test displacement sign
F958: 10 5b               F95B                       BPL   MON_PCADJ4                 ;  (For rel branch)
F95A: 88                                             DEY                              ;Extend neg by dec pch
F95B: 65 3a                    MON_PCADJ4:           ADC   $3A
F95D: 90 60               F960                       BCC   MON_RTS2                   ;Pcl+length(or displ)+1 to a
F95F: c8                                             INY                              ;  Carry into y (pch)
F960: 60                       MON_RTS2:             RTS
F961:                          
F961:                                                                                 ; * Fmt1 bytes:    xxxxxxy0 instrs
F961:                                                                                 ; * If y=0         then left half byte
F961:                                                                                 ; * If y=1         then right half byte
F961:                                                                                 ; *                   (X=index)
F961: 04 20 54 30 0d           MON_FMT1:             .byte $04, $20, $54, $30, $0D
F966: 80 04 90 03 22                                 .byte $80, $04, $90, $03, $22
F96B: 54 33 0d 80 04                                 .byte $54, $33, $0D, $80, $04
F970: 90 04 20 54 33                                 .byte $90, $04, $20, $54, $33
F975: 0d 80 04 90 04                                 .byte $0D, $80, $04, $90, $04
F97A: 20 54 3b 0d 80                                 .byte $20, $54, $3B, $0D, $80
F97F: 04 90 00 22 44                                 .byte $04, $90, $00, $22, $44
F984: 33 0d c8 44 00                                 .byte $33, $0D, $C8, $44, $00
F989: 11 22 44 33 0d                                 .byte $11, $22, $44, $33, $0D
F98E: c8 44 a9 01 22                                 .byte $C8, $44, $A9, $01, $22
F993: 44 33 0d 80 04                                 .byte $44, $33, $0D, $80, $04
F998: 90 01 22 44 33                                 .byte $90, $01, $22, $44, $33
F99D: 0d 80 04 90                                    .byte $0D, $80, $04, $90
F9A1: 26 31 87 9a                                    .byte $26, $31, $87, $9A         ;$Zzxxxy01 instr's
F9A5:                          
F9A5: 00                       MON_FMT2:             .byte $00                        ;Err
F9A6: 21                                             .byte $21                        ;Imm
F9A7: 81                                             .byte $81                        ;Z-page
F9A8: 82                                             .byte $82                        ;Abs
F9A9: 00                                             .byte $00                        ;Implied
F9AA: 00                                             .byte $00                        ;Accumulator
F9AB: 59                                             .byte $59                        ;(Zpag,x)
F9AC: 4d                                             .byte $4D                        ;(Zpag),y
F9AD: 91                                             .byte $91                        ;Zpag,x
F9AE: 92                                             .byte $92                        ;Abs,x
F9AF: 86                                             .byte $86                        ;Abs,y
F9B0: 4a                                             .byte $4A                        ;(Abs)
F9B1: 85                                             .byte $85                        ;Zpag,y
F9B2: 9d                                             .byte $9D                        ;Relative
F9B3:                          MON_CHAR1:
F9B3: ac                                             .byte "," | %10000000
F9B4: a9                                             .byte ")" | %10000000
F9B5: ac                                             .byte "," | %10000000
F9B6: a3                                             .byte "#" | %10000000
F9B7: a8                                             .byte "(" | %10000000
F9B8: a4                                             .byte "$" | %10000000
F9B9:                          
F9B9: d9                       MON_CHAR2:            .byte "Y" | %10000000
F9BA: 00                                             .byte 0
F9BB: d8                                             .byte "X" | %10000000
F9BC: a4                                             .byte "$" | %10000000
F9BD: a4                                             .byte "$" | %10000000
F9BE:                          

Page 132
--------------------------------------------------------------------------------
F9BE: 00                                             .byte 0
F9BF:                          
F9BF:                                                                                 ; * Mneml is of form:
F9BF:                                                                                 ; *  (A) xxxxx000
F9BF:                                                                                 ; *  (B) xxxyy100
F9BF:                                                                                 ; *  (C) 1xxx1010
F9BF:                                                                                 ; *  (D) xxxyyy10
F9BF:                                                                                 ; *  (E) xxxyyy01
F9BF:                                                                                 ; *      (X=index)
F9BF: 1c 8a 1c 23 5d 8b        MON_MNEML:            .byte $1C, $8A, $1C, $23, $5D, $8B
F9C5: 1b a1 9d 8a 1d 23                              .byte $1B, $A1, $9D, $8A, $1D, $23
F9CB: 9d 8b 1d a1 00 29                              .byte $9D, $8B, $1D, $A1, $00, $29
F9D1: 19 ae 69 a8 19 23                              .byte $19, $AE, $69, $A8, $19, $23
F9D7: 24 53 1b 23 24 53                              .byte $24, $53, $1B, $23, $24, $53
F9DD: 19 a1                                          .byte $19, $A1                   ;(A) format above
F9DF:                          
F9DF: 00 1a 5b 5b a5 69                              .byte $00, $1A, $5B, $5B, $A5, $69
F9E5: 24 24                                          .byte $24, $24                   ;(B) format
F9E7:                          
F9E7: ae ae a8 ad 29 00                              .byte $AE, $AE, $A8, $AD, $29, $00
F9ED: 7c 00                                          .byte $7C, $00                   ;(C) format
F9EF:                          
F9EF: 15 9c 6d 9c a5 69                              .byte $15, $9C, $6D, $9C, $A5, $69
F9F5: 29 53                                          .byte $29, $53                   ;(D) format
F9F7:                          
F9F7: 84 13 34 11 a5 69                              .byte $84, $13, $34, $11, $A5, $69
F9FD: 23 a0                                          .byte $23, $A0                   ;(E) format
F9FF:                          
F9FF: d8 62 5a 48 26 62        MON_MNEMR:            .byte $D8, $62, $5A, $48, $26, $62
FA05: 94 88 54 44 c8 54                              .byte $94, $88, $54, $44, $C8, $54
FA0B: 68 44 e8 94 00 b4                              .byte $68, $44, $E8, $94, $00, $B4
FA11: 08 84 74 b4 28 6e                              .byte $08, $84, $74, $B4, $28, $6E
FA17: 74 f4 cc 4a 72 f2                              .byte $74, $F4, $CC, $4A, $72, $F2
FA1D: a4 8a                                          .byte $A4, $8A                   ;(A) format
FA1F:                          
FA1F: 00 aa a2 a2 74 74                              .byte $00, $AA, $A2, $A2, $74, $74
FA25: 74 72                                          .byte $74, $72                   ;(B) format
FA27:                          
FA27: 44 68 b2 32 b2 00                              .byte $44, $68, $B2, $32, $B2, $00
FA2D: 22 00                                          .byte $22, $00                   ;(C) format
FA2F:                          
FA2F: 1a 1a 26 26 72 72                              .byte $1A, $1A, $26, $26, $72, $72
FA35: 88 c8                                          .byte $88, $C8                   ;(D) format
FA37:                          
FA37: c4 ca 26 48 44 44                              .byte $C4, $CA, $26, $48, $44, $44
FA3D: a2 c8                                          .byte $A2, $C8                   ;(E) format
FA3F:                          
FA3F:                          ;-----------------------------------------------------------------------
FA3F:                          
FA3F:                          ; Debugger
FA3F:                          
FA3F:                          ; Handles stepping, register display, IRQ, BRK.
FA3F:                          
FA3F:                          ;-----------------------------------------------------------------------
FA3F:                          
FA3F: 85 45                    MON_IRQ:              STA   $45
FA41: 68                                             PLA
FA42: 48                                             PHA
FA43: 0a                                             ASL
FA44: 0a                                             ASL

Page 133
--------------------------------------------------------------------------------
FA45: 0a                                             ASL
FA46: 30 4b               FA4B                       BMI   MON_BREAK
FA48: 6c fe 03                                       JMP   ($03FE)
FA4B:                          
FA4B: 28                       MON_BREAK:            PLP
FA4C: 20 4b ff                                       JSR   MON_SAV1
FA4F: 68                                             PLA
FA50: 85 3a                                          STA   $3A
FA52: 68                                             PLA
FA53: 85 3b                                          STA   $3B
FA55: 6c f0 03                                       JMP   ($03F0)
FA58: 20 81 f8                 MON_OLDBRK:           JSR   MON_INSDS1
FA5B: 20 d9 fa                                       JSR   MON_RGDSP1
FA5E: 4c 64 ff                                       JMP   MON_MON
FA61:                          
FA61: d8                       MON_RESET2:           CLD
FA62: 20 83 fe                                       JSR   MON_SETNORM
FA65: 20 2e fb                                       JSR   MON_INIT
FA68: 20 92 fe                                       JSR   MON_SETVID
FA6B: 20 88 fe                                       JSR   MON_SETKBD
FA6E: ad 58 c0                                       LDA   $C058
FA71: ad 5a c0                                       LDA   $C05A
FA74: ad 5d c0                                       LDA   $C05D
FA77: ad 5f c0                                       LDA   $C05F
FA7A: ad ff cf                                       LDA   $CFFF
FA7D: 2c 10 c0                                       BIT   $C010
FA80: d8                                             CLD
FA81: 20 39 ff                                       JSR   MON_BELL
FA84: ad f3 03                                       LDA   $03F3
FA87: 49 a5                                          EOR   #%10100101
FA89: cd f4 03                                       CMP   $03F4
FA8C: d0 a5               FAA5                       BNE   MON_PWRUP
FA8E: ad f2 03                                       LDA   $03F2
FA91: d0 a2               FAA2                       BNE   MON_NOFIX
FA93: a9 e0                                          LDA   #$E0
FA95: cd f3 03                                       CMP   $03F3
FA98: d0 a2               FAA2                       BNE   MON_NOFIX
FA9A: a0 03                    MON_FIXSEV:           LDY   #$03
FA9C: 8c f2 03                                       STY   $03F2
FA9F: 4c 00 e0                                       JMP   $E000
FAA2:                          
FAA2: 6c f2 03                 MON_NOFIX:            JMP   ($03F2)
FAA5: 20 5f fb                 MON_PWRUP:            JSR   MON_APPLEII
FAA8: a2 05                                          LDX   #$05
FAAA: bd fb fa                 MON_SETPLP:           LDA   MON_PWRCON - 1,X
FAAD: 9d ef 03                                       STA   $03EF,X
FAB0: ca                                             DEX
FAB1: d0 aa               FAAA                       BNE   MON_SETPLP
FAB3: a9 c8                                          LDA   #$C8
FAB5: 86 00                                          STX   $00
FAB7: 85 01                                          STA   $01
FAB9: a0 07                    MON_SLOOP:            LDY   #$07
FABB: c6 01                                          DEC   $01
FABD: a5 01                                          LDA   $01
FABF: c9 c0                                          CMP   #$C0
FAC1: f0 9a               FA9A                       BEQ   MON_FIXSEV
FAC3: 8d f8 07                                       STA   $07F8
FAC6: b1 00                    MON_NXTBYT:           LDA   ($00),Y
FAC8: d9 00 fb                                       CMP   MON_DISKID - 1,Y
FACB: d0 b9               FAB9                       BNE   MON_SLOOP

Page 134
--------------------------------------------------------------------------------
FACD: 88                                             DEY
FACE: 88                                             DEY
FACF: 10 c6               FAC6                       BPL   MON_NXTBYT
FAD1: 6c 00 00                                       JMP   ($0000)
FAD4: ea                                             NOP
FAD5: ea                                             NOP
FAD6:                          
FAD6: 20 8d fd                 MON_REGDSP:           JSR   MON_CROUT                  ;Display user reg
FAD9: a9 45                    MON_RGDSP1:           LDA   #<$45                      ;  Contents with
FADB: 85 40                                          STA   $40                        ;  Labels
FADD: a9 00                                          LDA   #>$45
FADF: 85 41                                          STA   $41
FAE1: a2 fb                                          LDX   #$FB
FAE3: a9 a0                    MON_RDSP1:            LDA   #" " | %10000000
FAE5: 20 ec fd                                       JSR   MON_COUT
FAE8: bd 1d fa                                       LDA   MON_RTBL - $FB,X
FAEB:                                                                                 ;Lda   MON_RTBL+$FF05,x
FAEB:                          
FAEB: 20 ec fd                                       JSR   MON_COUT
FAEE: a9 bd                                          LDA   #"=" | %10000000
FAF0: 20 ec fd                                       JSR   MON_COUT
FAF3: b5 4a                                          LDA   $45 + 5,X
FAF5: 20 d9 fd                                       JSR   MON_PRBYTE
FAF8: e8                                             INX
FAF9: 30 e3               FAE3                       BMI   MON_RDSP1
FAFB: 60                                             RTS
FAFC:                          
FAFC: 58 fa                    MON_PWRCON:           .word MON_OLDBRK
FAFE: ff df                                          .word AS_BASIC
FB00: 45                                             .byte $45
FB01: 20 ff 00 ff 03 ff        MON_DISKID:           .byte $20, $FF, $00, $FF, $03, $FF
FB07: 3c                                             .byte $3C
FB08: c1                       MON_TITLE:            .byte "A" | %10000000
FB09: d0                                             .byte "P" | %10000000
FB0A: d0                                             .byte "P" | %10000000
FB0B: cc                                             .byte "L" | %10000000
FB0C: c5                                             .byte "E" | %10000000
FB0D: a0                                             .byte " " | %10000000
FB0E: dd                                             .byte "]" | %10000000
FB0F: db                                             .byte "[" | %10000000
FB10:                          MON_XLTBL:
FB10: c4                                             .byte "D" | %10000000
FB11: c2                                             .byte "B" | %10000000
FB12: c1                                             .byte "A" | %10000000
FB13:                          
FB13: ff                                             .byte $FF
FB14: c3                                             .byte "C" | %10000000
FB15:                          
FB15: ff ff ff                                       .byte $FF, $FF, $FF
FB18:                          
FB18: c1                       MON_RTBL:             .byte "A" | %10000000
FB19: d8                                             .byte "X" | %10000000
FB1A: d9                                             .byte "Y" | %10000000
FB1B: d0                                             .byte "P" | %10000000
FB1C: d3                                             .byte "S" | %10000000
FB1D:                          
FB1D:                     C064 MON_PADDL0            =     $C064
FB1D:                     C070 MON_PTRIG             =     $C070
FB1D:                          
FB1D:                          ;-----------------------------------------------------------------------

Page 135
--------------------------------------------------------------------------------
FB1D:                          
FB1D:                          ; Paddles
FB1D:                          
FB1D:                          ; Handles the paddles.
FB1D:                          
FB1D:                          ;-----------------------------------------------------------------------
FB1D:                          
FB1D: ad 70 c0                 MON_PREAD:            LDA   MON_PTRIG                  ;Trigger paddles
FB20: a0 00                                          LDY   #$00                       ;Init count
FB22: ea                                             NOP                              ;Compensate for 1st count
FB23: ea                                             NOP
FB24: bd 64 c0                 MON_PREAD2:           LDA   MON_PADDL0,X               ;Count y-reg every
FB27: 10 2d               FB2D                       BPL   MON_RTS2D                  ;  12 Usec
FB29: c8                                             INY
FB2A: d0 24               FB24                       BNE   MON_PREAD2                 ;  Exit at 255 max
FB2C: 88                                             DEY
FB2D: 60                       MON_RTS2D:            RTS
FB2E:                          
FB2E:                          ;-----------------------------------------------------------------------
FB2E:                          
FB2E:                          ; Initialize display
FB2E:                          
FB2E:                          ; Handles initializing the display.
FB2E:                          
FB2E:                          ;-----------------------------------------------------------------------
FB2E:                          
FB2E:                     C050 MON_TXTCLR            =     $C050
FB2E:                     C051 MON_TXTSET            =     $C051
FB2E:                     C053 MON_MIXSET            =     $C053
FB2E:                     C054 MON_LOWSCR            =     $C054
FB2E:                     C056 MON_LORES             =     $C056
FB2E:                          
FB2E:                     0004 MON_TEXTBOTTOMLINES   =     4
FB2E:                          
FB2E: a9 00                    MON_INIT:             LDA   #0                         ;Clr status for debug
FB30: 85 48                                          STA   $48                        ;  Software
FB32: ad 56 c0                                       LDA   MON_LORES
FB35: ad 54 c0                                       LDA   MON_LOWSCR                 ;Init video mode
FB38:                          
FB38: ad 51 c0                 MON_SETTXT:           LDA   MON_TXTSET                 ;Set for text mode
FB3B: a9 00                                          LDA   #0                         ;  Full screen window
FB3D: f0 4a               FB4A                       BEQ   MON_SETWND
FB3F:                          
FB3F: ad 50 c0                 MON_SETGR:            LDA   MON_TXTCLR                 ;Set for graphics mode
FB42: ad 53 c0                                       LDA   MON_MIXSET                 ;  Lower 4 lines as
FB45: 20 35 f8                                       JSR   MON_CLRTOP                 ;  Text window
FB48: a9 14                                          LDA   #24 - MON_TEXTBOTTOMLINES
FB4A:                          
FB4A: 85 22                    MON_SETWND:           STA   $22                        ;Set for 40 col window
FB4C: a9 00                                          LDA   #0                         ;  Top in a-reg,
FB4E: 85 20                                          STA   $20                        ;  Bttm at line 24
FB50: a9 28                                          LDA   #40
FB52: 85 21                                          STA   $21
FB54: a9 18                                          LDA   #24
FB56: 85 23                                          STA   $23                        ;  Vtab to row 23
FB58: a9 17                                          LDA   #24 - 1
FB5A: 85 25                    MON_TABV:             STA   $25                        ;Vtabs to row in a-reg
FB5C: 4c 21 fc                                       JMP   MON_VTAB
FB5F:                          
FB5F: 20 57 fc                 MON_APPLEII:          JSR   MON_HOME

Page 136
--------------------------------------------------------------------------------
FB62: a0 08                                          LDY   #$08
FB64: b9 07 fb                 MON_STITLE:           LDA   MON_TITLE - 1,Y
FB67: 99 0e 04                                       STA   $040E,Y
FB6A: 88                                             DEY
FB6B: d0 64               FB64                       BNE   MON_STITLE
FB6D: 60                                             RTS
FB6E: ad f3 03                                       LDA   $03F3
FB71: 49 a5                                          EOR   #$A5
FB73: 8d f4 03                                       STA   $03F4
FB76: 60                                             RTS
FB77: c9 8d                    MON_VIDWAIT:          CMP   #$8D
FB79: d0 93               FB93                       BNE   MON_NOWAIT
FB7B: ac 00 c0                                       LDY   $C000
FB7E: 10 93               FB93                       BPL   MON_NOWAIT
FB80: c0 93                                          CPY   #$93
FB82: d0 93               FB93                       BNE   MON_NOWAIT
FB84: 2c 10 c0                                       BIT   $C010
FB87: ac 00 c0                 MON_KBDWAIT:          LDY   $C000
FB8A: 10 87               FB87                       BPL   MON_KBDWAIT
FB8C: c0 83                                          CPY   #$83
FB8E: f0 93               FB93                       BEQ   MON_NOWAIT
FB90: 2c 10 c0                                       BIT   $C010
FB93: 4c fc fb                 MON_NOWAIT:           JMP   MON_VIDOUT
FB96: 38                       MON_ESCOLD:           SEC
FB97: 4c 2b fc                                       JMP   MON_ESC1
FB9A: a8                       MON_ESCNOW:           TAY
FB9B: b9 47 fa                                       LDA   MON_XLTBL - $C9,Y          ; Todo
FB9E: 20 96 fb                                       JSR   MON_ESCOLD
FBA1: 20 0b fd                                       JSR   MON_RDKEY
FBA4: c9 ce                    MON_ESCNEW:           CMP   #$CE
FBA6: b0 96               FB96                       BCS   MON_ESCOLD
FBA8: c9 c9                                          CMP   #$C9
FBAA: 90 96               FB96                       BCC   MON_ESCOLD
FBAC: c9 cc                                          CMP   #$CC
FBAE: f0 96               FB96                       BEQ   MON_ESCOLD
FBB0: d0 9a               FB9A                       BNE   MON_ESCNOW
FBB2: ea                                             NOP
FBB3: ea                                             NOP
FBB4: ea                                             NOP
FBB5: ea                                             NOP
FBB6: ea                                             NOP
FBB7: ea                                             NOP
FBB8: ea                                             NOP
FBB9: ea                                             NOP
FBBA: ea                                             NOP
FBBB: ea                                             NOP
FBBC: ea                                             NOP
FBBD: ea                                             NOP
FBBE: ea                                             NOP
FBBF: ea                                             NOP
FBC0:                          
FBC0:                     0087 MON_ASCBEL            =     $07 | %10000000
FBC0:                     0088 MON_ASCBS             =     $08 | %10000000
FBC0:                          
FBC0:                          ;-----------------------------------------------------------------------
FBC0:                          
FBC0:                          ; Display and read keys
FBC0:                          
FBC0:                          ; Handles reading keypresses, escape, displaying characters, scrolling,
FBC0:                          ; clearing, etc. (Also includes cassette tape handler.)

Page 137
--------------------------------------------------------------------------------
FBC0:                          
FBC0:                          ;-----------------------------------------------------------------------
FBC0:                          
FBC0:                     C030 MON_SPKR              =     $C030
FBC0:                          
FBC0: 48                       MON_BASCALC:          PHA                              ;Calc base adr in basl,h
FBC1: 4a                                             LSR                              ;  For given line no
FBC2: 29 03                                          AND   #%00000011                 ;  0<=Line no.<=$17
FBC4: 09 04                                          ORA   #%00000100                 ;Arg=000abcde, generate
FBC6: 85 29                                          STA   $29                        ;  Bash=000001cd
FBC8: 68                                             PLA                              ;  And
FBC9: 29 18                                          AND   #%00011000                 ;  Basl=eabab000
FBCB: 90 cf               FBCF                       BCC   MON_BSCLC2
FBCD: 69 7f                                          ADC   #$80 - 1
FBCF: 85 28                    MON_BSCLC2:           STA   $28
FBD1: 0a                                             ASL
FBD2: 0a                                             ASL
FBD3: 05 28                                          ORA   $28
FBD5: 85 28                                          STA   $28
FBD7: 60                                             RTS
FBD8:                          
FBD8: c9 87                    MON_BELL1:            CMP   #MON_ASCBEL                ;Bell char? (cntrl-g)
FBDA: d0 ee               FBEE                       BNE   MON_RTS2B                  ;  No, return
FBDC: a9 40                                          LDA   #$40                       ;Delay .01 seconds
FBDE: 20 a7 fc                                       JSR   MON_WAIT
FBE1: a0 c0                                          LDY   #$C0
FBE3: a9 0c                    MON_BELL2:            LDA   #$0C                       ;Toggle speaker at
FBE5: 20 a7 fc                                       JSR   MON_WAIT                   ;  1 Khz for .1 sec.
FBE8: ad 30 c0                                       LDA   MON_SPKR
FBEB: 88                                             DEY
FBEC: d0 e3               FBE3                       BNE   MON_BELL2
FBEE: 60                       MON_RTS2B:            RTS
FBEF:                          
FBEF: a4 24                    MON_STOADV:           LDY   $24                        ;Cursor h index to y-reg
FBF1: 91 28                                          STA   ($28),Y                    ;Store char in line
FBF3: e6 24                    MON_ADVANCE:          INC   $24                        ;Increment cursor h index
FBF5: a5 24                                          LDA   $24                        ;  (Move right)
FBF7: c5 21                                          CMP   $21                        ;Beyond window width?
FBF9: b0 61               FC61                       BCS   MON_CR                     ;  Yes cr to next line
FBFB: 60                       MON_RTS3:             RTS                              ;  No,return
FBFC:                          
FBFC: c9 a0                    MON_VIDOUT:           CMP   #$A0                       ;Control char?
FBFE: b0 ef               FBEF                       BCS   MON_STOADV                 ;  No,output it.
FC00:                          
FC00: a8                                             TAY                              ;Inverse video?
FC01: 10 ef               FBEF                       BPL   MON_STOADV                 ;  Yes, output it.
FC03:                          
FC03: c9 8d                                          CMP   #$8D                       ;Cr?
FC05: f0 61               FC61                       BEQ   MON_CR                     ;  Yes.
FC07: c9 8a                                          CMP   #$8A                       ;Line feed?
FC09: f0 65               FC65                       BEQ   MON_LF                     ;  If so, do it.
FC0B: c9 88                                          CMP   #MON_ASCBS                 ;Back space? (cntrl-h)
FC0D: d0 d8               FBD8                       BNE   MON_BELL1                  ;  No, check for bell.
FC0F:                          
FC0F: c6 24                    MON_BS:               DEC   $24                        ;Decrement cursor h index
FC11: 10 fb               FBFB                       BPL   MON_RTS3                   ;If pos, ok. else move up
FC13: a5 21                                          LDA   $21                        ;Set ch to wndwdth-1
FC15: 85 24                                          STA   $24
FC17: c6 24                                          DEC   $24                        ;(Rightmost screen pos)
FC19: a5 22                    MON_UP:               LDA   $22                        ;Cursor v index

Page 138
--------------------------------------------------------------------------------
FC1B: c5 25                                          CMP   $25
FC1D: b0 2a               FC2A                       BCS   MON_RTS4                   ;If top line then return
FC1F: c6 25                                          DEC   $25                        ;Dec cursor v-index
FC21:                          
FC21: a5 25                    MON_VTAB:             LDA   $25                        ;Get cursor v-index
FC23: 20 c0 fb                 MON_VTABZ:            JSR   MON_BASCALC                ;Generate base adr
FC26: 65 20                                          ADC   $20                        ;Add window left index
FC28: 85 28                                          STA   $28                        ;To basl
FC2A: 60                       MON_RTS4:             RTS
FC2B:                          
FC2B: 49 c0                    MON_ESC1:             EOR   #$C0                       ;Esc?
FC2D: f0 57               FC57                       BEQ   MON_HOME                   ;  If so, do home and clear
FC2F: 69 fd                                          ADC   #$FD                       ;Esc-a or b check
FC31: 90 f3               FBF3                       BCC   MON_ADVANCE                ;  A, advance
FC33: f0 0f               FC0F                       BEQ   MON_BS                     ;  B, backspace
FC35: 69 fd                                          ADC   #$FD                       ;Esc-c or d check
FC37: 90 65               FC65                       BCC   MON_LF                     ;  C, down
FC39: f0 19               FC19                       BEQ   MON_UP                     ;  D, go up
FC3B: 69 fd                                          ADC   #$FD                       ;Esc-e or f check
FC3D: 90 9b               FC9B                       BCC   MON_CLREOL                 ;  E, clear to end of line
FC3F: d0 2a               FC2A                       BNE   MON_RTS4                   ;  Not f, return
FC41:                                                                                 ;  F, clear to end of page
FC41: a4 24                    MON_CLREOP:           LDY   $24                        ;Cursor h to y index
FC43: a5 25                                          LDA   $25                        ;Cursor v to a-register
FC45: 48                       MON_CLEOP1:           PHA                              ;Save current line on stk
FC46: 20 23 fc                                       JSR   MON_VTABZ                  ;Calc base address
FC49: 20 9d fc                                       JSR   MON_CLEOLZ                 ;Clear to eol, set carry
FC4C: a0 00                                          LDY   #0                         ;Clear from h index=0 for rest
FC4E: 68                                             PLA                              ;Increment current line
FC4F: 69 00                                          ADC   #0                         ;(Carry is set)
FC51: c5 23                                          CMP   $23                        ;Done to bottom of window?
FC53: 90 45               FC45                       BCC   MON_CLEOP1                 ;  No, keep clearing lines
FC55: b0 21               FC21                       BCS   MON_VTAB                   ;  Yes, tab to current line
FC57:                          
FC57: a5 22                    MON_HOME:             LDA   $22                        ;Init cursor v
FC59: 85 25                                          STA   $25                        ;  And h-indices
FC5B: a0 00                                          LDY   #0
FC5D: 84 24                                          STY   $24                        ;Then clear to end of page
FC5F: f0 45               FC45                       BEQ   MON_CLEOP1
FC61:                          
FC61: a9 00                    MON_CR:               LDA   #0                         ;Cursor to left of index
FC63: 85 24                                          STA   $24                        ;(Ret cursor h=0)
FC65: e6 25                    MON_LF:               INC   $25                        ;Incr cursor v(down 1 line)
FC67: a5 25                                          LDA   $25
FC69: c5 23                                          CMP   $23                        ;Off screen?
FC6B: 90 23               FC23                       BCC   MON_VTABZ                  ;  No, set base addr
FC6D: c6 25                                          DEC   $25                        ;Decr cursor v (back to bottom)
FC6F:                          
FC6F: a5 22                    MON_SCROLL:           LDA   $22                        ;Start at top of scrl wndw
FC71: 48                                             PHA
FC72: 20 23 fc                                       JSR   MON_VTABZ                  ;Generate base adr
FC75: a5 28                    MON_SCRL1:            LDA   $28                        ;Copy basl,h
FC77: 85 2a                                          STA   $2A                        ;  To bas2l,h
FC79: a5 29                                          LDA   $29
FC7B: 85 2b                                          STA   $2B
FC7D: a4 21                                          LDY   $21                        ;Init y to rightmost index
FC7F: 88                                             DEY                              ;  Of scrolling window
FC80: 68                                             PLA
FC81: 69 01                                          ADC   #1                         ;Incr line number
FC83: c5 23                                          CMP   $23                        ;Done?

Page 139
--------------------------------------------------------------------------------
FC85: b0 94               FC94                       BCS   MON_SCRL3                  ;  Yes, finish
FC87: 48                                             PHA
FC88: 20 23 fc                                       JSR   MON_VTABZ                  ;Form basl,h (base addr)
FC8B: b1 28                    MON_SCRL2:            LDA   ($28),Y                    ;Move a chr up on line
FC8D: 91 2a                                          STA   ($2A),Y
FC8F: 88                                             DEY                              ;Next char of line
FC90: 10 8b               FC8B                       BPL   MON_SCRL2
FC92: 30 75               FC75                       BMI   MON_SCRL1                  ;Next line (always taken)
FC94:                          
FC94: a0 00                    MON_SCRL3:            LDY   #0                         ;Clear bottom line
FC96: 20 9d fc                                       JSR   MON_CLEOLZ                 ;Get base addr for bottom line
FC99: b0 21               FC21                       BCS   MON_VTAB                   ;Carry is set
FC9B: a4 24                    MON_CLREOL:           LDY   $24                        ;Cursor h index
FC9D: a9 a0                    MON_CLEOLZ:           LDA   #" " | %10000000
FC9F: 91 28                    MON_CLEOL2:           STA   ($28),Y                    ;Store blanks from 'here'
FCA1: c8                                             INY                              ;  To end of lines (wndwdth)
FCA2: c4 21                                          CPY   $21
FCA4: 90 9f               FC9F                       BCC   MON_CLEOL2
FCA6: 60                                             RTS
FCA7:                          
FCA7: 38                       MON_WAIT:             SEC
FCA8: 48                       MON_WAIT2:            PHA
FCA9: e9 01                    MON_WAIT3:            SBC   #1
FCAB: d0 a9               FCA9                       BNE   MON_WAIT3                  ;1.0204 Usec
FCAD: 68                                             PLA                              ;(13+27/2*A+5/2*a*a)
FCAE: e9 01                                          SBC   #1
FCB0: d0 a8               FCA8                       BNE   MON_WAIT2
FCB2: 60                                             RTS
FCB3:                          
FCB3: e6 42                    MON_NXTA4:            INC   $42                        ;Incr 2-byte a4
FCB5: d0 b9               FCB9                       BNE   MON_NXTA1                  ;  And a1
FCB7: e6 43                                          INC   $43
FCB9: a5 3c                    MON_NXTA1:            LDA   $3C                        ;Incr 2-byte a1.
FCBB: c5 3e                                          CMP   $3E
FCBD: a5 3d                                          LDA   $3D                        ;  And compare to a2
FCBF: e5 3f                                          SBC   $3F
FCC1: e6 3c                                          INC   $3C                        ;  (Carry set if >=)
FCC3: d0 c7               FCC7                       BNE   MON_RTS4B
FCC5: e6 3d                                          INC   $3D
FCC7: 60                       MON_RTS4B:            RTS
FCC8:                          
FCC8:                     C020 MON_TAPEOUT           =     $C020
FCC8:                     C060 MON_TAPEIN            =     $C060
FCC8:                          
FCC8: a0 4b                    MON_HEADR:            LDY   #$4B                       ;Write a*256 'long 1'
FCCA: 20 da fc                                       JSR   MON_ZERDLY                 ;  Half cycles
FCCD: d0 c8               FCC8                       BNE   MON_HEADR                  ;  (650 Usec each)
FCCF: 69 fe                                          ADC   #$FE
FCD1: b0 c8               FCC8                       BCS   MON_HEADR                  ;Then a 'short 0'
FCD3: a0 21                                          LDY   #$21                       ;  (400 Usec)
FCD5: 20 da fc                 MON_WRBIT:            JSR   MON_ZERDLY                 ;Write two half cycles
FCD8: c8                                             INY                              ;  Of 250 usec ('0')
FCD9: c8                                             INY                              ;  Or 500 usec ('0')
FCDA: 88                       MON_ZERDLY:           DEY
FCDB: d0 da               FCDA                       BNE   MON_ZERDLY
FCDD: 90 e4               FCE4                       BCC   MON_WRTAPE                 ;Y is count for
FCDF: a0 32                                          LDY   #$32                       ;  Timing loop
FCE1: 88                       MON_ONEDLY:           DEY
FCE2: d0 e1               FCE1                       BNE   MON_ONEDLY
FCE4: ac 20 c0                 MON_WRTAPE:           LDY   MON_TAPEOUT

Page 140
--------------------------------------------------------------------------------
FCE7: a0 2c                                          LDY   #$2C
FCE9: ca                                             DEX
FCEA: 60                                             RTS
FCEB:                          
FCEB: a2 08                    MON_RDBYTE:           LDX   #$08                       ;8 Bits to read
FCED: 48                       MON_RDBYT2:           PHA                              ;Read two transitions
FCEE: 20 f9 fc                                       JSR   MON_RD2BIT                 ;  (Find edge)
FCF1: 68                                             PLA
FCF2: 2a                                             ROL                              ;Next bit
FCF3: a0 3a                                          LDY   #$3A                       ;Count for samples
FCF5: ca                                             DEX
FCF6: d0 ed               FCED                       BNE   MON_RDBYT2
FCF8: 60                                             RTS
FCF9:                          
FCF9: 20 fc fc                 MON_RD2BIT:           JSR   MON_RDBIT
FCFC: 88                       MON_RDBIT:            DEY                              ;Decr y until
FCFD: ad 60 c0                                       LDA   MON_TAPEIN                 ; Tape transition
FD00: 45 2f                                          EOR   $2F
FD02: 10 fc               FCFC                       BPL   MON_RDBIT
FD04: 45 2f                                          EOR   $2F
FD06: 85 2f                                          STA   $2F
FD08: c0 80                                          CPY   #$80                       ;Set carry on y
FD0A: 60                                             RTS
FD0B:                          
FD0B:                     C000 MON_KBD               =     $C000
FD0B:                     C010 MON_KBDSTRB           =     $C010
FD0B:                          
FD0B: a4 24                    MON_RDKEY:            LDY   $24
FD0D: b1 28                                          LDA   ($28),Y                    ;Set screen to flash
FD0F: 48                                             PHA
FD10: 29 3f                                          AND   #$3F
FD12: 09 40                                          ORA   #$40
FD14: 91 28                                          STA   ($28),Y
FD16: 68                                             PLA
FD17:                          
FD17: 6c 38 00                                       JMP   ($38)                      ;Go to user key-in
FD1A: e6 4e                    MON_KEYIN:            INC   $4E
FD1C: d0 20               FD20                       BNE   MON_KEYIN2                 ;Incr rnd number
FD1E: e6 4f                                          INC   $4F
FD20: 2c 00 c0                 MON_KEYIN2:           BIT   MON_KBD                    ;Key down?
FD23: 10 1a               FD1A                       BPL   MON_KEYIN                  ;  Loop
FD25: 91 28                                          STA   ($28),Y                    ;Replace flashing screen
FD27: ad 00 c0                                       LDA   MON_KBD                    ;Get keycode
FD2A: 2c 10 c0                                       BIT   MON_KBDSTRB                ;Clr key strobe
FD2D: 60                                             RTS
FD2E:                          
FD2E: 20 0b fd                 MON_ESC:              JSR   MON_RDKEY                  ;Get keycode
FD31:                          
FD31: 20 a4 fb                                       JSR   MON_ESCNEW
FD34:                          
FD34: 20 0b fd                 MON_RDCHAR:           JSR   MON_RDKEY                  ;Read key
FD37: c9 9b                                          CMP   #$9B                       ;Esc?
FD39: f0 2e               FD2E                       BEQ   MON_ESC                    ;  Yes, don't return
FD3B: 60                                             RTS
FD3C:                          
FD3C: a5 32                    MON_NOTCR:            LDA   $32
FD3E: 48                                             PHA
FD3F: a9 ff                                          LDA   #$FF
FD41: 85 32                                          STA   $32                        ;Echo user line
FD43: bd 00 02                                       LDA   $0200,X                    ;  Non inverse

Page 141
--------------------------------------------------------------------------------
FD46: 20 ec fd                                       JSR   MON_COUT
FD49: 68                                             PLA
FD4A: 85 32                                          STA   $32
FD4C:                          
FD4C: bd 00 02                                       LDA   $0200,X
FD4F: c9 88                                          CMP   #$88                       ;Check for edit keys
FD51: f0 70               FD70                       BEQ   MON_BCKSPC                 ;  Bs, ctrl-x
FD53: c9 98                                          CMP   #$98
FD55: f0 61               FD61                       BEQ   MON_CANCEL
FD57: e0 f8                                          CPX   #$F8                       ;Margin?
FD59: 90 5e               FD5E                       BCC   MON_NOTCR1
FD5B: 20 39 ff                                       JSR   MON_BELL                   ;  Yes, sound bell
FD5E: e8                       MON_NOTCR1:           INX                              ;Advance input index
FD5F: d0 74               FD74                       BNE   MON_NXTCHAR
FD61:                          
FD61: a9 dc                    MON_CANCEL:           LDA   #"\\" | %10000000          ;Backslash after cancelled line
FD63: 20 ec fd                                       JSR   MON_COUT
FD66: 20 8d fd                 MON_GETLNZ:           JSR   MON_CROUT                  ;Output cr
FD69:                          
FD69: a5 33                    MON_GETLN:            LDA   $33
FD6B: 20 ec fd                                       JSR   MON_COUT                   ;Output prompt char
FD6E: a2 01                                          LDX   #$01                       ;Init input index
FD70: 8a                       MON_BCKSPC:           TXA                              ;  Will backspace to 0
FD71: f0 66               FD66                       BEQ   MON_GETLNZ
FD73: ca                                             DEX
FD74:                          
FD74: 20 34 fd                 MON_NXTCHAR:          JSR   MON_RDCHAR
FD77: c9 95                    MON_NXTCHAR1:         CMP   #$95                       ;Use screen char
FD79: d0 7d               FD7D                       BNE   MON_CAPTST                 ;  For ctrl-u
FD7B: b1 28                                          LDA   ($28),Y
FD7D: c9 e0                    MON_CAPTST:           CMP   #$E0
FD7F: 90 83               FD83                       BCC   MON_ADDINP                 ;Convert to caps
FD81: 29 df                                          AND   #$DF
FD83: 9d 00 02                 MON_ADDINP:           STA   $0200,X                    ;Add to input buf
FD86: c9 8d                                          CMP   #$8D
FD88: d0 3c               FD3C                       BNE   MON_NOTCR
FD8A: 20 9b fc                                       JSR   MON_CLREOL                 ;Clr to eol if cr
FD8D:                          
FD8D:                          ;-----------------------------------------------------------------------
FD8D:                          
FD8D:                          ; Monitor commands
FD8D:                          
FD8D:                          ; Handles monitor commands, such as L (list) and G (go).
FD8D:                          
FD8D:                          ;-----------------------------------------------------------------------
FD8D:                          
FD8D:                     C000 MON_IOADR             =     $C000
FD8D:                          
FD8D:                                                                                 ; Ascii
FD8D:                     0082 MON_CTRL_B            =     $02 | %10000000
FD8D:                     0083 MON_CTRL_C            =     $03 | %10000000
FD8D:                     0085 MON_CTRL_E            =     $05 | %10000000
FD8D:                     008B MON_CTRL_K            =     $0B | %10000000
FD8D:                     0090 MON_CTRL_P            =     $10 | %10000000
FD8D:                     0099 MON_CTRL_Y            =     $19 | %10000000
FD8D:                          
FD8D: a9 8d                    MON_CROUT:            LDA   #$8D
FD8F: d0 ec               FDEC                       BNE   MON_COUT
FD91: a4 3d                    MON_PRA1:             LDY   $3D                        ;Print cr,a1 in hex
FD93: a6 3c                                          LDX   $3C

Page 142
--------------------------------------------------------------------------------
FD95: 20 8d fd                 MON_PRYX2:            JSR   MON_CROUT
FD98: 20 3f f9                                       JSR   MON_PRNTYX
FD9B: a0 00                                          LDY   #$00
FD9D: a9 ad                                          LDA   #"-" | %10000000           ;Print '-'
FD9F: 4c ec fd                                       JMP   MON_COUT
FDA2:                          
FDA2: a5 3c                    MON_XAM8:             LDA   $3C
FDA4: 09 07                                          ORA   #%00000111                 ;Set to finish at
FDA6: 85 3e                                          STA   $3E                        ;  Mod 8=7
FDA8: a5 3d                                          LDA   $3D
FDAA: 85 3f                                          STA   $3F
FDAC: a5 3c                    MON_MODSCHK:          LDA   $3C
FDAE: 29 07                                          AND   #%00000111
FDB0: d0 b5               FDB5                       BNE   MON_DATAOUT
FDB2: 20 91 fd                 MON_XAM:              JSR   MON_PRA1
FDB5: a9 a0                    MON_DATAOUT:          LDA   #" " | %10000000
FDB7: 20 ec fd                                       JSR   MON_COUT                   ;Output blank
FDBA: b1 3c                                          LDA   ($3C),Y
FDBC: 20 d9 fd                                       JSR   MON_PRBYTE                 ;Output byte in hex
FDBF: 20 b9 fc                                       JSR   MON_NXTA1
FDC2: 90 ac               FDAC                       BCC   MON_MODSCHK                ;Check if time to,
FDC4: 60                       MON_RTS4C:            RTS                              ;  Print addr
FDC5:                          
FDC5: 4a                       MON_XAMPM:            LSR                              ;Determine if mon
FDC6: 90 b2               FDB2                       BCC   MON_XAM                    ;  Mode is xam
FDC8: 4a                                             LSR                              ;  Add, or sub
FDC9: 4a                                             LSR
FDCA: a5 3e                                          LDA   $3E
FDCC: 90 d0               FDD0                       BCC   MON_ADD
FDCE: 49 ff                                          EOR   #$FF                       ;Sub: form 2s complement
FDD0: 65 3c                    MON_ADD:              ADC   $3C
FDD2: 48                                             PHA
FDD3: a9 bd                                          LDA   #"=" | %10000000
FDD5: 20 ec fd                                       JSR   MON_COUT                   ;Print =, then result
FDD8: 68                                             PLA
FDD9:                          
FDD9: 48                       MON_PRBYTE:           PHA                              ;Print byte as 2 hex
FDDA: 4a                                             LSR                              ;  Digits, destroys a-reg
FDDB: 4a                                             LSR
FDDC: 4a                                             LSR
FDDD: 4a                                             LSR
FDDE: 20 e4 fd                                       JSR   MON_PRHEXZ
FDE1: 68                                             PLA
FDE2: 29 0f                    MON_PRHEX:            AND   #%00001111                 ;Print hex dig in a-reg
FDE4: 09 b0                    MON_PRHEXZ:           ORA   #"0" | %10000000           ;  Lsb's
FDE6: c9 ba                                          CMP   #("9" | %10000000) + 1
FDE8: 90 ec               FDEC                       BCC   MON_COUT
FDEA: 69 06                                          ADC   #$06
FDEC:                          
FDEC: 6c 36 00                 MON_COUT:             JMP   ($36)                      ;Vector to user output routine
FDEF: c9 a0                    MON_COUT1:            CMP   #" " | %10000000
FDF1: 90 f5               FDF5                       BCC   MON_COUTZ                  ;Dont output ctrls inverse
FDF3: 25 32                                          AND   $32                        ;Mask with inverse flag
FDF5: 84 35                    MON_COUTZ:            STY   $35                        ;Sav y-reg
FDF7: 48                                             PHA                              ;Sav a-reg
FDF8:                          
FDF8: 20 77 fb                                       JSR   MON_VIDWAIT
FDFB:                          
FDFB: 68                                             PLA                              ;Restore a-reg
FDFC: a4 35                                          LDY   $35                        ;  And y-reg

Page 143
--------------------------------------------------------------------------------
FDFE: 60                                             RTS                              ;  Then return
FDFF:                          
FDFF: c6 34                    MON_BL1:              DEC   $34
FE01: f0 a2               FDA2                       BEQ   MON_XAM8
FE03:                          
FE03: ca                       MON_BLANK:            DEX                              ;Blank to mon
FE04: d0 1c               FE1C                       BNE   MON_SETMDZ                 ;After blank
FE06:                          
FE06: c9 ba                                          CMP   #$BA                       ;Data store mode?
FE08: d0 c5               FDC5                       BNE   MON_XAMPM                  ;  No, xam, add, or sub
FE0A: 85 31                    MON_STOR:             STA   $31                        ;Keep in store mode
FE0C: a5 3e                                          LDA   $3E
FE0E: 91 40                                          STA   ($40),Y                    ;Store as low byte as (a3)
FE10: e6 40                                          INC   $40
FE12: d0 16               FE16                       BNE   MON_RTS5                   ;Incr a3, return
FE14: e6 41                                          INC   $41
FE16: 60                       MON_RTS5:             RTS
FE17:                          
FE17: a4 34                    MON_SETMODE:          LDY   $34                        ;Save converted :, +,
FE19: b9 ff 01                                       LDA   $0200 - 1,Y                ;  -, . As mode.
FE1C: 85 31                    MON_SETMDZ:           STA   $31
FE1E: 60                                             RTS
FE1F:                          
FE1F: a2 01                    MON_LT:               LDX   #$01
FE21: b5 3e                    MON_LT2:              LDA   $3E,X                      ;Copy a2 (2 bytes) to
FE23: 95 42                                          STA   $42,X                      ;  A4 and a5
FE25: 95 44                                          STA   $44,X
FE27: ca                                             DEX
FE28: 10 21               FE21                       BPL   MON_LT2
FE2A: 60                                             RTS
FE2B:                          
FE2B: b1 3c                    MON_MOVE:             LDA   ($3C),Y                    ;Move (a1 to a2) to
FE2D: 91 42                                          STA   ($42),Y                    ;  (A4)
FE2F: 20 b3 fc                                       JSR   MON_NXTA4
FE32: 90 2b               FE2B                       BCC   MON_MOVE
FE34: 60                                             RTS
FE35:                          
FE35: b1 3c                    MON_VFY:              LDA   ($3C),Y                    ;Verify (a1 to a2) with
FE37: d1 42                                          CMP   ($42),Y                    ;  (A4)
FE39: f0 57               FE57                       BEQ   MON_VFYOK
FE3B: 20 91 fd                                       JSR   MON_PRA1
FE3E: b1 3c                                          LDA   ($3C),Y
FE40: 20 d9 fd                                       JSR   MON_PRBYTE
FE43: a9 a0                                          LDA   #" " | %10000000
FE45: 20 ec fd                                       JSR   MON_COUT
FE48: a9 a8                                          LDA   #"(" | %10000000
FE4A: 20 ec fd                                       JSR   MON_COUT
FE4D: b1 42                                          LDA   ($42),Y
FE4F: 20 d9 fd                                       JSR   MON_PRBYTE
FE52: a9 a9                                          LDA   #")" | %10000000
FE54: 20 ec fd                                       JSR   MON_COUT
FE57: 20 b3 fc                 MON_VFYOK:            JSR   MON_NXTA4
FE5A: 90 35               FE35                       BCC   MON_VFY
FE5C: 60                                             RTS
FE5D:                          
FE5D: 20 74 fe                 MON_LIST1:            JSR   MON_A1PC                   ;Move a1 (2 bytes) to
FE60: a9 14                                          LDA   #24 - 4                    ;  Pc if specd and
FE62: 48                       MON_LIST2:            PHA                              ;  Disemble 20 instrs
FE63: 20 cf f8                                       JSR   MON_INSTDSP
FE66: 20 52 f9                                       JSR   MON_PCADJ                  ;Adjust pc each instr

Page 144
--------------------------------------------------------------------------------
FE69: 85 3a                                          STA   $3A
FE6B: 84 3b                                          STY   $3B
FE6D: 68                                             PLA
FE6E: 38                                             SEC
FE6F: e9 01                                          SBC   #1                         ;Next of 20 instrs
FE71: d0 62               FE62                       BNE   MON_LIST2
FE73: 60                                             RTS
FE74:                          
FE74: 8a                       MON_A1PC:             TXA                              ;If user specd adr
FE75: f0 7e               FE7E                       BEQ   MON_A1PCRTS                ;  Copy from a1 to pc
FE77: b5 3c                    MON_A1PCLP:           LDA   $3C,X
FE79: 95 3a                                          STA   $3A,X
FE7B: ca                                             DEX
FE7C: 10 77               FE77                       BPL   MON_A1PCLP
FE7E: 60                       MON_A1PCRTS:          RTS
FE7F:                          
FE7F: a0 3f                    MON_SETINV:           LDY   #$3F                       ;Set for inverse vid
FE81: d0 85               FE85                       BNE   MON_SETIFLG                ; Via cout1
FE83: a0 ff                    MON_SETNORM:          LDY   #$FF                       ;Set for normal vid
FE85: 84 32                    MON_SETIFLG:          STY   $32
FE87: 60                                             RTS
FE88:                          
FE88: a9 00                    MON_SETKBD:           LDA   #$00                       ;Simulate port #0 input (in#0)
FE8A: 85 3e                    MON_INPORT:           STA   $3E                        ;  Specified (keyin routine)
FE8C: a2 38                    MON_INPRT:            LDX   #$38
FE8E: a0 1a                                          LDY   #<MON_KEYIN
FE90: d0 9a               FE9A                       BNE   MON_IOPRT
FE92: a9 00                    MON_SETVID:           LDA   #$00                       ;Simulate port #0 output (pr#0)
FE94: 85 3e                    MON_OUTPORT:          STA   $3E                        ;  Specified (cout1 routine)
FE96: a2 36                    MON_OUTPRT:           LDX   #$36
FE98: a0 ef                                          LDY   #<MON_COUT1
FE9A: a5 3e                    MON_IOPRT:            LDA   $3E                        ;Set ram in/out vectors
FE9C: 29 0f                                          AND   #%00001111
FE9E: f0 a6               FEA6                       BEQ   MON_IOPRT1
FEA0: 09 c0                                          ORA   #>MON_IOADR
FEA2: a0 00                                          LDY   #$00
FEA4: f0 a8               FEA8                       BEQ   MON_IOPRT2
FEA6: a9 fd                    MON_IOPRT1:           LDA   #>MON_COUT1
FEA8: 94 00                    MON_IOPRT2:           STY   $00,X
FEAA: 95 01                                          STA   $01,X
FEAC: 60                                             RTS
FEAD:                          
FEAD: ea                                             NOP
FEAE: ea                                             NOP
FEAF:                          
FEAF: 4c 00 e0                 MON_XBASIC:           JMP   $E000                      ;To basic with scratch
FEB2:                          
FEB2: 4c 03 e0                 MON_BASCONT:          JMP   $E003                      ;Continue basic
FEB5:                          
FEB5: 20 74 fe                 MON_GO:               JSR   MON_A1PC                   ;Adr to pc if specd
FEB8: 20 3e ff                                       JSR   MON_RESTORE                ;Restore meta regs
FEBB: 6c 3a 00                                       JMP   ($3A)                      ;Go to user subr
FEBE:                          
FEBE: 4c d6 fa                 MON_REGZ:             JMP   MON_REGDSP                 ;To reg display
FEC1:                          
FEC1:                          MON_TRACE:
FEC1:                          
FEC1: 60                                             RTS
FEC2: ea                                             NOP
FEC3: 60                                             RTS

Page 145
--------------------------------------------------------------------------------
FEC4: ea                       MON_STEPZ:            NOP
FEC5: ea                                             NOP
FEC6: ea                                             NOP
FEC7: ea                                             NOP
FEC8: ea                                             NOP
FEC9:                          
FEC9: 4c f8 03                 MON_USR:              JMP   $03F8                      ;To usr subr at usradr
FECC:                          
FECC: a9 40                    MON_WRITE:            LDA   #$40
FECE: 20 c8 fc                                       JSR   MON_HEADR                  ;Write 10-sec header
FED1: a0 27                                          LDY   #$27
FED3: a2 00                    MON_WR1:              LDX   #$00
FED5: 41 3c                                          EOR   ($3C,X)
FED7: 48                                             PHA
FED8: a1 3c                                          LDA   ($3C,X)
FEDA: 20 ec fe                                       JSR   MON_WRBYTE
FEDD: 20 b9 fc                                       JSR   MON_NXTA1
FEE0: a0 1d                                          LDY   #$1D
FEE2: 68                                             PLA
FEE3: 90 d3               FED3                       BCC   MON_WR1
FEE5: a0 22                                          LDY   #$22
FEE7: 20 ec fe                                       JSR   MON_WRBYTE
FEEA: f0 39               FF39                       BEQ   MON_BELL
FEEC: a2 10                    MON_WRBYTE:           LDX   #$10
FEEE: 0a                       MON_WRBYT2:           ASL
FEEF: 20 d5 fc                                       JSR   MON_WRBIT
FEF2: d0 ee               FEEE                       BNE   MON_WRBYT2
FEF4: 60                                             RTS
FEF5:                          
FEF5: 20 ff fd                 MON_CRMON:            JSR   MON_BL1                    ;Handle a cr as blank
FEF8: 68                                             PLA                              ;  Then pop stack
FEF9: 68                                             PLA                              ;  And rtn to mon
FEFA: d0 68               FF68                       BNE   MON_MONZ
FEFC:                          
FEFC: 20 f9 fc                 MON_READ:             JSR   MON_RD2BIT                 ;Find tapein edge
FEFF: a9 16                                          LDA   #$16
FF01: 20 c8 fc                 MON_READ2:            JSR   MON_HEADR                  ;Delay 3.5 seconds
FF04: 85 2e                                          STA   MON_MASK                   ;Init chksum=$FF
FF06: 20 f9 fc                                       JSR   MON_RD2BIT                 ;Find tapein edge
FF09: a0 24                    MON_RD2:              LDY   #$24                       ;Look for sync bit
FF0B: 20 fc fc                                       JSR   MON_RDBIT                  ;  (Short 0)
FF0E: b0 09               FF09                       BCS   MON_RD2                    ;  Loop until found
FF10: 20 fc fc                                       JSR   MON_RDBIT                  ;Skip second sync h-cycle
FF13: a0 3b                                          LDY   #$3B                       ;Index for 0/1 test
FF15: 20 eb fc                 MON_RD3:              JSR   MON_RDBYTE                 ;Read a byte
FF18: 81 3c                                          STA   ($3C,X)                    ;Store at (a1)
FF1A: 45 2e                                          EOR   MON_MASK
FF1C: 85 2e                                          STA   MON_MASK                   ;Update running chksum
FF1E: 20 b9 fc                                       JSR   MON_NXTA1                  ;Inc a1, compare to a2
FF21: a0 35                                          LDY   #$35                       ;Compensate 0/1 index
FF23: 90 15               FF15                       BCC   MON_RD3                    ;Loop until done
FF25: 20 eb fc                                       JSR   MON_RDBYTE                 ;Read chksum byte
FF28: c5 2e                                          CMP   MON_MASK
FF2A: f0 39               FF39                       BEQ   MON_BELL                   ;Good, sound bell and return
FF2C: a9 c5                    MON_PRERR:            LDA   #"E" | %10000000
FF2E: 20 ec fd                                       JSR   MON_COUT                   ;Print "err", then bell
FF31: a9 d2                                          LDA   #"R" | %10000000
FF33: 20 ec fd                                       JSR   MON_COUT
FF36: 20 ec fd                                       JSR   MON_COUT
FF39:                          

Page 146
--------------------------------------------------------------------------------
FF39: a9 87                    MON_BELL:             LDA   #$87                       ;Output bell and return
FF3B: 4c ec fd                                       JMP   MON_COUT
FF3E:                          
FF3E: a5 48                    MON_RESTORE:          LDA   $48                        ;Restore 6502 reg contents
FF40: 48                                             PHA                              ;  Used by debug software
FF41: a5 45                                          LDA   $45
FF43: a6 46                    MON_RESTR1:           LDX   $46
FF45: a4 47                                          LDY   $47
FF47: 28                                             PLP
FF48: 60                                             RTS
FF49: 85 45                    MON_SAVE:             STA   $45                        ;Save 6502 reg contents
FF4B: 86 46                    MON_SAV1:             STX   $46
FF4D: 84 47                                          STY   $47
FF4F: 08                                             PHP
FF50: 68                                             PLA
FF51: 85 48                                          STA   $48
FF53: ba                                             TSX
FF54: 86 49                                          STX   $49
FF56: d8                                             CLD
FF57: 60                                             RTS
FF58:                          
FF58: 20 83 fe                 MON_RESET:            JSR   MON_SETNORM                ;Normal
FF5B: 20 2e fb                                       JSR   MON_INIT
FF5E: 20 92 fe                                       JSR   MON_SETVID                 ;Pr#0
FF61: 20 88 fe                                       JSR   MON_SETKBD                 ;In#0
FF64: d8                       MON_MON:              CLD                              ;Must set hex mode!
FF65: 20 39 ff                                       JSR   MON_BELL
FF68: a9 aa                    MON_MONZ:             LDA   #$AA                       ;* Prompt for mon
FF6A: 85 33                                          STA   $33
FF6C: 20 66 fd                                       JSR   MON_GETLNZ                 ;Read a line
FF6F: 20 c6 ff                                       JSR   MON_ZMODE                  ;Clear mon mode, scan idx
FF72: 20 a6 ff                 MON_NXTITM:           JSR   MON_GETNUM                 ;Get item, non-hex
FF75: 84 34                                          STY   $34                        ;  Char in a-reg
FF77: a0 17                                          LDY   #$17                       ;  X-reg=0 if no hex input
FF79: 88                       MON_CHRSRCH:          DEY
FF7A: 30 64               FF64                       BMI   MON_MON                    ;Not found, go to mon
FF7C: d9 cb ff                                       CMP   MON_CHRTBL,Y               ;Find cmnd char in tel
FF7F: d0 79               FF79                       BNE   MON_CHRSRCH
FF81: 20 bd ff                                       JSR   MON_TOSUB                  ;Found, call corresponding
FF84: a4 34                                          LDY   $34                        ;  Subroutine
FF86: 4c 72 ff                                       JMP   MON_NXTITM
FF89:                          
FF89: a2 03                    MON_DIG:              LDX   #$03
FF8B: 0a                                             ASL
FF8C: 0a                                             ASL                              ;Got hex dig,
FF8D: 0a                                             ASL                              ;  Shift into a2
FF8E: 0a                                             ASL
FF8F: 0a                       MON_NXTBIT:           ASL
FF90: 26 3e                                          ROL   $3E
FF92: 26 3f                                          ROL   $3F
FF94: ca                                             DEX                              ;Leave x=$FF if dig
FF95: 10 8f               FF8F                       BPL   MON_NXTBIT
FF97: a5 31                    MON_NXTBAS:           LDA   $31
FF99: d0 a1               FFA1                       BNE   MON_NXTBS2                 ;If mode is zero
FF9B: b5 3f                                          LDA   $3F,X                      ; Then copy a2 to
FF9D: 95 3d                                          STA   $3D,X                      ; A1 and a3
FF9F: 95 41                                          STA   $41,X
FFA1: e8                       MON_NXTBS2:           INX
FFA2: f0 97               FF97                       BEQ   MON_NXTBAS
FFA4: d0 ac               FFAC                       BNE   MON_NXTCHR

Page 147
--------------------------------------------------------------------------------
FFA6:                          
FFA6: a2 00                    MON_GETNUM:           LDX   #$00                       ;Clear a2
FFA8: 86 3e                                          STX   $3E
FFAA: 86 3f                                          STX   $3F
FFAC: b9 00 02                 MON_NXTCHR:           LDA   $0200,Y                    ;Get char
FFAF: c8                                             INY
FFB0: 49 b0                                          EOR   #$B0
FFB2: c9 0a                                          CMP   #$0A
FFB4: 90 89               FF89                       BCC   MON_DIG                    ;If hex dig, then
FFB6: 69 88                                          ADC   #$88
FFB8: c9 fa                                          CMP   #$FA
FFBA: b0 89               FF89                       BCS   MON_DIG
FFBC: 60                                             RTS
FFBD:                          
FFBD: a9 fe                    MON_TOSUB:            LDA   #>MON_GO                   ;Push high-order
FFBF: 48                                             PHA                              ;  Subr adr on stk
FFC0: b9 e2 ff                                       LDA   MON_SUBTBL,Y               ;Push low-order
FFC3: 48                                             PHA                              ;  Subr adr on stk
FFC4: a5 31                                          LDA   $31
FFC6: a0 00                    MON_ZMODE:            LDY   #$00                       ;Clr mode, old mode
FFC8: 84 31                                          STY   $31                        ;  To a-reg
FFCA: 60                                             RTS                              ; Go to subr via rts
FFCB:                          
FFCB:                          ;Define f(chr) <(chr^$B0+$89)
FFCB:                          
FFCB: bc                       MON_CHRTBL:           .byte <((MON_CTRL_C ^ $B0) + $89)
FFCC: b2                                             .byte <((MON_CTRL_Y ^ $B0) + $89)
FFCD: be                                             .byte <((MON_CTRL_E ^ $B0) + $89)
FFCE:                          
FFCE: b2                                             .byte <((MON_CTRL_Y ^ $B0) + $89)
FFCF:                          
FFCF: ef                                             .byte <((("V" | %10000000) ^ $B0) + $89)
FFD0: c4                                             .byte <((MON_CTRL_K ^ $B0) + $89)
FFD1:                          
FFD1: b2                                             .byte <((MON_CTRL_Y ^ $B0) + $89)
FFD2:                          
FFD2: a9                                             .byte <((MON_CTRL_P ^ $B0) + $89)
FFD3: bb                                             .byte <((MON_CTRL_B ^ $B0) + $89)
FFD4: a6                                             .byte <((("-" | %10000000) ^ $B0) + $89)
FFD5: a4                                             .byte <((("+" | %10000000) ^ $B0) + $89)
FFD6: 06                                             .byte <((("M" | %10000000) ^ $B0) + $89)
FFD7: 95                                             .byte <((("<" | %10000000) ^ $B0) + $89)
FFD8: 07                                             .byte <((("N" | %10000000) ^ $B0) + $89)
FFD9: 02                                             .byte <((("I" | %10000000) ^ $B0) + $89)
FFDA: 05                                             .byte <((("L" | %10000000) ^ $B0) + $89)
FFDB: f0                                             .byte <((("W" | %10000000) ^ $B0) + $89)
FFDC: 00                                             .byte <((("G" | %10000000) ^ $B0) + $89)
FFDD: eb                                             .byte <((("R" | %10000000) ^ $B0) + $89)
FFDE: 93                                             .byte <(((":" | %10000000) ^ $B0) + $89)
FFDF: a7                                             .byte <((("." | %10000000) ^ $B0) + $89)
FFE0: c6                                             .byte <(($8D ^ $B0) + $89)
FFE1: 99                                             .byte <(((" " | %10000000) ^ $B0) + $89)
FFE2:                          
FFE2: b1                       MON_SUBTBL:           .byte <MON_BASCONT - 1
FFE3: c8                                             .byte <MON_USR - 1
FFE4: bd                                             .byte <MON_REGZ - 1
FFE5: c0                                             .byte <MON_TRACE - 1
FFE6: 34                                             .byte <MON_VFY - 1
FFE7: 8b                                             .byte <MON_INPRT - 1
FFE8: c3                                             .byte <MON_STEPZ - 1

Page 148
--------------------------------------------------------------------------------
FFE9: 95                                             .byte <MON_OUTPRT - 1
FFEA: ae                                             .byte <MON_XBASIC - 1
FFEB: 16                                             .byte <MON_SETMODE - 1
FFEC: 16                                             .byte <MON_SETMODE - 1
FFED: 2a                                             .byte <MON_MOVE - 1
FFEE: 1e                                             .byte <MON_LT - 1
FFEF: 82                                             .byte <MON_SETNORM - 1
FFF0: 7e                                             .byte <MON_SETINV - 1
FFF1: 5c                                             .byte <MON_LIST1 - 1
FFF2: cb                                             .byte <MON_WRITE - 1
FFF3: b4                                             .byte <MON_GO - 1
FFF4: fb                                             .byte <MON_READ - 1
FFF5: 16                                             .byte <MON_SETMODE - 1
FFF6: 16                                             .byte <MON_SETMODE - 1
FFF7: f4                                             .byte <MON_CRMON - 1
FFF8: 02                                             .byte <MON_BLANK - 1
FFF9:                          
FFF9: fb 03                    MON_M6502VEC:         .word $03FB                      ;Nmi vector
FFFB:                          
FFFB: 61 fa                                          .word MON_RESET2                 ;Reset vector
FFFD:                          
FFFD: 3f fa                                          .word MON_IRQ                    ;Irq vector
FFFF:                          
FFFF:                          

================================================================================

================================================================================
SYMBOL TABLE
================================================================================

BY VALUE (numerical):
--------------------------------------------------------------------------------
  AS_GOWARM            = $0000 (0)  [const]
  AS_ERR_NOFOR         = $0000 (0)  [const]
  AS_GOSTROUT          = $0003 (3)  [const]
  MON_TEXTBOTTOMLINES  = $0004 (4)  [const]
  AS_USR               = $000A (10)  [const]
  AS_CHARAC            = $000D (13)  [const]
  AS_ENDCHR            = $000E (14)  [const]
  AS_TKN_CNTR          = $000F (15)  [const]
  AS_EOL_PNTR          = $000F (15)  [const]
  AS_NUMDIM            = $000F (15)  [const]
  AS_DIMFLG            = $0010 (16)  [const]
  AS_ERR_SYNTAX        = $0010 (16)  [const]
  AS_VALTYP            = $0011 (17)  [const]
  AS_DATAFLG           = $0013 (19)  [const]
  AS_GARFLG            = $0013 (19)  [const]
  AS_SUBFLG            = $0014 (20)  [const]
  AS_INPUTFLG          = $0015 (21)  [const]
  AS_CPRMASK           = $0016 (22)  [const]
  AS_SIGNFLG           = $0016 (22)  [const]
  AS_ERR_NOGOSUB       = $0016 (22)  [const]
  AS_HGR_SHAPE         = $001A (26)  [const]
  AS_HGR_BITS          = $001C (28)  [const]
  AS_HGR_COUNT         = $001D (29)  [const]
  MON_CH               = $0024 (36)  [const]
  MON_GBASL            = $0026 (38)  [const]
  MON_GBASH            = $0027 (39)  [const]
  AS_ERR_NODATA        = $002A (42)  [const]
  MON_H2               = $002C (44)  [const]
  MON_V2               = $002D (45)  [const]
  MON_MASK             = $002E (46)  [const]
  MON_HMASK            = $0030 (48)  [const]
  MON_COLOR            = $0030 (48)  [const]
  MON_LORESHEIGHT      = $0030 (48)  [const]
  MON_INVFLG           = $0032 (50)  [const]
  MON_PROMPT           = $0033 (51)  [const]
  AS_ERR_ILLQTY        = $0035 (53)  [const]
  MON_A1L              = $003C (60)  [const]
  MON_A1H              = $003D (61)  [const]
  MON_A2L              = $003E (62)  [const]
  MON_A2H              = $003F (63)  [const]
  AS_ERR_OVERFLOW      = $0045 (69)  [const]
  AS_P_OR              = $0046 (70)  [const]
  AS_ERR_MEMFULL       = $004D (77)  [const]
  AS_LINNUM            = $0050 (80)  [const]
  AS_P_AND             = $0050 (80)  [const]
  AS_TEMPPT            = $0052 (82)  [const]
  AS_LASTPT            = $0053 (83)  [const]
  AS_TEMPST            = $0055 (85)  [const]
  AS_ERR_UNDEFSTAT     = $005A (90)  [const]
  AS_INDEX             = $005E (94)  [const]
  AS_DEST              = $0060 (96)  [const]
  AS_RESULT            = $0062 (98)  [const]
  AS_P_REL             = $0064 (100)  [const]
  AS_TXTTAB            = $0067 (103)  [const]
  AS_VARTAB            = $0069 (105)  [const]
  AS_ARYTAB            = $006B (107)  [const]
  AS_ERR_BADSUBS       = $006B (107)  [const]
  AS_STREND            = $006D (109)  [const]
  AS_FRETOP            = $006F (111)  [const]
  AS_FRESPC            = $0071 (113)  [const]
  AS_MEMSIZ            = $0073 (115)  [const]
  AS_CURLIN            = $0075 (117)  [const]
  AS_OLDLIN            = $0077 (119)  [const]
  AS_ERR_REDIMD        = $0078 (120)  [const]
  AS_OLDTEXT           = $0079 (121)  [const]
  AS_P_ADD             = $0079 (121)  [const]
  AS_DATLIN            = $007B (123)  [const]
  AS_P_MUL             = $007B (123)  [const]
  AS_DATPTR            = $007D (125)  [const]
  AS_P_PWR             = $007D (125)  [const]
  AS_INPTR             = $007F (127)  [const]
  AS_P_NEQ             = $007F (127)  [const]
  AS_VARNAM            = $0081 (129)  [const]
  AS_TOKEN_FOR         = $0081 (129)  [const]
  MON_CTRL_B           = $0082 (130)  [const]
  AS_VARPNT            = $0083 (131)  [const]
  AS_TOKENDWTA         = $0083 (131)  [const]
  MON_CTRL_C           = $0083 (131)  [const]
  AS_FORPNT            = $0085 (133)  [const]
  AS_ERR_ZERODIV       = $0085 (133)  [const]
  MON_CTRL_E           = $0085 (133)  [const]
  AS_TXPSV             = $0087 (135)  [const]
  AS_LASTOP            = $0087 (135)  [const]
  MON_ASCBEL           = $0087 (135)  [const]
  MON_ASCBS            = $0088 (136)  [const]
  AS_CPRTYP            = $0089 (137)  [const]
  AS_TEMP3             = $008A (138)  [const]
  AS_FNCNAM            = $008A (138)  [const]
  MON_CTRL_K           = $008B (139)  [const]
  AS_DSCPTR            = $008C (140)  [const]
  AS_DSCLEN            = $008F (143)  [const]
  AS_JMPADRS           = $0090 (144)  [const]
  MON_CTRL_P           = $0090 (144)  [const]
  AS_LENGTH            = $0091 (145)  [const]
  AS_ARG_EXTENSION     = $0092 (146)  [const]
  AS_TEMP1             = $0093 (147)  [const]
  AS_ARYPNT            = $0094 (148)  [const]
  AS_HIGHDS            = $0094 (148)  [const]
  AS_ERR_ILLDIR        = $0095 (149)  [const]
  AS_HIGHTR            = $0096 (150)  [const]
  AS_TEMP2             = $0098 (152)  [const]
  AS_TMPEXP            = $0099 (153)  [const]
  AS_INDX              = $0099 (153)  [const]
  MON_CTRL_Y           = $0099 (153)  [const]
  AS_EXPON             = $009A (154)  [const]
  AS_DPFLG             = $009B (155)  [const]
  AS_LOWTR             = $009B (155)  [const]
  AS_EXPSGN            = $009C (156)  [const]
  AS_FAC               = $009D (157)  [const]
  AS_DSCTMP            = $009D (157)  [const]
  AS_VPNT              = $00A0 (160)  [const]
  AS_TOKEN_POP         = $00A1 (161)  [const]
  AS_FAC_SIGN          = $00A2 (162)  [const]
  AS_SERLEN            = $00A3 (163)  [const]
  AS_ERR_BADTYPE       = $00A3 (163)  [const]
  AS_SHIFT_SIGN_EXT    = $00A4 (164)  [const]
  AS_ARG               = $00A5 (165)  [const]
  AS_ARG_SIGN          = $00AA (170)  [const]
  AS_SGNCPR            = $00AB (171)  [const]
  AS_STRNG1            = $00AB (171)  [const]
  AS_TOKEN_GOTO        = $00AB (171)  [const]
  AS_FAC_EXTENSION     = $00AC (172)  [const]
  AS_SERPNT            = $00AD (173)  [const]
  AS_STRNG2            = $00AD (173)  [const]
  AS_PRGEND            = $00AF (175)  [const]
  AS_TOKEN_GOSUB       = $00B0 (176)  [const]
  AS_ERR_STRLONG       = $00B0 (176)  [const]
  AS_CHRGET            = $00B1 (177)  [const]
  AS_TOKEN_REM         = $00B2 (178)  [const]
  AS_CHRGOT            = $00B7 (183)  [const]
  AS_TXTPTR            = $00B8 (184)  [const]
  AS_TOKEN_PRINT       = $00BA (186)  [const]
  AS_ERR_FRMCPX        = $00BF (191)  [const]
  AS_TOKEN_TAB         = $00C0 (192)  [const]
  AS_TOKEN_TO          = $00C1 (193)  [const]
  AS_TOKEN_FN          = $00C2 (194)  [const]
  AS_TOKEN_SPC         = $00C3 (195)  [const]
  AS_TOKEN_THEN        = $00C4 (196)  [const]
  AS_TOKENDB           = $00C5 (197)  [const]
  AS_TOKEN_NOT         = $00C6 (198)  [const]
  AS_TOKEN_STEP        = $00C7 (199)  [const]
  AS_TOKEN_PLUS        = $00C8 (200)  [const]
  AS_RNDSEED           = $00C9 (201)  [const]
  AS_TOKEN_MINUS       = $00C9 (201)  [const]
  AS_TOKEN_GREATER     = $00CF (207)  [const]
  AS_HGR_DX            = $00D0 (208)  [const]
  AS_TOKENEQUUAL       = $00D0 (208)  [const]
  AS_HGR_DY            = $00D2 (210)  [const]
  AS_TOKEN_SGN         = $00D2 (210)  [const]
  AS_ERR_CANTCONT      = $00D2 (210)  [const]
  AS_HGR_QUADRANT      = $00D3 (211)  [const]
  AS_HGR_E             = $00D4 (212)  [const]
  AS_LOCK              = $00D6 (214)  [const]
  AS_TOKEN_SCRN        = $00D7 (215)  [const]
  AS_ERRFLG            = $00D8 (216)  [const]
  AS_ERRLIN            = $00DA (218)  [const]
  AS_ERRPOS            = $00DC (220)  [const]
  AS_ERRNUM            = $00DE (222)  [const]
  AS_ERRSTK            = $00DF (223)  [const]
  AS_HGR_X             = $00E0 (224)  [const]
  AS_ERR_UNDEFFUNC     = $00E0 (224)  [const]
  AS_HGR_Y             = $00E2 (226)  [const]
  AS_HGR_COLOR         = $00E4 (228)  [const]
  AS_HGR_HORIZ         = $00E5 (229)  [const]
  AS_HGR_PAGE          = $00E6 (230)  [const]
  AS_HGR_SCALE         = $00E7 (231)  [const]
  AS_HGR_SHAPE_PNTR    = $00E8 (232)  [const]
  AS_TOKEN_LEFTSTR     = $00E8 (232)  [const]
  AS_HGR_COLLISIONS    = $00EA (234)  [const]
  AS_FIRST             = $00F0 (240)  [const]
  AS_SPEEDZ            = $00F1 (241)  [const]
  AS_TRCFLG            = $00F2 (242)  [const]
  AS_FLASH_BIT         = $00F3 (243)  [const]
  AS_TXTPSV            = $00F4 (244)  [const]
  AS_CURLSV            = $00F6 (246)  [const]
  AS_REMSTK            = $00F8 (248)  [const]
  AS_HGR_ROTATION      = $00F9 (249)  [const]
  AS_STACK             = $0100 (256)  [const]
  AS_INPUT_BUFFER      = $0200 (512)  [const]
  AS_AMPERSAND_VECTOR  = $03F5 (1013)  [const]
  AS_KEYBOARD          = $C000 (49152)  [const]
  MON_KBD              = $C000 (49152)  [const]
  MON_IOADR            = $C000 (49152)  [const]
  MON_KBDSTRB          = $C010 (49168)  [const]
  MON_TAPEOUT          = $C020 (49184)  [const]
  MON_SPKR             = $C030 (49200)  [const]
  AS_SW_TXTCLR         = $C050 (49232)  [const]
  MON_TXTCLR           = $C050 (49232)  [const]
  MON_TXTSET           = $C051 (49233)  [const]
  AS_SW_MIXCLR         = $C052 (49234)  [const]
  AS_SW_MIXSET         = $C053 (49235)  [const]
  MON_MIXSET           = $C053 (49235)  [const]
  AS_SW_LOWSCR         = $C054 (49236)  [const]
  MON_LOWSCR           = $C054 (49236)  [const]
  AS_SW_HISCR          = $C055 (49237)  [const]
  AS_SW_LORES          = $C056 (49238)  [const]
  MON_LORES            = $C056 (49238)  [const]
  AS_SW_HIRES          = $C057 (49239)  [const]
  MON_TAPEIN           = $C060 (49248)  [const]
  MON_PADDL0           = $C064 (49252)  [const]
  MON_PTRIG            = $C070 (49264)  [const]
  AS_TOKEN_ADDRESS_TABLE = $D000 (53248)  [label]
  AS_UNFNC             = $D080 (53376)  [label]
  AS_MATHTBL           = $D0B2 (53426)  [label]
  AS_M_NEG             = $D0C7 (53447)  [label]
  AS_MEQUU             = $D0CA (53450)  [label]
  AS_M_REL             = $D0CD (53453)  [label]
  AS_TOKEN_NAME_TABLE  = $D0D0 (53456)  [label]
  AS_ERROR_MESSAGES    = $D260 (53856)  [label]
  AS_QT_ERROR          = $D350 (54096)  [label]
  AS_QT_IN             = $D358 (54104)  [label]
  AS_QT_BREAK          = $D35D (54109)  [label]
  AS_GTFORPNT          = $D365 (54117)  [label]
  AS_L_GTFORPNT_1      = $D36A (54122)  [label]
  AS_L_GTFORPNT_2      = $D37F (54143)  [label]
  AS_L_GTFORPNT_3      = $D38B (54155)  [label]
  AS_L_GTFORPNT_4      = $D392 (54162)  [label]
  AS_BLTU              = $D393 (54163)  [label]
  AS_BLTU2             = $D39A (54170)  [label]
  AS_L_BLTU2_1         = $D3B7 (54199)  [label]
  AS_L_BLTU2_2         = $D3C3 (54211)  [label]
  AS_L_BLTU2_3         = $D3C7 (54215)  [label]
  AS_L_BLTU2_4         = $D3CE (54222)  [label]
  AS_CHKMEM            = $D3D6 (54230)  [label]
  AS_REASON            = $D3E3 (54243)  [label]
  AS_L_REASON_1        = $D3ED (54253)  [label]
  AS_L_REASON_2        = $D3F1 (54257)  [label]
  AS_L_REASON_3        = $D3FC (54268)  [label]
  AS_L_REASON_4        = $D40F (54287)  [label]
  AS_MEMERR            = $D410 (54288)  [label]
  AS_ERROR             = $D412 (54290)  [label]
  AS_L_ERROR_1         = $D419 (54297)  [label]
  AS_L_ERROR_2         = $D41F (54303)  [label]
  AS_PRINT_ERROR_LINNUM = $D431 (54321)  [label]
  AS_RESTART           = $D43C (54332)  [label]
  AS_NUMBERED_LINE     = $D45C (54364)  [label]
  AS_L_NUMBERED_LINE_1 = $D49F (54431)  [label]
  AS_L_NUMBERED_LINE_2 = $D4A7 (54439)  [label]
  AS_PUT_NEW_LINE      = $D4B5 (54453)  [label]
  AS_L_PUT_NEW_LINE_1  = $D4D1 (54481)  [label]
  AS_L_PUT_NEW_LINE_2  = $D4EA (54506)  [label]
  AS_FIX_LINKS         = $D4F2 (54514)  [label]
  AS_L_FIX_LINKS_1     = $D4FE (54526)  [label]
  AS_L_FIX_LINKS_2     = $D50F (54543)  [label]
  AS_L_FIX_LINKS_3     = $D511 (54545)  [label]
  AS_INLIN             = $D52C (54572)  [label]
  AS_INLIN2            = $D52E (54574)  [label]
  AS_L_INLIN2_1        = $D539 (54585)  [label]
  AS_L_INLIN2_2        = $D541 (54593)  [label]
  AS_L_INLIN2_3        = $D54C (54604)  [label]
  AS_INCHR             = $D553 (54611)  [label]
  AS_PARSE_INPUT_LINE  = $D559 (54617)  [label]
  AS_PARSE             = $D56C (54636)  [label]
  AS_L_PARSE_1         = $D56D (54637)  [label]
  AS_L_PARSE_2         = $D578 (54648)  [label]
  AS_L_PARSE_3         = $D588 (54664)  [label]
  AS_L_PARSE_4         = $D590 (54672)  [label]
  AS_L_PARSE_5         = $D5A2 (54690)  [label]
  AS_L_PARSE_6         = $D5A7 (54695)  [label]
  AS_L_PARSE_7         = $D5A8 (54696)  [label]
  AS_L_PARSE_8         = $D5CB (54731)  [label]
  AS_L_PARSE_9         = $D5CD (54733)  [label]
  AS_L_PARSE_10        = $D5E0 (54752)  [label]
  AS_L_PARSE_11        = $D5E2 (54754)  [label]
  AS_L_PARSE_12        = $D5E9 (54761)  [label]
  AS_L_PARSE_13        = $D5F2 (54770)  [label]
  AS_L_PARSE_14        = $D5F9 (54777)  [label]
  AS_L_PARSE_15        = $D5FD (54781)  [label]
  AS_L_PARSE_16        = $D604 (54788)  [label]
  AS_L_PARSE_17        = $D610 (54800)  [label]
  AS_FNDLIN            = $D61A (54810)  [label]
  AS_FL1               = $D61E (54814)  [label]
  AS_L_FL1_1           = $D635 (54837)  [label]
  AS_L_FL1_2           = $D63E (54846)  [label]
  AS_L_FL1_3           = $D647 (54855)  [label]
  AS_RTS_1             = $D648 (54856)  [label]
  AS_NEW               = $D649 (54857)  [label]
  AS_SCRTCH            = $D64B (54859)  [label]
  AS_SETPTRS           = $D665 (54885)  [label]
  AS_CLEAR             = $D66A (54890)  [label]
  AS_CLEARC            = $D66C (54892)  [label]
  AS_STKINI            = $D683 (54915)  [label]
  AS_RTS_2             = $D696 (54934)  [label]
  AS_STXTPT            = $D697 (54935)  [label]
  AS_LIST              = $D6A5 (54949)  [label]
  AS_L_LIST_1          = $D6B1 (54961)  [label]
  AS_L_LIST_2          = $D6C4 (54980)  [label]
  AS_L_LIST_3          = $D6CC (54988)  [label]
  AS_LIST_0            = $D6DA (55002)  [label]
  AS_L_LIST_0_5        = $D6F5 (55029)  [label]
  AS_L_LIST_0_6        = $D6F7 (55031)  [label]
  AS_LIST_1            = $D6FE (55038)  [label]
  AS_LIST_2            = $D702 (55042)  [label]
  AS_L_LIST_2_1        = $D712 (55058)  [label]
  AS_LIST_3            = $D724 (55076)  [label]
  AS_GETCHR            = $D72C (55084)  [label]
  AS_L_GETCHR_1        = $D731 (55089)  [label]
  AS_LIST_4            = $D734 (55092)  [label]
  AS_L_LIST_4_1        = $D746 (55110)  [label]
  AS_L_LIST_4_2        = $D749 (55113)  [label]
  AS_L_LIST_4_3        = $D750 (55120)  [label]
  AS_L_LIST_4_4        = $D755 (55125)  [label]
  AS_L_LIST_4_5        = $D75F (55135)  [label]
  AS_FOR               = $D766 (55142)  [label]
  AS_L_FOR_1           = $D777 (55159)  [label]
  AS_STEP              = $D7AF (55215)  [label]
  AS_L_STEP_1          = $D7C3 (55235)  [label]
  AS_NEWSTT            = $D7D2 (55250)  [label]
  AS_L_NEWSTT_1        = $D7E5 (55269)  [label]
  AS_L_NEWSTT_2        = $D805 (55301)  [label]
  AS_TRACE_            = $D805 (55301)  [label]
  AS_L_TRACE__1        = $D81D (55325)  [label]
  AS_GOEND             = $D826 (55334)  [label]
  AS_EXECUTE_STATEMENT = $D828 (55336)  [label]
  AS_EXECUTE_STATEMENT_1 = $D82A (55338)  [label]
  AS_L_EXECUTE_STATEMENT_1_1 = $D83F (55359)  [label]
  AS_COLON_            = $D842 (55362)  [label]
  AS_SYNERR_1          = $D846 (55366)  [label]
  AS_RESTORE           = $D849 (55369)  [label]
  AS_SETDA             = $D853 (55379)  [label]
  AS_RTS_3             = $D857 (55383)  [label]
  AS_ISCNTC            = $D858 (55384)  [label]
  AS_L_ISCNTC_1        = $D860 (55392)  [label]
  AS_CONTROL_C_TYPED   = $D863 (55395)  [label]
  AS_L_CONTROL_C_TYPED_2 = $D86C (55404)  [label]
  AS_STOP              = $D86E (55406)  [label]
  AS_ENDX              = $D870 (55408)  [label]
  AS_END2              = $D871 (55409)  [label]
  AS_L_END2_1          = $D888 (55432)  [label]
  AS_END4              = $D88A (55434)  [label]
  AS_L_END4_1          = $D893 (55443)  [label]
  AS_CONT              = $D896 (55446)  [label]
  AS_L_CONT_1          = $D8A1 (55457)  [label]
  AS_RTS_4             = $D8AF (55471)  [label]
  AS_SAVE              = $D8B0 (55472)  [label]
  AS_LOAD              = $D8C9 (55497)  [label]
  AS_L_LOAD_1          = $D8ED (55533)  [label]
  AS_VARTIO            = $D8F0 (55536)  [label]
  AS_PROGIO            = $D901 (55553)  [label]
  AS_RUN               = $D912 (55570)  [label]
  AS_L_RUN_1           = $D91B (55579)  [label]
  AS_GOSUB             = $D921 (55585)  [label]
  AS_GO_TO_LINE        = $D935 (55605)  [label]
  AS_GOTO              = $D93E (55614)  [label]
  AS_L_GOTO_1          = $D955 (55637)  [label]
  AS_L_GOTO_2          = $D959 (55641)  [label]
  AS_RTS_5             = $D96A (55658)  [label]
  AS_POP               = $D96B (55659)  [label]
  AS_UNDERR            = $D97C (55676)  [label]
  AS_SYNERR_2          = $D981 (55681)  [label]
  AS_RETURN            = $D984 (55684)  [label]
  AS_DATA              = $D995 (55701)  [label]
  AS_ADDON             = $D998 (55704)  [label]
  AS_L_ADDON_1         = $D9A2 (55714)  [label]
  AS_RTS_6             = $D9A2 (55714)  [label]
  AS_DATAN             = $D9A3 (55715)  [label]
  AS_REMN              = $D9A6 (55718)  [label]
  AS_L_REMN_1          = $D9AE (55726)  [label]
  AS_L_REMN_2          = $D9B6 (55734)  [label]
  AS_PULL3             = $D9C5 (55749)  [label]
  AS_IF                = $D9C9 (55753)  [label]
  AS_L_IF_1            = $D9D8 (55768)  [label]
  AS_REM               = $D9DC (55772)  [label]
  AS_IF_TRUE           = $D9E1 (55777)  [label]
  AS_L_IF_TRUE_1       = $D9E9 (55785)  [label]
  AS_ONGOTO            = $D9EC (55788)  [label]
  AS_ON_1              = $D9F4 (55796)  [label]
  AS_ON_2              = $D9F8 (55800)  [label]
  AS_L_ON_2_3          = $DA00 (55808)  [label]
  AS_RTS_7             = $DA0B (55819)  [label]
  AS_LINGET            = $DA0C (55820)  [label]
  AS_L_LINGET_1        = $DA12 (55826)  [label]
  AS_L_LINGET_2        = $DA40 (55872)  [label]
  AS_LET               = $DA46 (55878)  [label]
  AS_LET2              = $DA63 (55907)  [label]
  AS_L_LET2_1          = $DA77 (55927)  [label]
  AS_LET_STRING        = $DA7A (55930)  [label]
  AS_PUTSTR            = $DA7B (55931)  [label]
  AS_L_PUTSTR_1        = $DA8C (55948)  [label]
  AS_L_PUTSTR_2        = $DA9A (55962)  [label]
  AS_L_PUTSTR_3        = $DAA1 (55969)  [label]
  AS_L_PUTSTR_4        = $DAB7 (55991)  [label]
  AS_PR_STRING         = $DACF (56015)  [label]
  AS_PRINT             = $DAD5 (56021)  [label]
  AS_PRINT2            = $DAD7 (56023)  [label]
  AS_CRDO              = $DAFB (56059)  [label]
  AS_NEGATE            = $DB00 (56064)  [label]
  AS_RTS_8             = $DB02 (56066)  [label]
  AS_PR_COMMA          = $DB03 (56067)  [label]
  AS_L_PR_COMMA_1      = $DB0E (56078)  [label]
  AS_PR_TAB_OR_SPC     = $DB16 (56086)  [label]
  AS_L_PR_TAB_OR_SPC_1 = $DB21 (56097)  [label]
  AS_L_PR_TAB_OR_SPC_2 = $DB2B (56107)  [label]
  AS_NXSPC             = $DB2C (56108)  [label]
  AS_PR_NEXT_CHAR      = $DB2F (56111)  [label]
  AS_DOSPC             = $DB35 (56117)  [label]
  AS_STROUT            = $DB3A (56122)  [label]
  AS_STRPRT            = $DB3D (56125)  [label]
  AS_L_STRPRT_1        = $DB44 (56132)  [label]
  AS_OUTSP             = $DB57 (56151)  [label]
  AS_OUTQUES           = $DB5A (56154)  [label]
  AS_OUTDO             = $DB5C (56156)  [label]
  AS_L_OUTDO_1         = $DB64 (56164)  [label]
  AS_INPUTERR          = $DB71 (56177)  [label]
  AS_READERR           = $DB7B (56187)  [label]
  AS_ERLIN             = $DB7F (56191)  [label]
  AS_INPERR            = $DB86 (56198)  [label]
  AS_RESPERR           = $DB87 (56199)  [label]
  AS_L_RESPERR_1       = $DB90 (56208)  [label]
  AS_GET               = $DBA0 (56224)  [label]
  AS_INPUT             = $DBB2 (56242)  [label]
  AS_L_INPUT_1         = $DBC4 (56260)  [label]
  AS_L_INPUT_2         = $DBC7 (56263)  [label]
  AS_NXIN              = $DBDC (56284)  [label]
  AS_READ              = $DBE2 (56290)  [label]
  AS_INPUT_FLAG_ZERO   = $DBE9 (56297)  [label]
  AS_PROCESS_INPUT_LIST = $DBEB (56299)  [label]
  AS_PROCESS_INPUT_ITEM = $DBF1 (56305)  [label]
  AS_L_PROCESS_INPUT_ITEM_1 = $DC1F (56351)  [label]
  AS_L_PROCESS_INPUT_ITEM_2 = $DC27 (56359)  [label]
  AS_INSTART           = $DC2B (56363)  [label]
  AS_L_INSTART_1       = $DC3F (56383)  [label]
  AS_L_INSTART_2       = $DC4B (56395)  [label]
  AS_L_INSTART_3       = $DC4C (56396)  [label]
  AS_L_INSTART_4       = $DC57 (56407)  [label]
  AS_L_INSTART_5       = $DC63 (56419)  [label]
  AS_INPUTDWTA         = $DC69 (56425)  [label]
  AS_INPUT_MORE        = $DC72 (56434)  [label]
  AS_L_INPUT_MORE_1    = $DC7E (56446)  [label]
  AS_INPFIN            = $DC99 (56473)  [label]
  AS_FINDATA           = $DCA0 (56480)  [label]
  AS_L_FINDATA_1       = $DCB9 (56505)  [label]
  AS_INPDONE           = $DCC6 (56518)  [label]
  AS_L_INPDONE_1       = $DCD1 (56529)  [label]
  AS_L_INPDONE_2       = $DCDE (56542)  [label]
  AS_ERR_EXTRA         = $DCDF (56543)  [label]
  AS_ERR_REENTRY       = $DCEF (56559)  [label]
  AS_NEXT              = $DCF9 (56569)  [label]
  AS_NEXT_1            = $DCFF (56575)  [label]
  AS_NEXT_2            = $DD02 (56578)  [label]
  AS_GERR              = $DD0D (56589)  [label]
  AS_NEXT_3            = $DD0F (56591)  [label]
  AS_L_NEXT_3_1        = $DD52 (56658)  [label]
  AS_L_NEXT_3_2        = $DD55 (56661)  [label]
  AS_FRMNUM            = $DD67 (56679)  [label]
  AS_CHKNUM            = $DD6A (56682)  [label]
  AS_CHKSTR            = $DD6C (56684)  [label]
  AS_CHKVAL            = $DD6D (56685)  [label]
  AS_L_CHKVAL_1        = $DD73 (56691)  [label]
  AS_L_CHKVAL_2        = $DD74 (56692)  [label]
  AS_L_CHKVAL_3        = $DD76 (56694)  [label]
  AS_JERROR            = $DD78 (56696)  [label]
  AS_FRMEVL            = $DD7B (56699)  [label]
  AS_L_FRMEVL_1        = $DD81 (56705)  [label]
  AS_FRMEVL_1          = $DD86 (56710)  [label]
  AS_FRMEVL_2          = $DD95 (56725)  [label]
  AS_L_FRMEVL_2_1      = $DD98 (56728)  [label]
  AS_L_FRMEVL_2_2      = $DDB4 (56756)  [label]
  AS_L_FRMEVL_2_3      = $DDC5 (56773)  [label]
  AS_FRM_PRECEDENCE_TEST = $DDCD (56781)  [label]
  AS_NXOP              = $DDD6 (56790)  [label]
  AS_SAVOP             = $DDD7 (56791)  [label]
  AS_FRM_RELATIONAL    = $DDE4 (56804)  [label]
  AS_L_FRM_RELATIONAL_1 = $DDEE (56814)  [label]
  AS_PREFNC            = $DDF6 (56822)  [label]
  AS_FRM_RECURSE       = $DDFD (56829)  [label]
  AS_SNTXERR           = $DE0D (56845)  [label]
  AS_FRM_STACK_1       = $DE10 (56848)  [label]
  AS_FRM_STACK_2       = $DE14 (56852)  [label]
  AS_FRM_STACK_3       = $DE1F (56863)  [label]
  AS_NOTMATH           = $DE34 (56884)  [label]
  AS_GOEX              = $DE37 (56887)  [label]
  AS_FRM_PERFORM_1     = $DE39 (56889)  [label]
  AS_L_FRM_PERFORM_1_1 = $DE40 (56896)  [label]
  AS_FRM_PERFORM_2     = $DE42 (56898)  [label]
  AS_EXIT              = $DE5C (56924)  [label]
  AS_FRM_ELEMENT       = $DE5F (56927)  [label]
  AS_L_FRM_ELEMENT_1   = $DE63 (56931)  [label]
  AS_L_FRM_ELEMENT_2   = $DE68 (56936)  [label]
  AS_L_FRM_ELEMENT_3   = $DE6B (56939)  [label]
  AS_STRTXT            = $DE80 (56960)  [label]
  AS_L_STRTXT_1        = $DE89 (56969)  [label]
  AS_NOT_              = $DE8F (56975)  [label]
  AS_EQUOP             = $DE97 (56983)  [label]
  AS_L_EQUOP_1         = $DE9E (56990)  [label]
  AS_FN_               = $DEA3 (56995)  [label]
  AS_SGN_              = $DEAA (57002)  [label]
  AS_PARCHK            = $DEB1 (57009)  [label]
  AS_CHKCLS            = $DEB7 (57015)  [label]
  AS_CHKOPN            = $DEBA (57018)  [label]
  AS_CHKCOM            = $DEBD (57021)  [label]
  AS_SYNCHR            = $DEBF (57023)  [label]
  AS_SYNERR            = $DEC8 (57032)  [label]
  AS_MIN               = $DECD (57037)  [label]
  AS_EQUL              = $DECF (57039)  [label]
  AS_FRM_VARIABLE      = $DED4 (57044)  [label]
  AS_FRM_VARIABLE_CALL = $DED6 (57046)  [const]
  AS_L_FRM_VARIABLE_CALL_1 = $DEE4 (57060)  [label]
  AS_L_FRM_VARIABLE_CALL_2 = $DEF5 (57077)  [label]
  AS_SCREEN            = $DEF8 (57080)  [label]
  AS_UNARY             = $DF0B (57099)  [label]
  AS_L_UNARY_1         = $DF39 (57145)  [label]
  AS_L_UNARY_2         = $DF3E (57150)  [label]
  AS_OR                = $DF4E (57166)  [label]
  AS_ANDOP             = $DF54 (57172)  [label]
  AS_FALSE             = $DF5C (57180)  [label]
  AS_TRUE              = $DF5F (57183)  [label]
  AS_RELOPS            = $DF64 (57188)  [label]
  AS_STRCMP            = $DF7C (57212)  [label]
  AS_L_STRCMP_1        = $DFA4 (57252)  [label]
  AS_STRCMP_1          = $DFA9 (57257)  [label]
  AS_NUMCMP            = $DFAF (57263)  [label]
  AS_STRCMP_2          = $DFB4 (57268)  [label]
  AS_CMPDONE           = $DFC0 (57280)  [label]
  AS_L_CMPDONE_1       = $DFC9 (57289)  [label]
  AS_PDL               = $DFCC (57292)  [label]
  AS_NXDIM             = $DFD5 (57301)  [label]
  AS_DIM               = $DFD8 (57304)  [label]
  AS_PTRGET            = $DFE2 (57314)  [label]
  AS_PTRGET2           = $DFE7 (57319)  [label]
  AS_PTRGET3           = $DFE9 (57321)  [label]
  AS_BADNAM            = $DFF3 (57331)  [label]
  AS_NAMOK             = $DFF6 (57334)  [label]
  AS_BASIC             = $DFFF (57343)  [label]
  AS_BASIC2            = $E002 (57346)  [label]
  AS_PTRGET4           = $E006 (57350)  [label]
  AS_L_PTRGET4_1       = $E010 (57360)  [label]
  AS_L_PTRGET4_2       = $E011 (57361)  [label]
  AS_L_PTRGET4_3       = $E01B (57371)  [label]
  AS_L_PTRGET4_4       = $E025 (57381)  [label]
  AS_L_PTRGET4_5       = $E035 (57397)  [label]
  AS_L_PTRGET4_6       = $E03C (57404)  [label]
  AS_L_PTRGET4_7       = $E045 (57413)  [label]
  AS_L_PTRGET4_8       = $E048 (57416)  [label]
  AS_L_PTRGET4_9       = $E04E (57422)  [label]
  AS_L_PTRGET4_10      = $E058 (57432)  [label]
  AS_L_PTRGET4_11      = $E05A (57434)  [label]
  AS_L_PTRGET4_12      = $E064 (57444)  [label]
  AS_L_PTRGET4_13      = $E072 (57458)  [label]
  AS_ISLETC            = $E07C (57468)  [label]
  AS_L_ISLETC_1        = $E085 (57477)  [label]
  AS_NAME_NOT_FOUND    = $E086 (57478)  [label]
  AS_C_ZERO            = $E099 (57497)  [label]
  AS_MAKE_NEW_VARIABLE = $E09B (57499)  [label]
  AS_L_MAKE_NEW_VARIABLE_1 = $E0B1 (57521)  [label]
  AS_SET_VARPNT_AND_YA = $E0DD (57565)  [label]
  AS_L_SET_VARPNT_AND_YA_1 = $E0E7 (57575)  [label]
  AS_GETARY            = $E0EC (57580)  [label]
  AS_GETARY2           = $E0EE (57582)  [label]
  AS_L_GETARY2_1       = $E0F8 (57592)  [label]
  AS_NEG32768          = $E0FD (57597)  [label]
  AS_MAKINT            = $E101 (57601)  [label]
  AS_MKINT             = $E107 (57607)  [label]
  AS_AYINT             = $E10B (57611)  [label]
  AS_MI1               = $E118 (57624)  [label]
  AS_MI2               = $E11A (57626)  [label]
  AS_ARRAY             = $E11D (57629)  [label]
  AS_L_ARRAY_1         = $E12B (57643)  [label]
  AS_L_ARRAY_2         = $E168 (57704)  [label]
  AS_L_ARRAY_3         = $E16C (57708)  [label]
  AS_L_ARRAY_4         = $E178 (57720)  [label]
  AS_L_ARRAY_5         = $E187 (57735)  [label]
  AS_SUBERR            = $E195 (57749)  [label]
  AS_IQERR             = $E198 (57752)  [label]
  AS_JER               = $E19A (57754)  [label]
  AS_USE_OLD_ARRAY     = $E19D (57757)  [label]
  AS_L_USE_OLD_ARRAY_1 = $E1A9 (57769)  [label]
  AS_MAKE_NEW_ARRAY    = $E1B7 (57783)  [label]
  AS_L_MAKE_NEW_ARRAY_1 = $E1C0 (57792)  [label]
  AS_L_MAKE_NEW_ARRAY_2 = $E1D4 (57812)  [label]
  AS_L_MAKE_NEW_ARRAY_3 = $E1DD (57821)  [label]
  AS_L_MAKE_NEW_ARRAY_4 = $E1E6 (57830)  [label]
  AS_L_MAKE_NEW_ARRAY_5 = $E1F6 (57846)  [label]
  AS_L_MAKE_NEW_ARRAY_6 = $E219 (57881)  [label]
  AS_L_MAKE_NEW_ARRAY_7 = $E228 (57896)  [label]
  AS_L_MAKE_NEW_ARRAY_8 = $E22D (57901)  [label]
  AS_FIND_ARRAY_ELEMENT = $E24A (57930)  [label]
  AS_FAE_1             = $E252 (57938)  [label]
  AS_GSE               = $E268 (57960)  [label]
  AS_GME               = $E26B (57963)  [label]
  AS_FAE_2             = $E26E (57966)  [label]
  AS_FAE_3             = $E26F (57967)  [label]
  AS_L_FAE_3_1         = $E280 (57984)  [label]
  AS_L_FAE_3_2         = $E291 (58001)  [label]
  AS_L_FAE_3_3         = $E297 (58007)  [label]
  AS_RTS_9             = $E2AB (58027)  [label]
  AS_MULTIPLY_SUBSCRIPT = $E2AC (58028)  [label]
  AS_MULTIPLY_SUBS_1   = $E2B5 (58037)  [label]
  AS_L_MULTIPLY_SUBS_1_1 = $E2BF (58047)  [label]
  AS_L_MULTIPLY_SUBS_1_2 = $E2D8 (58072)  [label]
  AS_FRE               = $E2DD (58077)  [label]
  AS_L_FRE_1           = $E2E4 (58084)  [label]
  AS_GIVAYF            = $E2F1 (58097)  [label]
  AS_POS               = $E2FE (58110)  [label]
  AS_SNGFLT            = $E300 (58112)  [label]
  AS_ERRDIR            = $E305 (58117)  [label]
  AS_UNDFNC            = $E30D (58125)  [label]
  AS_DEF               = $E312 (58130)  [label]
  AS_FNC_              = $E340 (58176)  [label]
  AS_FUNCT             = $E353 (58195)  [label]
  AS_L_FUNCT_1         = $E377 (58231)  [label]
  AS_L_FUNCT_2         = $E3A8 (58280)  [label]
  AS_FNCDATA           = $E3AE (58286)  [label]
  AS_STR               = $E3C4 (58308)  [label]
  AS_STRINI            = $E3D4 (58324)  [label]
  AS_STRSPA            = $E3DC (58332)  [label]
  AS_STRLIT            = $E3E6 (58342)  [label]
  AS_STRLT2            = $E3EC (58348)  [label]
  AS_L_STRLT2_1        = $E3F6 (58358)  [label]
  AS_L_STRLT2_2        = $E403 (58371)  [label]
  AS_L_STRLT2_3        = $E407 (58375)  [label]
  AS_L_STRLT2_4        = $E408 (58376)  [label]
  AS_L_STRLT2_5        = $E414 (58388)  [label]
  AS_L_STRLT2_6        = $E41E (58398)  [label]
  AS_PUTNEW            = $E429 (58409)  [label]
  AS_JERR              = $E431 (58417)  [label]
  AS_PUTEMP            = $E434 (58420)  [label]
  AS_GETSPA            = $E451 (58449)  [label]
  AS_L_GETSPA_1        = $E453 (58451)  [label]
  AS_L_GETSPA_2        = $E45E (58462)  [label]
  AS_L_GETSPA_3        = $E468 (58472)  [label]
  AS_L_GETSPA_4        = $E473 (58483)  [label]
  AS_GARBAG            = $E483 (58499)  [label]
  AS_FIND_HIGHEST_STRING = $E487 (58503)  [label]
  AS_L_FIND_HIGHEST_STRING_1 = $E49F (58527)  [label]
  AS_L_FIND_HIGHEST_STRING_2 = $E4A8 (58536)  [label]
  AS_L_FIND_HIGHEST_STRING_3 = $E4B4 (58548)  [label]
  AS_L_FIND_HIGHEST_STRING_4 = $E4BC (58556)  [label]
  AS_L_FIND_HIGHEST_STRING_5 = $E4C1 (58561)  [label]
  AS_L_FIND_HIGHEST_STRING_6 = $E4C9 (58569)  [label]
  AS_L_FIND_HIGHEST_STRING_7 = $E4CD (58573)  [label]
  AS_L_FIND_HIGHEST_STRING_8 = $E4D8 (58584)  [label]
  AS_L_FIND_HIGHEST_STRING_9 = $E509 (58633)  [label]
  AS_L_FIND_HIGHEST_STRING_10 = $E50B (58635)  [label]
  AS_L_FIND_HIGHEST_STRING_11 = $E513 (58643)  [label]
  AS_CHECK_SIMPLE_VARIABLE = $E518 (58648)  [label]
  AS_CHECK_VARIABLE    = $E522 (58658)  [label]
  AS_L_CHECK_VARIABLE_1 = $E537 (58679)  [label]
  AS_L_CHECK_VARIABLE_2 = $E541 (58689)  [label]
  AS_CHECK_BUMP        = $E551 (58705)  [label]
  AS_CHECK_EXIT        = $E55C (58716)  [label]
  AS_MOVE_HIGHEST_STRING_TO_TOP = $E561 (58721)  [label]
  AS_CAT               = $E596 (58774)  [label]
  AS_L_CAT_1           = $E5B6 (58806)  [label]
  AS_MOVINS            = $E5D3 (58835)  [label]
  AS_MOVSTR            = $E5E1 (58849)  [label]
  AS_MOVSTR_1          = $E5E5 (58853)  [label]
  AS_L_MOVSTR_1_1      = $E5E9 (58857)  [label]
  AS_L_MOVSTR_1_2      = $E5F2 (58866)  [label]
  AS_L_MOVSTR_1_3      = $E5FB (58875)  [label]
  AS_FRESTR            = $E5FC (58876)  [label]
  AS_FREFAC            = $E5FF (58879)  [label]
  AS_FRETMP            = $E603 (58883)  [label]
  AS_L_FRETMP_1        = $E62E (58926)  [label]
  AS_L_FRETMP_2        = $E62F (58927)  [label]
  AS_FRETMS            = $E634 (58932)  [label]
  AS_L_FRETMS_1        = $E644 (58948)  [label]
  AS_CHRSTR            = $E645 (58949)  [label]
  AS_LEFTSTR           = $E659 (58969)  [label]
  AS_SUBSTRING_1       = $E65F (58975)  [label]
  AS_L_SUBSTRING_1_1   = $E665 (58981)  [label]
  AS_SUBSTRING_2       = $E666 (58982)  [label]
  AS_SUBSTRING_3       = $E667 (58983)  [label]
  AS_L_SUBSTRING_3_1   = $E67E (59006)  [label]
  AS_RIGHTSTR          = $E685 (59013)  [label]
  AS_MIDSTR            = $E690 (59024)  [label]
  AS_L_MIDSTR_1        = $E6A1 (59041)  [label]
  AS_SUBSTRING_SETUP   = $E6B8 (59064)  [label]
  AS_LEN               = $E6D5 (59093)  [label]
  AS_GETSTR            = $E6DB (59099)  [label]
  AS_ASC               = $E6E4 (59108)  [label]
  AS_GOIQ              = $E6F1 (59121)  [label]
  AS_GTBYTC            = $E6F4 (59124)  [label]
  AS_GETBYT            = $E6F7 (59127)  [label]
  AS_CONINT            = $E6FA (59130)  [label]
  AS_VAL               = $E706 (59142)  [label]
  AS_L_VAL_1           = $E70E (59150)  [label]
  AS_L_VAL_2           = $E726 (59174)  [label]
  AS_POINT             = $E73C (59196)  [label]
  AS_GTNUM             = $E745 (59205)  [label]
  AS_COMBYTE           = $E74B (59211)  [label]
  AS_GETADR            = $E751 (59217)  [label]
  AS_PEEK              = $E763 (59235)  [label]
  AS_POKE              = $E77A (59258)  [label]
  AS_WAIT              = $E783 (59267)  [label]
  AS_L_WAIT_1          = $E792 (59282)  [label]
  AS_L_WAIT_2          = $E796 (59286)  [label]
  AS_RTS_10            = $E79E (59294)  [label]
  AS_FADDH             = $E79F (59295)  [label]
  AS_FSUB              = $E7A6 (59302)  [label]
  AS_FSUBT             = $E7A9 (59305)  [label]
  AS_FADD_1            = $E7B8 (59320)  [label]
  AS_FADD              = $E7BD (59325)  [label]
  AS_FADDT             = $E7C0 (59328)  [label]
  AS_L_FADDT_1         = $E7C5 (59333)  [label]
  AS_FADD_2            = $E7CD (59341)  [label]
  AS_L_FADD_2_1        = $E7E9 (59369)  [label]
  AS_L_FADD_2_2        = $E7ED (59373)  [label]
  AS_FADD_3            = $E7F9 (59385)  [label]
  AS_L_FADD_3_1        = $E805 (59397)  [label]
  AS_NORMALIZE_FAC_1   = $E828 (59432)  [label]
  AS_NORMALIZE_FAC_2   = $E82D (59437)  [label]
  AS_L_NORMALIZE_FAC_2_1 = $E831 (59441)  [label]
  AS_ZERO_FAC          = $E84D (59469)  [label]
  AS_STA_IN_FAC_SIGN_AND_EXP = $E84F (59471)  [label]
  AS_STA_IN_FAC_SIGN   = $E851 (59473)  [label]
  AS_FADD_4            = $E854 (59476)  [label]
  AS_NORMALIZE_FAC_3   = $E873 (59507)  [label]
  AS_NORMALIZE_FAC_4   = $E87F (59519)  [label]
  AS_NORMALIZE_FAC_5   = $E88C (59532)  [label]
  AS_NORMALIZE_FAC_6   = $E88E (59534)  [label]
  AS_RTS_11            = $E89C (59548)  [label]
  AS_COMPLEMENT_FAC    = $E89D (59549)  [label]
  AS_COMPLEMENT_FAC_MANTISSA = $E8A3 (59555)  [label]
  AS_INCREMENT_FAC_MANTISSA = $E8C5 (59589)  [label]
  AS_RTS_12            = $E8D3 (59603)  [label]
  AS_OVERFLOW          = $E8D4 (59604)  [label]
  AS_SHIFT_RIGHT_1     = $E8D9 (59609)  [label]
  AS_SHIFT_RIGHT_2     = $E8DB (59611)  [label]
  AS_SHIFT_RIGHT       = $E8EF (59631)  [label]
  AS_SHIFT_RIGHT_3     = $E8FC (59644)  [label]
  AS_L                 = $E8FC (59644)  [label]
  AS_L_L_1             = $E902 (59650)  [label]
  AS_SHIFT_RIGHT_4     = $E906 (59654)  [label]
  AS_SHIFT_RIGHT_5     = $E910 (59664)  [label]
  AS_CON_ONE           = $E912 (59666)  [label]
  AS_POLY_LOG          = $E917 (59671)  [label]
  AS_CON_SQR_HALF      = $E92C (59692)  [label]
  AS_CON_SQR_TWO       = $E931 (59697)  [label]
  AS_CON_NEG_HALF      = $E936 (59702)  [label]
  AS_CON_LOG_TWO       = $E93B (59707)  [label]
  AS_LOG               = $E940 (59712)  [label]
  AS_GIQ               = $E947 (59719)  [label]
  AS_LOG_2             = $E94A (59722)  [label]
  AS_FMULT             = $E97E (59774)  [label]
  AS_FMULTT            = $E981 (59777)  [label]
  AS_L_FMULTT_1        = $E986 (59782)  [label]
  AS_MULTIPLY_1        = $E9AF (59823)  [label]
  AS_MULTIPLY_2        = $E9B4 (59828)  [label]
  AS_L_MULTIPLY_2_1    = $E9B7 (59831)  [label]
  AS_L_MULTIPLY_2_2    = $E9D3 (59859)  [label]
  AS_RTS_13            = $E9E1 (59873)  [label]
  AS_LOAD_ARG_FROM_YA  = $E9E2 (59874)  [label]
  AS_ADD_EXPONENTS     = $EA0D (59917)  [label]
  AS_ADD_EXPONENTS_1   = $EA0F (59919)  [label]
  AS_L_ADD_EXPONENTS_1_1 = $EA1A (59930)  [label]
  AS_L_ADD_EXPONENTS_1_2 = $EA25 (59941)  [label]
  AS_L_ADD_EXPONENTS_1_3 = $EA27 (59943)  [label]
  AS_OUTOFRNG          = $EA2A (59946)  [label]
  AS_ZERO              = $EA30 (59952)  [label]
  AS_JOV               = $EA35 (59957)  [label]
  AS_MUL10             = $EA38 (59960)  [label]
  AS_L_MUL10_1         = $EA4E (59982)  [label]
  AS_CON_TEN           = $EA4F (59983)  [label]
  AS_DIV10             = $EA54 (59988)  [label]
  AS_DIV               = $EA5D (59997)  [label]
  AS_FDIV              = $EA65 (60005)  [label]
  AS_FDIVT             = $EA68 (60008)  [label]
  AS_L_FDIVT_1         = $EA7F (60031)  [label]
  AS_L_FDIVT_2         = $EA95 (60053)  [label]
  AS_L_FDIVT_3         = $EAA2 (60066)  [label]
  AS_L_FDIVT_4         = $EAA5 (60069)  [label]
  AS_L_FDIVT_5         = $EAB3 (60083)  [label]
  AS_L_FDIVT_6         = $EAD0 (60112)  [label]
  AS_L_FDIVT_7         = $EAD4 (60116)  [label]
  AS_L_FDIVT_8         = $EAE0 (60128)  [label]
  AS_COPY_RESULT_INTO_FAC = $EAE5 (60133)  [label]
  AS_LOAD_FAC_FROM_YA  = $EAF8 (60152)  [label]
  AS_STORE_FAC_IN_TEMP2_ROUNDED = $EB1D (60189)  [label]
  AS_STORE_FAC_IN_TEMP1_ROUNDED = $EB20 (60192)  [label]
  AS_SETFOR            = $EB26 (60198)  [label]
  AS_STORE_FACDB_YX_ROUNDED = $EB2A (60202)  [label]
  AS_COPY_ARG_TO_FAC   = $EB52 (60242)  [label]
  AS_MFA               = $EB54 (60244)  [label]
  AS_L_MFA_1           = $EB58 (60248)  [label]
  AS_COPY_FAC_TO_ARG_ROUNDED = $EB62 (60258)  [label]
  AS_MAF               = $EB65 (60261)  [label]
  AS_L_MAF_1           = $EB67 (60263)  [label]
  AS_RTS_14            = $EB70 (60272)  [label]
  AS_ROUND_FAC         = $EB71 (60273)  [label]
  AS_INCREMENT_MANTISSA = $EB79 (60281)  [label]
  AS_SIGN              = $EB81 (60289)  [label]
  AS_SIGN1             = $EB85 (60293)  [label]
  AS_SIGN2             = $EB87 (60295)  [label]
  AS_RTS_15            = $EB8E (60302)  [label]
  AS_SGN               = $EB8F (60303)  [label]
  AS_FLOAT             = $EB92 (60306)  [label]
  AS_FLOAT_1           = $EB9A (60314)  [label]
  AS_FLOAT_2           = $EB9F (60319)  [label]
  AS_ABS               = $EBAE (60334)  [label]
  AS_FCOMP             = $EBB1 (60337)  [label]
  AS_FCOMP2            = $EBB3 (60339)  [label]
  AS_L_FCOMP2_1        = $EBE8 (60392)  [label]
  AS_L_FCOMP2_2        = $EBEE (60398)  [label]
  AS_QINT              = $EBF1 (60401)  [label]
  AS_L_QINT_1          = $EC05 (60421)  [label]
  AS_RTS_16            = $EC10 (60432)  [label]
  AS_QINT_2            = $EC11 (60433)  [label]
  AS_INT               = $EC22 (60450)  [label]
  AS_QINT_3            = $EC3F (60479)  [label]
  AS_RTS_17            = $EC48 (60488)  [label]
  AS_FIN               = $EC49 (60489)  [label]
  AS_L_FIN_1           = $EC4D (60493)  [label]
  AS_L_FIN_2           = $EC5C (60508)  [label]
  AS_FIN_1             = $EC60 (60512)  [label]
  AS_FIN_2             = $EC63 (60515)  [label]
  AS_FIN_3             = $EC65 (60517)  [label]
  AS_L_FIN_3_1         = $EC84 (60548)  [label]
  AS_FIN_4             = $EC86 (60550)  [label]
  AS_FIN_5             = $EC89 (60553)  [label]
  AS_FIN_6             = $EC8B (60555)  [label]
  AS_FIN_10            = $EC97 (60567)  [label]
  AS_FIN_7             = $EC9D (60573)  [label]
  AS_FIN_8             = $EC9F (60575)  [label]
  AS_L_FIN_8_13        = $ECA8 (60584)  [label]
  AS_L_FIN_8_14        = $ECB1 (60593)  [label]
  AS_L_FIN_8_15        = $ECB8 (60600)  [label]
  AS_L_FIN_8_16        = $ECBD (60605)  [label]
  AS_FIN_9             = $ECC0 (60608)  [label]
  AS_L_FIN_9_1         = $ECC7 (60615)  [label]
  AS_ADDACC            = $ECD4 (60628)  [label]
  AS_GETEXP            = $ECE7 (60647)  [label]
  AS_L_GETEXP_1        = $ECF6 (60662)  [label]
  AS_L_GETEXP_2        = $ED04 (60676)  [label]
  AS_CON_99999999P9    = $ED09 (60681)  [label]
  AS_CON_999999999     = $ED0E (60686)  [label]
  AS_CON_BILLION       = $ED13 (60691)  [label]
  AS_INPRT             = $ED18 (60696)  [label]
  AS_LINPRT            = $ED23 (60707)  [label]
  AS_PRINT_FAC         = $ED2D (60717)  [label]
  AS_GO_STROUT         = $ED30 (60720)  [label]
  AS_FOUT              = $ED33 (60723)  [label]
  AS_FOUT_1            = $ED35 (60725)  [label]
  AS_L_FOUT_1_1        = $ED40 (60736)  [label]
  AS_L_FOUT_1_2        = $ED4E (60750)  [label]
  AS_L_FOUT_1_3        = $ED56 (60758)  [label]
  AS_L_FOUT_1_4        = $ED5F (60767)  [label]
  AS_L_FOUT_1_5        = $ED61 (60769)  [label]
  AS_L_FOUT_1_6        = $ED6C (60780)  [label]
  AS_L_FOUT_1_7        = $ED77 (60791)  [label]
  AS_L_FOUT_1_8        = $ED7E (60798)  [label]
  AS_L_FOUT_1_9        = $ED85 (60805)  [label]
  AS_L_FOUT_1_10       = $ED88 (60808)  [label]
  AS_FOUT_2            = $ED8B (60811)  [label]
  AS_L_FOUT_2_1        = $ED9D (60829)  [label]
  AS_L_FOUT_2_2        = $ED9E (60830)  [label]
  AS_L_FOUT_2_3        = $EDA9 (60841)  [label]
  AS_L_FOUT_2_4        = $EDBA (60858)  [label]
  AS_L_FOUT_2_5        = $EDBC (60860)  [label]
  AS_L_FOUT_2_6        = $EDC0 (60864)  [label]
  AS_L_FOUT_2_7        = $EDE4 (60900)  [label]
  AS_L_FOUT_2_8        = $EDE6 (60902)  [label]
  AS_L_FOUT_2_9        = $EDED (60909)  [label]
  AS_L_FOUT_2_10       = $EE08 (60936)  [label]
  AS_FOUT_3            = $EE16 (60950)  [label]
  AS_L_FOUT_3_1        = $EE18 (60952)  [label]
  AS_L_FOUT_3_2        = $EE25 (60965)  [label]
  AS_L_FOUT_3_3        = $EE35 (60981)  [label]
  AS_L_FOUT_3_4        = $EE41 (60993)  [label]
  AS_FOUT_4            = $EE56 (61014)  [label]
  AS_FOUT_5            = $EE59 (61017)  [label]
  AS_FOUT_6            = $EE5E (61022)  [label]
  AS_CON_HALF          = $EE63 (61027)  [label]
  AS_DECTBL            = $EE68 (61032)  [label]
  AS_DECTBL_END        = $EE8C (61068)  [label]
  AS_SQR               = $EE8C (61068)  [label]
  AS_FPWRT             = $EE96 (61078)  [label]
  AS_L_FPWRT_1         = $EE9F (61087)  [label]
  AS_L_FPWRT_2         = $EEB9 (61113)  [label]
  AS_NEGOP             = $EECF (61135)  [label]
  AS_RTS_18            = $EED9 (61145)  [label]
  AS_CON_LOG_E         = $EEDA (61146)  [label]
  AS_POLY_EXP          = $EEDF (61151)  [label]
  AS_EXP               = $EF08 (61192)  [label]
  AS_L_EXP_1           = $EF18 (61208)  [label]
  AS_L_EXP_2           = $EF23 (61219)  [label]
  AS_L_EXP_3           = $EF26 (61222)  [label]
  AS_L_EXP_4           = $EF36 (61238)  [label]
  AS_POLYNOMIAL_ODD    = $EF5B (61275)  [label]
  AS_POLYNOMIAL        = $EF71 (61297)  [label]
  AS_SERMAIN           = $EF75 (61301)  [label]
  AS_L_SERMAIN_1       = $EF84 (61316)  [label]
  AS_L_SERMAIN_2       = $EF88 (61320)  [label]
  AS_L_SERMAIN_3       = $EF95 (61333)  [label]
  AS_RTS_19            = $EFA4 (61348)  [label]
  AS_CON_RND_1         = $EFA5 (61349)  [label]
  AS_CON_RND_2         = $EFA9 (61353)  [label]
  AS_RND               = $EFAD (61357)  [label]
  AS_L_RND_1           = $EFCB (61387)  [label]
  AS_GO_MOVMF          = $EFE6 (61414)  [label]
  AS_COS               = $EFE9 (61417)  [label]
  AS_SIN               = $EFF0 (61424)  [label]
  AS_SIN_1             = $F022 (61474)  [label]
  AS_SIN_2             = $F025 (61477)  [label]
  AS_L_SIN_2_1         = $F032 (61490)  [label]
  AS_TAN               = $F039 (61497)  [label]
  AS_TAN_1             = $F061 (61537)  [label]
  AS_CON_PI_HALF       = $F065 (61541)  [label]
  AS_CON_PI_DOUB       = $F06A (61546)  [label]
  AS_QUARTER           = $F06F (61551)  [label]
  AS_POLY_SIN          = $F074 (61556)  [label]
  AS_ATN               = $F09D (61597)  [label]
  AS_L_ATN_1           = $F0A5 (61605)  [label]
  AS_L_ATN_2           = $F0B3 (61619)  [label]
  AS_L_ATN_3           = $F0C6 (61638)  [label]
  AS_RTS_20            = $F0CC (61644)  [label]
  AS_POLY_ATN          = $F0CD (61645)  [label]
  AS_GENERIC_CHRGET    = $F10A (61706)  [label]
  AS_L_GENERIC_CHRGET_1 = $F110 (61712)  [label]
  AS_L_GENERIC_CHRGET_2 = $F121 (61729)  [label]
  AS_GENERIC_END       = $F127 (61735)  [label]
  AS_COLD_START        = $F127 (61735)  [label]
  AS_L_USR1            = $F145 (61765)  [label]
  AS_L_USR2            = $F14F (61775)  [label]
  AS_L_COLD_START_1    = $F151 (61777)  [label]
  AS_L_COLD_START_2    = $F180 (61824)  [label]
  AS_L_COLD_START_3    = $F194 (61844)  [label]
  AS_L_COLD_START_4    = $F1B7 (61879)  [label]
  AS_CALL              = $F1D4 (61908)  [label]
  AS_IN_NUMBER         = $F1DD (61917)  [label]
  AS_PR_NUMBER         = $F1E4 (61924)  [label]
  AS_PLOTFNS           = $F1EB (61931)  [label]
  AS_GOERR             = $F205 (61957)  [label]
  AS_LINCOOR           = $F208 (61960)  [label]
  AS_L_LINCOOR_1       = $F217 (61975)  [label]
  AS_PLOT              = $F224 (61988)  [label]
  AS_HLIN              = $F231 (62001)  [label]
  AS_VLIN              = $F240 (62016)  [label]
  AS_COLOR             = $F24E (62030)  [label]
  AS_VTAB              = $F255 (62037)  [label]
  AS_SPEED             = $F261 (62049)  [label]
  AS_TRACE             = $F26C (62060)  [label]
  AS_NOTRACE           = $F26E (62062)  [label]
  AS_NORMAL            = $F272 (62066)  [label]
  AS_INVERSE           = $F276 (62070)  [label]
  AS_N_I_              = $F278 (62072)  [label]
  AS_N_I_F_            = $F27A (62074)  [label]
  AS_FLASH             = $F27F (62079)  [label]
  AS_HIMEM             = $F285 (62085)  [label]
  AS_JMM               = $F295 (62101)  [label]
  AS_SETHI             = $F298 (62104)  [label]
  AS_LOMEM             = $F2A5 (62117)  [label]
  AS_ONERR             = $F2CA (62154)  [label]
  AS_HANDLERR          = $F2E8 (62184)  [label]
  AS_RESUME            = $F317 (62231)  [label]
  AS_JSYN              = $F32D (62253)  [label]
  AS_DEL               = $F330 (62256)  [label]
  AS_L_DEL_1           = $F356 (62294)  [label]
  AS_L_DEL_2           = $F364 (62308)  [label]
  AS_L_DEL_3           = $F366 (62310)  [label]
  AS_L_DEL_4           = $F370 (62320)  [label]
  AS_L_DEL_5           = $F376 (62326)  [label]
  AS_L_DEL_6           = $F387 (62343)  [label]
  AS_GR                = $F38F (62351)  [label]
  AS_TEXT              = $F398 (62360)  [label]
  AS_STORE             = $F39E (62366)  [label]
  AS_L_STORE_1         = $F3AE (62382)  [label]
  AS_RECALL            = $F3BB (62395)  [label]
  AS_L_RECALL_1        = $F3D1 (62417)  [label]
  AS_HGR2              = $F3D7 (62423)  [label]
  AS_HGR               = $F3E1 (62433)  [label]
  AS_SETHPG            = $F3E9 (62441)  [label]
  AS_HCLR              = $F3F1 (62449)  [label]
  AS_BKGND             = $F3F5 (62453)  [label]
  AS_L_BKGND_1         = $F3FD (62461)  [label]
  AS_HPOSN             = $F410 (62480)  [label]
  AS_L_HPOSN_1         = $F440 (62528)  [label]
  AS_L_HPOSN_2         = $F441 (62529)  [label]
  AS_HPLOT0            = $F456 (62550)  [label]
  AS_MOVE_LEFT_OR_RIGHT = $F464 (62564)  [label]
  AS_LR_1              = $F46D (62573)  [label]
  AS_LR_2              = $F470 (62576)  [label]
  AS_LR_3              = $F475 (62581)  [label]
  AS_LR_4              = $F477 (62583)  [label]
  AS_COLOR_SHIFT       = $F47D (62589)  [label]
  AS_L_COLOR_SHIFT_1   = $F488 (62600)  [label]
  AS_MOVE_RIGHT        = $F489 (62601)  [label]
  AS_LRUDX1            = $F49B (62619)  [label]
  AS_LRUDX2            = $F49C (62620)  [label]
  AS_LRUD1             = $F4B2 (62642)  [label]
  AS_LRUD2             = $F4B3 (62643)  [label]
  AS_LRUD3             = $F4C3 (62659)  [label]
  AS_LRUD4             = $F4C7 (62663)  [label]
  AS_CON_03            = $F4CC (62668)  [const]
  AS_MOVE_UP_OR_DOWN   = $F4D2 (62674)  [label]
  AS_L_MOVE_UP_OR_DOWN_1 = $F4EA (62698)  [label]
  AS_L_MOVE_UP_OR_DOWN_2 = $F4F5 (62709)  [label]
  AS_L_MOVE_UP_OR_DOWN_3 = $F4FA (62714)  [label]
  AS_L_MOVE_UP_OR_DOWN_4 = $F4FC (62716)  [label]
  AS_L_MOVE_UP_OR_DOWN_5 = $F4FE (62718)  [label]
  AS_UD_1              = $F500 (62720)  [label]
  AS_MOVE_DOWN         = $F504 (62724)  [label]
  AS_CON_04            = $F507 (62727)  [const]
  AS_L_CON_04_1        = $F523 (62755)  [label]
  AS_L_CON_04_2        = $F529 (62761)  [label]
  AS_L_CON_04_3        = $F52B (62763)  [label]
  AS_HLINRL            = $F52F (62767)  [label]
  AS_HGLIN             = $F539 (62777)  [label]
  AS_L_HGLIN_1         = $F54F (62799)  [label]
  AS_L_HGLIN_2         = $F567 (62823)  [label]
  AS_MOVEX             = $F57B (62843)  [label]
  AS_MOVEX2            = $F580 (62848)  [label]
  AS_L_MOVEX2_1        = $F58A (62858)  [label]
  AS_L_MOVEX2_2        = $F59D (62877)  [label]
  AS_MSKTBL            = $F5B1 (62897)  [label]
  AS_CON_1C            = $F5B8 (62904)  [label]
  AS_COSINE_TABLE      = $F5B9 (62905)  [label]
  AS_HFIND             = $F5CA (62922)  [label]
  AS_L_HFIND_1         = $F5EF (62959)  [label]
  AS_L_HFIND_2         = $F5FD (62973)  [label]
  AS_RTS_22            = $F5FF (62975)  [label]
  AS_DRAW0             = $F600 (62976)  [label]
  AS_DRAW1             = $F604 (62980)  [label]
  AS_L_DRAW1_1         = $F625 (63013)  [label]
  AS_L_DRAW1_2         = $F62F (63023)  [label]
  AS_L_DRAW1_3         = $F63C (63036)  [label]
  AS_L_DRAW1_4         = $F647 (63047)  [label]
  AS_L_DRAW1_5         = $F657 (63063)  [label]
  AS_XDRAW0            = $F65C (63068)  [label]
  AS_XDRAW1            = $F660 (63072)  [label]
  AS_L_XDRAW1_1        = $F681 (63105)  [label]
  AS_L_XDRAW1_2        = $F68B (63115)  [label]
  AS_L_XDRAW1_3        = $F698 (63128)  [label]
  AS_L_XDRAW1_4        = $F6A3 (63139)  [label]
  AS_L_XDRAW1_5        = $F6B3 (63155)  [label]
  AS_HFNS              = $F6B8 (63160)  [label]
  AS_L_HFNS_1          = $F6CC (63180)  [label]
  AS_GGERR             = $F6E5 (63205)  [label]
  AS_HCOLOR            = $F6E8 (63208)  [label]
  AS_RTS_23            = $F6F4 (63220)  [label]
  AS_COLORTBL          = $F6F5 (63221)  [label]
  AS_HPLOT             = $F6FD (63229)  [label]
  AS_L_HPLOT_1         = $F707 (63239)  [label]
  AS_L_HPLOT_2         = $F70E (63246)  [label]
  AS_ROT               = $F720 (63264)  [label]
  AS_SCALE             = $F726 (63270)  [label]
  AS_DRWPNT            = $F72C (63276)  [label]
  AS_L_DRWPNT_1        = $F740 (63296)  [label]
  AS_L_DRWPNT_2        = $F746 (63302)  [label]
  AS_L_DRWPNT_3        = $F765 (63333)  [label]
  AS_DRAW              = $F768 (63336)  [label]
  AS_XDRAW             = $F76E (63342)  [label]
  AS_SHLOAD            = $F774 (63348)  [label]
  AS_L_SHLOAD_1        = $F795 (63381)  [label]
  AS_L_SHLOAD_2        = $F79F (63391)  [label]
  AS_L_SHLOAD_3        = $F7A2 (63394)  [label]
  AS_TAPEPNT           = $F7BB (63419)  [label]
  AS_GETARYPT          = $F7D8 (63448)  [label]
  AS_HTAB              = $F7E6 (63462)  [label]
  AS_L_HTAB_1          = $F7EB (63467)  [label]
  AS_L_HTAB_2          = $F7F9 (63481)  [label]
  MON_PLOT             = $F7FF (63487)  [label]
  MON_RTMASK           = $F80B (63499)  [label]
  MON_PLOT1            = $F80D (63501)  [label]
  MON_HLINE            = $F818 (63512)  [label]
  MON_HLINE1           = $F81B (63515)  [label]
  MON_VLINEZ           = $F825 (63525)  [label]
  MON_VLINE            = $F827 (63527)  [label]
  MON_RTS1             = $F830 (63536)  [label]
  MON_CLRSCR           = $F831 (63537)  [label]
  MON_CLRTOP           = $F835 (63541)  [label]
  MON_CLRSC2           = $F837 (63543)  [label]
  MON_CLRSC3           = $F83B (63547)  [label]
  MON_GBASCALC         = $F846 (63558)  [label]
  MON_GBCALC           = $F855 (63573)  [label]
  MON1_NXTCOL          = $F85E (63582)  [label]
  MON_SETCOL           = $F863 (63587)  [label]
  MON_SCRN             = $F870 (63600)  [label]
  MON_SCRN2            = $F878 (63608)  [label]
  MON_RTMSKZ           = $F87E (63614)  [label]
  MON_INSDS1           = $F881 (63617)  [label]
  MON_INSDS2           = $F88D (63629)  [label]
  MON_IEVEN            = $F89A (63642)  [label]
  MON_ERR              = $F8A4 (63652)  [label]
  MON_GETFMT           = $F8A8 (63656)  [label]
  MON_MNNDX1           = $F8BD (63677)  [label]
  MON_MNNDX2           = $F8C1 (63681)  [label]
  MON_MNNDX3           = $F8C8 (63688)  [label]
  MON_INSTDSP          = $F8CF (63695)  [label]
  MON_PRNTOP           = $F8D3 (63699)  [label]
  MON_PRNTBL           = $F8DA (63706)  [label]
  MON_NXTCOL           = $F8F4 (63732)  [label]
  MON_PRMN2            = $F8F8 (63736)  [label]
  MON_PRADR1           = $F90F (63759)  [label]
  MON_PRADR2           = $F913 (63763)  [label]
  MON_PRADR3           = $F925 (63781)  [label]
  MON_PRADR4           = $F929 (63785)  [label]
  MON_PRADR5           = $F92F (63791)  [label]
  MON_RELADR           = $F937 (63799)  [label]
  MON_PRNTYX           = $F93F (63807)  [label]
  MON_PRNTAX           = $F940 (63808)  [label]
  MON_PRNTX            = $F943 (63811)  [label]
  MON_PRBLNK           = $F947 (63815)  [label]
  MON_PRBL2            = $F949 (63817)  [label]
  MON_PRBL3            = $F94B (63819)  [label]
  MON_PCADJ            = $F952 (63826)  [label]
  MON_PCADJ2           = $F953 (63827)  [label]
  MON_PCADJ3           = $F955 (63829)  [label]
  MON_PCADJ4           = $F95B (63835)  [label]
  MON_RTS2             = $F960 (63840)  [label]
  MON_FMT1             = $F961 (63841)  [label]
  MON_FMT2             = $F9A5 (63909)  [label]
  MON_CHAR1            = $F9B3 (63923)  [label]
  MON_CHAR2            = $F9B9 (63929)  [label]
  MON_MNEML            = $F9BF (63935)  [label]
  MON_MNEMR            = $F9FF (63999)  [label]
  MON_IRQ              = $FA3F (64063)  [label]
  MON_BREAK            = $FA4B (64075)  [label]
  MON_OLDBRK           = $FA58 (64088)  [label]
  MON_RESET2           = $FA61 (64097)  [label]
  MON_FIXSEV           = $FA9A (64154)  [label]
  MON_NOFIX            = $FAA2 (64162)  [label]
  MON_PWRUP            = $FAA5 (64165)  [label]
  MON_SETPLP           = $FAAA (64170)  [label]
  MON_SLOOP            = $FAB9 (64185)  [label]
  MON_NXTBYT           = $FAC6 (64198)  [label]
  MON_REGDSP           = $FAD6 (64214)  [label]
  MON_RGDSP1           = $FAD9 (64217)  [label]
  MON_RDSP1            = $FAE3 (64227)  [label]
  MON_PWRCON           = $FAFC (64252)  [label]
  MON_DISKID           = $FB01 (64257)  [label]
  MON_TITLE            = $FB08 (64264)  [label]
  MON_XLTBL            = $FB10 (64272)  [label]
  MON_RTBL             = $FB18 (64280)  [label]
  MON_PREAD            = $FB1D (64285)  [label]
  MON_PREAD2           = $FB24 (64292)  [label]
  MON_RTS2D            = $FB2D (64301)  [label]
  MON_INIT             = $FB2E (64302)  [label]
  MON_SETTXT           = $FB38 (64312)  [label]
  MON_SETGR            = $FB3F (64319)  [label]
  MON_SETWND           = $FB4A (64330)  [label]
  MON_TABV             = $FB5A (64346)  [label]
  MON_APPLEII          = $FB5F (64351)  [label]
  MON_STITLE           = $FB64 (64356)  [label]
  MON_VIDWAIT          = $FB77 (64375)  [label]
  MON_KBDWAIT          = $FB87 (64391)  [label]
  MON_NOWAIT           = $FB93 (64403)  [label]
  MON_ESCOLD           = $FB96 (64406)  [label]
  MON_ESCNOW           = $FB9A (64410)  [label]
  MON_ESCNEW           = $FBA4 (64420)  [label]
  MON_BASCALC          = $FBC0 (64448)  [label]
  MON_BSCLC2           = $FBCF (64463)  [label]
  MON_BELL1            = $FBD8 (64472)  [label]
  MON_BELL2            = $FBE3 (64483)  [label]
  MON_RTS2B            = $FBEE (64494)  [label]
  MON_STOADV           = $FBEF (64495)  [label]
  MON_ADVANCE          = $FBF3 (64499)  [label]
  MON_RTS3             = $FBFB (64507)  [label]
  MON_VIDOUT           = $FBFC (64508)  [label]
  MON_BS               = $FC0F (64527)  [label]
  MON_UP               = $FC19 (64537)  [label]
  MON_VTAB             = $FC21 (64545)  [label]
  MON_VTABZ            = $FC23 (64547)  [label]
  MON_RTS4             = $FC2A (64554)  [label]
  MON_ESC1             = $FC2B (64555)  [label]
  MON_CLREOP           = $FC41 (64577)  [label]
  MON_CLEOP1           = $FC45 (64581)  [label]
  MON_HOME             = $FC57 (64599)  [label]
  MON_CR               = $FC61 (64609)  [label]
  MON_LF               = $FC65 (64613)  [label]
  MON_SCROLL           = $FC6F (64623)  [label]
  MON_SCRL1            = $FC75 (64629)  [label]
  MON_SCRL2            = $FC8B (64651)  [label]
  MON_SCRL3            = $FC94 (64660)  [label]
  MON_CLREOL           = $FC9B (64667)  [label]
  MON_CLEOLZ           = $FC9D (64669)  [label]
  MON_CLEOL2           = $FC9F (64671)  [label]
  MON_WAIT             = $FCA7 (64679)  [label]
  MON_WAIT2            = $FCA8 (64680)  [label]
  MON_WAIT3            = $FCA9 (64681)  [label]
  MON_NXTA4            = $FCB3 (64691)  [label]
  MON_NXTA1            = $FCB9 (64697)  [label]
  MON_RTS4B            = $FCC7 (64711)  [label]
  MON_HEADR            = $FCC8 (64712)  [label]
  MON_WRBIT            = $FCD5 (64725)  [label]
  MON_ZERDLY           = $FCDA (64730)  [label]
  MON_ONEDLY           = $FCE1 (64737)  [label]
  MON_WRTAPE           = $FCE4 (64740)  [label]
  MON_RDBYTE           = $FCEB (64747)  [label]
  MON_RDBYT2           = $FCED (64749)  [label]
  MON_RD2BIT           = $FCF9 (64761)  [label]
  MON_RDBIT            = $FCFC (64764)  [label]
  MON_RDKEY            = $FD0B (64779)  [label]
  MON_KEYIN            = $FD1A (64794)  [label]
  MON_KEYIN2           = $FD20 (64800)  [label]
  MON_ESC              = $FD2E (64814)  [label]
  MON_RDCHAR           = $FD34 (64820)  [label]
  MON_NOTCR            = $FD3C (64828)  [label]
  MON_NOTCR1           = $FD5E (64862)  [label]
  MON_CANCEL           = $FD61 (64865)  [label]
  MON_GETLNZ           = $FD66 (64870)  [label]
  MON_GETLN            = $FD69 (64873)  [label]
  MON_BCKSPC           = $FD70 (64880)  [label]
  MON_NXTCHAR          = $FD74 (64884)  [label]
  MON_NXTCHAR1         = $FD77 (64887)  [label]
  MON_CAPTST           = $FD7D (64893)  [label]
  MON_ADDINP           = $FD83 (64899)  [label]
  MON_CROUT            = $FD8D (64909)  [label]
  MON_PRA1             = $FD91 (64913)  [label]
  MON_PRYX2            = $FD95 (64917)  [label]
  MON_XAM8             = $FDA2 (64930)  [label]
  MON_MODSCHK          = $FDAC (64940)  [label]
  MON_XAM              = $FDB2 (64946)  [label]
  MON_DATAOUT          = $FDB5 (64949)  [label]
  MON_RTS4C            = $FDC4 (64964)  [label]
  MON_XAMPM            = $FDC5 (64965)  [label]
  MON_ADD              = $FDD0 (64976)  [label]
  MON_PRBYTE           = $FDD9 (64985)  [label]
  MON_PRHEX            = $FDE2 (64994)  [label]
  MON_PRHEXZ           = $FDE4 (64996)  [label]
  MON_COUT             = $FDEC (65004)  [label]
  MON_COUT1            = $FDEF (65007)  [label]
  MON_COUTZ            = $FDF5 (65013)  [label]
  MON_BL1              = $FDFF (65023)  [label]
  MON_BLANK            = $FE03 (65027)  [label]
  MON_STOR             = $FE0A (65034)  [label]
  MON_RTS5             = $FE16 (65046)  [label]
  MON_SETMODE          = $FE17 (65047)  [label]
  MON_SETMDZ           = $FE1C (65052)  [label]
  MON_LT               = $FE1F (65055)  [label]
  MON_LT2              = $FE21 (65057)  [label]
  MON_MOVE             = $FE2B (65067)  [label]
  MON_VFY              = $FE35 (65077)  [label]
  MON_VFYOK            = $FE57 (65111)  [label]
  MON_LIST1            = $FE5D (65117)  [label]
  MON_LIST2            = $FE62 (65122)  [label]
  MON_A1PC             = $FE74 (65140)  [label]
  MON_A1PCLP           = $FE77 (65143)  [label]
  MON_A1PCRTS          = $FE7E (65150)  [label]
  MON_SETINV           = $FE7F (65151)  [label]
  MON_SETNORM          = $FE83 (65155)  [label]
  MON_SETIFLG          = $FE85 (65157)  [label]
  MON_SETKBD           = $FE88 (65160)  [label]
  MON_INPORT           = $FE8A (65162)  [label]
  MON_INPRT            = $FE8C (65164)  [label]
  MON_SETVID           = $FE92 (65170)  [label]
  MON_OUTPORT          = $FE94 (65172)  [label]
  MON_OUTPRT           = $FE96 (65174)  [label]
  MON_IOPRT            = $FE9A (65178)  [label]
  MON_IOPRT1           = $FEA6 (65190)  [label]
  MON_IOPRT2           = $FEA8 (65192)  [label]
  MON_XBASIC           = $FEAF (65199)  [label]
  MON_BASCONT          = $FEB2 (65202)  [label]
  MON_GO               = $FEB5 (65205)  [label]
  MON_REGZ             = $FEBE (65214)  [label]
  MON_TRACE            = $FEC1 (65217)  [label]
  MON_STEPZ            = $FEC4 (65220)  [label]
  MON_USR              = $FEC9 (65225)  [label]
  MON_WRITE            = $FECC (65228)  [label]
  MON_WR1              = $FED3 (65235)  [label]
  MON_WRBYTE           = $FEEC (65260)  [label]
  MON_WRBYT2           = $FEEE (65262)  [label]
  MON_CRMON            = $FEF5 (65269)  [label]
  MON_READ             = $FEFC (65276)  [label]
  MON_READ2            = $FF01 (65281)  [label]
  MON_RD2              = $FF09 (65289)  [label]
  MON_RD3              = $FF15 (65301)  [label]
  MON_PRERR            = $FF2C (65324)  [label]
  MON_BELL             = $FF39 (65337)  [label]
  MON_RESTORE          = $FF3E (65342)  [label]
  MON_RESTR1           = $FF43 (65347)  [label]
  MON_SAVE             = $FF49 (65353)  [label]
  MON_SAV1             = $FF4B (65355)  [label]
  MON_RESET            = $FF58 (65368)  [label]
  MON_MON              = $FF64 (65380)  [label]
  MON_MONZ             = $FF68 (65384)  [label]
  MON_NXTITM           = $FF72 (65394)  [label]
  MON_CHRSRCH          = $FF79 (65401)  [label]
  MON_DIG              = $FF89 (65417)  [label]
  MON_NXTBIT           = $FF8F (65423)  [label]
  MON_NXTBAS           = $FF97 (65431)  [label]
  MON_NXTBS2           = $FFA1 (65441)  [label]
  MON_GETNUM           = $FFA6 (65446)  [label]
  MON_NXTCHR           = $FFAC (65452)  [label]
  MON_TOSUB            = $FFBD (65469)  [label]
  MON_ZMODE            = $FFC6 (65478)  [label]
  MON_CHRTBL           = $FFCB (65483)  [label]
  MON_SUBTBL           = $FFE2 (65506)  [label]
  MON_M6502VEC         = $FFF9 (65529)  [label]

BY NAME (alphabetical):
--------------------------------------------------------------------------------
  AS_ABS               = $EBAE (60334)  [label]
  AS_ADD_EXPONENTS     = $EA0D (59917)  [label]
  AS_ADD_EXPONENTS_1   = $EA0F (59919)  [label]
  AS_ADDACC            = $ECD4 (60628)  [label]
  AS_ADDON             = $D998 (55704)  [label]
  AS_AMPERSAND_VECTOR  = $03F5 (1013)  [const]
  AS_ANDOP             = $DF54 (57172)  [label]
  AS_ARG               = $00A5 (165)  [const]
  AS_ARG_EXTENSION     = $0092 (146)  [const]
  AS_ARG_SIGN          = $00AA (170)  [const]
  AS_ARRAY             = $E11D (57629)  [label]
  AS_ARYPNT            = $0094 (148)  [const]
  AS_ARYTAB            = $006B (107)  [const]
  AS_ASC               = $E6E4 (59108)  [label]
  AS_ATN               = $F09D (61597)  [label]
  AS_AYINT             = $E10B (57611)  [label]
  AS_BADNAM            = $DFF3 (57331)  [label]
  AS_BASIC             = $DFFF (57343)  [label]
  AS_BASIC2            = $E002 (57346)  [label]
  AS_BKGND             = $F3F5 (62453)  [label]
  AS_BLTU              = $D393 (54163)  [label]
  AS_BLTU2             = $D39A (54170)  [label]
  AS_C_ZERO            = $E099 (57497)  [label]
  AS_CALL              = $F1D4 (61908)  [label]
  AS_CAT               = $E596 (58774)  [label]
  AS_CHARAC            = $000D (13)  [const]
  AS_CHECK_BUMP        = $E551 (58705)  [label]
  AS_CHECK_EXIT        = $E55C (58716)  [label]
  AS_CHECK_SIMPLE_VARIABLE = $E518 (58648)  [label]
  AS_CHECK_VARIABLE    = $E522 (58658)  [label]
  AS_CHKCLS            = $DEB7 (57015)  [label]
  AS_CHKCOM            = $DEBD (57021)  [label]
  AS_CHKMEM            = $D3D6 (54230)  [label]
  AS_CHKNUM            = $DD6A (56682)  [label]
  AS_CHKOPN            = $DEBA (57018)  [label]
  AS_CHKSTR            = $DD6C (56684)  [label]
  AS_CHKVAL            = $DD6D (56685)  [label]
  AS_CHRGET            = $00B1 (177)  [const]
  AS_CHRGOT            = $00B7 (183)  [const]
  AS_CHRSTR            = $E645 (58949)  [label]
  AS_CLEAR             = $D66A (54890)  [label]
  AS_CLEARC            = $D66C (54892)  [label]
  AS_CMPDONE           = $DFC0 (57280)  [label]
  AS_COLD_START        = $F127 (61735)  [label]
  AS_COLON_            = $D842 (55362)  [label]
  AS_COLOR             = $F24E (62030)  [label]
  AS_COLOR_SHIFT       = $F47D (62589)  [label]
  AS_COLORTBL          = $F6F5 (63221)  [label]
  AS_COMBYTE           = $E74B (59211)  [label]
  AS_COMPLEMENT_FAC    = $E89D (59549)  [label]
  AS_COMPLEMENT_FAC_MANTISSA = $E8A3 (59555)  [label]
  AS_CON_03            = $F4CC (62668)  [const]
  AS_CON_04            = $F507 (62727)  [const]
  AS_CON_1C            = $F5B8 (62904)  [label]
  AS_CON_999999999     = $ED0E (60686)  [label]
  AS_CON_99999999P9    = $ED09 (60681)  [label]
  AS_CON_BILLION       = $ED13 (60691)  [label]
  AS_CON_HALF          = $EE63 (61027)  [label]
  AS_CON_LOG_E         = $EEDA (61146)  [label]
  AS_CON_LOG_TWO       = $E93B (59707)  [label]
  AS_CON_NEG_HALF      = $E936 (59702)  [label]
  AS_CON_ONE           = $E912 (59666)  [label]
  AS_CON_PI_DOUB       = $F06A (61546)  [label]
  AS_CON_PI_HALF       = $F065 (61541)  [label]
  AS_CON_RND_1         = $EFA5 (61349)  [label]
  AS_CON_RND_2         = $EFA9 (61353)  [label]
  AS_CON_SQR_HALF      = $E92C (59692)  [label]
  AS_CON_SQR_TWO       = $E931 (59697)  [label]
  AS_CON_TEN           = $EA4F (59983)  [label]
  AS_CONINT            = $E6FA (59130)  [label]
  AS_CONT              = $D896 (55446)  [label]
  AS_CONTROL_C_TYPED   = $D863 (55395)  [label]
  AS_COPY_ARG_TO_FAC   = $EB52 (60242)  [label]
  AS_COPY_FAC_TO_ARG_ROUNDED = $EB62 (60258)  [label]
  AS_COPY_RESULT_INTO_FAC = $EAE5 (60133)  [label]
  AS_COS               = $EFE9 (61417)  [label]
  AS_COSINE_TABLE      = $F5B9 (62905)  [label]
  AS_CPRMASK           = $0016 (22)  [const]
  AS_CPRTYP            = $0089 (137)  [const]
  AS_CRDO              = $DAFB (56059)  [label]
  AS_CURLIN            = $0075 (117)  [const]
  AS_CURLSV            = $00F6 (246)  [const]
  AS_DATA              = $D995 (55701)  [label]
  AS_DATAFLG           = $0013 (19)  [const]
  AS_DATAN             = $D9A3 (55715)  [label]
  AS_DATLIN            = $007B (123)  [const]
  AS_DATPTR            = $007D (125)  [const]
  AS_DECTBL            = $EE68 (61032)  [label]
  AS_DECTBL_END        = $EE8C (61068)  [label]
  AS_DEF               = $E312 (58130)  [label]
  AS_DEL               = $F330 (62256)  [label]
  AS_DEST              = $0060 (96)  [const]
  AS_DIM               = $DFD8 (57304)  [label]
  AS_DIMFLG            = $0010 (16)  [const]
  AS_DIV               = $EA5D (59997)  [label]
  AS_DIV10             = $EA54 (59988)  [label]
  AS_DOSPC             = $DB35 (56117)  [label]
  AS_DPFLG             = $009B (155)  [const]
  AS_DRAW              = $F768 (63336)  [label]
  AS_DRAW0             = $F600 (62976)  [label]
  AS_DRAW1             = $F604 (62980)  [label]
  AS_DRWPNT            = $F72C (63276)  [label]
  AS_DSCLEN            = $008F (143)  [const]
  AS_DSCPTR            = $008C (140)  [const]
  AS_DSCTMP            = $009D (157)  [const]
  AS_END2              = $D871 (55409)  [label]
  AS_END4              = $D88A (55434)  [label]
  AS_ENDCHR            = $000E (14)  [const]
  AS_ENDX              = $D870 (55408)  [label]
  AS_EOL_PNTR          = $000F (15)  [const]
  AS_EQUL              = $DECF (57039)  [label]
  AS_EQUOP             = $DE97 (56983)  [label]
  AS_ERLIN             = $DB7F (56191)  [label]
  AS_ERR_BADSUBS       = $006B (107)  [const]
  AS_ERR_BADTYPE       = $00A3 (163)  [const]
  AS_ERR_CANTCONT      = $00D2 (210)  [const]
  AS_ERR_EXTRA         = $DCDF (56543)  [label]
  AS_ERR_FRMCPX        = $00BF (191)  [const]
  AS_ERR_ILLDIR        = $0095 (149)  [const]
  AS_ERR_ILLQTY        = $0035 (53)  [const]
  AS_ERR_MEMFULL       = $004D (77)  [const]
  AS_ERR_NODATA        = $002A (42)  [const]
  AS_ERR_NOFOR         = $0000 (0)  [const]
  AS_ERR_NOGOSUB       = $0016 (22)  [const]
  AS_ERR_OVERFLOW      = $0045 (69)  [const]
  AS_ERR_REDIMD        = $0078 (120)  [const]
  AS_ERR_REENTRY       = $DCEF (56559)  [label]
  AS_ERR_STRLONG       = $00B0 (176)  [const]
  AS_ERR_SYNTAX        = $0010 (16)  [const]
  AS_ERR_UNDEFFUNC     = $00E0 (224)  [const]
  AS_ERR_UNDEFSTAT     = $005A (90)  [const]
  AS_ERR_ZERODIV       = $0085 (133)  [const]
  AS_ERRDIR            = $E305 (58117)  [label]
  AS_ERRFLG            = $00D8 (216)  [const]
  AS_ERRLIN            = $00DA (218)  [const]
  AS_ERRNUM            = $00DE (222)  [const]
  AS_ERROR             = $D412 (54290)  [label]
  AS_ERROR_MESSAGES    = $D260 (53856)  [label]
  AS_ERRPOS            = $00DC (220)  [const]
  AS_ERRSTK            = $00DF (223)  [const]
  AS_EXECUTE_STATEMENT = $D828 (55336)  [label]
  AS_EXECUTE_STATEMENT_1 = $D82A (55338)  [label]
  AS_EXIT              = $DE5C (56924)  [label]
  AS_EXP               = $EF08 (61192)  [label]
  AS_EXPON             = $009A (154)  [const]
  AS_EXPSGN            = $009C (156)  [const]
  AS_FAC               = $009D (157)  [const]
  AS_FAC_EXTENSION     = $00AC (172)  [const]
  AS_FAC_SIGN          = $00A2 (162)  [const]
  AS_FADD              = $E7BD (59325)  [label]
  AS_FADD_1            = $E7B8 (59320)  [label]
  AS_FADD_2            = $E7CD (59341)  [label]
  AS_FADD_3            = $E7F9 (59385)  [label]
  AS_FADD_4            = $E854 (59476)  [label]
  AS_FADDH             = $E79F (59295)  [label]
  AS_FADDT             = $E7C0 (59328)  [label]
  AS_FAE_1             = $E252 (57938)  [label]
  AS_FAE_2             = $E26E (57966)  [label]
  AS_FAE_3             = $E26F (57967)  [label]
  AS_FALSE             = $DF5C (57180)  [label]
  AS_FCOMP             = $EBB1 (60337)  [label]
  AS_FCOMP2            = $EBB3 (60339)  [label]
  AS_FDIV              = $EA65 (60005)  [label]
  AS_FDIVT             = $EA68 (60008)  [label]
  AS_FIN               = $EC49 (60489)  [label]
  AS_FIN_1             = $EC60 (60512)  [label]
  AS_FIN_10            = $EC97 (60567)  [label]
  AS_FIN_2             = $EC63 (60515)  [label]
  AS_FIN_3             = $EC65 (60517)  [label]
  AS_FIN_4             = $EC86 (60550)  [label]
  AS_FIN_5             = $EC89 (60553)  [label]
  AS_FIN_6             = $EC8B (60555)  [label]
  AS_FIN_7             = $EC9D (60573)  [label]
  AS_FIN_8             = $EC9F (60575)  [label]
  AS_FIN_9             = $ECC0 (60608)  [label]
  AS_FIND_ARRAY_ELEMENT = $E24A (57930)  [label]
  AS_FIND_HIGHEST_STRING = $E487 (58503)  [label]
  AS_FINDATA           = $DCA0 (56480)  [label]
  AS_FIRST             = $00F0 (240)  [const]
  AS_FIX_LINKS         = $D4F2 (54514)  [label]
  AS_FL1               = $D61E (54814)  [label]
  AS_FLASH             = $F27F (62079)  [label]
  AS_FLASH_BIT         = $00F3 (243)  [const]
  AS_FLOAT             = $EB92 (60306)  [label]
  AS_FLOAT_1           = $EB9A (60314)  [label]
  AS_FLOAT_2           = $EB9F (60319)  [label]
  AS_FMULT             = $E97E (59774)  [label]
  AS_FMULTT            = $E981 (59777)  [label]
  AS_FN_               = $DEA3 (56995)  [label]
  AS_FNC_              = $E340 (58176)  [label]
  AS_FNCDATA           = $E3AE (58286)  [label]
  AS_FNCNAM            = $008A (138)  [const]
  AS_FNDLIN            = $D61A (54810)  [label]
  AS_FOR               = $D766 (55142)  [label]
  AS_FORPNT            = $0085 (133)  [const]
  AS_FOUT              = $ED33 (60723)  [label]
  AS_FOUT_1            = $ED35 (60725)  [label]
  AS_FOUT_2            = $ED8B (60811)  [label]
  AS_FOUT_3            = $EE16 (60950)  [label]
  AS_FOUT_4            = $EE56 (61014)  [label]
  AS_FOUT_5            = $EE59 (61017)  [label]
  AS_FOUT_6            = $EE5E (61022)  [label]
  AS_FPWRT             = $EE96 (61078)  [label]
  AS_FRE               = $E2DD (58077)  [label]
  AS_FREFAC            = $E5FF (58879)  [label]
  AS_FRESPC            = $0071 (113)  [const]
  AS_FRESTR            = $E5FC (58876)  [label]
  AS_FRETMP            = $E603 (58883)  [label]
  AS_FRETMS            = $E634 (58932)  [label]
  AS_FRETOP            = $006F (111)  [const]
  AS_FRM_ELEMENT       = $DE5F (56927)  [label]
  AS_FRM_PERFORM_1     = $DE39 (56889)  [label]
  AS_FRM_PERFORM_2     = $DE42 (56898)  [label]
  AS_FRM_PRECEDENCE_TEST = $DDCD (56781)  [label]
  AS_FRM_RECURSE       = $DDFD (56829)  [label]
  AS_FRM_RELATIONAL    = $DDE4 (56804)  [label]
  AS_FRM_STACK_1       = $DE10 (56848)  [label]
  AS_FRM_STACK_2       = $DE14 (56852)  [label]
  AS_FRM_STACK_3       = $DE1F (56863)  [label]
  AS_FRM_VARIABLE      = $DED4 (57044)  [label]
  AS_FRM_VARIABLE_CALL = $DED6 (57046)  [const]
  AS_FRMEVL            = $DD7B (56699)  [label]
  AS_FRMEVL_1          = $DD86 (56710)  [label]
  AS_FRMEVL_2          = $DD95 (56725)  [label]
  AS_FRMNUM            = $DD67 (56679)  [label]
  AS_FSUB              = $E7A6 (59302)  [label]
  AS_FSUBT             = $E7A9 (59305)  [label]
  AS_FUNCT             = $E353 (58195)  [label]
  AS_GARBAG            = $E483 (58499)  [label]
  AS_GARFLG            = $0013 (19)  [const]
  AS_GENERIC_CHRGET    = $F10A (61706)  [label]
  AS_GENERIC_END       = $F127 (61735)  [label]
  AS_GERR              = $DD0D (56589)  [label]
  AS_GET               = $DBA0 (56224)  [label]
  AS_GETADR            = $E751 (59217)  [label]
  AS_GETARY            = $E0EC (57580)  [label]
  AS_GETARY2           = $E0EE (57582)  [label]
  AS_GETARYPT          = $F7D8 (63448)  [label]
  AS_GETBYT            = $E6F7 (59127)  [label]
  AS_GETCHR            = $D72C (55084)  [label]
  AS_GETEXP            = $ECE7 (60647)  [label]
  AS_GETSPA            = $E451 (58449)  [label]
  AS_GETSTR            = $E6DB (59099)  [label]
  AS_GGERR             = $F6E5 (63205)  [label]
  AS_GIQ               = $E947 (59719)  [label]
  AS_GIVAYF            = $E2F1 (58097)  [label]
  AS_GME               = $E26B (57963)  [label]
  AS_GO_MOVMF          = $EFE6 (61414)  [label]
  AS_GO_STROUT         = $ED30 (60720)  [label]
  AS_GO_TO_LINE        = $D935 (55605)  [label]
  AS_GOEND             = $D826 (55334)  [label]
  AS_GOERR             = $F205 (61957)  [label]
  AS_GOEX              = $DE37 (56887)  [label]
  AS_GOIQ              = $E6F1 (59121)  [label]
  AS_GOSTROUT          = $0003 (3)  [const]
  AS_GOSUB             = $D921 (55585)  [label]
  AS_GOTO              = $D93E (55614)  [label]
  AS_GOWARM            = $0000 (0)  [const]
  AS_GR                = $F38F (62351)  [label]
  AS_GSE               = $E268 (57960)  [label]
  AS_GTBYTC            = $E6F4 (59124)  [label]
  AS_GTFORPNT          = $D365 (54117)  [label]
  AS_GTNUM             = $E745 (59205)  [label]
  AS_HANDLERR          = $F2E8 (62184)  [label]
  AS_HCLR              = $F3F1 (62449)  [label]
  AS_HCOLOR            = $F6E8 (63208)  [label]
  AS_HFIND             = $F5CA (62922)  [label]
  AS_HFNS              = $F6B8 (63160)  [label]
  AS_HGLIN             = $F539 (62777)  [label]
  AS_HGR               = $F3E1 (62433)  [label]
  AS_HGR_BITS          = $001C (28)  [const]
  AS_HGR_COLLISIONS    = $00EA (234)  [const]
  AS_HGR_COLOR         = $00E4 (228)  [const]
  AS_HGR_COUNT         = $001D (29)  [const]
  AS_HGR_DX            = $00D0 (208)  [const]
  AS_HGR_DY            = $00D2 (210)  [const]
  AS_HGR_E             = $00D4 (212)  [const]
  AS_HGR_HORIZ         = $00E5 (229)  [const]
  AS_HGR_PAGE          = $00E6 (230)  [const]
  AS_HGR_QUADRANT      = $00D3 (211)  [const]
  AS_HGR_ROTATION      = $00F9 (249)  [const]
  AS_HGR_SCALE         = $00E7 (231)  [const]
  AS_HGR_SHAPE         = $001A (26)  [const]
  AS_HGR_SHAPE_PNTR    = $00E8 (232)  [const]
  AS_HGR_X             = $00E0 (224)  [const]
  AS_HGR_Y             = $00E2 (226)  [const]
  AS_HGR2              = $F3D7 (62423)  [label]
  AS_HIGHDS            = $0094 (148)  [const]
  AS_HIGHTR            = $0096 (150)  [const]
  AS_HIMEM             = $F285 (62085)  [label]
  AS_HLIN              = $F231 (62001)  [label]
  AS_HLINRL            = $F52F (62767)  [label]
  AS_HPLOT             = $F6FD (63229)  [label]
  AS_HPLOT0            = $F456 (62550)  [label]
  AS_HPOSN             = $F410 (62480)  [label]
  AS_HTAB              = $F7E6 (63462)  [label]
  AS_IF                = $D9C9 (55753)  [label]
  AS_IF_TRUE           = $D9E1 (55777)  [label]
  AS_IN_NUMBER         = $F1DD (61917)  [label]
  AS_INCHR             = $D553 (54611)  [label]
  AS_INCREMENT_FAC_MANTISSA = $E8C5 (59589)  [label]
  AS_INCREMENT_MANTISSA = $EB79 (60281)  [label]
  AS_INDEX             = $005E (94)  [const]
  AS_INDX              = $0099 (153)  [const]
  AS_INLIN             = $D52C (54572)  [label]
  AS_INLIN2            = $D52E (54574)  [label]
  AS_INPDONE           = $DCC6 (56518)  [label]
  AS_INPERR            = $DB86 (56198)  [label]
  AS_INPFIN            = $DC99 (56473)  [label]
  AS_INPRT             = $ED18 (60696)  [label]
  AS_INPTR             = $007F (127)  [const]
  AS_INPUT             = $DBB2 (56242)  [label]
  AS_INPUT_BUFFER      = $0200 (512)  [const]
  AS_INPUT_FLAG_ZERO   = $DBE9 (56297)  [label]
  AS_INPUT_MORE        = $DC72 (56434)  [label]
  AS_INPUTDWTA         = $DC69 (56425)  [label]
  AS_INPUTERR          = $DB71 (56177)  [label]
  AS_INPUTFLG          = $0015 (21)  [const]
  AS_INSTART           = $DC2B (56363)  [label]
  AS_INT               = $EC22 (60450)  [label]
  AS_INVERSE           = $F276 (62070)  [label]
  AS_IQERR             = $E198 (57752)  [label]
  AS_ISCNTC            = $D858 (55384)  [label]
  AS_ISLETC            = $E07C (57468)  [label]
  AS_JER               = $E19A (57754)  [label]
  AS_JERR              = $E431 (58417)  [label]
  AS_JERROR            = $DD78 (56696)  [label]
  AS_JMM               = $F295 (62101)  [label]
  AS_JMPADRS           = $0090 (144)  [const]
  AS_JOV               = $EA35 (59957)  [label]
  AS_JSYN              = $F32D (62253)  [label]
  AS_KEYBOARD          = $C000 (49152)  [const]
  AS_L                 = $E8FC (59644)  [label]
  AS_L_ADD_EXPONENTS_1_1 = $EA1A (59930)  [label]
  AS_L_ADD_EXPONENTS_1_2 = $EA25 (59941)  [label]
  AS_L_ADD_EXPONENTS_1_3 = $EA27 (59943)  [label]
  AS_L_ADDON_1         = $D9A2 (55714)  [label]
  AS_L_ARRAY_1         = $E12B (57643)  [label]
  AS_L_ARRAY_2         = $E168 (57704)  [label]
  AS_L_ARRAY_3         = $E16C (57708)  [label]
  AS_L_ARRAY_4         = $E178 (57720)  [label]
  AS_L_ARRAY_5         = $E187 (57735)  [label]
  AS_L_ATN_1           = $F0A5 (61605)  [label]
  AS_L_ATN_2           = $F0B3 (61619)  [label]
  AS_L_ATN_3           = $F0C6 (61638)  [label]
  AS_L_BKGND_1         = $F3FD (62461)  [label]
  AS_L_BLTU2_1         = $D3B7 (54199)  [label]
  AS_L_BLTU2_2         = $D3C3 (54211)  [label]
  AS_L_BLTU2_3         = $D3C7 (54215)  [label]
  AS_L_BLTU2_4         = $D3CE (54222)  [label]
  AS_L_CAT_1           = $E5B6 (58806)  [label]
  AS_L_CHECK_VARIABLE_1 = $E537 (58679)  [label]
  AS_L_CHECK_VARIABLE_2 = $E541 (58689)  [label]
  AS_L_CHKVAL_1        = $DD73 (56691)  [label]
  AS_L_CHKVAL_2        = $DD74 (56692)  [label]
  AS_L_CHKVAL_3        = $DD76 (56694)  [label]
  AS_L_CMPDONE_1       = $DFC9 (57289)  [label]
  AS_L_COLD_START_1    = $F151 (61777)  [label]
  AS_L_COLD_START_2    = $F180 (61824)  [label]
  AS_L_COLD_START_3    = $F194 (61844)  [label]
  AS_L_COLD_START_4    = $F1B7 (61879)  [label]
  AS_L_COLOR_SHIFT_1   = $F488 (62600)  [label]
  AS_L_CON_04_1        = $F523 (62755)  [label]
  AS_L_CON_04_2        = $F529 (62761)  [label]
  AS_L_CON_04_3        = $F52B (62763)  [label]
  AS_L_CONT_1          = $D8A1 (55457)  [label]
  AS_L_CONTROL_C_TYPED_2 = $D86C (55404)  [label]
  AS_L_DEL_1           = $F356 (62294)  [label]
  AS_L_DEL_2           = $F364 (62308)  [label]
  AS_L_DEL_3           = $F366 (62310)  [label]
  AS_L_DEL_4           = $F370 (62320)  [label]
  AS_L_DEL_5           = $F376 (62326)  [label]
  AS_L_DEL_6           = $F387 (62343)  [label]
  AS_L_DRAW1_1         = $F625 (63013)  [label]
  AS_L_DRAW1_2         = $F62F (63023)  [label]
  AS_L_DRAW1_3         = $F63C (63036)  [label]
  AS_L_DRAW1_4         = $F647 (63047)  [label]
  AS_L_DRAW1_5         = $F657 (63063)  [label]
  AS_L_DRWPNT_1        = $F740 (63296)  [label]
  AS_L_DRWPNT_2        = $F746 (63302)  [label]
  AS_L_DRWPNT_3        = $F765 (63333)  [label]
  AS_L_END2_1          = $D888 (55432)  [label]
  AS_L_END4_1          = $D893 (55443)  [label]
  AS_L_EQUOP_1         = $DE9E (56990)  [label]
  AS_L_ERROR_1         = $D419 (54297)  [label]
  AS_L_ERROR_2         = $D41F (54303)  [label]
  AS_L_EXECUTE_STATEMENT_1_1 = $D83F (55359)  [label]
  AS_L_EXP_1           = $EF18 (61208)  [label]
  AS_L_EXP_2           = $EF23 (61219)  [label]
  AS_L_EXP_3           = $EF26 (61222)  [label]
  AS_L_EXP_4           = $EF36 (61238)  [label]
  AS_L_FADD_2_1        = $E7E9 (59369)  [label]
  AS_L_FADD_2_2        = $E7ED (59373)  [label]
  AS_L_FADD_3_1        = $E805 (59397)  [label]
  AS_L_FADDT_1         = $E7C5 (59333)  [label]
  AS_L_FAE_3_1         = $E280 (57984)  [label]
  AS_L_FAE_3_2         = $E291 (58001)  [label]
  AS_L_FAE_3_3         = $E297 (58007)  [label]
  AS_L_FCOMP2_1        = $EBE8 (60392)  [label]
  AS_L_FCOMP2_2        = $EBEE (60398)  [label]
  AS_L_FDIVT_1         = $EA7F (60031)  [label]
  AS_L_FDIVT_2         = $EA95 (60053)  [label]
  AS_L_FDIVT_3         = $EAA2 (60066)  [label]
  AS_L_FDIVT_4         = $EAA5 (60069)  [label]
  AS_L_FDIVT_5         = $EAB3 (60083)  [label]
  AS_L_FDIVT_6         = $EAD0 (60112)  [label]
  AS_L_FDIVT_7         = $EAD4 (60116)  [label]
  AS_L_FDIVT_8         = $EAE0 (60128)  [label]
  AS_L_FIN_1           = $EC4D (60493)  [label]
  AS_L_FIN_2           = $EC5C (60508)  [label]
  AS_L_FIN_3_1         = $EC84 (60548)  [label]
  AS_L_FIN_8_13        = $ECA8 (60584)  [label]
  AS_L_FIN_8_14        = $ECB1 (60593)  [label]
  AS_L_FIN_8_15        = $ECB8 (60600)  [label]
  AS_L_FIN_8_16        = $ECBD (60605)  [label]
  AS_L_FIN_9_1         = $ECC7 (60615)  [label]
  AS_L_FIND_HIGHEST_STRING_1 = $E49F (58527)  [label]
  AS_L_FIND_HIGHEST_STRING_10 = $E50B (58635)  [label]
  AS_L_FIND_HIGHEST_STRING_11 = $E513 (58643)  [label]
  AS_L_FIND_HIGHEST_STRING_2 = $E4A8 (58536)  [label]
  AS_L_FIND_HIGHEST_STRING_3 = $E4B4 (58548)  [label]
  AS_L_FIND_HIGHEST_STRING_4 = $E4BC (58556)  [label]
  AS_L_FIND_HIGHEST_STRING_5 = $E4C1 (58561)  [label]
  AS_L_FIND_HIGHEST_STRING_6 = $E4C9 (58569)  [label]
  AS_L_FIND_HIGHEST_STRING_7 = $E4CD (58573)  [label]
  AS_L_FIND_HIGHEST_STRING_8 = $E4D8 (58584)  [label]
  AS_L_FIND_HIGHEST_STRING_9 = $E509 (58633)  [label]
  AS_L_FINDATA_1       = $DCB9 (56505)  [label]
  AS_L_FIX_LINKS_1     = $D4FE (54526)  [label]
  AS_L_FIX_LINKS_2     = $D50F (54543)  [label]
  AS_L_FIX_LINKS_3     = $D511 (54545)  [label]
  AS_L_FL1_1           = $D635 (54837)  [label]
  AS_L_FL1_2           = $D63E (54846)  [label]
  AS_L_FL1_3           = $D647 (54855)  [label]
  AS_L_FMULTT_1        = $E986 (59782)  [label]
  AS_L_FOR_1           = $D777 (55159)  [label]
  AS_L_FOUT_1_1        = $ED40 (60736)  [label]
  AS_L_FOUT_1_10       = $ED88 (60808)  [label]
  AS_L_FOUT_1_2        = $ED4E (60750)  [label]
  AS_L_FOUT_1_3        = $ED56 (60758)  [label]
  AS_L_FOUT_1_4        = $ED5F (60767)  [label]
  AS_L_FOUT_1_5        = $ED61 (60769)  [label]
  AS_L_FOUT_1_6        = $ED6C (60780)  [label]
  AS_L_FOUT_1_7        = $ED77 (60791)  [label]
  AS_L_FOUT_1_8        = $ED7E (60798)  [label]
  AS_L_FOUT_1_9        = $ED85 (60805)  [label]
  AS_L_FOUT_2_1        = $ED9D (60829)  [label]
  AS_L_FOUT_2_10       = $EE08 (60936)  [label]
  AS_L_FOUT_2_2        = $ED9E (60830)  [label]
  AS_L_FOUT_2_3        = $EDA9 (60841)  [label]
  AS_L_FOUT_2_4        = $EDBA (60858)  [label]
  AS_L_FOUT_2_5        = $EDBC (60860)  [label]
  AS_L_FOUT_2_6        = $EDC0 (60864)  [label]
  AS_L_FOUT_2_7        = $EDE4 (60900)  [label]
  AS_L_FOUT_2_8        = $EDE6 (60902)  [label]
  AS_L_FOUT_2_9        = $EDED (60909)  [label]
  AS_L_FOUT_3_1        = $EE18 (60952)  [label]
  AS_L_FOUT_3_2        = $EE25 (60965)  [label]
  AS_L_FOUT_3_3        = $EE35 (60981)  [label]
  AS_L_FOUT_3_4        = $EE41 (60993)  [label]
  AS_L_FPWRT_1         = $EE9F (61087)  [label]
  AS_L_FPWRT_2         = $EEB9 (61113)  [label]
  AS_L_FRE_1           = $E2E4 (58084)  [label]
  AS_L_FRETMP_1        = $E62E (58926)  [label]
  AS_L_FRETMP_2        = $E62F (58927)  [label]
  AS_L_FRETMS_1        = $E644 (58948)  [label]
  AS_L_FRM_ELEMENT_1   = $DE63 (56931)  [label]
  AS_L_FRM_ELEMENT_2   = $DE68 (56936)  [label]
  AS_L_FRM_ELEMENT_3   = $DE6B (56939)  [label]
  AS_L_FRM_PERFORM_1_1 = $DE40 (56896)  [label]
  AS_L_FRM_RELATIONAL_1 = $DDEE (56814)  [label]
  AS_L_FRM_VARIABLE_CALL_1 = $DEE4 (57060)  [label]
  AS_L_FRM_VARIABLE_CALL_2 = $DEF5 (57077)  [label]
  AS_L_FRMEVL_1        = $DD81 (56705)  [label]
  AS_L_FRMEVL_2_1      = $DD98 (56728)  [label]
  AS_L_FRMEVL_2_2      = $DDB4 (56756)  [label]
  AS_L_FRMEVL_2_3      = $DDC5 (56773)  [label]
  AS_L_FUNCT_1         = $E377 (58231)  [label]
  AS_L_FUNCT_2         = $E3A8 (58280)  [label]
  AS_L_GENERIC_CHRGET_1 = $F110 (61712)  [label]
  AS_L_GENERIC_CHRGET_2 = $F121 (61729)  [label]
  AS_L_GETARY2_1       = $E0F8 (57592)  [label]
  AS_L_GETCHR_1        = $D731 (55089)  [label]
  AS_L_GETEXP_1        = $ECF6 (60662)  [label]
  AS_L_GETEXP_2        = $ED04 (60676)  [label]
  AS_L_GETSPA_1        = $E453 (58451)  [label]
  AS_L_GETSPA_2        = $E45E (58462)  [label]
  AS_L_GETSPA_3        = $E468 (58472)  [label]
  AS_L_GETSPA_4        = $E473 (58483)  [label]
  AS_L_GOTO_1          = $D955 (55637)  [label]
  AS_L_GOTO_2          = $D959 (55641)  [label]
  AS_L_GTFORPNT_1      = $D36A (54122)  [label]
  AS_L_GTFORPNT_2      = $D37F (54143)  [label]
  AS_L_GTFORPNT_3      = $D38B (54155)  [label]
  AS_L_GTFORPNT_4      = $D392 (54162)  [label]
  AS_L_HFIND_1         = $F5EF (62959)  [label]
  AS_L_HFIND_2         = $F5FD (62973)  [label]
  AS_L_HFNS_1          = $F6CC (63180)  [label]
  AS_L_HGLIN_1         = $F54F (62799)  [label]
  AS_L_HGLIN_2         = $F567 (62823)  [label]
  AS_L_HPLOT_1         = $F707 (63239)  [label]
  AS_L_HPLOT_2         = $F70E (63246)  [label]
  AS_L_HPOSN_1         = $F440 (62528)  [label]
  AS_L_HPOSN_2         = $F441 (62529)  [label]
  AS_L_HTAB_1          = $F7EB (63467)  [label]
  AS_L_HTAB_2          = $F7F9 (63481)  [label]
  AS_L_IF_1            = $D9D8 (55768)  [label]
  AS_L_IF_TRUE_1       = $D9E9 (55785)  [label]
  AS_L_INLIN2_1        = $D539 (54585)  [label]
  AS_L_INLIN2_2        = $D541 (54593)  [label]
  AS_L_INLIN2_3        = $D54C (54604)  [label]
  AS_L_INPDONE_1       = $DCD1 (56529)  [label]
  AS_L_INPDONE_2       = $DCDE (56542)  [label]
  AS_L_INPUT_1         = $DBC4 (56260)  [label]
  AS_L_INPUT_2         = $DBC7 (56263)  [label]
  AS_L_INPUT_MORE_1    = $DC7E (56446)  [label]
  AS_L_INSTART_1       = $DC3F (56383)  [label]
  AS_L_INSTART_2       = $DC4B (56395)  [label]
  AS_L_INSTART_3       = $DC4C (56396)  [label]
  AS_L_INSTART_4       = $DC57 (56407)  [label]
  AS_L_INSTART_5       = $DC63 (56419)  [label]
  AS_L_ISCNTC_1        = $D860 (55392)  [label]
  AS_L_ISLETC_1        = $E085 (57477)  [label]
  AS_L_L_1             = $E902 (59650)  [label]
  AS_L_LET2_1          = $DA77 (55927)  [label]
  AS_L_LINCOOR_1       = $F217 (61975)  [label]
  AS_L_LINGET_1        = $DA12 (55826)  [label]
  AS_L_LINGET_2        = $DA40 (55872)  [label]
  AS_L_LIST_0_5        = $D6F5 (55029)  [label]
  AS_L_LIST_0_6        = $D6F7 (55031)  [label]
  AS_L_LIST_1          = $D6B1 (54961)  [label]
  AS_L_LIST_2          = $D6C4 (54980)  [label]
  AS_L_LIST_2_1        = $D712 (55058)  [label]
  AS_L_LIST_3          = $D6CC (54988)  [label]
  AS_L_LIST_4_1        = $D746 (55110)  [label]
  AS_L_LIST_4_2        = $D749 (55113)  [label]
  AS_L_LIST_4_3        = $D750 (55120)  [label]
  AS_L_LIST_4_4        = $D755 (55125)  [label]
  AS_L_LIST_4_5        = $D75F (55135)  [label]
  AS_L_LOAD_1          = $D8ED (55533)  [label]
  AS_L_MAF_1           = $EB67 (60263)  [label]
  AS_L_MAKE_NEW_ARRAY_1 = $E1C0 (57792)  [label]
  AS_L_MAKE_NEW_ARRAY_2 = $E1D4 (57812)  [label]
  AS_L_MAKE_NEW_ARRAY_3 = $E1DD (57821)  [label]
  AS_L_MAKE_NEW_ARRAY_4 = $E1E6 (57830)  [label]
  AS_L_MAKE_NEW_ARRAY_5 = $E1F6 (57846)  [label]
  AS_L_MAKE_NEW_ARRAY_6 = $E219 (57881)  [label]
  AS_L_MAKE_NEW_ARRAY_7 = $E228 (57896)  [label]
  AS_L_MAKE_NEW_ARRAY_8 = $E22D (57901)  [label]
  AS_L_MAKE_NEW_VARIABLE_1 = $E0B1 (57521)  [label]
  AS_L_MFA_1           = $EB58 (60248)  [label]
  AS_L_MIDSTR_1        = $E6A1 (59041)  [label]
  AS_L_MOVE_UP_OR_DOWN_1 = $F4EA (62698)  [label]
  AS_L_MOVE_UP_OR_DOWN_2 = $F4F5 (62709)  [label]
  AS_L_MOVE_UP_OR_DOWN_3 = $F4FA (62714)  [label]
  AS_L_MOVE_UP_OR_DOWN_4 = $F4FC (62716)  [label]
  AS_L_MOVE_UP_OR_DOWN_5 = $F4FE (62718)  [label]
  AS_L_MOVEX2_1        = $F58A (62858)  [label]
  AS_L_MOVEX2_2        = $F59D (62877)  [label]
  AS_L_MOVSTR_1_1      = $E5E9 (58857)  [label]
  AS_L_MOVSTR_1_2      = $E5F2 (58866)  [label]
  AS_L_MOVSTR_1_3      = $E5FB (58875)  [label]
  AS_L_MUL10_1         = $EA4E (59982)  [label]
  AS_L_MULTIPLY_2_1    = $E9B7 (59831)  [label]
  AS_L_MULTIPLY_2_2    = $E9D3 (59859)  [label]
  AS_L_MULTIPLY_SUBS_1_1 = $E2BF (58047)  [label]
  AS_L_MULTIPLY_SUBS_1_2 = $E2D8 (58072)  [label]
  AS_L_NEWSTT_1        = $D7E5 (55269)  [label]
  AS_L_NEWSTT_2        = $D805 (55301)  [label]
  AS_L_NEXT_3_1        = $DD52 (56658)  [label]
  AS_L_NEXT_3_2        = $DD55 (56661)  [label]
  AS_L_NORMALIZE_FAC_2_1 = $E831 (59441)  [label]
  AS_L_NUMBERED_LINE_1 = $D49F (54431)  [label]
  AS_L_NUMBERED_LINE_2 = $D4A7 (54439)  [label]
  AS_L_ON_2_3          = $DA00 (55808)  [label]
  AS_L_OUTDO_1         = $DB64 (56164)  [label]
  AS_L_PARSE_1         = $D56D (54637)  [label]
  AS_L_PARSE_10        = $D5E0 (54752)  [label]
  AS_L_PARSE_11        = $D5E2 (54754)  [label]
  AS_L_PARSE_12        = $D5E9 (54761)  [label]
  AS_L_PARSE_13        = $D5F2 (54770)  [label]
  AS_L_PARSE_14        = $D5F9 (54777)  [label]
  AS_L_PARSE_15        = $D5FD (54781)  [label]
  AS_L_PARSE_16        = $D604 (54788)  [label]
  AS_L_PARSE_17        = $D610 (54800)  [label]
  AS_L_PARSE_2         = $D578 (54648)  [label]
  AS_L_PARSE_3         = $D588 (54664)  [label]
  AS_L_PARSE_4         = $D590 (54672)  [label]
  AS_L_PARSE_5         = $D5A2 (54690)  [label]
  AS_L_PARSE_6         = $D5A7 (54695)  [label]
  AS_L_PARSE_7         = $D5A8 (54696)  [label]
  AS_L_PARSE_8         = $D5CB (54731)  [label]
  AS_L_PARSE_9         = $D5CD (54733)  [label]
  AS_L_PR_COMMA_1      = $DB0E (56078)  [label]
  AS_L_PR_TAB_OR_SPC_1 = $DB21 (56097)  [label]
  AS_L_PR_TAB_OR_SPC_2 = $DB2B (56107)  [label]
  AS_L_PROCESS_INPUT_ITEM_1 = $DC1F (56351)  [label]
  AS_L_PROCESS_INPUT_ITEM_2 = $DC27 (56359)  [label]
  AS_L_PTRGET4_1       = $E010 (57360)  [label]
  AS_L_PTRGET4_10      = $E058 (57432)  [label]
  AS_L_PTRGET4_11      = $E05A (57434)  [label]
  AS_L_PTRGET4_12      = $E064 (57444)  [label]
  AS_L_PTRGET4_13      = $E072 (57458)  [label]
  AS_L_PTRGET4_2       = $E011 (57361)  [label]
  AS_L_PTRGET4_3       = $E01B (57371)  [label]
  AS_L_PTRGET4_4       = $E025 (57381)  [label]
  AS_L_PTRGET4_5       = $E035 (57397)  [label]
  AS_L_PTRGET4_6       = $E03C (57404)  [label]
  AS_L_PTRGET4_7       = $E045 (57413)  [label]
  AS_L_PTRGET4_8       = $E048 (57416)  [label]
  AS_L_PTRGET4_9       = $E04E (57422)  [label]
  AS_L_PUT_NEW_LINE_1  = $D4D1 (54481)  [label]
  AS_L_PUT_NEW_LINE_2  = $D4EA (54506)  [label]
  AS_L_PUTSTR_1        = $DA8C (55948)  [label]
  AS_L_PUTSTR_2        = $DA9A (55962)  [label]
  AS_L_PUTSTR_3        = $DAA1 (55969)  [label]
  AS_L_PUTSTR_4        = $DAB7 (55991)  [label]
  AS_L_QINT_1          = $EC05 (60421)  [label]
  AS_L_REASON_1        = $D3ED (54253)  [label]
  AS_L_REASON_2        = $D3F1 (54257)  [label]
  AS_L_REASON_3        = $D3FC (54268)  [label]
  AS_L_REASON_4        = $D40F (54287)  [label]
  AS_L_RECALL_1        = $F3D1 (62417)  [label]
  AS_L_REMN_1          = $D9AE (55726)  [label]
  AS_L_REMN_2          = $D9B6 (55734)  [label]
  AS_L_RESPERR_1       = $DB90 (56208)  [label]
  AS_L_RND_1           = $EFCB (61387)  [label]
  AS_L_RUN_1           = $D91B (55579)  [label]
  AS_L_SERMAIN_1       = $EF84 (61316)  [label]
  AS_L_SERMAIN_2       = $EF88 (61320)  [label]
  AS_L_SERMAIN_3       = $EF95 (61333)  [label]
  AS_L_SET_VARPNT_AND_YA_1 = $E0E7 (57575)  [label]
  AS_L_SHLOAD_1        = $F795 (63381)  [label]
  AS_L_SHLOAD_2        = $F79F (63391)  [label]
  AS_L_SHLOAD_3        = $F7A2 (63394)  [label]
  AS_L_SIN_2_1         = $F032 (61490)  [label]
  AS_L_STEP_1          = $D7C3 (55235)  [label]
  AS_L_STORE_1         = $F3AE (62382)  [label]
  AS_L_STRCMP_1        = $DFA4 (57252)  [label]
  AS_L_STRLT2_1        = $E3F6 (58358)  [label]
  AS_L_STRLT2_2        = $E403 (58371)  [label]
  AS_L_STRLT2_3        = $E407 (58375)  [label]
  AS_L_STRLT2_4        = $E408 (58376)  [label]
  AS_L_STRLT2_5        = $E414 (58388)  [label]
  AS_L_STRLT2_6        = $E41E (58398)  [label]
  AS_L_STRPRT_1        = $DB44 (56132)  [label]
  AS_L_STRTXT_1        = $DE89 (56969)  [label]
  AS_L_SUBSTRING_1_1   = $E665 (58981)  [label]
  AS_L_SUBSTRING_3_1   = $E67E (59006)  [label]
  AS_L_TRACE__1        = $D81D (55325)  [label]
  AS_L_UNARY_1         = $DF39 (57145)  [label]
  AS_L_UNARY_2         = $DF3E (57150)  [label]
  AS_L_USE_OLD_ARRAY_1 = $E1A9 (57769)  [label]
  AS_L_USR1            = $F145 (61765)  [label]
  AS_L_USR2            = $F14F (61775)  [label]
  AS_L_VAL_1           = $E70E (59150)  [label]
  AS_L_VAL_2           = $E726 (59174)  [label]
  AS_L_WAIT_1          = $E792 (59282)  [label]
  AS_L_WAIT_2          = $E796 (59286)  [label]
  AS_L_XDRAW1_1        = $F681 (63105)  [label]
  AS_L_XDRAW1_2        = $F68B (63115)  [label]
  AS_L_XDRAW1_3        = $F698 (63128)  [label]
  AS_L_XDRAW1_4        = $F6A3 (63139)  [label]
  AS_L_XDRAW1_5        = $F6B3 (63155)  [label]
  AS_LASTOP            = $0087 (135)  [const]
  AS_LASTPT            = $0053 (83)  [const]
  AS_LEFTSTR           = $E659 (58969)  [label]
  AS_LEN               = $E6D5 (59093)  [label]
  AS_LENGTH            = $0091 (145)  [const]
  AS_LET               = $DA46 (55878)  [label]
  AS_LET_STRING        = $DA7A (55930)  [label]
  AS_LET2              = $DA63 (55907)  [label]
  AS_LINCOOR           = $F208 (61960)  [label]
  AS_LINGET            = $DA0C (55820)  [label]
  AS_LINNUM            = $0050 (80)  [const]
  AS_LINPRT            = $ED23 (60707)  [label]
  AS_LIST              = $D6A5 (54949)  [label]
  AS_LIST_0            = $D6DA (55002)  [label]
  AS_LIST_1            = $D6FE (55038)  [label]
  AS_LIST_2            = $D702 (55042)  [label]
  AS_LIST_3            = $D724 (55076)  [label]
  AS_LIST_4            = $D734 (55092)  [label]
  AS_LOAD              = $D8C9 (55497)  [label]
  AS_LOAD_ARG_FROM_YA  = $E9E2 (59874)  [label]
  AS_LOAD_FAC_FROM_YA  = $EAF8 (60152)  [label]
  AS_LOCK              = $00D6 (214)  [const]
  AS_LOG               = $E940 (59712)  [label]
  AS_LOG_2             = $E94A (59722)  [label]
  AS_LOMEM             = $F2A5 (62117)  [label]
  AS_LOWTR             = $009B (155)  [const]
  AS_LR_1              = $F46D (62573)  [label]
  AS_LR_2              = $F470 (62576)  [label]
  AS_LR_3              = $F475 (62581)  [label]
  AS_LR_4              = $F477 (62583)  [label]
  AS_LRUD1             = $F4B2 (62642)  [label]
  AS_LRUD2             = $F4B3 (62643)  [label]
  AS_LRUD3             = $F4C3 (62659)  [label]
  AS_LRUD4             = $F4C7 (62663)  [label]
  AS_LRUDX1            = $F49B (62619)  [label]
  AS_LRUDX2            = $F49C (62620)  [label]
  AS_M_NEG             = $D0C7 (53447)  [label]
  AS_M_REL             = $D0CD (53453)  [label]
  AS_MAF               = $EB65 (60261)  [label]
  AS_MAKE_NEW_ARRAY    = $E1B7 (57783)  [label]
  AS_MAKE_NEW_VARIABLE = $E09B (57499)  [label]
  AS_MAKINT            = $E101 (57601)  [label]
  AS_MATHTBL           = $D0B2 (53426)  [label]
  AS_MEMERR            = $D410 (54288)  [label]
  AS_MEMSIZ            = $0073 (115)  [const]
  AS_MEQUU             = $D0CA (53450)  [label]
  AS_MFA               = $EB54 (60244)  [label]
  AS_MI1               = $E118 (57624)  [label]
  AS_MI2               = $E11A (57626)  [label]
  AS_MIDSTR            = $E690 (59024)  [label]
  AS_MIN               = $DECD (57037)  [label]
  AS_MKINT             = $E107 (57607)  [label]
  AS_MOVE_DOWN         = $F504 (62724)  [label]
  AS_MOVE_HIGHEST_STRING_TO_TOP = $E561 (58721)  [label]
  AS_MOVE_LEFT_OR_RIGHT = $F464 (62564)  [label]
  AS_MOVE_RIGHT        = $F489 (62601)  [label]
  AS_MOVE_UP_OR_DOWN   = $F4D2 (62674)  [label]
  AS_MOVEX             = $F57B (62843)  [label]
  AS_MOVEX2            = $F580 (62848)  [label]
  AS_MOVINS            = $E5D3 (58835)  [label]
  AS_MOVSTR            = $E5E1 (58849)  [label]
  AS_MOVSTR_1          = $E5E5 (58853)  [label]
  AS_MSKTBL            = $F5B1 (62897)  [label]
  AS_MUL10             = $EA38 (59960)  [label]
  AS_MULTIPLY_1        = $E9AF (59823)  [label]
  AS_MULTIPLY_2        = $E9B4 (59828)  [label]
  AS_MULTIPLY_SUBS_1   = $E2B5 (58037)  [label]
  AS_MULTIPLY_SUBSCRIPT = $E2AC (58028)  [label]
  AS_N_I_              = $F278 (62072)  [label]
  AS_N_I_F_            = $F27A (62074)  [label]
  AS_NAME_NOT_FOUND    = $E086 (57478)  [label]
  AS_NAMOK             = $DFF6 (57334)  [label]
  AS_NEG32768          = $E0FD (57597)  [label]
  AS_NEGATE            = $DB00 (56064)  [label]
  AS_NEGOP             = $EECF (61135)  [label]
  AS_NEW               = $D649 (54857)  [label]
  AS_NEWSTT            = $D7D2 (55250)  [label]
  AS_NEXT              = $DCF9 (56569)  [label]
  AS_NEXT_1            = $DCFF (56575)  [label]
  AS_NEXT_2            = $DD02 (56578)  [label]
  AS_NEXT_3            = $DD0F (56591)  [label]
  AS_NORMAL            = $F272 (62066)  [label]
  AS_NORMALIZE_FAC_1   = $E828 (59432)  [label]
  AS_NORMALIZE_FAC_2   = $E82D (59437)  [label]
  AS_NORMALIZE_FAC_3   = $E873 (59507)  [label]
  AS_NORMALIZE_FAC_4   = $E87F (59519)  [label]
  AS_NORMALIZE_FAC_5   = $E88C (59532)  [label]
  AS_NORMALIZE_FAC_6   = $E88E (59534)  [label]
  AS_NOT_              = $DE8F (56975)  [label]
  AS_NOTMATH           = $DE34 (56884)  [label]
  AS_NOTRACE           = $F26E (62062)  [label]
  AS_NUMBERED_LINE     = $D45C (54364)  [label]
  AS_NUMCMP            = $DFAF (57263)  [label]
  AS_NUMDIM            = $000F (15)  [const]
  AS_NXDIM             = $DFD5 (57301)  [label]
  AS_NXIN              = $DBDC (56284)  [label]
  AS_NXOP              = $DDD6 (56790)  [label]
  AS_NXSPC             = $DB2C (56108)  [label]
  AS_OLDLIN            = $0077 (119)  [const]
  AS_OLDTEXT           = $0079 (121)  [const]
  AS_ON_1              = $D9F4 (55796)  [label]
  AS_ON_2              = $D9F8 (55800)  [label]
  AS_ONERR             = $F2CA (62154)  [label]
  AS_ONGOTO            = $D9EC (55788)  [label]
  AS_OR                = $DF4E (57166)  [label]
  AS_OUTDO             = $DB5C (56156)  [label]
  AS_OUTOFRNG          = $EA2A (59946)  [label]
  AS_OUTQUES           = $DB5A (56154)  [label]
  AS_OUTSP             = $DB57 (56151)  [label]
  AS_OVERFLOW          = $E8D4 (59604)  [label]
  AS_P_ADD             = $0079 (121)  [const]
  AS_P_AND             = $0050 (80)  [const]
  AS_P_MUL             = $007B (123)  [const]
  AS_P_NEQ             = $007F (127)  [const]
  AS_P_OR              = $0046 (70)  [const]
  AS_P_PWR             = $007D (125)  [const]
  AS_P_REL             = $0064 (100)  [const]
  AS_PARCHK            = $DEB1 (57009)  [label]
  AS_PARSE             = $D56C (54636)  [label]
  AS_PARSE_INPUT_LINE  = $D559 (54617)  [label]
  AS_PDL               = $DFCC (57292)  [label]
  AS_PEEK              = $E763 (59235)  [label]
  AS_PLOT              = $F224 (61988)  [label]
  AS_PLOTFNS           = $F1EB (61931)  [label]
  AS_POINT             = $E73C (59196)  [label]
  AS_POKE              = $E77A (59258)  [label]
  AS_POLY_ATN          = $F0CD (61645)  [label]
  AS_POLY_EXP          = $EEDF (61151)  [label]
  AS_POLY_LOG          = $E917 (59671)  [label]
  AS_POLY_SIN          = $F074 (61556)  [label]
  AS_POLYNOMIAL        = $EF71 (61297)  [label]
  AS_POLYNOMIAL_ODD    = $EF5B (61275)  [label]
  AS_POP               = $D96B (55659)  [label]
  AS_POS               = $E2FE (58110)  [label]
  AS_PR_COMMA          = $DB03 (56067)  [label]
  AS_PR_NEXT_CHAR      = $DB2F (56111)  [label]
  AS_PR_NUMBER         = $F1E4 (61924)  [label]
  AS_PR_STRING         = $DACF (56015)  [label]
  AS_PR_TAB_OR_SPC     = $DB16 (56086)  [label]
  AS_PREFNC            = $DDF6 (56822)  [label]
  AS_PRGEND            = $00AF (175)  [const]
  AS_PRINT             = $DAD5 (56021)  [label]
  AS_PRINT_ERROR_LINNUM = $D431 (54321)  [label]
  AS_PRINT_FAC         = $ED2D (60717)  [label]
  AS_PRINT2            = $DAD7 (56023)  [label]
  AS_PROCESS_INPUT_ITEM = $DBF1 (56305)  [label]
  AS_PROCESS_INPUT_LIST = $DBEB (56299)  [label]
  AS_PROGIO            = $D901 (55553)  [label]
  AS_PTRGET            = $DFE2 (57314)  [label]
  AS_PTRGET2           = $DFE7 (57319)  [label]
  AS_PTRGET3           = $DFE9 (57321)  [label]
  AS_PTRGET4           = $E006 (57350)  [label]
  AS_PULL3             = $D9C5 (55749)  [label]
  AS_PUT_NEW_LINE      = $D4B5 (54453)  [label]
  AS_PUTEMP            = $E434 (58420)  [label]
  AS_PUTNEW            = $E429 (58409)  [label]
  AS_PUTSTR            = $DA7B (55931)  [label]
  AS_QINT              = $EBF1 (60401)  [label]
  AS_QINT_2            = $EC11 (60433)  [label]
  AS_QINT_3            = $EC3F (60479)  [label]
  AS_QT_BREAK          = $D35D (54109)  [label]
  AS_QT_ERROR          = $D350 (54096)  [label]
  AS_QT_IN             = $D358 (54104)  [label]
  AS_QUARTER           = $F06F (61551)  [label]
  AS_READ              = $DBE2 (56290)  [label]
  AS_READERR           = $DB7B (56187)  [label]
  AS_REASON            = $D3E3 (54243)  [label]
  AS_RECALL            = $F3BB (62395)  [label]
  AS_RELOPS            = $DF64 (57188)  [label]
  AS_REM               = $D9DC (55772)  [label]
  AS_REMN              = $D9A6 (55718)  [label]
  AS_REMSTK            = $00F8 (248)  [const]
  AS_RESPERR           = $DB87 (56199)  [label]
  AS_RESTART           = $D43C (54332)  [label]
  AS_RESTORE           = $D849 (55369)  [label]
  AS_RESULT            = $0062 (98)  [const]
  AS_RESUME            = $F317 (62231)  [label]
  AS_RETURN            = $D984 (55684)  [label]
  AS_RIGHTSTR          = $E685 (59013)  [label]
  AS_RND               = $EFAD (61357)  [label]
  AS_RNDSEED           = $00C9 (201)  [const]
  AS_ROT               = $F720 (63264)  [label]
  AS_ROUND_FAC         = $EB71 (60273)  [label]
  AS_RTS_1             = $D648 (54856)  [label]
  AS_RTS_10            = $E79E (59294)  [label]
  AS_RTS_11            = $E89C (59548)  [label]
  AS_RTS_12            = $E8D3 (59603)  [label]
  AS_RTS_13            = $E9E1 (59873)  [label]
  AS_RTS_14            = $EB70 (60272)  [label]
  AS_RTS_15            = $EB8E (60302)  [label]
  AS_RTS_16            = $EC10 (60432)  [label]
  AS_RTS_17            = $EC48 (60488)  [label]
  AS_RTS_18            = $EED9 (61145)  [label]
  AS_RTS_19            = $EFA4 (61348)  [label]
  AS_RTS_2             = $D696 (54934)  [label]
  AS_RTS_20            = $F0CC (61644)  [label]
  AS_RTS_22            = $F5FF (62975)  [label]
  AS_RTS_23            = $F6F4 (63220)  [label]
  AS_RTS_3             = $D857 (55383)  [label]
  AS_RTS_4             = $D8AF (55471)  [label]
  AS_RTS_5             = $D96A (55658)  [label]
  AS_RTS_6             = $D9A2 (55714)  [label]
  AS_RTS_7             = $DA0B (55819)  [label]
  AS_RTS_8             = $DB02 (56066)  [label]
  AS_RTS_9             = $E2AB (58027)  [label]
  AS_RUN               = $D912 (55570)  [label]
  AS_SAVE              = $D8B0 (55472)  [label]
  AS_SAVOP             = $DDD7 (56791)  [label]
  AS_SCALE             = $F726 (63270)  [label]
  AS_SCREEN            = $DEF8 (57080)  [label]
  AS_SCRTCH            = $D64B (54859)  [label]
  AS_SERLEN            = $00A3 (163)  [const]
  AS_SERMAIN           = $EF75 (61301)  [label]
  AS_SERPNT            = $00AD (173)  [const]
  AS_SET_VARPNT_AND_YA = $E0DD (57565)  [label]
  AS_SETDA             = $D853 (55379)  [label]
  AS_SETFOR            = $EB26 (60198)  [label]
  AS_SETHI             = $F298 (62104)  [label]
  AS_SETHPG            = $F3E9 (62441)  [label]
  AS_SETPTRS           = $D665 (54885)  [label]
  AS_SGN               = $EB8F (60303)  [label]
  AS_SGN_              = $DEAA (57002)  [label]
  AS_SGNCPR            = $00AB (171)  [const]
  AS_SHIFT_RIGHT       = $E8EF (59631)  [label]
  AS_SHIFT_RIGHT_1     = $E8D9 (59609)  [label]
  AS_SHIFT_RIGHT_2     = $E8DB (59611)  [label]
  AS_SHIFT_RIGHT_3     = $E8FC (59644)  [label]
  AS_SHIFT_RIGHT_4     = $E906 (59654)  [label]
  AS_SHIFT_RIGHT_5     = $E910 (59664)  [label]
  AS_SHIFT_SIGN_EXT    = $00A4 (164)  [const]
  AS_SHLOAD            = $F774 (63348)  [label]
  AS_SIGN              = $EB81 (60289)  [label]
  AS_SIGN1             = $EB85 (60293)  [label]
  AS_SIGN2             = $EB87 (60295)  [label]
  AS_SIGNFLG           = $0016 (22)  [const]
  AS_SIN               = $EFF0 (61424)  [label]
  AS_SIN_1             = $F022 (61474)  [label]
  AS_SIN_2             = $F025 (61477)  [label]
  AS_SNGFLT            = $E300 (58112)  [label]
  AS_SNTXERR           = $DE0D (56845)  [label]
  AS_SPEED             = $F261 (62049)  [label]
  AS_SPEEDZ            = $00F1 (241)  [const]
  AS_SQR               = $EE8C (61068)  [label]
  AS_STA_IN_FAC_SIGN   = $E851 (59473)  [label]
  AS_STA_IN_FAC_SIGN_AND_EXP = $E84F (59471)  [label]
  AS_STACK             = $0100 (256)  [const]
  AS_STEP              = $D7AF (55215)  [label]
  AS_STKINI            = $D683 (54915)  [label]
  AS_STOP              = $D86E (55406)  [label]
  AS_STORE             = $F39E (62366)  [label]
  AS_STORE_FAC_IN_TEMP1_ROUNDED = $EB20 (60192)  [label]
  AS_STORE_FAC_IN_TEMP2_ROUNDED = $EB1D (60189)  [label]
  AS_STORE_FACDB_YX_ROUNDED = $EB2A (60202)  [label]
  AS_STR               = $E3C4 (58308)  [label]
  AS_STRCMP            = $DF7C (57212)  [label]
  AS_STRCMP_1          = $DFA9 (57257)  [label]
  AS_STRCMP_2          = $DFB4 (57268)  [label]
  AS_STREND            = $006D (109)  [const]
  AS_STRINI            = $E3D4 (58324)  [label]
  AS_STRLIT            = $E3E6 (58342)  [label]
  AS_STRLT2            = $E3EC (58348)  [label]
  AS_STRNG1            = $00AB (171)  [const]
  AS_STRNG2            = $00AD (173)  [const]
  AS_STROUT            = $DB3A (56122)  [label]
  AS_STRPRT            = $DB3D (56125)  [label]
  AS_STRSPA            = $E3DC (58332)  [label]
  AS_STRTXT            = $DE80 (56960)  [label]
  AS_STXTPT            = $D697 (54935)  [label]
  AS_SUBERR            = $E195 (57749)  [label]
  AS_SUBFLG            = $0014 (20)  [const]
  AS_SUBSTRING_1       = $E65F (58975)  [label]
  AS_SUBSTRING_2       = $E666 (58982)  [label]
  AS_SUBSTRING_3       = $E667 (58983)  [label]
  AS_SUBSTRING_SETUP   = $E6B8 (59064)  [label]
  AS_SW_HIRES          = $C057 (49239)  [const]
  AS_SW_HISCR          = $C055 (49237)  [const]
  AS_SW_LORES          = $C056 (49238)  [const]
  AS_SW_LOWSCR         = $C054 (49236)  [const]
  AS_SW_MIXCLR         = $C052 (49234)  [const]
  AS_SW_MIXSET         = $C053 (49235)  [const]
  AS_SW_TXTCLR         = $C050 (49232)  [const]
  AS_SYNCHR            = $DEBF (57023)  [label]
  AS_SYNERR            = $DEC8 (57032)  [label]
  AS_SYNERR_1          = $D846 (55366)  [label]
  AS_SYNERR_2          = $D981 (55681)  [label]
  AS_TAN               = $F039 (61497)  [label]
  AS_TAN_1             = $F061 (61537)  [label]
  AS_TAPEPNT           = $F7BB (63419)  [label]
  AS_TEMP1             = $0093 (147)  [const]
  AS_TEMP2             = $0098 (152)  [const]
  AS_TEMP3             = $008A (138)  [const]
  AS_TEMPPT            = $0052 (82)  [const]
  AS_TEMPST            = $0055 (85)  [const]
  AS_TEXT              = $F398 (62360)  [label]
  AS_TKN_CNTR          = $000F (15)  [const]
  AS_TMPEXP            = $0099 (153)  [const]
  AS_TOKEN_ADDRESS_TABLE = $D000 (53248)  [label]
  AS_TOKEN_FN          = $00C2 (194)  [const]
  AS_TOKEN_FOR         = $0081 (129)  [const]
  AS_TOKEN_GOSUB       = $00B0 (176)  [const]
  AS_TOKEN_GOTO        = $00AB (171)  [const]
  AS_TOKEN_GREATER     = $00CF (207)  [const]
  AS_TOKEN_LEFTSTR     = $00E8 (232)  [const]
  AS_TOKEN_MINUS       = $00C9 (201)  [const]
  AS_TOKEN_NAME_TABLE  = $D0D0 (53456)  [label]
  AS_TOKEN_NOT         = $00C6 (198)  [const]
  AS_TOKEN_PLUS        = $00C8 (200)  [const]
  AS_TOKEN_POP         = $00A1 (161)  [const]
  AS_TOKEN_PRINT       = $00BA (186)  [const]
  AS_TOKEN_REM         = $00B2 (178)  [const]
  AS_TOKEN_SCRN        = $00D7 (215)  [const]
  AS_TOKEN_SGN         = $00D2 (210)  [const]
  AS_TOKEN_SPC         = $00C3 (195)  [const]
  AS_TOKEN_STEP        = $00C7 (199)  [const]
  AS_TOKEN_TAB         = $00C0 (192)  [const]
  AS_TOKEN_THEN        = $00C4 (196)  [const]
  AS_TOKEN_TO          = $00C1 (193)  [const]
  AS_TOKENDB           = $00C5 (197)  [const]
  AS_TOKENDWTA         = $0083 (131)  [const]
  AS_TOKENEQUUAL       = $00D0 (208)  [const]
  AS_TRACE             = $F26C (62060)  [label]
  AS_TRACE_            = $D805 (55301)  [label]
  AS_TRCFLG            = $00F2 (242)  [const]
  AS_TRUE              = $DF5F (57183)  [label]
  AS_TXPSV             = $0087 (135)  [const]
  AS_TXTPSV            = $00F4 (244)  [const]
  AS_TXTPTR            = $00B8 (184)  [const]
  AS_TXTTAB            = $0067 (103)  [const]
  AS_UD_1              = $F500 (62720)  [label]
  AS_UNARY             = $DF0B (57099)  [label]
  AS_UNDERR            = $D97C (55676)  [label]
  AS_UNDFNC            = $E30D (58125)  [label]
  AS_UNFNC             = $D080 (53376)  [label]
  AS_USE_OLD_ARRAY     = $E19D (57757)  [label]
  AS_USR               = $000A (10)  [const]
  AS_VAL               = $E706 (59142)  [label]
  AS_VALTYP            = $0011 (17)  [const]
  AS_VARNAM            = $0081 (129)  [const]
  AS_VARPNT            = $0083 (131)  [const]
  AS_VARTAB            = $0069 (105)  [const]
  AS_VARTIO            = $D8F0 (55536)  [label]
  AS_VLIN              = $F240 (62016)  [label]
  AS_VPNT              = $00A0 (160)  [const]
  AS_VTAB              = $F255 (62037)  [label]
  AS_WAIT              = $E783 (59267)  [label]
  AS_XDRAW             = $F76E (63342)  [label]
  AS_XDRAW0            = $F65C (63068)  [label]
  AS_XDRAW1            = $F660 (63072)  [label]
  AS_ZERO              = $EA30 (59952)  [label]
  AS_ZERO_FAC          = $E84D (59469)  [label]
  MON_A1H              = $003D (61)  [const]
  MON_A1L              = $003C (60)  [const]
  MON_A1PC             = $FE74 (65140)  [label]
  MON_A1PCLP           = $FE77 (65143)  [label]
  MON_A1PCRTS          = $FE7E (65150)  [label]
  MON_A2H              = $003F (63)  [const]
  MON_A2L              = $003E (62)  [const]
  MON_ADD              = $FDD0 (64976)  [label]
  MON_ADDINP           = $FD83 (64899)  [label]
  MON_ADVANCE          = $FBF3 (64499)  [label]
  MON_APPLEII          = $FB5F (64351)  [label]
  MON_ASCBEL           = $0087 (135)  [const]
  MON_ASCBS            = $0088 (136)  [const]
  MON_BASCALC          = $FBC0 (64448)  [label]
  MON_BASCONT          = $FEB2 (65202)  [label]
  MON_BCKSPC           = $FD70 (64880)  [label]
  MON_BELL             = $FF39 (65337)  [label]
  MON_BELL1            = $FBD8 (64472)  [label]
  MON_BELL2            = $FBE3 (64483)  [label]
  MON_BL1              = $FDFF (65023)  [label]
  MON_BLANK            = $FE03 (65027)  [label]
  MON_BREAK            = $FA4B (64075)  [label]
  MON_BS               = $FC0F (64527)  [label]
  MON_BSCLC2           = $FBCF (64463)  [label]
  MON_CANCEL           = $FD61 (64865)  [label]
  MON_CAPTST           = $FD7D (64893)  [label]
  MON_CH               = $0024 (36)  [const]
  MON_CHAR1            = $F9B3 (63923)  [label]
  MON_CHAR2            = $F9B9 (63929)  [label]
  MON_CHRSRCH          = $FF79 (65401)  [label]
  MON_CHRTBL           = $FFCB (65483)  [label]
  MON_CLEOL2           = $FC9F (64671)  [label]
  MON_CLEOLZ           = $FC9D (64669)  [label]
  MON_CLEOP1           = $FC45 (64581)  [label]
  MON_CLREOL           = $FC9B (64667)  [label]
  MON_CLREOP           = $FC41 (64577)  [label]
  MON_CLRSC2           = $F837 (63543)  [label]
  MON_CLRSC3           = $F83B (63547)  [label]
  MON_CLRSCR           = $F831 (63537)  [label]
  MON_CLRTOP           = $F835 (63541)  [label]
  MON_COLOR            = $0030 (48)  [const]
  MON_COUT             = $FDEC (65004)  [label]
  MON_COUT1            = $FDEF (65007)  [label]
  MON_COUTZ            = $FDF5 (65013)  [label]
  MON_CR               = $FC61 (64609)  [label]
  MON_CRMON            = $FEF5 (65269)  [label]
  MON_CROUT            = $FD8D (64909)  [label]
  MON_CTRL_B           = $0082 (130)  [const]
  MON_CTRL_C           = $0083 (131)  [const]
  MON_CTRL_E           = $0085 (133)  [const]
  MON_CTRL_K           = $008B (139)  [const]
  MON_CTRL_P           = $0090 (144)  [const]
  MON_CTRL_Y           = $0099 (153)  [const]
  MON_DATAOUT          = $FDB5 (64949)  [label]
  MON_DIG              = $FF89 (65417)  [label]
  MON_DISKID           = $FB01 (64257)  [label]
  MON_ERR              = $F8A4 (63652)  [label]
  MON_ESC              = $FD2E (64814)  [label]
  MON_ESC1             = $FC2B (64555)  [label]
  MON_ESCNEW           = $FBA4 (64420)  [label]
  MON_ESCNOW           = $FB9A (64410)  [label]
  MON_ESCOLD           = $FB96 (64406)  [label]
  MON_FIXSEV           = $FA9A (64154)  [label]
  MON_FMT1             = $F961 (63841)  [label]
  MON_FMT2             = $F9A5 (63909)  [label]
  MON_GBASCALC         = $F846 (63558)  [label]
  MON_GBASH            = $0027 (39)  [const]
  MON_GBASL            = $0026 (38)  [const]
  MON_GBCALC           = $F855 (63573)  [label]
  MON_GETFMT           = $F8A8 (63656)  [label]
  MON_GETLN            = $FD69 (64873)  [label]
  MON_GETLNZ           = $FD66 (64870)  [label]
  MON_GETNUM           = $FFA6 (65446)  [label]
  MON_GO               = $FEB5 (65205)  [label]
  MON_H2               = $002C (44)  [const]
  MON_HEADR            = $FCC8 (64712)  [label]
  MON_HLINE            = $F818 (63512)  [label]
  MON_HLINE1           = $F81B (63515)  [label]
  MON_HMASK            = $0030 (48)  [const]
  MON_HOME             = $FC57 (64599)  [label]
  MON_IEVEN            = $F89A (63642)  [label]
  MON_INIT             = $FB2E (64302)  [label]
  MON_INPORT           = $FE8A (65162)  [label]
  MON_INPRT            = $FE8C (65164)  [label]
  MON_INSDS1           = $F881 (63617)  [label]
  MON_INSDS2           = $F88D (63629)  [label]
  MON_INSTDSP          = $F8CF (63695)  [label]
  MON_INVFLG           = $0032 (50)  [const]
  MON_IOADR            = $C000 (49152)  [const]
  MON_IOPRT            = $FE9A (65178)  [label]
  MON_IOPRT1           = $FEA6 (65190)  [label]
  MON_IOPRT2           = $FEA8 (65192)  [label]
  MON_IRQ              = $FA3F (64063)  [label]
  MON_KBD              = $C000 (49152)  [const]
  MON_KBDSTRB          = $C010 (49168)  [const]
  MON_KBDWAIT          = $FB87 (64391)  [label]
  MON_KEYIN            = $FD1A (64794)  [label]
  MON_KEYIN2           = $FD20 (64800)  [label]
  MON_LF               = $FC65 (64613)  [label]
  MON_LIST1            = $FE5D (65117)  [label]
  MON_LIST2            = $FE62 (65122)  [label]
  MON_LORES            = $C056 (49238)  [const]
  MON_LORESHEIGHT      = $0030 (48)  [const]
  MON_LOWSCR           = $C054 (49236)  [const]
  MON_LT               = $FE1F (65055)  [label]
  MON_LT2              = $FE21 (65057)  [label]
  MON_M6502VEC         = $FFF9 (65529)  [label]
  MON_MASK             = $002E (46)  [const]
  MON_MIXSET           = $C053 (49235)  [const]
  MON_MNEML            = $F9BF (63935)  [label]
  MON_MNEMR            = $F9FF (63999)  [label]
  MON_MNNDX1           = $F8BD (63677)  [label]
  MON_MNNDX2           = $F8C1 (63681)  [label]
  MON_MNNDX3           = $F8C8 (63688)  [label]
  MON_MODSCHK          = $FDAC (64940)  [label]
  MON_MON              = $FF64 (65380)  [label]
  MON_MONZ             = $FF68 (65384)  [label]
  MON_MOVE             = $FE2B (65067)  [label]
  MON_NOFIX            = $FAA2 (64162)  [label]
  MON_NOTCR            = $FD3C (64828)  [label]
  MON_NOTCR1           = $FD5E (64862)  [label]
  MON_NOWAIT           = $FB93 (64403)  [label]
  MON_NXTA1            = $FCB9 (64697)  [label]
  MON_NXTA4            = $FCB3 (64691)  [label]
  MON_NXTBAS           = $FF97 (65431)  [label]
  MON_NXTBIT           = $FF8F (65423)  [label]
  MON_NXTBS2           = $FFA1 (65441)  [label]
  MON_NXTBYT           = $FAC6 (64198)  [label]
  MON_NXTCHAR          = $FD74 (64884)  [label]
  MON_NXTCHAR1         = $FD77 (64887)  [label]
  MON_NXTCHR           = $FFAC (65452)  [label]
  MON_NXTCOL           = $F8F4 (63732)  [label]
  MON_NXTITM           = $FF72 (65394)  [label]
  MON_OLDBRK           = $FA58 (64088)  [label]
  MON_ONEDLY           = $FCE1 (64737)  [label]
  MON_OUTPORT          = $FE94 (65172)  [label]
  MON_OUTPRT           = $FE96 (65174)  [label]
  MON_PADDL0           = $C064 (49252)  [const]
  MON_PCADJ            = $F952 (63826)  [label]
  MON_PCADJ2           = $F953 (63827)  [label]
  MON_PCADJ3           = $F955 (63829)  [label]
  MON_PCADJ4           = $F95B (63835)  [label]
  MON_PLOT             = $F7FF (63487)  [label]
  MON_PLOT1            = $F80D (63501)  [label]
  MON_PRA1             = $FD91 (64913)  [label]
  MON_PRADR1           = $F90F (63759)  [label]
  MON_PRADR2           = $F913 (63763)  [label]
  MON_PRADR3           = $F925 (63781)  [label]
  MON_PRADR4           = $F929 (63785)  [label]
  MON_PRADR5           = $F92F (63791)  [label]
  MON_PRBL2            = $F949 (63817)  [label]
  MON_PRBL3            = $F94B (63819)  [label]
  MON_PRBLNK           = $F947 (63815)  [label]
  MON_PRBYTE           = $FDD9 (64985)  [label]
  MON_PREAD            = $FB1D (64285)  [label]
  MON_PREAD2           = $FB24 (64292)  [label]
  MON_PRERR            = $FF2C (65324)  [label]
  MON_PRHEX            = $FDE2 (64994)  [label]
  MON_PRHEXZ           = $FDE4 (64996)  [label]
  MON_PRMN2            = $F8F8 (63736)  [label]
  MON_PRNTAX           = $F940 (63808)  [label]
  MON_PRNTBL           = $F8DA (63706)  [label]
  MON_PRNTOP           = $F8D3 (63699)  [label]
  MON_PRNTX            = $F943 (63811)  [label]
  MON_PRNTYX           = $F93F (63807)  [label]
  MON_PROMPT           = $0033 (51)  [const]
  MON_PRYX2            = $FD95 (64917)  [label]
  MON_PTRIG            = $C070 (49264)  [const]
  MON_PWRCON           = $FAFC (64252)  [label]
  MON_PWRUP            = $FAA5 (64165)  [label]
  MON_RD2              = $FF09 (65289)  [label]
  MON_RD2BIT           = $FCF9 (64761)  [label]
  MON_RD3              = $FF15 (65301)  [label]
  MON_RDBIT            = $FCFC (64764)  [label]
  MON_RDBYT2           = $FCED (64749)  [label]
  MON_RDBYTE           = $FCEB (64747)  [label]
  MON_RDCHAR           = $FD34 (64820)  [label]
  MON_RDKEY            = $FD0B (64779)  [label]
  MON_RDSP1            = $FAE3 (64227)  [label]
  MON_READ             = $FEFC (65276)  [label]
  MON_READ2            = $FF01 (65281)  [label]
  MON_REGDSP           = $FAD6 (64214)  [label]
  MON_REGZ             = $FEBE (65214)  [label]
  MON_RELADR           = $F937 (63799)  [label]
  MON_RESET            = $FF58 (65368)  [label]
  MON_RESET2           = $FA61 (64097)  [label]
  MON_RESTORE          = $FF3E (65342)  [label]
  MON_RESTR1           = $FF43 (65347)  [label]
  MON_RGDSP1           = $FAD9 (64217)  [label]
  MON_RTBL             = $FB18 (64280)  [label]
  MON_RTMASK           = $F80B (63499)  [label]
  MON_RTMSKZ           = $F87E (63614)  [label]
  MON_RTS1             = $F830 (63536)  [label]
  MON_RTS2             = $F960 (63840)  [label]
  MON_RTS2B            = $FBEE (64494)  [label]
  MON_RTS2D            = $FB2D (64301)  [label]
  MON_RTS3             = $FBFB (64507)  [label]
  MON_RTS4             = $FC2A (64554)  [label]
  MON_RTS4B            = $FCC7 (64711)  [label]
  MON_RTS4C            = $FDC4 (64964)  [label]
  MON_RTS5             = $FE16 (65046)  [label]
  MON_SAV1             = $FF4B (65355)  [label]
  MON_SAVE             = $FF49 (65353)  [label]
  MON_SCRL1            = $FC75 (64629)  [label]
  MON_SCRL2            = $FC8B (64651)  [label]
  MON_SCRL3            = $FC94 (64660)  [label]
  MON_SCRN             = $F870 (63600)  [label]
  MON_SCRN2            = $F878 (63608)  [label]
  MON_SCROLL           = $FC6F (64623)  [label]
  MON_SETCOL           = $F863 (63587)  [label]
  MON_SETGR            = $FB3F (64319)  [label]
  MON_SETIFLG          = $FE85 (65157)  [label]
  MON_SETINV           = $FE7F (65151)  [label]
  MON_SETKBD           = $FE88 (65160)  [label]
  MON_SETMDZ           = $FE1C (65052)  [label]
  MON_SETMODE          = $FE17 (65047)  [label]
  MON_SETNORM          = $FE83 (65155)  [label]
  MON_SETPLP           = $FAAA (64170)  [label]
  MON_SETTXT           = $FB38 (64312)  [label]
  MON_SETVID           = $FE92 (65170)  [label]
  MON_SETWND           = $FB4A (64330)  [label]
  MON_SLOOP            = $FAB9 (64185)  [label]
  MON_SPKR             = $C030 (49200)  [const]
  MON_STEPZ            = $FEC4 (65220)  [label]
  MON_STITLE           = $FB64 (64356)  [label]
  MON_STOADV           = $FBEF (64495)  [label]
  MON_STOR             = $FE0A (65034)  [label]
  MON_SUBTBL           = $FFE2 (65506)  [label]
  MON_TABV             = $FB5A (64346)  [label]
  MON_TAPEIN           = $C060 (49248)  [const]
  MON_TAPEOUT          = $C020 (49184)  [const]
  MON_TEXTBOTTOMLINES  = $0004 (4)  [const]
  MON_TITLE            = $FB08 (64264)  [label]
  MON_TOSUB            = $FFBD (65469)  [label]
  MON_TRACE            = $FEC1 (65217)  [label]
  MON_TXTCLR           = $C050 (49232)  [const]
  MON_TXTSET           = $C051 (49233)  [const]
  MON_UP               = $FC19 (64537)  [label]
  MON_USR              = $FEC9 (65225)  [label]
  MON_V2               = $002D (45)  [const]
  MON_VFY              = $FE35 (65077)  [label]
  MON_VFYOK            = $FE57 (65111)  [label]
  MON_VIDOUT           = $FBFC (64508)  [label]
  MON_VIDWAIT          = $FB77 (64375)  [label]
  MON_VLINE            = $F827 (63527)  [label]
  MON_VLINEZ           = $F825 (63525)  [label]
  MON_VTAB             = $FC21 (64545)  [label]
  MON_VTABZ            = $FC23 (64547)  [label]
  MON_WAIT             = $FCA7 (64679)  [label]
  MON_WAIT2            = $FCA8 (64680)  [label]
  MON_WAIT3            = $FCA9 (64681)  [label]
  MON_WR1              = $FED3 (65235)  [label]
  MON_WRBIT            = $FCD5 (64725)  [label]
  MON_WRBYT2           = $FEEE (65262)  [label]
  MON_WRBYTE           = $FEEC (65260)  [label]
  MON_WRITE            = $FECC (65228)  [label]
  MON_WRTAPE           = $FCE4 (64740)  [label]
  MON_XAM              = $FDB2 (64946)  [label]
  MON_XAM8             = $FDA2 (64930)  [label]
  MON_XAMPM            = $FDC5 (64965)  [label]
  MON_XBASIC           = $FEAF (65199)  [label]
  MON_XLTBL            = $FB10 (64272)  [label]
  MON_ZERDLY           = $FCDA (64730)  [label]
  MON_ZMODE            = $FFC6 (65478)  [label]
  MON1_NXTCOL          = $F85E (63582)  [label]

================================================================================