
asrom.s

    1 A:1000                                     *= $d000

   29 A:d000                                    ; --------------------------------
   30 A:d000                                    ;
   31 A:d000                                    ; Applesoft BASIC, V2
   32 A:d000                                    ;
   33 A:d000                                    ; Written by Marc McDonald and Randy Wigginton.
   34 A:d000                                    ;
   35 A:d000                                    ; Original copyright 1976 by Microsoft,
   36 A:d000                                    ; 1977 by Apple Computer.
   37 A:d000                                    ;
   38 A:d000                                    ; Disassembled by (unknown).
   39 A:d000                                    ; Fixed by Chris Mosher.
   40 A:d000                                    ; 
   41 A:d000                                    ; For the cc65.org Assembler (ca65)
   42 A:d000                                    ;
   43 A:d000                                    ; Applesoft BASIC was first written by
   44 A:d000                                    ; Marc McDonald, the first employee of Microsoft,
   45 A:d000                                    ; in mid-1976. That version was bought by Apple
   46 A:d000                                    ; and released (on casette) in Nov. 1977.
   47 A:d000                                    ;
   48 A:d000                                    ; Version 2 was written by Randy Wigginton and
   49 A:d000                                    ; others at Apple in spring 1978. This version
   50 A:d000                                    ; was released in several different forms. The
   51 A:d000                                    ; one reproduced by this source assembly file is
   52 A:d000                                    ; the main-board ROM form, which appeared in the
   53 A:d000                                    ; Apple ][ plus ROM at $D000-$F7FF.
   54 A:d000                                    ;
   55 A:d000                                    ; --------------------------------

   59 A:d000                                    ; --------------------------------
   60 A:d000                                    ; ZERO PAGE LOCATIONS:
   61 A:d000                                    ; --------------------------------
   62 A:d000                                    MS_Z_START=$00           ; GETS "JMP RESTART"
   63 A:d000                                    MS_Z_RDYJSR=$03           ; GETS "JMP STROUT"
   64 A:d000                                    MS_Z_ADRAYI=$06
   65 A:d000                                    MS_Z_ADRGAY=$08
   66 A:d000                                    MS_Z_USRPOK=$0a           ; GETS "JMP <USER ADDR>"
   67 A:d000                                    ; (INITIALLY $E199)
   68 A:d000                                    MS_Z_CHARAC=$0d           ; ALTERNATE STRING TERMINATOR
   69 A:d000                                    MS_Z_INTEGR=MS_Z_CHARAC
   70 A:d000                                    MS_Z_ENDCHR=$0e           ; STRING TERMINATOR
   71 A:d000                                    MS_Z_COUNT=$0f           ; USED IN PARSE
   72 A:d000                                    AS_EOL_PNTR=$0f           ; USED IN NXLIN
   73 A:d000                                    AS_NUMDIM=$0f           ; USED IN ARRAY ROUTINES
   74 A:d000                                    MS_Z_DIMFLG=$10           ; 
   75 A:d000                                    MS_Z_KIMY=MS_Z_DIMFLG
   76 A:d000                                    MS_Z_VALTYP=$11           ; $:VALTYP=$FF; %:VALTYP+1=$80
   77 A:d000                                    MS_Z_INTFLG=$12
   78 A:d000                                    MS_Z_DORES=$13           ; USED IN PARSE
   79 A:d000                                    MS_Z_GARBFL=$13           ; USED IN GARBAG
   80 A:d000                                    MS_Z_SUBFLG=$14           ; 
   81 A:d000                                    MS_Z_INPFLG=$15           ; = $40 FOR GET, $98 FOR READ
   82 A:d000                                    AS_CPRMASK=$16           ; RECEIVES CPRTYP IN FRMEVL
   83 A:d000                                    MS_Z_TANSGN=$16           ; FLAGS SIGN IN TAN
   84 A:d000                                    AS_HGR_SHAPE=$1a           ; 
   85 A:d000                                    AS_HGR_BITS=$1c           ; 
   86 A:d000                                    AS_HGR_COUNT=$1d           ; 
   87 A:d000                                    MON_CH=$24           ; 
   88 A:d000                                    MON_GBASL=$26           ; 
   89 A:d000                                    MON_GBASH=$27           ; 
   90 A:d000                                    MON_H2=$2c           ; 
   91 A:d000                                    MON_V2=$2d           ; 
   92 A:d000                                    MON_MASK=$2e
   93 A:d000                                    MON_HMASK=$30           ; 
   94 A:d000                                    MON_COLOR=$30
   95 A:d000                                    MON_INVFLG=$32           ; 
   96 A:d000                                    MON_PROMPT=$33           ; 
   97 A:d000                                    MON_A1L=$3c           ; USED BY TAPE I/O ROUTINES
   98 A:d000                                    MON_A1H=$3d           ; "
   99 A:d000                                    MON_A2L=$3e           ; "
  100 A:d000                                    MON_A2H=$3f           ; "
  101 A:d000                                    MS_Z_LINNUM=$50           ; CONVERTED LINE #
  102 A:d000                                    MS_Z_TEMPPT=$52           ; LAST USED TEMP STRING DESC
  103 A:d000                                    MS_Z_LASTPT=$53           ; LAST USED TEMP STRING PNTR
  104 A:d000                                    MS_Z_TEMPST=$55           ; HOLDS UP TO 3 DESCRIPTORS
  105 A:d000                                    AS_INDEX=$5e           ; 
  106 A:d000                                    AS_DEST=$60           ; 
  107 A:d000                                    AS_RESULT=$62           ; RESULT OF LAST * OR /
  108 A:d000                                    MS_Z_TXTTAB=$67           ; START OF PROGRAM TEXT
  109 A:d000                                    MS_Z_VARTAB=$69           ; START OF VARIABLE STORAGE
  110 A:d000                                    MS_Z_ARYTAB=$6b           ; START OF ARRAY STORAGE
  111 A:d000                                    MS_Z_STREND=$6d           ; END OF ARRAY STORAGE
  112 A:d000                                    MS_Z_FRETOP=$6f           ; START OF STRING STORAGE
  113 A:d000                                    MS_Z_FRESPC=$71           ; TEMP PNTR, STRING ROUTINES
  114 A:d000                                    MS_Z_MEMSIZ=$73           ; END OF STRING SPACE (HIMEM)
  115 A:d000                                    MS_Z_CURLIN=$75           ; CURRENT LINE NUMBER
  116 A:d000                                    ; ( = $FFXX IF IN DIRECT MODE)
  117 A:d000                                    MS_Z_OLDLIN=$77           ; ADDR. OF LAST LINE EXECUTED
  118 A:d000                                    MS_Z_POKER=MS_Z_LINNUM
  119 A:d000                                    MS_Z_OLDTXT=$79           ; 
  120 A:d000                                    MS_Z_DATLIN=$7b           ; LINE # OF CURRENT DATA STT.
  121 A:d000                                    MS_Z_DATPTR=$7d           ; ADDR OF CURRENT DATA STT.
  122 A:d000                                    MS_Z_INPPTR=$7f           ; 
  123 A:d000                                    MS_Z_VARNAM=$81           ; NAME OF VARIABLE
  124 A:d000                                    MS_Z_VARPNT=$83           ; ADDR OF VARIABLE
  125 A:d000                                    MS_Z_FDECPT=MS_Z_VARPNT
  126 A:d000                                    MS_Z_FORPNT=$85           ; 
  127 A:d000                                    MS_Z_LSTPNT=MS_Z_FORPNT
  128 A:d000                                    MS_Z_ANDMSK=MS_Z_FORPNT
  129 A:d000                                    MS_Z_EORMSK=MS_Z_FORPNT+1
  130 A:d000                                    MS_Z_VARTXT=$87           ; USED IN INPUT
  131 A:d000                                    MS_Z_OPPTR=$87           ; SCRATCH FLAG USED IN FRMEVL
  132 A:d000                                    MS_Z_OPMASK=$89           ; >,=,< FLAG IN FRMEVL
  133 A:d000                                    MS_Z_DOMASK=MS_Z_TANSGN
  134 A:d000                                    MS_Z_GRBPNT=$8a           ; 
  135 A:d000                                    MS_Z_DEFPNT=$8a           ; 
  136 A:d000                                    MS_Z_DSCPNT=$8c           ; 
  137 A:d000                                    MS_Z_FOUR6=$8f           ; USED IN GARBAG
  138 A:d000                                    MS_Z_JMPER=$90           ; GETS "JMP ...."
  139 A:d000                                    MS_Z_SIZE=$91           ; USED IN GARBAG
  140 A:d000                                    MS_Z_OLDOV=$92           ; FP EXTRA PRECISION
  141 A:d000                                    MS_Z_TEMPF3=MS_Z_DEFPNT
  142 A:d000                                    MS_Z_TEMPF1=$93           ; SAVE AREAS FOR FAC
  143 A:d000                                    MS_Z_ARYPNT=$94           ; USED IN GARBAG
  144 A:d000                                    MS_Z_HIGHDS=$94           ; PNTR FOR BLTU
  145 A:d000                                    MS_Z_HIGHTR=$96           ; PNTR FOR BLTU
  146 A:d000                                    MS_Z_TEMPF2=$98           ; 
  147 A:d000                                    AS_TMPEXP=$99           ; USED IN FIN (EVAL)
  148 A:d000                                    AS_INDX=$99           ; USED BY ARRAY RTNS
  149 A:d000                                    MS_Z_TENEXP=$9a           ; "
  150 A:d000                                    MS_Z_DPTFLG=$9b           ; FLAGS DEC PNT IN FIN
  151 A:d000                                    MS_Z_LOWTR=$9b           ; 
  152 A:d000                                    MS_Z_EXPSGN=$9c           ; 
  153 A:d000                                    MS_Z_FAC=$9d           ; MAIN FLT PT ACCUMULATOR
  154 A:d000                                    MS_Z_FACEXP=MS_Z_FAC
  155 A:d000                                    MS_Z_DSCTMP=$9d           ; 
  156 A:d000                                    AS_VPNT=$a0           ; TEMP VAR PTR
  157 A:d000                                    MS_Z_FACSGN=$a2           ; HOLDS UNPACKED SIGN
  158 A:d000                                    MS_Z_DEGREE=$a3           ; HOLDS LENGTH OF SERIES-1
  159 A:d000                                    MS_Z_BITS=$a4           ; SIGN EXTENSION, RIGHT SHIFTS
  160 A:d000                                    MS_Z_ARGEXP=$a5           ; SECONDARY FP ACC
  161 A:d000                                    MS_Z_ARGSGN=$aa           ; 
  162 A:d000                                    MS_Z_ARISGN=$ab           ; FLAGS OPP SIGN IN FP ROUT.
  163 A:d000                                    MS_Z_FACOV=$ac           ; FAC EXTENSION BYTE
  164 A:d000                                    MS_Z_POLYPT=$ad           ; PNTR TO SERIES DATA IN FP
  165 A:d000                                    MS_Z_STRNG1=$ab           ; 
  166 A:d000                                    MS_Z_STRNG2=$ad           ; 
  167 A:d000                                    AS_PRGEND=$af           ; 
  168 A:d000                                    MS_Z_CHRGET=$b1           ; 
  169 A:d000                                    MS_Z_CHRGOT=$b7           ; 
  170 A:d000                                    MS_Z_TXTPTR=$b8           ; 
  171 A:d000                                    MS_Z_RNDX=$c9           ; 
  172 A:d000                                    AS_HGR_DX=$d0           ; 
  173 A:d000                                    AS_HGR_DY=$d2           ; 
  174 A:d000                                    AS_HGR_QUADRANT=$d3           ; 
  175 A:d000                                    AS_HGR_E=$d4           ; 
  176 A:d000                                    AS_LOCK=$d6           ; NO USER ACCESS IF > 127
  177 A:d000                                    AS_ERRFLG=$d8           ; $80 IF ON ERR ACTIVE
  178 A:d000                                    AS_ERRLIN=$da           ; LINE # WHERE ERROR OCCURRED
  179 A:d000                                    AS_ERRPOS=$dc           ; TXTPTR SAVE FOR HANDLERR
  180 A:d000                                    AS_ERRNUM=$de           ; WHICH ERROR OCCURRED
  181 A:d000                                    AS_ERRSTK=$df           ; STACK PNTR BEFORE ERROR
  182 A:d000                                    AS_HGR_X=$e0           ; 
  183 A:d000                                    AS_HGR_Y=$e2           ; 
  184 A:d000                                    AS_HGR_COLOR=$e4           ; 
  185 A:d000                                    AS_HGR_HORIZ=$e5           ; BYTE INDEX FROM GBASH,L
  186 A:d000                                    AS_HGR_PAGE=$e6           ; HGR=$20, HGR2=$40
  187 A:d000                                    AS_HGR_SCALE=$e7           ; 
  188 A:d000                                    AS_HGR_SHAPE_PNTR=$e8           ; 
  189 A:d000                                    AS_HGR_COLLISIONS=$ea           ; 
  190 A:d000                                    AS_FIRST=$f0           ; 
  191 A:d000                                    AS_SPEEDZ=$f1           ; OUTPUT SPEED
  192 A:d000                                    AS_TRCFLG=$f2           ; 
  193 A:d000                                    AS_FLASH_BIT=$f3           ; = $40 FOR FLASH, ELSE =$00
  194 A:d000                                    AS_TXTPSV=$f4           ; 
  195 A:d000                                    AS_CURLSV=$f6           ; 
  196 A:d000                                    AS_REMSTK=$f8           ; STACK PNTR BEFORE EACH STT.
  197 A:d000                                    AS_HGR_ROTATION=$f9           ; 
  198 A:d000                                    ; $FF IS ALSO USED BY THE STRING OUT ROUTINES
  199 A:d000                                    ; --------------------------------
  200 A:d000                                    AS_STACK=$0100
  201 A:d000                                    AS_INPUT_BUFFER=$0200
  202 A:d000                                    AS_AMPERSAND_VECTOR=$03f5           ; - 3F7   GETS "JMP ...."
  203 A:d000                                    ; --------------------------------
  204 A:d000                                    ; I/O & SOFT SWITCHES
  205 A:d000                                    ; --------------------------------
  206 A:d000                                    AS_KEYBOARD=$c000
  207 A:d000                                    AS_SW_TXTCLR=$c050
  208 A:d000                                    AS_SW_MIXCLR=$c052
  209 A:d000                                    AS_SW_MIXSET=$c053
  210 A:d000                                    AS_SW_LOWSCR=$c054
  211 A:d000                                    AS_SW_HISCR=$c055
  212 A:d000                                    AS_SW_LORES=$c056
  213 A:d000                                    AS_SW_HIRES=$c057
  214 A:d000                                    ; --------------------------------
  215 A:d000                                    ; MONITOR SUBROUTINES
  216 A:d000                                    ; --------------------------------
  217 A:d000                                    ;MON_PLOT            = $F800
  218 A:d000                                    ;MON_HLINE           = $F819
  219 A:d000                                    ;MON_VLINE           = $F828
  220 A:d000                                    ;MON_SETCOL          = $F864
  221 A:d000                                    ;MON_SCRN            = $F871
  222 A:d000                                    ;MON_PREAD           = $FB1E
  223 A:d000                                    ;MON_SETTXT          = $FB39
  224 A:d000                                    ;MON_SETGR           = $FB40
  225 A:d000                                    ;MON_TABV            = $FB5B
  226 A:d000                                    ;MON_HOME            = $FC58
  227 A:d000                                    ;MON_WAIT            = $FCA8
  228 A:d000                                    ;MON_RD2BIT          = $FCFA
  229 A:d000                                    ;MON_RDKEY           = $FD0C
  230 A:d000                                    ;MON_GETLN           = $FD6A
  231 A:d000                                    ;MON_COUT            = $FDED
  232 A:d000                                    ;MON_INPORT          = $FE8B
  233 A:d000                                    ;MON_OUTPORT         = $FE95
  234 A:d000                                    ;MON_WRITE           = $FECD
  235 A:d000                                    ;MON_READ            = $FEFD
  236 A:d000                                    ;MON_READ2           = $FF02
  237 A:d000                                    ; --------------------------------
  238 A:d000                                    ; --------------------------------
  239 A:d000                                    ; APPLESOFT TOKENS
  240 A:d000                                    ; --------------------------------
  241 A:d000                                    MS_FORTK=$81
  242 A:d000                                    MS_DATATK=$83
  243 A:d000                                    AS_TOKEN_POP=$a1
  244 A:d000                                    MS_GOTOTK=$ab
  245 A:d000                                    MS_GOSUTK=$b0
  246 A:d000                                    MS_REMTK=$b2
  247 A:d000                                    MS_PRINTK=$ba
  248 A:d000                                    MS_TABTK=$c0
  249 A:d000                                    MS_TOTK=$c1
  250 A:d000                                    MS_FNTK=$c2
  251 A:d000                                    MS_SPCTK=$c3
  252 A:d000                                    MS_THENTK=$c4
  253 A:d000                                    AS_TOKENDB=$c5
  254 A:d000                                    MS_NOTTK=$c6
  255 A:d000                                    MS_STEPTK=$c7
  256 A:d000                                    MS_PLUSTK=$c8
  257 A:d000                                    MS_MINUTK=$c9
  258 A:d000                                    MS_GREATK=$cf
  259 A:d000                                    MS_EQULTK=$d0
  260 A:d000                                    MS_ONEFUN=$d2
  261 A:d000                                    AS_TOKEN_SCRN=$d7
  262 A:d000                                    AS_TOKEN_LEFTSTR=$e8
  263 A:d000                                    ; --------------------------------
  264 A:d000                                    ; BRANCH TABLE FOR TOKENS
  265 A:d000                                    ; --------------------------------
  266 A:d000  6f d8                    MS_STMDSP .word MS_END-1       ; $80...128...END
  267 A:d002  65 d7                              .word MS_FOR-1          ; $81...129...FOR
  268 A:d004  f8 dc                              .word MS_NEXT-1          ; $82...130...NEXT
  269 A:d006  94 d9                              .word MS_DATA-1          ; $83...131..DWTA
  270 A:d008  b1 db                              .word MS_INPUT-1          ; $84...132...INPUT
  271 A:d00a  30 f3                              .word AS_DEL-1          ; $85...133...DEL
  272 A:d00c  d8 df                              .word MS_DIM-1          ; $86...134...DIM
  273 A:d00e  e1 db                              .word MS_READ-1          ; $87...135...READ
  274 A:d010  8f f3                              .word AS_GR-1          ; $88...136...GR
  275 A:d012  98 f3                              .word AS_TEXT-1          ; $89...137...TEXT
  276 A:d014  e4 f1                              .word AS_PR_NUMBER-1          ; $8A...138...PR#
  277 A:d016  dd f1                              .word AS_IN_NUMBER-1          ; $8B...139...IN#
  278 A:d018  d4 f1                              .word AS_CALL-1          ; $8C...140...CALL
  279 A:d01a  24 f2                              .word AS_PLOT-1          ; $8D...141...PLOT
  280 A:d01c  31 f2                              .word AS_HLIN-1          ; $8E...142...HLIN
  281 A:d01e  40 f2                              .word AS_VLIN-1          ; $8F...143...VLIN
  282 A:d020  d7 f3                              .word AS_HGR2-1          ; $90...144...HGR2
  283 A:d022  e1 f3                              .word AS_HGR-1          ; $91...145...HGR
  284 A:d024  e8 f6                              .word AS_HCOLOR-1          ; $92...146...HCOLOR=
  285 A:d026  fd f6                              .word AS_HPLOT-1          ; $93...147...HPLOT
  286 A:d028  68 f7                              .word AS_DRAW-1          ; $94...148...DRAW
  287 A:d02a  6e f7                              .word AS_XDRAW-1          ; $95...149...XDRAW
  288 A:d02c  e6 f7                              .word AS_HTAB-1          ; $96...150...HTAB
  289 A:d02e  57 fc                              .word MON_HOME-1          ; $97...151...HOME
  290 A:d030  20 f7                              .word AS_ROT-1          ; $98...152...ROT=
  291 A:d032  26 f7                              .word AS_SCALE-1          ; $99...153...SCALE=
  292 A:d034  74 f7                              .word AS_SHLOAD-1          ; $9A...154...SHLOAD
  293 A:d036  6c f2                              .word AS_TRACE-1          ; $9B...155...TRACE
  294 A:d038  6e f2                              .word AS_NOTRACE-1          ; $9C...156...NOTRACE
  295 A:d03a  72 f2                              .word AS_NORMAL-1          ; $9D...157...NORMAL
  296 A:d03c  76 f2                              .word AS_INVERSE-1          ; $9E...158...INVERSE
  297 A:d03e  7f f2                              .word AS_FLASH-1          ; $9F...159...FLASH
  298 A:d040  4e f2                              .word AS_COLOR-1          ; $A0...160...COLOR=
  299 A:d042  6a d9                              .word MS_RETURN-1          ; $A1...161...POP
  300 A:d044  55 f2                              .word AS_VTAB-1          ; $A2...162...VTAB
  301 A:d046  85 f2                              .word AS_HIMEM-1          ; $A3...163...HIMEM:
  302 A:d048  a5 f2                              .word AS_LOMEM-1          ; $A4...164...LOMEM:
  303 A:d04a  ca f2                              .word AS_ONERR-1          ; $A5...165...ONERR
  304 A:d04c  17 f3                              .word AS_RESUME-1          ; $A6...166...RESUME
  305 A:d04e  bb f3                              .word AS_RECALL-1          ; $A7...167...RECALL
  306 A:d050  9e f3                              .word AS_STORE-1          ; $A8...168...STORE
  307 A:d052  61 f2                              .word AS_SPEED-1          ; $A9...169...SPEED=
  308 A:d054  45 da                              .word MS_LET-1          ; $AA...170...LET
  309 A:d056  3d d9                              .word MS_GOTO-1          ; $AB...171...GOTO
  310 A:d058  11 d9                              .word MS_RUN-1          ; $AC...172...RUN
  311 A:d05a  c8 d9                              .word MS_IF-1          ; $AD...173...IF
  312 A:d05c  48 d8                              .word MS_RESTOR-1          ; $AE...174...RESTORE
  313 A:d05e  f4 03                              .word AS_AMPERSAND_VECTOR-1          ; $AF...175...&
  314 A:d060  20 d9                              .word MS_GOSUB-1          ; $B0...176...GOSUB
  315 A:d062  6a d9                              .word MS_RETURN-1          ; $B1...177...RETURN
  316 A:d064  db d9                              .word MS_REM-1          ; $B2...178...REM
  317 A:d066  6d d8                              .word MS_STOP-1          ; $B3...179...STOP
  318 A:d068  eb d9                              .word MS_ONGOTO-1          ; $B4...180...ON
  319 A:d06a  83 e7                              .word MS_FNWAIT-1          ; $B5...181...WAIT
  320 A:d06c  c8 d8                              .word MS_LOAD-1          ; $B6...182...LOAD
  321 A:d06e  af d8                              .word MS_SAVE-1          ; $B7...183...SAVE
  322 A:d070  12 e3                              .word MS_DEF-1          ; $B8...184...DEF
  323 A:d072  7a e7                              .word MS_POKE-1          ; $B9...185...POKE
  324 A:d074  d4 da                              .word MS_PRINT-1          ; $BA...186...PRINT
  325 A:d076  95 d8                              .word MS_CONT-1          ; $BB...187...CONT
  326 A:d078  a4 d6                              .word MS_LIST-1          ; $BC...188...LIST
  327 A:d07a  69 d6                              .word MS_CLEAR-1          ; $BD...189...CLEAR
  328 A:d07c  9f db                              .word MS_GET-1          ; $BE...190...GET
  329 A:d07e  48 d6                              .word MS_SCRATH-1          ; $BF...191...NEW
  330 A:d080                                    ; --------------------------------
  331 A:d080  90 eb                    MS_FUNDSP .word MS_SGN             ; $D2...210...SGN
  332 A:d082  23 ec                              .word MS_INT                ; $D3...211...INT
  333 A:d084  af eb                              .word MS_ABS                ; $D4...212...ABS
  334 A:d086  0a 00                              .word MS_Z_USRPOK                ; $D5...213...USR
  335 A:d088  de e2                              .word MS_FRE                ; $D6...214...FRE
  336 A:d08a  12 d4                              .word MS_ERROR                ; $D7...215...SCRN(
  337 A:d08c  cd df                              .word AS_PDL                ; $D8...216...PDL
  338 A:d08e  ff e2                              .word MS_POS                ; $D9...217...POS
  339 A:d090  8d ee                              .word MS_SQR                ; $DA...218...SQR
  340 A:d092  ae ef                              .word MS_RND                ; $DB...219...RND
  341 A:d094  41 e9                              .word MS_LOG                ; $DC...220...LOG
  342 A:d096  09 ef                              .word MS_EXP                ; $DD...221...EXP
  343 A:d098  ea ef                              .word MS_COS                ; $DE...222...COS
  344 A:d09a  f1 ef                              .word MS_SIN                ; $DF...223...SIN
  345 A:d09c  3a f0                              .word MS_TAN                ; $E0...224...TAN
  346 A:d09e  9e f0                              .word MS_ATN                ; $E1...225...ATN
  347 A:d0a0  64 e7                              .word MS_PEEK                ; $E2...226...PEEK
  348 A:d0a2  d6 e6                              .word MS_LEN                ; $E3...227...LEN
  349 A:d0a4  c5 e3                              .word MS_STR                ; $E4...228...STR$
  350 A:d0a6  07 e7                              .word MS_VAL                ; $E5...229...VAL
  351 A:d0a8  e5 e6                              .word MS_ASC                ; $E6...230...ASC
  352 A:d0aa  46 e6                              .word MS_CHR                ; $E7...231...CHR$
  353 A:d0ac  5a e6                              .word MS_LEFT                ; $E8...232...LEFT$
  354 A:d0ae  86 e6                              .word MS_RIGHT                ; $E9...233...RIGHT$
  355 A:d0b0  91 e6                              .word MS_MID                ; $EA...234...MID$
  356 A:d0b2                                    ; --------------------------------
  357 A:d0b2                                    ; MATH OPERATOR BRANCH TABLE
  358 A:d0b2                                    ; 
  359 A:d0b2                                    ; ONE-BYTE PRECEDENCE CODE
  360 A:d0b2                                    ; TWO-BYTE ADDRESS
  361 A:d0b2                                    ; --------------------------------
  362 A:d0b2                                    AS_P_OR=$46           ; "OR" IS LOWEST PRECEDENCE
  363 A:d0b2                                    AS_P_AND=$50           ; 
  364 A:d0b2                                    AS_P_REL=$64           ; RELATIONAL OPERATORS
  365 A:d0b2                                    AS_P_ADD=$79           ; BINARY + AND -
  366 A:d0b2                                    AS_P_MUL=$7b           ; * AND /
  367 A:d0b2                                    AS_P_PWR=$7d           ; EXPONENTIATION
  368 A:d0b2                                    AS_P_NEQ=$7f           ; UNARY - AND COMPARISON =
  369 A:d0b2                                    ; --------------------------------
  370 A:d0b2  79                       AS_MATHTBL .byt AS_P_ADD
  371 A:d0b3  c0 e7                              .word MS_FADDT-1          ; $C8...200...+
  372 A:d0b5  79                                 .byt AS_P_ADD
  373 A:d0b6  a9 e7                              .word MS_FSUBT-1          ; $C9...201...-
  374 A:d0b8  7b                                 .byt AS_P_MUL
  375 A:d0b9  81 e9                              .word MS_FMULTT-1          ; $CA...202...*
  376 A:d0bb  7b                                 .byt AS_P_MUL
  377 A:d0bc  68 ea                              .word MS_FDIVT-1          ; $CB...203.../
  378 A:d0be  7d                                 .byt AS_P_PWR
  379 A:d0bf  96 ee                              .word MS_FPWRT-1          ; $CC...204...^
  380 A:d0c1  50                                 .byt AS_P_AND
  381 A:d0c2  54 df                              .word MS_ANDOP-1          ; $CD...205...AND
  382 A:d0c4  46                                 .byt AS_P_OR
  383 A:d0c5  4e df                              .word MS_OROP-1          ; $CE...206...OR
  384 A:d0c7  7f                       MS_NEGTAB .byt AS_P_NEQ
  385 A:d0c8  cf ee                              .word MS_NEGOP-1          ; $CF...207...>
  386 A:d0ca  7f                       MS_NOTTAB .byt AS_P_NEQ
  387 A:d0cb  97 de                              .word MS_NOTOP-1          ; $D0...208...=
  388 A:d0cd  64                       MS_PTDORL .byt AS_P_REL
  389 A:d0ce  64 df                              .word MS_DOREL-1          ; $D1...209...<

  391 A:d0d0                                    ; --------------------------------
  392 A:d0d0                                    ; TOKEN NAME TABLE
  393 A:d0d0                                    ; --------------------------------
  394 A:d0d0                                    ;

  396 A:d0d0  45                       MS_RESLST .byt ("E"&%01111111)
  397 A:d0d1  4e                                 .byt ("N"&%01111111)
  398 A:d0d2  c4                                 .byt ("D"|%10000000)
  399 A:d0d3                                    ; $80...128
  400 A:d0d3  46                                 .byt ("F"&%01111111)
  401 A:d0d4  4f                                 .byt ("O"&%01111111)
  402 A:d0d5  d2                                 .byt ("R"|%10000000)
  403 A:d0d6                                    ; $81...129
  404 A:d0d6  4e                                 .byt ("N"&%01111111)
  405 A:d0d7  45                                 .byt ("E"&%01111111)
  406 A:d0d8  58                                 .byt ("X"&%01111111)
  407 A:d0d9  d4                                 .byt ("T"|%10000000)
  408 A:d0da                                    ; $82...130
  409 A:d0da  44                                 .byt ("D"&%01111111)
  410 A:d0db  41                                 .byt ("A"&%01111111)
  411 A:d0dc  54                                 .byt ("T"&%01111111)
  412 A:d0dd  c1                                 .byt ("A"|%10000000)
  413 A:d0de                                    ; $83...131
  414 A:d0de  49                                 .byt ("I"&%01111111)
  415 A:d0df  4e                                 .byt ("N"&%01111111)
  416 A:d0e0  50                                 .byt ("P"&%01111111)
  417 A:d0e1  55                                 .byt ("U"&%01111111)
  418 A:d0e2  d4                                 .byt ("T"|%10000000)
  419 A:d0e3                                    ; $84...132
  420 A:d0e3  44                                 .byt ("D"&%01111111)
  421 A:d0e4  45                                 .byt ("E"&%01111111)
  422 A:d0e5  cc                                 .byt ("L"|%10000000)
  423 A:d0e6                                    ; $85...133
  424 A:d0e6  44                                 .byt ("D"&%01111111)
  425 A:d0e7  49                                 .byt ("I"&%01111111)
  426 A:d0e8  cd                                 .byt ("M"|%10000000)
  427 A:d0e9                                    ; $86...134
  428 A:d0e9  52                                 .byt ("R"&%01111111)
  429 A:d0ea  45                                 .byt ("E"&%01111111)
  430 A:d0eb  41                                 .byt ("A"&%01111111)
  431 A:d0ec  c4                                 .byt ("D"|%10000000)
  432 A:d0ed                                    ; $87...135
  433 A:d0ed  47                                 .byt ("G"&%01111111)
  434 A:d0ee  d2                                 .byt ("R"|%10000000)
  435 A:d0ef                                    ; $88...136
  436 A:d0ef  54                                 .byt ("T"&%01111111)
  437 A:d0f0  45                                 .byt ("E"&%01111111)
  438 A:d0f1  58                                 .byt ("X"&%01111111)
  439 A:d0f2  d4                                 .byt ("T"|%10000000)
  440 A:d0f3                                    ; $89...137
  441 A:d0f3  50                                 .byt ("P"&%01111111)
  442 A:d0f4  52                                 .byt ("R"&%01111111)
  443 A:d0f5  a3                                 .byt ("#"|%10000000)
  444 A:d0f6                                    ; $8A...138
  445 A:d0f6  49                                 .byt ("I"&%01111111)
  446 A:d0f7  4e                                 .byt ("N"&%01111111)
  447 A:d0f8  a3                                 .byt ("#"|%10000000)
  448 A:d0f9                                    ; $8B...139
  449 A:d0f9  43                                 .byt ("C"&%01111111)
  450 A:d0fa  41                                 .byt ("A"&%01111111)
  451 A:d0fb  4c                                 .byt ("L"&%01111111)
  452 A:d0fc  cc                                 .byt ("L"|%10000000)
  453 A:d0fd                                    ; $8C...140
  454 A:d0fd  50                                 .byt ("P"&%01111111)
  455 A:d0fe  4c                                 .byt ("L"&%01111111)
  456 A:d0ff  4f                                 .byt ("O"&%01111111)
  457 A:d100  d4                                 .byt ("T"|%10000000)
  458 A:d101                                    ; $8D...141
  459 A:d101  48                                 .byt ("H"&%01111111)
  460 A:d102  4c                                 .byt ("L"&%01111111)
  461 A:d103  49                                 .byt ("I"&%01111111)
  462 A:d104  ce                                 .byt ("N"|%10000000)
  463 A:d105                                    ; $8E...142
  464 A:d105  56                                 .byt ("V"&%01111111)
  465 A:d106  4c                                 .byt ("L"&%01111111)
  466 A:d107  49                                 .byt ("I"&%01111111)
  467 A:d108  ce                                 .byt ("N"|%10000000)
  468 A:d109                                    ; $8F...143
  469 A:d109  48                                 .byt ("H"&%01111111)
  470 A:d10a  47                                 .byt ("G"&%01111111)
  471 A:d10b  52                                 .byt ("R"&%01111111)
  472 A:d10c  b2                                 .byt ("2"|%10000000)
  473 A:d10d                                    ; $90...144
  474 A:d10d  48                                 .byt ("H"&%01111111)
  475 A:d10e  47                                 .byt ("G"&%01111111)
  476 A:d10f  d2                                 .byt ("R"|%10000000)
  477 A:d110                                    ; $91...145
  478 A:d110  48                                 .byt ("H"&%01111111)
  479 A:d111  43                                 .byt ("C"&%01111111)
  480 A:d112  4f                                 .byt ("O"&%01111111)
  481 A:d113  4c                                 .byt ("L"&%01111111)
  482 A:d114  4f                                 .byt ("O"&%01111111)
  483 A:d115  52                                 .byt ("R"&%01111111)
  484 A:d116  bd                                 .byt ("="|%10000000)
  485 A:d117                                    ; $92...146
  486 A:d117  48                                 .byt ("H"&%01111111)
  487 A:d118  50                                 .byt ("P"&%01111111)
  488 A:d119  4c                                 .byt ("L"&%01111111)
  489 A:d11a  4f                                 .byt ("O"&%01111111)
  490 A:d11b  d4                                 .byt ("T"|%10000000)
  491 A:d11c                                    ; $93...147
  492 A:d11c  44                                 .byt ("D"&%01111111)
  493 A:d11d  52                                 .byt ("R"&%01111111)
  494 A:d11e  41                                 .byt ("A"&%01111111)
  495 A:d11f  d7                                 .byt ("W"|%10000000)
  496 A:d120                                    ; $94...148
  497 A:d120  58                                 .byt ("X"&%01111111)
  498 A:d121  44                                 .byt ("D"&%01111111)
  499 A:d122  52                                 .byt ("R"&%01111111)
  500 A:d123  41                                 .byt ("A"&%01111111)
  501 A:d124  d7                                 .byt ("W"|%10000000)
  502 A:d125                                    ; $95...149
  503 A:d125  48                                 .byt ("H"&%01111111)
  504 A:d126  54                                 .byt ("T"&%01111111)
  505 A:d127  41                                 .byt ("A"&%01111111)
  506 A:d128  c2                                 .byt ("B"|%10000000)
  507 A:d129                                    ; $96...150
  508 A:d129  48                                 .byt ("H"&%01111111)
  509 A:d12a  4f                                 .byt ("O"&%01111111)
  510 A:d12b  4d                                 .byt ("M"&%01111111)
  511 A:d12c  c5                                 .byt ("E"|%10000000)
  512 A:d12d                                    ; $97...151
  513 A:d12d  52                                 .byt ("R"&%01111111)
  514 A:d12e  4f                                 .byt ("O"&%01111111)
  515 A:d12f  54                                 .byt ("T"&%01111111)
  516 A:d130  bd                                 .byt ("="|%10000000)
  517 A:d131                                    ; $98...152
  518 A:d131  53                                 .byt ("S"&%01111111)
  519 A:d132  43                                 .byt ("C"&%01111111)
  520 A:d133  41                                 .byt ("A"&%01111111)
  521 A:d134  4c                                 .byt ("L"&%01111111)
  522 A:d135  45                                 .byt ("E"&%01111111)
  523 A:d136  bd                                 .byt ("="|%10000000)
  524 A:d137                                    ; $99...153
  525 A:d137  53                                 .byt ("S"&%01111111)
  526 A:d138  48                                 .byt ("H"&%01111111)
  527 A:d139  4c                                 .byt ("L"&%01111111)
  528 A:d13a  4f                                 .byt ("O"&%01111111)
  529 A:d13b  41                                 .byt ("A"&%01111111)
  530 A:d13c  c4                                 .byt ("D"|%10000000)
  531 A:d13d                                    ; $9A...154
  532 A:d13d  54                                 .byt ("T"&%01111111)
  533 A:d13e  52                                 .byt ("R"&%01111111)
  534 A:d13f  41                                 .byt ("A"&%01111111)
  535 A:d140  43                                 .byt ("C"&%01111111)
  536 A:d141  c5                                 .byt ("E"|%10000000)
  537 A:d142                                    ; $9B...155
  538 A:d142  4e                                 .byt ("N"&%01111111)
  539 A:d143  4f                                 .byt ("O"&%01111111)
  540 A:d144  54                                 .byt ("T"&%01111111)
  541 A:d145  52                                 .byt ("R"&%01111111)
  542 A:d146  41                                 .byt ("A"&%01111111)
  543 A:d147  43                                 .byt ("C"&%01111111)
  544 A:d148  c5                                 .byt ("E"|%10000000)
  545 A:d149                                    ; $9C...156
  546 A:d149  4e                                 .byt ("N"&%01111111)
  547 A:d14a  4f                                 .byt ("O"&%01111111)
  548 A:d14b  52                                 .byt ("R"&%01111111)
  549 A:d14c  4d                                 .byt ("M"&%01111111)
  550 A:d14d  41                                 .byt ("A"&%01111111)
  551 A:d14e  cc                                 .byt ("L"|%10000000)
  552 A:d14f                                    ; $9D...157
  553 A:d14f  49                                 .byt ("I"&%01111111)
  554 A:d150  4e                                 .byt ("N"&%01111111)
  555 A:d151  56                                 .byt ("V"&%01111111)
  556 A:d152  45                                 .byt ("E"&%01111111)
  557 A:d153  52                                 .byt ("R"&%01111111)
  558 A:d154  53                                 .byt ("S"&%01111111)
  559 A:d155  c5                                 .byt ("E"|%10000000)
  560 A:d156                                    ; $9E...158
  561 A:d156  46                                 .byt ("F"&%01111111)
  562 A:d157  4c                                 .byt ("L"&%01111111)
  563 A:d158  41                                 .byt ("A"&%01111111)
  564 A:d159  53                                 .byt ("S"&%01111111)
  565 A:d15a  c8                                 .byt ("H"|%10000000)
  566 A:d15b                                    ; $9F...159
  567 A:d15b  43                                 .byt ("C"&%01111111)
  568 A:d15c  4f                                 .byt ("O"&%01111111)
  569 A:d15d  4c                                 .byt ("L"&%01111111)
  570 A:d15e  4f                                 .byt ("O"&%01111111)
  571 A:d15f  52                                 .byt ("R"&%01111111)
  572 A:d160  bd                                 .byt ("="|%10000000)
  573 A:d161                                    ; $A0...160
  574 A:d161  50                                 .byt ("P"&%01111111)
  575 A:d162  4f                                 .byt ("O"&%01111111)
  576 A:d163  d0                                 .byt ("P"|%10000000)
  577 A:d164                                    ; $A1...161
  578 A:d164  56                                 .byt ("V"&%01111111)
  579 A:d165  54                                 .byt ("T"&%01111111)
  580 A:d166  41                                 .byt ("A"&%01111111)
  581 A:d167  c2                                 .byt ("B"|%10000000)
  582 A:d168                                    ; $A2...162
  583 A:d168  48                                 .byt ("H"&%01111111)
  584 A:d169  49                                 .byt ("I"&%01111111)
  585 A:d16a  4d                                 .byt ("M"&%01111111)
  586 A:d16b  45                                 .byt ("E"&%01111111)
  587 A:d16c  4d                                 .byt ("M"&%01111111)
  588 A:d16d  ba                                 .byt (":"|%10000000)
  589 A:d16e                                    ; $A3...163
  590 A:d16e  4c                                 .byt ("L"&%01111111)
  591 A:d16f  4f                                 .byt ("O"&%01111111)
  592 A:d170  4d                                 .byt ("M"&%01111111)
  593 A:d171  45                                 .byt ("E"&%01111111)
  594 A:d172  4d                                 .byt ("M"&%01111111)
  595 A:d173  ba                                 .byt (":"|%10000000)
  596 A:d174                                    ; $A4...164
  597 A:d174  4f                                 .byt ("O"&%01111111)
  598 A:d175  4e                                 .byt ("N"&%01111111)
  599 A:d176  45                                 .byt ("E"&%01111111)
  600 A:d177  52                                 .byt ("R"&%01111111)
  601 A:d178  d2                                 .byt ("R"|%10000000)
  602 A:d179                                    ; $A5...165
  603 A:d179  52                                 .byt ("R"&%01111111)
  604 A:d17a  45                                 .byt ("E"&%01111111)
  605 A:d17b  53                                 .byt ("S"&%01111111)
  606 A:d17c  55                                 .byt ("U"&%01111111)
  607 A:d17d  4d                                 .byt ("M"&%01111111)
  608 A:d17e  c5                                 .byt ("E"|%10000000)
  609 A:d17f                                    ; $A6...166
  610 A:d17f  52                                 .byt ("R"&%01111111)
  611 A:d180  45                                 .byt ("E"&%01111111)
  612 A:d181  43                                 .byt ("C"&%01111111)
  613 A:d182  41                                 .byt ("A"&%01111111)
  614 A:d183  4c                                 .byt ("L"&%01111111)
  615 A:d184  cc                                 .byt ("L"|%10000000)
  616 A:d185                                    ; $A7...167
  617 A:d185  53                                 .byt ("S"&%01111111)
  618 A:d186  54                                 .byt ("T"&%01111111)
  619 A:d187  4f                                 .byt ("O"&%01111111)
  620 A:d188  52                                 .byt ("R"&%01111111)
  621 A:d189  c5                                 .byt ("E"|%10000000)
  622 A:d18a                                    ; $A8...168
  623 A:d18a  53                                 .byt ("S"&%01111111)
  624 A:d18b  50                                 .byt ("P"&%01111111)
  625 A:d18c  45                                 .byt ("E"&%01111111)
  626 A:d18d  45                                 .byt ("E"&%01111111)
  627 A:d18e  44                                 .byt ("D"&%01111111)
  628 A:d18f  bd                                 .byt ("="|%10000000)
  629 A:d190                                    ; $A9...169
  630 A:d190  4c                                 .byt ("L"&%01111111)
  631 A:d191  45                                 .byt ("E"&%01111111)
  632 A:d192  d4                                 .byt ("T"|%10000000)
  633 A:d193                                    ; $AA...170
  634 A:d193  47                                 .byt ("G"&%01111111)
  635 A:d194  4f                                 .byt ("O"&%01111111)
  636 A:d195  54                                 .byt ("T"&%01111111)
  637 A:d196  cf                                 .byt ("O"|%10000000)
  638 A:d197                                    ; $AB...171
  639 A:d197  52                                 .byt ("R"&%01111111)
  640 A:d198  55                                 .byt ("U"&%01111111)
  641 A:d199  ce                                 .byt ("N"|%10000000)
  642 A:d19a                                    ; $AC...172
  643 A:d19a  49                                 .byt ("I"&%01111111)
  644 A:d19b  c6                                 .byt ("F"|%10000000)
  645 A:d19c                                    ; $AD...173
  646 A:d19c  52                                 .byt ("R"&%01111111)
  647 A:d19d  45                                 .byt ("E"&%01111111)
  648 A:d19e  53                                 .byt ("S"&%01111111)
  649 A:d19f  54                                 .byt ("T"&%01111111)
  650 A:d1a0  4f                                 .byt ("O"&%01111111)
  651 A:d1a1  52                                 .byt ("R"&%01111111)
  652 A:d1a2  c5                                 .byt ("E"|%10000000)
  653 A:d1a3                                    ; $AE...174
  654 A:d1a3  a6                                 .byt ("&"|%10000000)
  655 A:d1a4                                    ; $AF...175
  656 A:d1a4  47                                 .byt ("G"&%01111111)
  657 A:d1a5  4f                                 .byt ("O"&%01111111)
  658 A:d1a6  53                                 .byt ("S"&%01111111)
  659 A:d1a7  55                                 .byt ("U"&%01111111)
  660 A:d1a8  c2                                 .byt ("B"|%10000000)
  661 A:d1a9                                    ; $B0...176
  662 A:d1a9  52                                 .byt ("R"&%01111111)
  663 A:d1aa  45                                 .byt ("E"&%01111111)
  664 A:d1ab  54                                 .byt ("T"&%01111111)
  665 A:d1ac  55                                 .byt ("U"&%01111111)
  666 A:d1ad  52                                 .byt ("R"&%01111111)
  667 A:d1ae  ce                                 .byt ("N"|%10000000)
  668 A:d1af                                    ; $B1...177
  669 A:d1af  52                                 .byt ("R"&%01111111)
  670 A:d1b0  45                                 .byt ("E"&%01111111)
  671 A:d1b1  cd                                 .byt ("M"|%10000000)
  672 A:d1b2                                    ; $B2...178
  673 A:d1b2  53                                 .byt ("S"&%01111111)
  674 A:d1b3  54                                 .byt ("T"&%01111111)
  675 A:d1b4  4f                                 .byt ("O"&%01111111)
  676 A:d1b5  d0                                 .byt ("P"|%10000000)
  677 A:d1b6                                    ; $B3...179
  678 A:d1b6  4f                                 .byt ("O"&%01111111)
  679 A:d1b7  ce                                 .byt ("N"|%10000000)
  680 A:d1b8                                    ; $B4...180
  681 A:d1b8  57                                 .byt ("W"&%01111111)
  682 A:d1b9  41                                 .byt ("A"&%01111111)
  683 A:d1ba  49                                 .byt ("I"&%01111111)
  684 A:d1bb  d4                                 .byt ("T"|%10000000)
  685 A:d1bc                                    ; $B5...181
  686 A:d1bc  4c                                 .byt ("L"&%01111111)
  687 A:d1bd  4f                                 .byt ("O"&%01111111)
  688 A:d1be  41                                 .byt ("A"&%01111111)
  689 A:d1bf  c4                                 .byt ("D"|%10000000)
  690 A:d1c0                                    ; $B6...182
  691 A:d1c0  53                                 .byt ("S"&%01111111)
  692 A:d1c1  41                                 .byt ("A"&%01111111)
  693 A:d1c2  56                                 .byt ("V"&%01111111)
  694 A:d1c3  c5                                 .byt ("E"|%10000000)
  695 A:d1c4                                    ; $B7...183
  696 A:d1c4  44                                 .byt ("D"&%01111111)
  697 A:d1c5  45                                 .byt ("E"&%01111111)
  698 A:d1c6  c6                                 .byt ("F"|%10000000)
  699 A:d1c7                                    ; $B8...184
  700 A:d1c7  50                                 .byt ("P"&%01111111)
  701 A:d1c8  4f                                 .byt ("O"&%01111111)
  702 A:d1c9  4b                                 .byt ("K"&%01111111)
  703 A:d1ca  c5                                 .byt ("E"|%10000000)
  704 A:d1cb                                    ; $B9...185
  705 A:d1cb  50                                 .byt ("P"&%01111111)
  706 A:d1cc  52                                 .byt ("R"&%01111111)
  707 A:d1cd  49                                 .byt ("I"&%01111111)
  708 A:d1ce  4e                                 .byt ("N"&%01111111)
  709 A:d1cf  d4                                 .byt ("T"|%10000000)
  710 A:d1d0                                    ; $BA...186
  711 A:d1d0  43                                 .byt ("C"&%01111111)
  712 A:d1d1  4f                                 .byt ("O"&%01111111)
  713 A:d1d2  4e                                 .byt ("N"&%01111111)
  714 A:d1d3  d4                                 .byt ("T"|%10000000)
  715 A:d1d4                                    ; $BB...187
  716 A:d1d4  4c                                 .byt ("L"&%01111111)
  717 A:d1d5  49                                 .byt ("I"&%01111111)
  718 A:d1d6  53                                 .byt ("S"&%01111111)
  719 A:d1d7  d4                                 .byt ("T"|%10000000)
  720 A:d1d8                                    ; $BC...188
  721 A:d1d8  43                                 .byt ("C"&%01111111)
  722 A:d1d9  4c                                 .byt ("L"&%01111111)
  723 A:d1da  45                                 .byt ("E"&%01111111)
  724 A:d1db  41                                 .byt ("A"&%01111111)
  725 A:d1dc  d2                                 .byt ("R"|%10000000)
  726 A:d1dd                                    ; $BD...189
  727 A:d1dd  47                                 .byt ("G"&%01111111)
  728 A:d1de  45                                 .byt ("E"&%01111111)
  729 A:d1df  d4                                 .byt ("T"|%10000000)
  730 A:d1e0                                    ; $BE...190
  731 A:d1e0  4e                                 .byt ("N"&%01111111)
  732 A:d1e1  45                                 .byt ("E"&%01111111)
  733 A:d1e2  d7                                 .byt ("W"|%10000000)
  734 A:d1e3                                    ; $BF...191
  735 A:d1e3  54                                 .byt ("T"&%01111111)
  736 A:d1e4  41                                 .byt ("A"&%01111111)
  737 A:d1e5  42                                 .byt ("B"&%01111111)
  738 A:d1e6                                    ; $C0...192
  739 A:d1e6  a8                                 .byt $a8
  740 A:d1e7  54                                 .byt ("T"&%01111111)
  741 A:d1e8  cf                                 .byt ("O"|%10000000)
  742 A:d1e9                                    ; $C1...193
  743 A:d1e9  46                                 .byt ("F"&%01111111)
  744 A:d1ea  ce                                 .byt ("N"|%10000000)
  745 A:d1eb                                    ; $C2...194
  746 A:d1eb  53                                 .byt ("S"&%01111111)
  747 A:d1ec  50                                 .byt ("P"&%01111111)
  748 A:d1ed  43                                 .byt ("C"&%01111111)
  749 A:d1ee                                    ; $C3...195
  750 A:d1ee  a8                                 .byt $a8
  751 A:d1ef  54                                 .byt ("T"&%01111111)
  752 A:d1f0  48                                 .byt ("H"&%01111111)
  753 A:d1f1  45                                 .byt ("E"&%01111111)
  754 A:d1f2  ce                                 .byt ("N"|%10000000)
  755 A:d1f3                                    ; $C4...196
  756 A:d1f3  41                                 .byt ("A"&%01111111)
  757 A:d1f4  d4                                 .byt ("T"|%10000000)
  758 A:d1f5                                    ; $C5...197
  759 A:d1f5  4e                                 .byt ("N"&%01111111)
  760 A:d1f6  4f                                 .byt ("O"&%01111111)
  761 A:d1f7  d4                                 .byt ("T"|%10000000)
  762 A:d1f8                                    ; $C6...198
  763 A:d1f8  53                                 .byt ("S"&%01111111)
  764 A:d1f9  54                                 .byt ("T"&%01111111)
  765 A:d1fa  45                                 .byt ("E"&%01111111)
  766 A:d1fb  d0                                 .byt ("P"|%10000000)
  767 A:d1fc                                    ; $C7...199
  768 A:d1fc  ab                                 .byt ("+"|%10000000)
  769 A:d1fd                                    ; $C8...200
  770 A:d1fd  ad                                 .byt ("-"|%10000000)
  771 A:d1fe                                    ; $C9...201
  772 A:d1fe  aa                                 .byt ("*"|%10000000)
  773 A:d1ff                                    ; $CA...202
  774 A:d1ff  af                                 .byt ("/"|%10000000)
  775 A:d200                                    ; $CB...203
  776 A:d200  de                                 .byt $de
  777 A:d201                                    ;                    LHASCII(`^')                     ; $CC...204
  778 A:d201  41                                 .byt ("A"&%01111111)
  779 A:d202  4e                                 .byt ("N"&%01111111)
  780 A:d203  c4                                 .byt ("D"|%10000000)
  781 A:d204                                    ; $CD...205
  782 A:d204  4f                                 .byt ("O"&%01111111)
  783 A:d205  d2                                 .byt ("R"|%10000000)
  784 A:d206                                    ; $CE...206
  785 A:d206  be                                 .byt (">"|%10000000)
  786 A:d207                                    ; $CF...207
  787 A:d207  bd                                 .byt ("="|%10000000)
  788 A:d208                                    ; $D0...208
  789 A:d208  bc                                 .byt ("<"|%10000000)
  790 A:d209                                    ; $D1...209
  791 A:d209  53                                 .byt ("S"&%01111111)
  792 A:d20a  47                                 .byt ("G"&%01111111)
  793 A:d20b  ce                                 .byt ("N"|%10000000)
  794 A:d20c                                    ; $D2...210
  795 A:d20c  49                                 .byt ("I"&%01111111)
  796 A:d20d  4e                                 .byt ("N"&%01111111)
  797 A:d20e  d4                                 .byt ("T"|%10000000)
  798 A:d20f                                    ; $D3...211
  799 A:d20f  41                                 .byt ("A"&%01111111)
  800 A:d210  42                                 .byt ("B"&%01111111)
  801 A:d211  d3                                 .byt ("S"|%10000000)
  802 A:d212                                    ; $D4...212
  803 A:d212  55                                 .byt ("U"&%01111111)
  804 A:d213  53                                 .byt ("S"&%01111111)
  805 A:d214  d2                                 .byt ("R"|%10000000)
  806 A:d215                                    ; $D5...213
  807 A:d215  46                                 .byt ("F"&%01111111)
  808 A:d216  52                                 .byt ("R"&%01111111)
  809 A:d217  c5                                 .byt ("E"|%10000000)
  810 A:d218                                    ; $D6...214
  811 A:d218  53                                 .byt ("S"&%01111111)
  812 A:d219  43                                 .byt ("C"&%01111111)
  813 A:d21a  52                                 .byt ("R"&%01111111)
  814 A:d21b  4e                                 .byt ("N"&%01111111)
  815 A:d21c                                    ; $D7...215
  816 A:d21c  a8                                 .byt $a8
  817 A:d21d  50                                 .byt ("P"&%01111111)
  818 A:d21e  44                                 .byt ("D"&%01111111)
  819 A:d21f  cc                                 .byt ("L"|%10000000)
  820 A:d220                                    ; $D8...216
  821 A:d220  50                                 .byt ("P"&%01111111)
  822 A:d221  4f                                 .byt ("O"&%01111111)
  823 A:d222  d3                                 .byt ("S"|%10000000)
  824 A:d223                                    ; $D9...217
  825 A:d223  53                                 .byt ("S"&%01111111)
  826 A:d224  51                                 .byt ("Q"&%01111111)
  827 A:d225  d2                                 .byt ("R"|%10000000)
  828 A:d226                                    ; $DA...218
  829 A:d226  52                                 .byt ("R"&%01111111)
  830 A:d227  4e                                 .byt ("N"&%01111111)
  831 A:d228  c4                                 .byt ("D"|%10000000)
  832 A:d229                                    ; $DB...219
  833 A:d229  4c                                 .byt ("L"&%01111111)
  834 A:d22a  4f                                 .byt ("O"&%01111111)
  835 A:d22b  c7                                 .byt ("G"|%10000000)
  836 A:d22c                                    ; $DC...220
  837 A:d22c  45                                 .byt ("E"&%01111111)
  838 A:d22d  58                                 .byt ("X"&%01111111)
  839 A:d22e  d0                                 .byt ("P"|%10000000)
  840 A:d22f                                    ; $DD...221
  841 A:d22f  43                                 .byt ("C"&%01111111)
  842 A:d230  4f                                 .byt ("O"&%01111111)
  843 A:d231  d3                                 .byt ("S"|%10000000)
  844 A:d232                                    ; $DE...222
  845 A:d232  53                                 .byt ("S"&%01111111)
  846 A:d233  49                                 .byt ("I"&%01111111)
  847 A:d234  ce                                 .byt ("N"|%10000000)
  848 A:d235                                    ; $DF...223
  849 A:d235  54                                 .byt ("T"&%01111111)
  850 A:d236  41                                 .byt ("A"&%01111111)
  851 A:d237  ce                                 .byt ("N"|%10000000)
  852 A:d238                                    ; $E0...224
  853 A:d238  41                                 .byt ("A"&%01111111)
  854 A:d239  54                                 .byt ("T"&%01111111)
  855 A:d23a  ce                                 .byt ("N"|%10000000)
  856 A:d23b                                    ; $E1...225
  857 A:d23b  50                                 .byt ("P"&%01111111)
  858 A:d23c  45                                 .byt ("E"&%01111111)
  859 A:d23d  45                                 .byt ("E"&%01111111)
  860 A:d23e  cb                                 .byt ("K"|%10000000)
  861 A:d23f                                    ; $E2...226
  862 A:d23f  4c                                 .byt ("L"&%01111111)
  863 A:d240  45                                 .byt ("E"&%01111111)
  864 A:d241  ce                                 .byt ("N"|%10000000)
  865 A:d242                                    ; $E3...227
  866 A:d242  53                                 .byt ("S"&%01111111)
  867 A:d243  54                                 .byt ("T"&%01111111)
  868 A:d244  52                                 .byt ("R"&%01111111)
  869 A:d245  a4                                 .byt ("$"|%10000000)
  870 A:d246                                    ; $E4...228
  871 A:d246  56                                 .byt ("V"&%01111111)
  872 A:d247  41                                 .byt ("A"&%01111111)
  873 A:d248  cc                                 .byt ("L"|%10000000)
  874 A:d249                                    ; $E5...229
  875 A:d249  41                                 .byt ("A"&%01111111)
  876 A:d24a  53                                 .byt ("S"&%01111111)
  877 A:d24b  c3                                 .byt ("C"|%10000000)
  878 A:d24c                                    ; $E6...230
  879 A:d24c  43                                 .byt ("C"&%01111111)
  880 A:d24d  48                                 .byt ("H"&%01111111)
  881 A:d24e  52                                 .byt ("R"&%01111111)
  882 A:d24f  a4                                 .byt ("$"|%10000000)
  883 A:d250                                    ; $E7...231
  884 A:d250  4c                                 .byt ("L"&%01111111)
  885 A:d251  45                                 .byt ("E"&%01111111)
  886 A:d252  46                                 .byt ("F"&%01111111)
  887 A:d253  54                                 .byt ("T"&%01111111)
  888 A:d254  a4                                 .byt ("$"|%10000000)
  889 A:d255                                    ; $E8...232
  890 A:d255  52                                 .byt ("R"&%01111111)
  891 A:d256  49                                 .byt ("I"&%01111111)
  892 A:d257  47                                 .byt ("G"&%01111111)
  893 A:d258  48                                 .byt ("H"&%01111111)
  894 A:d259  54                                 .byt ("T"&%01111111)
  895 A:d25a  a4                                 .byt ("$"|%10000000)
  896 A:d25b                                    ; $E9...233
  897 A:d25b  4d                                 .byt ("M"&%01111111)
  898 A:d25c  49                                 .byt ("I"&%01111111)
  899 A:d25d  44                                 .byt ("D"&%01111111)
  900 A:d25e  a4                                 .byt ("$"|%10000000)
  901 A:d25f                                    ; $EA...234

  903 A:d25f  00                                 .byt 0              ; END OF TOKEN NAME TABLE
  904 A:d260                                    ; --------------------------------
  905 A:d260                                    ; --------------------------------
  906 A:d260                                    ; ERROR MESSAGES
  907 A:d260                                    ; --------------------------------
  908 A:d260                           MS_ERRTAB 
  909 A:d260                                    MS_ERRNF=*-MS_ERRTAB
  910 A:d260  4e                                 .byt ("N"&%01111111)
  911 A:d261  45                                 .byt ("E"&%01111111)
  912 A:d262  58                                 .byt ("X"&%01111111)
  913 A:d263  54                                 .byt ("T"&%01111111)
  914 A:d264  20                                 .byt (" "&%01111111)
  915 A:d265  57                                 .byt ("W"&%01111111)
  916 A:d266  49                                 .byt ("I"&%01111111)
  917 A:d267  54                                 .byt ("T"&%01111111)
  918 A:d268  48                                 .byt ("H"&%01111111)
  919 A:d269  4f                                 .byt ("O"&%01111111)
  920 A:d26a  55                                 .byt ("U"&%01111111)
  921 A:d26b  54                                 .byt ("T"&%01111111)
  922 A:d26c  20                                 .byt (" "&%01111111)
  923 A:d26d  46                                 .byt ("F"&%01111111)
  924 A:d26e  4f                                 .byt ("O"&%01111111)
  925 A:d26f  d2                                 .byt ("R"|%10000000)

  927 A:d270                                    MS_ERRSN=*-MS_ERRTAB
  928 A:d270  53                                 .byt ("S"&%01111111)
  929 A:d271  59                                 .byt ("Y"&%01111111)
  930 A:d272  4e                                 .byt ("N"&%01111111)
  931 A:d273  54                                 .byt ("T"&%01111111)
  932 A:d274  41                                 .byt ("A"&%01111111)
  933 A:d275  d8                                 .byt ("X"|%10000000)

  935 A:d276                                    MS_ERRRG=*-MS_ERRTAB
  936 A:d276  52                                 .byt ("R"&%01111111)
  937 A:d277  45                                 .byt ("E"&%01111111)
  938 A:d278  54                                 .byt ("T"&%01111111)
  939 A:d279  55                                 .byt ("U"&%01111111)
  940 A:d27a  52                                 .byt ("R"&%01111111)
  941 A:d27b  4e                                 .byt ("N"&%01111111)
  942 A:d27c  20                                 .byt (" "&%01111111)
  943 A:d27d  57                                 .byt ("W"&%01111111)
  944 A:d27e  49                                 .byt ("I"&%01111111)
  945 A:d27f  54                                 .byt ("T"&%01111111)
  946 A:d280  48                                 .byt ("H"&%01111111)
  947 A:d281  4f                                 .byt ("O"&%01111111)
  948 A:d282  55                                 .byt ("U"&%01111111)
  949 A:d283  54                                 .byt ("T"&%01111111)
  950 A:d284  20                                 .byt (" "&%01111111)
  951 A:d285  47                                 .byt ("G"&%01111111)
  952 A:d286  4f                                 .byt ("O"&%01111111)
  953 A:d287  53                                 .byt ("S"&%01111111)
  954 A:d288  55                                 .byt ("U"&%01111111)
  955 A:d289  c2                                 .byt ("B"|%10000000)

  957 A:d28a                                    MS_ERROD=*-MS_ERRTAB
  958 A:d28a  4f                                 .byt ("O"&%01111111)
  959 A:d28b  55                                 .byt ("U"&%01111111)
  960 A:d28c  54                                 .byt ("T"&%01111111)
  961 A:d28d  20                                 .byt (" "&%01111111)
  962 A:d28e  4f                                 .byt ("O"&%01111111)
  963 A:d28f  46                                 .byt ("F"&%01111111)
  964 A:d290  20                                 .byt (" "&%01111111)
  965 A:d291  44                                 .byt ("D"&%01111111)
  966 A:d292  41                                 .byt ("A"&%01111111)
  967 A:d293  54                                 .byt ("T"&%01111111)
  968 A:d294  c1                                 .byt ("A"|%10000000)

  970 A:d295                                    MS_ERRFC=*-MS_ERRTAB
  971 A:d295  49                                 .byt ("I"&%01111111)
  972 A:d296  4c                                 .byt ("L"&%01111111)
  973 A:d297  4c                                 .byt ("L"&%01111111)
  974 A:d298  45                                 .byt ("E"&%01111111)
  975 A:d299  47                                 .byt ("G"&%01111111)
  976 A:d29a  41                                 .byt ("A"&%01111111)
  977 A:d29b  4c                                 .byt ("L"&%01111111)
  978 A:d29c  20                                 .byt (" "&%01111111)
  979 A:d29d  51                                 .byt ("Q"&%01111111)
  980 A:d29e  55                                 .byt ("U"&%01111111)
  981 A:d29f  41                                 .byt ("A"&%01111111)
  982 A:d2a0  4e                                 .byt ("N"&%01111111)
  983 A:d2a1  54                                 .byt ("T"&%01111111)
  984 A:d2a2  49                                 .byt ("I"&%01111111)
  985 A:d2a3  54                                 .byt ("T"&%01111111)
  986 A:d2a4  d9                                 .byt ("Y"|%10000000)

  988 A:d2a5                                    MS_ERROV=*-MS_ERRTAB
  989 A:d2a5  4f                                 .byt ("O"&%01111111)
  990 A:d2a6  56                                 .byt ("V"&%01111111)
  991 A:d2a7  45                                 .byt ("E"&%01111111)
  992 A:d2a8  52                                 .byt ("R"&%01111111)
  993 A:d2a9  46                                 .byt ("F"&%01111111)
  994 A:d2aa  4c                                 .byt ("L"&%01111111)
  995 A:d2ab  4f                                 .byt ("O"&%01111111)
  996 A:d2ac  d7                                 .byt ("W"|%10000000)

  998 A:d2ad                                    MS_ERROM=*-MS_ERRTAB
  999 A:d2ad  4f                                 .byt ("O"&%01111111)
 1000 A:d2ae  55                                 .byt ("U"&%01111111)
 1001 A:d2af  54                                 .byt ("T"&%01111111)
 1002 A:d2b0  20                                 .byt (" "&%01111111)
 1003 A:d2b1  4f                                 .byt ("O"&%01111111)
 1004 A:d2b2  46                                 .byt ("F"&%01111111)
 1005 A:d2b3  20                                 .byt (" "&%01111111)
 1006 A:d2b4  4d                                 .byt ("M"&%01111111)
 1007 A:d2b5  45                                 .byt ("E"&%01111111)
 1008 A:d2b6  4d                                 .byt ("M"&%01111111)
 1009 A:d2b7  4f                                 .byt ("O"&%01111111)
 1010 A:d2b8  52                                 .byt ("R"&%01111111)
 1011 A:d2b9  d9                                 .byt ("Y"|%10000000)

 1013 A:d2ba                                    MS_ERRUS=*-MS_ERRTAB
 1014 A:d2ba  55                                 .byt ("U"&%01111111)
 1015 A:d2bb  4e                                 .byt ("N"&%01111111)
 1016 A:d2bc  44                                 .byt ("D"&%01111111)
 1017 A:d2bd  45                                 .byt ("E"&%01111111)
 1018 A:d2be  46                                 .byt ("F"&%01111111)

 1020 A:d2bf  27                                 .byt $27
 1021 A:d2c0  44                                 .byt ("D"&%01111111)
 1022 A:d2c1  20                                 .byt (" "&%01111111)
 1023 A:d2c2  53                                 .byt ("S"&%01111111)
 1024 A:d2c3  54                                 .byt ("T"&%01111111)
 1025 A:d2c4  41                                 .byt ("A"&%01111111)
 1026 A:d2c5  54                                 .byt ("T"&%01111111)
 1027 A:d2c6  45                                 .byt ("E"&%01111111)
 1028 A:d2c7  4d                                 .byt ("M"&%01111111)
 1029 A:d2c8  45                                 .byt ("E"&%01111111)
 1030 A:d2c9  4e                                 .byt ("N"&%01111111)
 1031 A:d2ca  d4                                 .byt ("T"|%10000000)

 1033 A:d2cb                                    MS_ERRBS=*-MS_ERRTAB
 1034 A:d2cb  42                                 .byt ("B"&%01111111)
 1035 A:d2cc  41                                 .byt ("A"&%01111111)
 1036 A:d2cd  44                                 .byt ("D"&%01111111)
 1037 A:d2ce  20                                 .byt (" "&%01111111)
 1038 A:d2cf  53                                 .byt ("S"&%01111111)
 1039 A:d2d0  55                                 .byt ("U"&%01111111)
 1040 A:d2d1  42                                 .byt ("B"&%01111111)
 1041 A:d2d2  53                                 .byt ("S"&%01111111)
 1042 A:d2d3  43                                 .byt ("C"&%01111111)
 1043 A:d2d4  52                                 .byt ("R"&%01111111)
 1044 A:d2d5  49                                 .byt ("I"&%01111111)
 1045 A:d2d6  50                                 .byt ("P"&%01111111)
 1046 A:d2d7  d4                                 .byt ("T"|%10000000)

 1048 A:d2d8                                    MS_ERRDD=*-MS_ERRTAB
 1049 A:d2d8  52                                 .byt ("R"&%01111111)
 1050 A:d2d9  45                                 .byt ("E"&%01111111)
 1051 A:d2da  44                                 .byt ("D"&%01111111)
 1052 A:d2db  49                                 .byt ("I"&%01111111)
 1053 A:d2dc  4d                                 .byt ("M"&%01111111)

 1055 A:d2dd  27                                 .byt $27
 1056 A:d2de  44                                 .byt ("D"&%01111111)
 1057 A:d2df  20                                 .byt (" "&%01111111)
 1058 A:d2e0  41                                 .byt ("A"&%01111111)
 1059 A:d2e1  52                                 .byt ("R"&%01111111)
 1060 A:d2e2  52                                 .byt ("R"&%01111111)
 1061 A:d2e3  41                                 .byt ("A"&%01111111)
 1062 A:d2e4  d9                                 .byt ("Y"|%10000000)

 1064 A:d2e5                                    MS_ERRDV0=*-MS_ERRTAB
 1065 A:d2e5  44                                 .byt ("D"&%01111111)
 1066 A:d2e6  49                                 .byt ("I"&%01111111)
 1067 A:d2e7  56                                 .byt ("V"&%01111111)
 1068 A:d2e8  49                                 .byt ("I"&%01111111)
 1069 A:d2e9  53                                 .byt ("S"&%01111111)
 1070 A:d2ea  49                                 .byt ("I"&%01111111)
 1071 A:d2eb  4f                                 .byt ("O"&%01111111)
 1072 A:d2ec  4e                                 .byt ("N"&%01111111)
 1073 A:d2ed  20                                 .byt (" "&%01111111)
 1074 A:d2ee  42                                 .byt ("B"&%01111111)
 1075 A:d2ef  59                                 .byt ("Y"&%01111111)
 1076 A:d2f0  20                                 .byt (" "&%01111111)
 1077 A:d2f1  5a                                 .byt ("Z"&%01111111)
 1078 A:d2f2  45                                 .byt ("E"&%01111111)
 1079 A:d2f3  52                                 .byt ("R"&%01111111)
 1080 A:d2f4  cf                                 .byt ("O"|%10000000)

 1082 A:d2f5                                    MS_ERRID=*-MS_ERRTAB
 1083 A:d2f5  49                                 .byt ("I"&%01111111)
 1084 A:d2f6  4c                                 .byt ("L"&%01111111)
 1085 A:d2f7  4c                                 .byt ("L"&%01111111)
 1086 A:d2f8  45                                 .byt ("E"&%01111111)
 1087 A:d2f9  47                                 .byt ("G"&%01111111)
 1088 A:d2fa  41                                 .byt ("A"&%01111111)
 1089 A:d2fb  4c                                 .byt ("L"&%01111111)
 1090 A:d2fc  20                                 .byt (" "&%01111111)
 1091 A:d2fd  44                                 .byt ("D"&%01111111)
 1092 A:d2fe  49                                 .byt ("I"&%01111111)
 1093 A:d2ff  52                                 .byt ("R"&%01111111)
 1094 A:d300  45                                 .byt ("E"&%01111111)
 1095 A:d301  43                                 .byt ("C"&%01111111)
 1096 A:d302  d4                                 .byt ("T"|%10000000)

 1098 A:d303                                    MS_ERRTM=*-MS_ERRTAB
 1099 A:d303  54                                 .byt ("T"&%01111111)
 1100 A:d304  59                                 .byt ("Y"&%01111111)
 1101 A:d305  50                                 .byt ("P"&%01111111)
 1102 A:d306  45                                 .byt ("E"&%01111111)
 1103 A:d307  20                                 .byt (" "&%01111111)
 1104 A:d308  4d                                 .byt ("M"&%01111111)
 1105 A:d309  49                                 .byt ("I"&%01111111)
 1106 A:d30a  53                                 .byt ("S"&%01111111)
 1107 A:d30b  4d                                 .byt ("M"&%01111111)
 1108 A:d30c  41                                 .byt ("A"&%01111111)
 1109 A:d30d  54                                 .byt ("T"&%01111111)
 1110 A:d30e  43                                 .byt ("C"&%01111111)
 1111 A:d30f  c8                                 .byt ("H"|%10000000)

 1113 A:d310                                    MS_ERRLS=*-MS_ERRTAB
 1114 A:d310  53                                 .byt ("S"&%01111111)
 1115 A:d311  54                                 .byt ("T"&%01111111)
 1116 A:d312  52                                 .byt ("R"&%01111111)
 1117 A:d313  49                                 .byt ("I"&%01111111)
 1118 A:d314  4e                                 .byt ("N"&%01111111)
 1119 A:d315  47                                 .byt ("G"&%01111111)
 1120 A:d316  20                                 .byt (" "&%01111111)
 1121 A:d317  54                                 .byt ("T"&%01111111)
 1122 A:d318  4f                                 .byt ("O"&%01111111)
 1123 A:d319  4f                                 .byt ("O"&%01111111)
 1124 A:d31a  20                                 .byt (" "&%01111111)
 1125 A:d31b  4c                                 .byt ("L"&%01111111)
 1126 A:d31c  4f                                 .byt ("O"&%01111111)
 1127 A:d31d  4e                                 .byt ("N"&%01111111)
 1128 A:d31e  c7                                 .byt ("G"|%10000000)

 1130 A:d31f                                    MS_ERRST=*-MS_ERRTAB
 1131 A:d31f  46                                 .byt ("F"&%01111111)
 1132 A:d320  4f                                 .byt ("O"&%01111111)
 1133 A:d321  52                                 .byt ("R"&%01111111)
 1134 A:d322  4d                                 .byt ("M"&%01111111)
 1135 A:d323  55                                 .byt ("U"&%01111111)
 1136 A:d324  4c                                 .byt ("L"&%01111111)
 1137 A:d325  41                                 .byt ("A"&%01111111)
 1138 A:d326  20                                 .byt (" "&%01111111)
 1139 A:d327  54                                 .byt ("T"&%01111111)
 1140 A:d328  4f                                 .byt ("O"&%01111111)
 1141 A:d329  4f                                 .byt ("O"&%01111111)
 1142 A:d32a  20                                 .byt (" "&%01111111)
 1143 A:d32b  43                                 .byt ("C"&%01111111)
 1144 A:d32c  4f                                 .byt ("O"&%01111111)
 1145 A:d32d  4d                                 .byt ("M"&%01111111)
 1146 A:d32e  50                                 .byt ("P"&%01111111)
 1147 A:d32f  4c                                 .byt ("L"&%01111111)
 1148 A:d330  45                                 .byt ("E"&%01111111)
 1149 A:d331  d8                                 .byt ("X"|%10000000)

 1151 A:d332                                    MS_ERRCN=*-MS_ERRTAB
 1152 A:d332  43                                 .byt ("C"&%01111111)
 1153 A:d333  41                                 .byt ("A"&%01111111)
 1154 A:d334  4e                                 .byt ("N"&%01111111)

 1156 A:d335  27                                 .byt $27
 1157 A:d336  54                                 .byt ("T"&%01111111)
 1158 A:d337  20                                 .byt (" "&%01111111)
 1159 A:d338  43                                 .byt ("C"&%01111111)
 1160 A:d339  4f                                 .byt ("O"&%01111111)
 1161 A:d33a  4e                                 .byt ("N"&%01111111)
 1162 A:d33b  54                                 .byt ("T"&%01111111)
 1163 A:d33c  49                                 .byt ("I"&%01111111)
 1164 A:d33d  4e                                 .byt ("N"&%01111111)
 1165 A:d33e  55                                 .byt ("U"&%01111111)
 1166 A:d33f  c5                                 .byt ("E"|%10000000)

 1168 A:d340                                    MS_ERRUF=*-MS_ERRTAB
 1169 A:d340  55                                 .byt ("U"&%01111111)
 1170 A:d341  4e                                 .byt ("N"&%01111111)
 1171 A:d342  44                                 .byt ("D"&%01111111)
 1172 A:d343  45                                 .byt ("E"&%01111111)
 1173 A:d344  46                                 .byt ("F"&%01111111)

 1175 A:d345  27                                 .byt $27
 1176 A:d346  44                                 .byt ("D"&%01111111)
 1177 A:d347  20                                 .byt (" "&%01111111)
 1178 A:d348  46                                 .byt ("F"&%01111111)
 1179 A:d349  55                                 .byt ("U"&%01111111)
 1180 A:d34a  4e                                 .byt ("N"&%01111111)
 1181 A:d34b  43                                 .byt ("C"&%01111111)
 1182 A:d34c  54                                 .byt ("T"&%01111111)
 1183 A:d34d  49                                 .byt ("I"&%01111111)
 1184 A:d34e  4f                                 .byt ("O"&%01111111)
 1185 A:d34f  ce                                 .byt ("N"|%10000000)

 1187 A:d350                                    ; --------------------------------

 1189 A:d350  20                       MS_ERR    .byt (" "&%01111111)
 1190 A:d351  45                                 .byt ("E"&%01111111)
 1191 A:d352  52                                 .byt ("R"&%01111111)
 1192 A:d353  52                                 .byt ("R"&%01111111)
 1193 A:d354  4f                                 .byt ("O"&%01111111)
 1194 A:d355  52                                 .byt ("R"&%01111111)

 1196 A:d356  07 00                              .byt $07,0

 1198 A:d358  20                       MS_INTXT  .byt (" "&%01111111)
 1199 A:d359  49                                 .byt ("I"&%01111111)
 1200 A:d35a  4e                                 .byt ("N"&%01111111)
 1201 A:d35b  20                                 .byt (" "&%01111111)

 1203 A:d35c  00                                 .byt 0

 1205 A:d35d  0d                       MS_BRKTXT .byt $0d
 1206 A:d35e  42                                 .byt ("B"&%01111111)
 1207 A:d35f  52                                 .byt ("R"&%01111111)
 1208 A:d360  45                                 .byt ("E"&%01111111)
 1209 A:d361  41                                 .byt ("A"&%01111111)
 1210 A:d362  4b                                 .byt ("K"&%01111111)

 1212 A:d363  07 00                              .byt $07,0
 1213 A:d365                                    ; --------------------------------
 1214 A:d365                                    ; CALLED BY "NEXT" AND "FOR" TO SCAN THROUGH
 1215 A:d365                                    ; THE STACK FOR A FRAME WITH THE SAME VARIABLE.
 1216 A:d365                                    ; 
 1217 A:d365                                    ; (FORPNT) = ADDRESS OF VARIABLE IF "FOR" OR "NEXT"
 1218 A:d365                                    ; = $XXFF IF CALLED FROM "RETURN"
 1219 A:d365                                    ; <<< BUG: SHOULD BE $FFXX >>>
 1220 A:d365                                    ; 
 1221 A:d365                                    ; RETURNS .NE. IF VARIABLE NOT FOUND,
 1222 A:d365                                    ; (X) = STACK PNTR AFTER SKIPPING ALL FRAMES
 1223 A:d365                                    ; 
 1224 A:d365                                    ; EQU. IF FOUND
 1225 A:d365                                    ; (X) = STACK PNTR OF FRAME FOUND
 1226 A:d365                                    ; --------------------------------
 1227 A:d365                           MS_FNDFOR 
 1228 A:d365  ba                                 tsx 
 1229 A:d366  e8                                 inx 
 1230 A:d367  e8                                 inx 
 1231 A:d368  e8                                 inx 
 1232 A:d369  e8                                 inx 
 1233 A:d36a  bd 01 01                 MS_FFLOOP lda AS_STACK+1,X                   ; "FOR" FRAME HERE?
 1234 A:d36d  c9 81                              cmp #MS_FORTK               ; 
 1235 A:d36f  d0 21                              bne MS_FFRTS                ; NO
 1236 A:d371  a5 86                              lda MS_Z_FORPNT+1          ; YES -- "NEXT" WITH NO VARIABLE?
 1237 A:d373  d0 0a                              bne MS_CMPFOR                ; NO, VARIABLE SPECIFIED
 1238 A:d375  bd 02 01                           lda AS_STACK+2,X                   ; YES, SO USE THIS FRAME
 1239 A:d378  85 85                              sta MS_Z_FORPNT                ; 
 1240 A:d37a  bd 03 01                           lda AS_STACK+3,X                   ; 
 1241 A:d37d  85 86                              sta MS_Z_FORPNT+1          ; 
 1242 A:d37f  dd 03 01                 MS_CMPFOR cmp AS_STACK+3,X                   ; IS VARIABLE IN THIS FRAME?
 1243 A:d382  d0 07                              bne MS_ADDFRS                ; NO
 1244 A:d384  a5 85                              lda MS_Z_FORPNT                ; LOOK AT 2ND BYTE TOO
 1245 A:d386  dd 02 01                           cmp AS_STACK+2,X                   ; SAME VARIABLE?
 1246 A:d389  f0 07                              beq MS_FFRTS                ; YES
 1247 A:d38b  8a                       MS_ADDFRS txa                 ; NO, SO TRY NEXT FRAME (IF ANY)
 1248 A:d38c  18                                 clc                    ; 18 BYTES PER FRAME
 1249 A:d38d  69 12                              adc #18             ; 
 1250 A:d38f  aa                                 tax 
 1251 A:d390  d0 d8                              bne MS_FFLOOP                ; ...ALWAYS?
 1252 A:d392  60                       MS_FFRTS  rts 
 1253 A:d393                                    ; --------------------------------
 1254 A:d393                                    ; MOVE BLOCK OF MEMORY UP
 1255 A:d393                                    ; 
 1256 A:d393                                    ; ON ENTRY:
 1257 A:d393                                    ; (Y,A) = (HIGHDS) = DESTINATION END+1
 1258 A:d393                                    ; (LOWTR) = LOWEST ADDRESS OF SOURCE
 1259 A:d393                                    ; (HIGHTR) = HIGHEST SOURCE ADDRESS+1
 1260 A:d393                                    ; --------------------------------
 1261 A:d393  20 e3 d3                 MS_BLTU   jsr MS_REASON             ; BE SURE (Y,A) < FRETOP
 1262 A:d396  85 6d                              sta MS_Z_STREND                ; NEW TOP OF ARRAY STORAGE
 1263 A:d398  84 6e                              sty MS_Z_STREND+1          ; 
 1264 A:d39a  38                       MS_BLTUC  sec                 ; 
 1265 A:d39b  a5 96                              lda MS_Z_HIGHTR                ; COMPUTE # OF BYTES TO BE MOVED
 1266 A:d39d  e5 9b                              sbc MS_Z_LOWTR                ; (FROM LOWTR THRU HIGHTR-1)
 1267 A:d39f  85 5e                              sta AS_INDEX                ; PARTIAL PAGE AMOUNT
 1268 A:d3a1  a8                                 tay                    ; 
 1269 A:d3a2  a5 97                              lda MS_Z_HIGHTR+1          ; 
 1270 A:d3a4  e5 9c                              sbc MS_Z_LOWTR+1          ; 
 1271 A:d3a6  aa                                 tax                    ; # OF WHOLE PAGES IN X-REG
 1272 A:d3a7  e8                                 inx                    ; 
 1273 A:d3a8  98                                 tya                    ; # BYTES IN PARTIAL PAGE
 1274 A:d3a9  f0 23                              beq MS_DECBLT                ; NO PARTIAL PAGE
 1275 A:d3ab  a5 96                              lda MS_Z_HIGHTR                ; BACK UP HIGHTR # BYTES IN PARTIAL PAGE
 1276 A:d3ad  38                                 sec                    ; 
 1277 A:d3ae  e5 5e                              sbc AS_INDEX                ; 
 1278 A:d3b0  85 96                              sta MS_Z_HIGHTR                ; 
 1279 A:d3b2  b0 03                              bcs MS_BLT1                ; 
 1280 A:d3b4  c6 97                              dec MS_Z_HIGHTR+1          ; 
 1281 A:d3b6  38                                 sec                    ; 
 1282 A:d3b7  a5 94                    MS_BLT1   lda MS_Z_HIGHDS             ; BACK UP HIGHDS # BYTES IN PARTIAL PAGE
 1283 A:d3b9  e5 5e                              sbc AS_INDEX                ; 
 1284 A:d3bb  85 94                              sta MS_Z_HIGHDS                ; 
 1285 A:d3bd  b0 08                              bcs MS_MOREN1                ; 
 1286 A:d3bf  c6 95                              dec MS_Z_HIGHDS+1          ; 
 1287 A:d3c1  90 04                              bcc MS_MOREN1                ; ...ALWAYS
 1288 A:d3c3  b1 96                    MS_BLTLP  lda (MS_Z_HIGHTR),Y                  ; MOVE THE BYTES
 1289 A:d3c5  91 94                              sta (MS_Z_HIGHDS),Y
 1290 A:d3c7  88                       MS_MOREN1 dey 
 1291 A:d3c8  d0 f9                              bne MS_BLTLP                ; LOOP TO END OF THIS 256 BYTES
 1292 A:d3ca  b1 96                              lda (MS_Z_HIGHTR),Y                  ; MOVE ONE MORE BYTE
 1293 A:d3cc  91 94                              sta (MS_Z_HIGHDS),Y
 1294 A:d3ce  c6 97                    MS_DECBLT dec MS_Z_HIGHTR+1       ; DOWN TO NEXT BLOCK OF 256
 1295 A:d3d0  c6 95                              dec MS_Z_HIGHDS+1
 1296 A:d3d2  ca                                 dex                    ; ANOTHER BLOCK OF 256 TO MOVE?
 1297 A:d3d3  d0 f2                              bne MS_MOREN1                ; YES
 1298 A:d3d5  60                                 rts                    ; NO, FINISHED
 1299 A:d3d6                                    ; --------------------------------
 1300 A:d3d6                                    ; CHECK IF ENOUGH ROOM LEFT ON STACK
 1301 A:d3d6                                    ; FOR "FOR", "GOSUB", OR EXPRESSION EVALUATION
 1302 A:d3d6                                    ; --------------------------------
 1303 A:d3d6  0a                       MS_GETSTK asl 
 1304 A:d3d7  69 36                              adc #54
 1305 A:d3d9  b0 35                              bcs MS_OMERR                ; ...MEM FULL ERR
 1306 A:d3db  85 5e                              sta AS_INDEX
 1307 A:d3dd  ba                                 tsx 
 1308 A:d3de  e4 5e                              cpx AS_INDEX
 1309 A:d3e0  90 2e                              bcc MS_OMERR                ; ...MEM FULL ERR
 1310 A:d3e2  60                                 rts 
 1311 A:d3e3                                    ; --------------------------------
 1312 A:d3e3                                    ; CHECK IF ENOUGH ROOM BETWEEN ARRAYS AND STRINGS
 1313 A:d3e3                                    ; (Y,A) = ADDR ARRAYS NEED TO GROW TO
 1314 A:d3e3                                    ; --------------------------------
 1315 A:d3e3  c4 70                    MS_REASON cpy MS_Z_FRETOP+1       ; HIGH BYTE
 1316 A:d3e5  90 28                              bcc MS_REARTS                ; PLENTY OF ROOM
 1317 A:d3e7  d0 04                              bne MS_TRYMOR                ; NOT ENOUGH, TRY GARBAGE COLLECTION
 1318 A:d3e9  c5 6f                              cmp MS_Z_FRETOP                ; LOW BYTE
 1319 A:d3eb  90 22                              bcc MS_REARTS                ; ENOUGH ROOM
 1320 A:d3ed                                    ; --------------------------------
 1321 A:d3ed  48                       MS_TRYMOR pha                 ; SAVE (Y,A), TEMP1, AND TEMP2
 1322 A:d3ee  a2 09                              ldx #MS_Z_FAC-MS_Z_TEMPF1-1
 1323 A:d3f0  98                                 tya 
 1324 A:d3f1  48                       MS_REASAV pha 
 1325 A:d3f2  b5 93                              lda MS_Z_TEMPF1,X
 1326 A:d3f4  ca                                 dex 
 1327 A:d3f5  10 fa                              bpl MS_REASAV
 1328 A:d3f7  20 84 e4                           jsr MS_GARBA2                ; MAKE AS MUCH ROOM AS POSSIBLE
 1329 A:d3fa  a2 f7                              ldx #MS_Z_TEMPF1+256-MS_Z_FAC+1; RESTORE TEMP1 AND TEMP2
 1330 A:d3fc  68                       MS_REASTO pla                 ; AND (Y,A)
 1331 A:d3fd  95 9d                              sta MS_Z_FAC,X
 1332 A:d3ff  e8                                 inx 
 1333 A:d400  30 fa                              bmi MS_REASTO
 1334 A:d402  68                                 pla 
 1335 A:d403  a8                                 tay 
 1336 A:d404  68                                 pla                    ; DID WE FIND ENOUGH ROOM?
 1337 A:d405  c4 70                              cpy MS_Z_FRETOP+1          ; HIGH BYTE
 1338 A:d407  90 06                              bcc MS_REARTS                ; YES, AT LEAST A PAGE
 1339 A:d409  d0 05                              bne MS_OMERR                ; NO, MEM FULL ERR
 1340 A:d40b  c5 6f                              cmp MS_Z_FRETOP                ; LOW BYTE
 1341 A:d40d  b0 01                              bcs MS_OMERR                ; NO, MEM FULL ERR
 1342 A:d40f  60                       MS_REARTS rts                 ; YES, RETURN
 1343 A:d410                                    ; --------------------------------
 1344 A:d410  a2 4d                    MS_OMERR  ldx #MS_ERROM
 1345 A:d412                                    ; --------------------------------
 1346 A:d412                                    ; HANDLE AN ERROR
 1347 A:d412                                    ; 
 1348 A:d412                                    ; (X)=OFFSET IN ERROR MESSAGE TABLE
 1349 A:d412                                    ; (ERRFLG) > 128 IF "ON ERR" TURNED ON
 1350 A:d412                                    ; (CURLIN+1) = $FF IF IN DIRECT MODE
 1351 A:d412                                    ; --------------------------------
 1352 A:d412  24 d8                    MS_ERROR  bit AS_ERRFLG             ; "ON ERR" TURNED ON?
 1353 A:d414  10 03                              bpl MS_ERRCRD                ; NO
 1354 A:d416  4c e9 f2                           jmp AS_HANDLERR                ; YES
 1355 A:d419  20 fb da                 MS_ERRCRD jsr MS_CRDO             ; PRINT <RETURN>
 1356 A:d41c  20 5a db                           jsr MS_OUTQST                ; PRINT "?"
 1357 A:d41f  bd 60 d2                 MS_GETERR lda MS_ERRTAB,X
 1358 A:d422  48                                 pha                    ; PRINT MESSAGE
 1359 A:d423  20 5c db                           jsr MS_OUTDO
 1360 A:d426  e8                                 inx 
 1361 A:d427  68                                 pla 
 1362 A:d428  10 f5                              bpl MS_GETERR
 1363 A:d42a  20 83 d6                           jsr MS_STKINI                ; FIX STACK, ET AL
 1364 A:d42d  a9 50                              lda #<MS_ERR              ; PRINT " ERROR" AND BELL
 1365 A:d42f  a0 d3                              ldy #>MS_ERR
 1366 A:d431                                    ; --------------------------------
 1367 A:d431                                    ; PRINT STRING AT (Y,A)
 1368 A:d431                                    ; PRINT CURRENT LINE # UNLESS IN DIRECT MODE
 1369 A:d431                                    ; FALL INTO WARM RESTART
 1370 A:d431                                    ; --------------------------------
 1371 A:d431                           MS_ERRFIN 
 1372 A:d431  20 3a db                           jsr AS_STROUT                ; PRINT STRING AT (Y,A)
 1373 A:d434  a4 76                              ldy MS_Z_CURLIN+1          ; RUNNING, OR DIRECT?
 1374 A:d436  c8                                 iny 
 1375 A:d437  f0 03                              beq MS_MAIN                ; WAS $FF, SO DIRECT MODE
 1376 A:d439  20 19 ed                           jsr MS_INPRT                ; RUNNING, SO PRINT LINE NUMBER
 1377 A:d43c                                    ; --------------------------------
 1378 A:d43c                                    ; WARM RESTART ENTRY
 1379 A:d43c                                    ; 
 1380 A:d43c                                    ; COME HERE FROM MONITOR BY CTL-C, 0G, 3D0G, OR E003G
 1381 A:d43c                                    ; --------------------------------
 1382 A:d43c                           MS_MAIN   
 1383 A:d43c  20 fb da                           jsr MS_CRDO                ; PRINT <RETURN>
 1384 A:d43f  a2 dd                              ldx #("]"|%10000000)     ; PROMPT CHARACTER
 1385 A:d441  20 2e d5                           jsr MS_INLIN2                ; READ A LINE
 1386 A:d444  86 b8                              stx MS_Z_TXTPTR                ; SET UP CHRGET TO SCAN THE LINE
 1387 A:d446  84 b9                              sty MS_Z_TXTPTR+1          ; 
 1388 A:d448  46 d8                              lsr AS_ERRFLG                ; CLEAR FLAG
 1389 A:d44a  20 b1 00                           jsr MS_Z_CHRGET                ; 
 1390 A:d44d  aa                                 tax                    ; 
 1391 A:d44e  f0 ec                              beq MS_MAIN                ; EMPTY LINE
 1392 A:d450  a2 ff                              ldx #$ff             ; $FF IN HI-BYTE OF CURLIN MEANS
 1393 A:d452  86 76                              stx MS_Z_CURLIN+1          ; WE ARE IN DIRECT MODE
 1394 A:d454  90 06                              bcc MS_MAIN1                ; CHRGET SAW DIGIT, NUMBERED LINE
 1395 A:d456  20 59 d5                           jsr MS_CRUNCH                ; NO NUMBER, SO PARSE IT
 1396 A:d459  4c 05 d8                           jmp AS_TRACE_                ; AND TRY EXECUTING IT
 1397 A:d45c                                    ; --------------------------------
 1398 A:d45c                                    ; HANDLE NUMBERED LINE
 1399 A:d45c                                    ; --------------------------------
 1400 A:d45c                           MS_MAIN1  
 1401 A:d45c  a6 af                              ldx AS_PRGEND                ; SQUASH VARIABLE TABLE
 1402 A:d45e  86 69                              stx MS_Z_VARTAB
 1403 A:d460  a6 b0                              ldx AS_PRGEND+1
 1404 A:d462  86 6a                              stx MS_Z_VARTAB+1
 1405 A:d464  20 0c da                           jsr MS_LINGET                ; GET LINE #
 1406 A:d467  20 59 d5                           jsr MS_CRUNCH                ; AND PARSE THE INPUT LINE
 1407 A:d46a  84 0f                              sty AS_EOL_PNTR                ; SAVE INDEX TO INPUT BUFFER
 1408 A:d46c  20 1a d6                           jsr MS_FNDLIN                ; IS THIS LINE # ALREADY IN PROGRAM?
 1409 A:d46f  90 44                              bcc MS_NODEL                ; NO
 1410 A:d471  a0 01                              ldy #1             ; YES, SO DELETE IT
 1411 A:d473  b1 9b                              lda (MS_Z_LOWTR),Y                   ; LOWTR POINTS AT LINE
 1412 A:d475  85 5f                              sta AS_INDEX+1          ; GET HIGH BYTE OF FORWARD PNTR
 1413 A:d477  a5 69                              lda MS_Z_VARTAB
 1414 A:d479  85 5e                              sta AS_INDEX
 1415 A:d47b  a5 9c                              lda MS_Z_LOWTR+1
 1416 A:d47d  85 61                              sta AS_DEST+1
 1417 A:d47f  a5 9b                              lda MS_Z_LOWTR
 1418 A:d481  88                                 dey 
 1419 A:d482  f1 9b                              sbc (MS_Z_LOWTR),Y
 1420 A:d484  18                                 clc 
 1421 A:d485  65 69                              adc MS_Z_VARTAB
 1422 A:d487  85 69                              sta MS_Z_VARTAB
 1423 A:d489  85 60                              sta AS_DEST
 1424 A:d48b  a5 6a                              lda MS_Z_VARTAB+1
 1425 A:d48d  69 ff                              adc #$ff
 1426 A:d48f  85 6a                              sta MS_Z_VARTAB+1
 1427 A:d491  e5 9c                              sbc MS_Z_LOWTR+1
 1428 A:d493  aa                                 tax 
 1429 A:d494  38                                 sec 
 1430 A:d495  a5 9b                              lda MS_Z_LOWTR
 1431 A:d497  e5 69                              sbc MS_Z_VARTAB
 1432 A:d499  a8                                 tay 
 1433 A:d49a  b0 03                              bcs MS_QDECT1
 1434 A:d49c  e8                                 inx 
 1435 A:d49d  c6 61                              dec AS_DEST+1
 1436 A:d49f  18                       MS_QDECT1 clc 
 1437 A:d4a0  65 5e                              adc AS_INDEX
 1438 A:d4a2  90 03                              bcc MS_MLOOP
 1439 A:d4a4  c6 5f                              dec AS_INDEX+1
 1440 A:d4a6  18                                 clc 
 1441 A:d4a7                                    ; --------------------------------
 1442 A:d4a7  b1 5e                    MS_MLOOP  lda (AS_INDEX),Y                   ; MOVE HIGHER LINES OF PROGRAM
 1443 A:d4a9  91 60                              sta (AS_DEST),Y                    ; DOWN OVER THE DELETED LINE.
 1444 A:d4ab  c8                                 iny 
 1445 A:d4ac  d0 f9                              bne MS_MLOOP
 1446 A:d4ae  e6 5f                              inc AS_INDEX+1
 1447 A:d4b0  e6 61                              inc AS_DEST+1
 1448 A:d4b2  ca                                 dex 
 1449 A:d4b3  d0 f2                              bne MS_MLOOP
 1450 A:d4b5                                    ; --------------------------------
 1451 A:d4b5                           MS_NODEL  
 1452 A:d4b5  ad 00 02                           lda AS_INPUT_BUFFER                ; ANY CHARACTERS AFTER LINE #?
 1453 A:d4b8  f0 38                              beq AS_FIX_LINKS                ; NO, SO NOTHING TO INSERT.
 1454 A:d4ba  a5 73                              lda MS_Z_MEMSIZ                ; YES, SO MAKE ROOM AND INSERT LINE
 1455 A:d4bc  a4 74                              ldy MS_Z_MEMSIZ+1          ; WIPE STRING AREA CLEAN
 1456 A:d4be  85 6f                              sta MS_Z_FRETOP                ; 
 1457 A:d4c0  84 70                              sty MS_Z_FRETOP+1          ; 
 1458 A:d4c2  a5 69                              lda MS_Z_VARTAB                ; SET UP BLTU SUBROUTINE
 1459 A:d4c4  85 96                              sta MS_Z_HIGHTR                ; INSERT NEW LINE.
 1460 A:d4c6  65 0f                              adc AS_EOL_PNTR
 1461 A:d4c8  85 94                              sta MS_Z_HIGHDS
 1462 A:d4ca  a4 6a                              ldy MS_Z_VARTAB+1
 1463 A:d4cc  84 97                              sty MS_Z_HIGHTR+1
 1464 A:d4ce  90 01                              bcc MS_NODELC
 1465 A:d4d0  c8                                 iny 
 1466 A:d4d1  84 95                    MS_NODELC sty MS_Z_HIGHDS+1
 1467 A:d4d3  20 93 d3                           jsr MS_BLTU                ; MAKE ROOM FOR THE LINE
 1468 A:d4d6  a5 50                              lda MS_Z_LINNUM                ; PUT LINE NUMBER IN LINE IMAGE
 1469 A:d4d8  a4 51                              ldy MS_Z_LINNUM+1
 1470 A:d4da  8d fe 01                           sta AS_INPUT_BUFFER-2
 1471 A:d4dd  8c ff 01                           sty AS_INPUT_BUFFER-1
 1472 A:d4e0  a5 6d                              lda MS_Z_STREND
 1473 A:d4e2  a4 6e                              ldy MS_Z_STREND+1
 1474 A:d4e4  85 69                              sta MS_Z_VARTAB
 1475 A:d4e6  84 6a                              sty MS_Z_VARTAB+1
 1476 A:d4e8  a4 0f                              ldy AS_EOL_PNTR
 1477 A:d4ea                                    ; ---COPY LINE INTO PROGRAM-------
 1478 A:d4ea  b9 fb 01                 MS_STOLOP lda AS_INPUT_BUFFER-5,Y
 1479 A:d4ed  88                                 dey 
 1480 A:d4ee  91 9b                              sta (MS_Z_LOWTR),Y
 1481 A:d4f0  d0 f8                              bne MS_STOLOP
 1482 A:d4f2                                    ; --------------------------------
 1483 A:d4f2                                    ; CLEAR ALL VARIABLES
 1484 A:d4f2                                    ; RE-ESTABLISH ALL FORWARD LINKS
 1485 A:d4f2                                    ; --------------------------------
 1486 A:d4f2                           AS_FIX_LINKS 
 1487 A:d4f2  20 65 d6                           jsr MS_RUNC                ; CLEAR ALL VARIABLES
 1488 A:d4f5  a5 67                              lda MS_Z_TXTTAB                ; POINT INDEX AT START OF PROGRAM
 1489 A:d4f7  a4 68                              ldy MS_Z_TXTTAB+1
 1490 A:d4f9  85 5e                              sta AS_INDEX
 1491 A:d4fb  84 5f                              sty AS_INDEX+1
 1492 A:d4fd  18                                 clc 
 1493 A:d4fe  a0 01                    AS_L_FIX_LINKS_1 ldy #1          ; HI-BYTE OF NEXT FORWARD PNTR
 1494 A:d500  b1 5e                              lda (AS_INDEX),Y                   ; END OF PROGRAM YET?
 1495 A:d502  d0 0b                              bne AS_L_FIX_LINKS_2                ; NO, KEEP GOING
 1496 A:d504  a5 69                              lda MS_Z_VARTAB                ; YES
 1497 A:d506  85 af                              sta AS_PRGEND
 1498 A:d508  a5 6a                              lda MS_Z_VARTAB+1
 1499 A:d50a  85 b0                              sta AS_PRGEND+1
 1500 A:d50c  4c 3c d4                           jmp MS_MAIN
 1501 A:d50f  a0 04                    AS_L_FIX_LINKS_2 ldy #4          ; FIND END OF THIS LINE
 1502 A:d511  c8                       AS_L_FIX_LINKS_3 iny                 ; (NOTE MAXIMUM LENGTH < 256)
 1503 A:d512  b1 5e                              lda (AS_INDEX),Y                   ; 
 1504 A:d514  d0 fb                              bne AS_L_FIX_LINKS_3                ; 
 1505 A:d516  c8                                 iny                    ; COMPUTE ADDRESS OF NEXT LINE
 1506 A:d517  98                                 tya                    ; 
 1507 A:d518  65 5e                              adc AS_INDEX                ; 
 1508 A:d51a  aa                                 tax                    ; 
 1509 A:d51b  a0 00                              ldy #0             ; STORE FORWARD PNTR IN THIS LINE
 1510 A:d51d  91 5e                              sta (AS_INDEX),Y                   ; 
 1511 A:d51f  a5 5f                              lda AS_INDEX+1          ; 
 1512 A:d521  69 00                              adc #0             ; (NOTE: THIS CLEARS CARRY)
 1513 A:d523  c8                                 iny                    ; 
 1514 A:d524  91 5e                              sta (AS_INDEX),Y                   ; 
 1515 A:d526  86 5e                              stx AS_INDEX                ; 
 1516 A:d528  85 5f                              sta AS_INDEX+1          ; 
 1517 A:d52a  90 d2                              bcc AS_L_FIX_LINKS_1                ; ...ALWAYS
 1518 A:d52c                                    ; --------------------------------
 1519 A:d52c                                    ; --------------------------------
 1520 A:d52c                                    ; READ A LINE, AND STRIP OFF SIGN BITS
 1521 A:d52c                                    ; --------------------------------
 1522 A:d52c  a2 80                    MS_INLIN  ldx #$80          ; NULL PROMPT
 1523 A:d52e  86 33                    MS_INLIN2 stx MON_PROMPT
 1524 A:d530  20 6a fd                           jsr MON_GETLN
 1525 A:d533  e0 ef                              cpx #239             ; MAXIMUM LINE LENGTH
 1526 A:d535  90 02                              bcc MS_GDBUFS
 1527 A:d537  a2 ef                              ldx #239             ; TRUNCATE AT 239 CHARS
 1528 A:d539  a9 00                    MS_GDBUFS lda #0          ; MARK END OF LINE WITH $00 BYTE
 1529 A:d53b  9d 00 02                           sta AS_INPUT_BUFFER,X
 1530 A:d53e  8a                                 txa 
 1531 A:d53f  f0 0b                              beq MS_NOCHR                ; NULL INPUT LINE
 1532 A:d541  bd ff 01                 MS_LOPBHT lda AS_INPUT_BUFFER-1,X            ; DROP SIGN BITS
 1533 A:d544  29 7f                              and #$7f
 1534 A:d546  9d ff 01                           sta AS_INPUT_BUFFER-1,X
 1535 A:d549  ca                                 dex 
 1536 A:d54a  d0 f5                              bne MS_LOPBHT
 1537 A:d54c  a9 00                    MS_NOCHR  lda #0          ; (Y,X) POINTS AT BUFFER-1
 1538 A:d54e  a2 ff                              ldx #<(AS_INPUT_BUFFER-1)
 1539 A:d550  a0 01                              ldy #>(AS_INPUT_BUFFER-1)
 1540 A:d552  60                                 rts 
 1541 A:d553                                    ; --------------------------------
 1542 A:d553  20 0c fd                 AS_INCHR  jsr MON_RDKEY             ; *** OUGHT TO BE "BIT $C010" ***
 1543 A:d556  29 7f                              and #$7f
 1544 A:d558  60                                 rts 
 1545 A:d559                                    ; --------------------------------
 1546 A:d559                                    ; TOKENIZE THE INPUT LINE
 1547 A:d559                                    ; --------------------------------
 1548 A:d559                           MS_CRUNCH 
 1549 A:d559  a6 b8                              ldx MS_Z_TXTPTR                ; INDEX INTO UNPARSED LINE
 1550 A:d55b  ca                                 dex                    ; PREPARE FOR INX AT "PARSE"
 1551 A:d55c  a0 04                              ldy #4             ; INDEX TO PARSED OUTPUT LINE
 1552 A:d55e  84 13                              sty MS_Z_DORES                ; CLEAR SIGN-BIT OF DATAFLG
 1553 A:d560  24 d6                              bit AS_LOCK                ; IS THIS PROGRAM LOCKED?
 1554 A:d562  10 08                              bpl AS_PARSE                ; NO, GO AHEAD AND PARSE THE LINE
 1555 A:d564  68                                 pla                    ; YES, IGNORE INPUT AND "RUN"
 1556 A:d565  68                                 pla                    ; THE PROGRAM
 1557 A:d566  20 65 d6                           jsr MS_RUNC                ; CLEAR ALL VARIABLES
 1558 A:d569  4c d2 d7                           jmp AS_NEWSTT                ; START RUNNING
 1559 A:d56c                                    ; --------------------------------
 1560 A:d56c  e8                       AS_PARSE  inx                 ; NEXT INPUT CHARACTER
 1561 A:d56d  bd 00 02                 AS_L_PARSE_1 lda AS_INPUT_BUFFER,X
 1562 A:d570  24 13                              bit MS_Z_DORES                ; IN A "DATA" STATEMENT?
 1563 A:d572  70 04                              bvs AS_L_PARSE_2                ; YES (DATAFLG = $49)
 1564 A:d574  c9 20                              cmp #(" "&%01111111)     ; IGNORE BLANKS
 1565 A:d576  f0 f4                              beq AS_PARSE                ; 
 1566 A:d578  85 0e                    AS_L_PARSE_2 sta MS_Z_ENDCHR             ; 
 1567 A:d57a  c9 22                              cmp #$22             ; START OF QUOTATION?
 1568 A:d57c  f0 74                              beq MS_STRNG                ; 
 1569 A:d57e  70 4d                              bvs MS_STUFFH                ; BRANCH IF IN "DATA" STATEMENT
 1570 A:d580  c9 3f                              cmp #("?"&%01111111)     ; SHORTHAND FOR "PRINT"?
 1571 A:d582  d0 04                              bne MS_KLOOP1                ; NO
 1572 A:d584  a9 ba                              lda #MS_PRINTK               ; YES, REPLACE WITH "PRINT" TOKEN
 1573 A:d586  d0 45                              bne MS_STUFFH                ; ...ALWAYS
 1574 A:d588  c9 30                    MS_KLOOP1 cmp #("0"&%01111111)  ; IS IT A DIGIT, COLON, OR SEMI-COLON?
 1575 A:d58a  90 04                              bcc MS_MUSTCR                ; NO, PUNCTUATION !"#$%&'()*+,-./
 1576 A:d58c  c9 3c                              cmp #(";"&%01111111)+1
 1577 A:d58e  90 3d                              bcc MS_STUFFH                ; YES, NOT A TOKEN
 1578 A:d590                                    ; --------------------------------
 1579 A:d590                                    ; SEARCH TOKEN NAME TABLE FOR MATCH STARTING
 1580 A:d590                                    ; WITH CURRENT CHAR FROM INPUT LINE
 1581 A:d590                                    ; --------------------------------
 1582 A:d590  84 ad                    MS_MUSTCR sty MS_Z_STRNG2             ; SAVE INDEX TO OUTPUT LINE
 1583 A:d592  a9 d0                              lda #<(MS_RESLST-$0100)
 1584 A:d594  85 9d                              sta MS_Z_FAC                ; MAKE PNTR FOR SEARCH
 1585 A:d596  a9 cf                              lda #>(MS_RESLST-$0100)
 1586 A:d598  85 9e                              sta MS_Z_FAC+1
 1587 A:d59a  a0 00                              ldy #0             ; USE Y-REG WITH (FAC) TO ADDRESS TABLE
 1588 A:d59c  84 0f                              sty MS_Z_COUNT                ; HOLDS CURRENT TOKEN-$80
 1589 A:d59e  88                                 dey                    ; PREPARE FOR "INY" A FEW LINES DOWN
 1590 A:d59f  86 b8                              stx MS_Z_TXTPTR                ; SAVE POSITION IN INPUT LINE
 1591 A:d5a1  ca                                 dex                    ; PREPARE FOR "INX" A FEW LINES DOWN
 1592 A:d5a2  c8                       MS_RESER  iny                 ; ADVANCE POINTER TO TOKEN TABLE
 1593 A:d5a3  d0 02                              bne AS_L_PARSE_6                ; Y=Y+1 IS ENOUGH
 1594 A:d5a5  e6 9e                              inc MS_Z_FAC+1          ; ALSO NEED TO BUMP THE PAGE
 1595 A:d5a7  e8                       AS_L_PARSE_6 inx                 ; ADVANCE POINTER TO INPUT LINE
 1596 A:d5a8  bd 00 02                 AS_L_PARSE_7 lda AS_INPUT_BUFFER,X              ; NEXT CHAR FROM INPUT LINE
 1597 A:d5ab  c9 20                              cmp #(" "&%01111111)     ; THIS CHAR A BLANK?
 1598 A:d5ad  f0 f8                              beq AS_L_PARSE_6                ; YES, IGNORE ALL BLANKS
 1599 A:d5af  38                                 sec                    ; NO, COMPARE TO CHAR IN TABLE
 1600 A:d5b0  f1 9d                              sbc (MS_Z_FAC),Y                     ; SAME AS NEXT CHAR OF TOKEN NAME?
 1601 A:d5b2  f0 ee                              beq MS_RESER                ; YES, CONTINUE MATCHING
 1602 A:d5b4  c9 80                              cmp #$80             ; MAYBE; WAS IT SAME EXCEPT FOR BIT 7?
 1603 A:d5b6  d0 41                              bne MS_NTHIS                ; NO, SKIP TO NEXT TOKEN
 1604 A:d5b8  05 0f                              ora MS_Z_COUNT                ; YES, END OF TOKEN; GET TOKEN #
 1605 A:d5ba  c9 c5                              cmp #AS_TOKENDB               ; DID WE MATCH "AT"?
 1606 A:d5bc  d0 0d                              bne MS_GETBPT                ; NO, SO NO AMBIGUITY
 1607 A:d5be  bd 01 02                           lda AS_INPUT_BUFFER+1,X            ; "AT" COULD BE "ATN" OR "A TO"
 1608 A:d5c1  c9 4e                              cmp #("N"&%01111111)     ; "ATN" HAS PRECEDENCE OVER "AT"
 1609 A:d5c3  f0 34                              beq MS_NTHIS                ; IT IS "ATN", FIND IT THE HARD WAY
 1610 A:d5c5  c9 4f                              cmp #("O"&%01111111)     ; "TO" HAS PRECEDENCE OVER "AT"
 1611 A:d5c7  f0 30                              beq MS_NTHIS                ; IT IS "A TO", FIN IT THE HARD WAY
 1612 A:d5c9  a9 c5                              lda #AS_TOKENDB               ; NOT "ATN" OR "A TO", SO USE "AT"
 1613 A:d5cb                                    ; --------------------------------
 1614 A:d5cb                                    ; STORE CHARACTER OR TOKEN IN OUTPUT LINE
 1615 A:d5cb                                    ; --------------------------------
 1616 A:d5cb  a4 ad                    MS_GETBPT ldy MS_Z_STRNG2             ; GET INDEX TO OUTPUT LINE IN Y-REG
 1617 A:d5cd  e8                       MS_STUFFH inx                 ; ADVANCE INPUT INDEX
 1618 A:d5ce  c8                                 iny                    ; ADVANCE OUTPUT INDEX
 1619 A:d5cf  99 fb 01                           sta AS_INPUT_BUFFER-5,Y            ; STORE CHAR OR TOKEN
 1620 A:d5d2  b9 fb 01                           lda AS_INPUT_BUFFER-5,Y            ; TEST FOR EOL OR EOS
 1621 A:d5d5  f0 39                              beq MS_CRDONE                ; END OF LINE
 1622 A:d5d7  38                                 sec                    ; 
 1623 A:d5d8  e9 3a                              sbc #(":"&%01111111)     ; END OF STATEMENT?
 1624 A:d5da  f0 04                              beq MS_COLIS                ; YES, CLEAR DATAFLG
 1625 A:d5dc  c9 49                              cmp #MS_DATATK+128-$ba   ; "DATA" TOKEN?
 1626 A:d5de  d0 02                              bne MS_NODATT                ; NO, LEAVE DATAFLG ALONE
 1627 A:d5e0  85 13                    MS_COLIS  sta MS_Z_DORES             ; DATAFLG = 0 OR $83-$3A = $49
 1628 A:d5e2  38                       MS_NODATT sec                 ; IS IT A "REM" TOKEN?
 1629 A:d5e3  e9 78                              sbc #MS_REMTK+128-$ba
 1630 A:d5e5  d0 86                              bne AS_L_PARSE_1                ; NO, CONTINUE PARSING LINE
 1631 A:d5e7  85 0e                              sta MS_Z_ENDCHR                ; YES, CLEAR LITERAL FLAG
 1632 A:d5e9                                    ; --------------------------------
 1633 A:d5e9                                    ; HANDLE LITERAL (BETWEEN QUOTES) OR REMARK,
 1634 A:d5e9                                    ; BY COPYING CHARS UP TO ENDCHR.
 1635 A:d5e9                                    ; --------------------------------
 1636 A:d5e9  bd 00 02                 AS_L_PARSE_12 lda AS_INPUT_BUFFER,X
 1637 A:d5ec  f0 df                              beq MS_STUFFH                ; END OF LINE
 1638 A:d5ee  c5 0e                              cmp MS_Z_ENDCHR
 1639 A:d5f0  f0 db                              beq MS_STUFFH                ; FOUND ENDCHR
 1640 A:d5f2  c8                       MS_STRNG  iny                 ; NEXT OUTPUT CHAR
 1641 A:d5f3  99 fb 01                           sta AS_INPUT_BUFFER-5,Y
 1642 A:d5f6  e8                                 inx                    ; NEXT INPUT CHAR
 1643 A:d5f7  d0 f0                              bne AS_L_PARSE_12                ; ...ALWAYS
 1644 A:d5f9                                    ; --------------------------------
 1645 A:d5f9                                    ; ADVANCE POINTER TO NEXT TOKEN NAME
 1646 A:d5f9                                    ; --------------------------------
 1647 A:d5f9  a6 b8                    MS_NTHIS  ldx MS_Z_TXTPTR             ; GET POINTER TO INPUT LINE IN X-REG
 1648 A:d5fb  e6 0f                              inc MS_Z_COUNT                ; BUMP (TOKEN # - $80)
 1649 A:d5fd  b1 9d                    AS_L_PARSE_15 lda (MS_Z_FAC),Y                     ; SCAN THROUGH TABLE FOR BIT7 = 1
 1650 A:d5ff  c8                                 iny                    ; NEXT TOKEN ONE BEYOND THAT
 1651 A:d600  d0 02                              bne AS_L_PARSE_16                ; ...USUALLY ENOUGH TO BUMP Y-REG
 1652 A:d602  e6 9e                              inc MS_Z_FAC+1          ; NEXT SET OF 256 TOKEN CHARS
 1653 A:d604  0a                       AS_L_PARSE_16 asl                 ; SEE IF SIGN BIT SET ON CHAR
 1654 A:d605  90 f6                              bcc AS_L_PARSE_15                ; NO, MORE IN THIS NAME
 1655 A:d607  b1 9d                              lda (MS_Z_FAC),Y                     ; YES, AT NEXT NAME.  END OF TABLE?
 1656 A:d609  d0 9d                              bne AS_L_PARSE_7                ; NO, NOT END OF TABLE
 1657 A:d60b  bd 00 02                           lda AS_INPUT_BUFFER,X              ; YES, SO NOT A KEYWORD
 1658 A:d60e  10 bb                              bpl MS_GETBPT                ; ...ALWAYS, COPY CHAR AS IS
 1659 A:d610                                    ; ---END OF LINE------------------
 1660 A:d610  99 fd 01                 MS_CRDONE sta AS_INPUT_BUFFER-3,Y            ; STORE ANOTHER 00 ON END
 1661 A:d613  c6 b9                              dec MS_Z_TXTPTR+1          ; SET TXTPTR = INPUT.BUFFER-1
 1662 A:d615  a9 ff                              lda #<(AS_INPUT_BUFFER-1)
 1663 A:d617  85 b8                              sta MS_Z_TXTPTR
 1664 A:d619  60                                 rts 
 1665 A:d61a                                    ; --------------------------------
 1666 A:d61a                                    ; SEARCH FOR LINE
 1667 A:d61a                                    ; 
 1668 A:d61a                                    ; (LINNUM) = LINE # TO FIND
 1669 A:d61a                                    ; IF NOT FOUND:  CARRY = 0
 1670 A:d61a                                    ; LOWTR POINTS AT NEXT LINE
 1671 A:d61a                                    ; IF FOUND:      CARRY = 1
 1672 A:d61a                                    ; LOWTR POINTS AT LINE
 1673 A:d61a                                    ; --------------------------------
 1674 A:d61a  a5 67                    MS_FNDLIN lda MS_Z_TXTTAB             ; SEARCH FROM BEGINNING OF PROGRAM
 1675 A:d61c  a6 68                              ldx MS_Z_TXTTAB+1          ; 
 1676 A:d61e  a0 01                    MS_FNDLNC ldy #1          ; SEARCH FROM (X,A)
 1677 A:d620  85 9b                              sta MS_Z_LOWTR                ; 
 1678 A:d622  86 9c                              stx MS_Z_LOWTR+1          ; 
 1679 A:d624  b1 9b                              lda (MS_Z_LOWTR),Y                   ; 
 1680 A:d626  f0 1f                              beq MS_FLINRT                ; END OF PROGRAM, AND NOT FOUND
 1681 A:d628  c8                                 iny                    ; 
 1682 A:d629  c8                                 iny                    ; 
 1683 A:d62a  a5 51                              lda MS_Z_LINNUM+1          ; 
 1684 A:d62c  d1 9b                              cmp (MS_Z_LOWTR),Y                   ; 
 1685 A:d62e  90 18                              bcc MS_FLNRTS                ; IF NOT FOUND
 1686 A:d630  f0 03                              beq MS_FNDLO1                ; 
 1687 A:d632  88                                 dey                    ; 
 1688 A:d633  d0 09                              bne MS_AFFRTS                ; 
 1689 A:d635  a5 50                    MS_FNDLO1 lda MS_Z_LINNUM             ; 
 1690 A:d637  88                                 dey                    ; 
 1691 A:d638  d1 9b                              cmp (MS_Z_LOWTR),Y                   ; 
 1692 A:d63a  90 0c                              bcc MS_FLNRTS                ; PAST LINE, NOT FOUND
 1693 A:d63c  f0 0a                              beq MS_FLNRTS                ; IF FOUND
 1694 A:d63e  88                       MS_AFFRTS dey                 ; 
 1695 A:d63f  b1 9b                              lda (MS_Z_LOWTR),Y                   ; 
 1696 A:d641  aa                                 tax                    ; 
 1697 A:d642  88                                 dey                    ; 
 1698 A:d643  b1 9b                              lda (MS_Z_LOWTR),Y                   ; 
 1699 A:d645  b0 d7                              bcs MS_FNDLNC                ; ALWAYS
 1700 A:d647  18                       MS_FLINRT clc                 ; RETURN CARRY = 0
 1701 A:d648  60                       MS_FLNRTS rts 
 1702 A:d649                                    ; --------------------------------
 1703 A:d649                                    ; "NEW" STATEMENT
 1704 A:d649                                    ; --------------------------------
 1705 A:d649  d0 fd                    MS_SCRATH bne MS_FLNRTS             ; IGNORE IF MORE TO THE STATEMENT
 1706 A:d64b  a9 00                    MS_SCRTCH lda #0
 1707 A:d64d  85 d6                              sta AS_LOCK
 1708 A:d64f  a8                                 tay 
 1709 A:d650  91 67                              sta (MS_Z_TXTTAB),Y
 1710 A:d652  c8                                 iny 
 1711 A:d653  91 67                              sta (MS_Z_TXTTAB),Y
 1712 A:d655  a5 67                              lda MS_Z_TXTTAB
 1713 A:d657  69 02                              adc #2             ; (CARRY WASN'T CLEARED, SO "NEW" USUALLY
 1714 A:d659  85 69                              sta MS_Z_VARTAB                ; ADDS 3, WHEREAS "FP" ADDS 2.)
 1715 A:d65b  85 af                              sta AS_PRGEND
 1716 A:d65d  a5 68                              lda MS_Z_TXTTAB+1
 1717 A:d65f  69 00                              adc #0
 1718 A:d661  85 6a                              sta MS_Z_VARTAB+1
 1719 A:d663  85 b0                              sta AS_PRGEND+1
 1720 A:d665                                    ; --------------------------------
 1721 A:d665                           MS_RUNC   
 1722 A:d665  20 97 d6                           jsr MS_STXTPT                ; SET TXTPTR TO TXTTAB - 1
 1723 A:d668  a9 00                              lda #0             ; (THIS COULD HAVE BEEN ".HS 2C")
 1724 A:d66a                                    ; --------------------------------
 1725 A:d66a                                    ; "CLEAR" STATEMENT
 1726 A:d66a                                    ; --------------------------------
 1727 A:d66a  d0 2a                    MS_CLEAR  bne MS_STKRTS             ; IGNORE IF NOT AT END OF STATEMENT
 1728 A:d66c  a5 73                    MS_CLEARC lda MS_Z_MEMSIZ             ; CLEAR STRING AREA
 1729 A:d66e  a4 74                              ldy MS_Z_MEMSIZ+1          ; 
 1730 A:d670  85 6f                              sta MS_Z_FRETOP                ; 
 1731 A:d672  84 70                              sty MS_Z_FRETOP+1          ; 
 1732 A:d674  a5 69                              lda MS_Z_VARTAB                ; CLEAR ARRAY AREA
 1733 A:d676  a4 6a                              ldy MS_Z_VARTAB+1          ; 
 1734 A:d678  85 6b                              sta MS_Z_ARYTAB                ; 
 1735 A:d67a  84 6c                              sty MS_Z_ARYTAB+1          ; 
 1736 A:d67c  85 6d                              sta MS_Z_STREND                ; LOW END OF FREE SPACE
 1737 A:d67e  84 6e                              sty MS_Z_STREND+1          ; 
 1738 A:d680  20 49 d8                           jsr MS_RESTOR                ; SET "DATA" POINTER TO BEGINNING
 1739 A:d683                                    ; --------------------------------
 1740 A:d683  a2 55                    MS_STKINI ldx #MS_Z_TEMPST
 1741 A:d685  86 52                              stx MS_Z_TEMPPT
 1742 A:d687  68                                 pla                    ; SAVE RETURN ADDRESS
 1743 A:d688  a8                                 tay                    ; 
 1744 A:d689  68                                 pla                    ; 
 1745 A:d68a  a2 f8                              ldx #$f8             ; START STACK AT $F8,
 1746 A:d68c  9a                                 txs                    ; LEAVING ROOM FOR PARSING LINES
 1747 A:d68d  48                                 pha                    ; RESTORE RETURN ADDRESS
 1748 A:d68e  98                                 tya 
 1749 A:d68f  48                                 pha 
 1750 A:d690  a9 00                              lda #0
 1751 A:d692  85 7a                              sta MS_Z_OLDTXT+1
 1752 A:d694  85 14                              sta MS_Z_SUBFLG
 1753 A:d696  60                       MS_STKRTS rts 
 1754 A:d697                                    ; --------------------------------
 1755 A:d697                                    ; SET TXTPTR TO BEGINNING OF PROGRAM
 1756 A:d697                                    ; --------------------------------
 1757 A:d697  18                       MS_STXTPT clc                 ; TXTPTR = TXTTAB - 1
 1758 A:d698  a5 67                              lda MS_Z_TXTTAB
 1759 A:d69a  69 ff                              adc #$ff
 1760 A:d69c  85 b8                              sta MS_Z_TXTPTR
 1761 A:d69e  a5 68                              lda MS_Z_TXTTAB+1
 1762 A:d6a0  69 ff                              adc #$ff
 1763 A:d6a2  85 b9                              sta MS_Z_TXTPTR+1
 1764 A:d6a4  60                                 rts 
 1765 A:d6a5                                    ; --------------------------------
 1766 A:d6a5                                    ; "LIST" STATEMENT
 1767 A:d6a5                                    ; --------------------------------
 1768 A:d6a5  90 0a                    MS_LIST   bcc MS_GOLST             ; NO  LINE # SPECIFIED
 1769 A:d6a7  f0 08                              beq MS_GOLST                ; ---DITTO---
 1770 A:d6a9  c9 c9                              cmp #MS_MINUTK               ; IF DASH OR COMMA, START AT LINE 0
 1771 A:d6ab  f0 04                              beq MS_GOLST                ; IS IS A DASH
 1772 A:d6ad  c9 2c                              cmp #(","&%01111111)     ; COMMA?
 1773 A:d6af  d0 e5                              bne MS_STKRTS                ; NO, ERROR
 1774 A:d6b1  20 0c da                 MS_GOLST  jsr MS_LINGET             ; CONVERT LINE NUMBER IF ANY
 1775 A:d6b4  20 1a d6                           jsr MS_FNDLIN                ; POINT LOWTR TO 1ST LINE
 1776 A:d6b7  20 b7 00                           jsr MS_Z_CHRGOT                ; RANGE SPECIFIED?
 1777 A:d6ba  f0 10                              beq MS_LSTEND                ; NO
 1778 A:d6bc  c9 c9                              cmp #MS_MINUTK
 1779 A:d6be  f0 04                              beq AS_L_LIST_2
 1780 A:d6c0  c9 2c                              cmp #(","&%01111111)
 1781 A:d6c2  d0 84                              bne MS_FLNRTS
 1782 A:d6c4  20 b1 00                 AS_L_LIST_2 jsr MS_Z_CHRGET             ; GET NEXT CHAR
 1783 A:d6c7  20 0c da                           jsr MS_LINGET                ; CONVERT SECOND LINE #
 1784 A:d6ca  d0 ca                              bne MS_STKRTS                ; BRANCH IF SYNTAX ERR
 1785 A:d6cc  68                       MS_LSTEND pla                 ; POP RETURN ADRESS
 1786 A:d6cd  68                                 pla                    ; (GET BACK BY "JMP NEWSTT")
 1787 A:d6ce  a5 50                              lda MS_Z_LINNUM                ; IF NO SECOND NUMBER, USE $FFFF
 1788 A:d6d0  05 51                              ora MS_Z_LINNUM+1          ; 
 1789 A:d6d2  d0 06                              bne MS_LIST4                ; THERE WAS A SECOND NUMBER
 1790 A:d6d4  a9 ff                              lda #$ff             ; MAX END RANGE
 1791 A:d6d6  85 50                              sta MS_Z_LINNUM                ; 
 1792 A:d6d8  85 51                              sta MS_Z_LINNUM+1          ; 
 1793 A:d6da  a0 01                    MS_LIST4  ldy #1          ; 
 1794 A:d6dc  b1 9b                              lda (MS_Z_LOWTR),Y                   ; HIGH BYTE OF LINK
 1795 A:d6de  f0 44                              beq AS_LIST_3                ; END OF PROGRAM
 1796 A:d6e0  20 58 d8                           jsr MS_ISCNTC                ; CHECK IF CONTROL-C HAS BEEN TYPED
 1797 A:d6e3  20 fb da                           jsr MS_CRDO                ; NO, PRINT <RETURN>
 1798 A:d6e6  c8                                 iny                    ; 
 1799 A:d6e7  b1 9b                              lda (MS_Z_LOWTR),Y                   ; GET LINE #, COMPARE WITH END RANGE
 1800 A:d6e9  aa                                 tax                    ; 
 1801 A:d6ea  c8                                 iny                    ; 
 1802 A:d6eb  b1 9b                              lda (MS_Z_LOWTR),Y                   ; 
 1803 A:d6ed  c5 51                              cmp MS_Z_LINNUM+1          ; 
 1804 A:d6ef  d0 04                              bne MS_TSTDUN                ; 
 1805 A:d6f1  e4 50                              cpx MS_Z_LINNUM                ; 
 1806 A:d6f3  f0 02                              beq MS_TYPLIN                ; ON LAST LINE OF RANGE
 1807 A:d6f5  b0 2d                    MS_TSTDUN bcs AS_LIST_3             ; FINISHED THE RANGE
 1808 A:d6f7                                    ; ---LIST ONE LINE----------------
 1809 A:d6f7  84 85                    MS_TYPLIN sty MS_Z_FORPNT             ; 
 1810 A:d6f9  20 24 ed                           jsr MS_LINPRT                ; PRINT LINE # FROM X,A
 1811 A:d6fc  a9 20                              lda #(" "&%01111111)     ; PRINT SPACE AFTER LINE #
 1812 A:d6fe  a4 85                    MS_PRIT4  ldy MS_Z_FORPNT             ; 
 1813 A:d700  29 7f                              and #$7f             ; 
 1814 A:d702  20 5c db                 MS_PLOOP  jsr MS_OUTDO             ; 
 1815 A:d705  a5 24                              lda MON_CH                ; IF PAST COLUMN 33, START A NEW LINE
 1816 A:d707  c9 21                              cmp #33             ; 
 1817 A:d709  90 07                              bcc AS_L_LIST_2_1                ; < 33
 1818 A:d70b  20 fb da                           jsr MS_CRDO                ; PRINT <RETURN>
 1819 A:d70e  a9 05                              lda #5             ; AND TAB OVER 5
 1820 A:d710  85 24                              sta MON_CH                ; 
 1821 A:d712  c8                       AS_L_LIST_2_1 iny                 ; 
 1822 A:d713  b1 9b                              lda (MS_Z_LOWTR),Y                   ; 
 1823 A:d715  d0 1d                              bne AS_LIST_4                ; NOT END OF LINE YET
 1824 A:d717  a8                                 tay                    ; END OF LINE
 1825 A:d718  b1 9b                              lda (MS_Z_LOWTR),Y                   ; GET LINK TO NEXT LINE
 1826 A:d71a  aa                                 tax                    ; 
 1827 A:d71b  c8                                 iny                    ; 
 1828 A:d71c  b1 9b                              lda (MS_Z_LOWTR),Y                   ; 
 1829 A:d71e  86 9b                              stx MS_Z_LOWTR                ; POINT TO NEXT LINE
 1830 A:d720  85 9c                              sta MS_Z_LOWTR+1          ; 
 1831 A:d722  d0 b6                              bne MS_LIST4                ; BRANCH IF NOT END OF PROGRAM
 1832 A:d724  a9 0d                    AS_LIST_3 lda #$0d          ; PRINT <RETURN>
 1833 A:d726  20 5c db                           jsr MS_OUTDO                ; 
 1834 A:d729  4c d2 d7                           jmp AS_NEWSTT                ; TO NEXT STATEMENT
 1835 A:d72c                                    ; --------------------------------
 1836 A:d72c  c8                       AS_GETCHR iny                 ; PICK UP CHAR FROM TABLE
 1837 A:d72d  d0 02                              bne AS_L_GETCHR_1                ; 
 1838 A:d72f  e6 9e                              inc MS_Z_FAC+1          ; 
 1839 A:d731  b1 9d                    AS_L_GETCHR_1 lda (MS_Z_FAC),Y                     ; 
 1840 A:d733  60                                 rts                    ; 
 1841 A:d734                                    ; --------------------------------
 1842 A:d734  10 cc                    AS_LIST_4 bpl MS_PLOOP             ; BRANCH IF NOT A TOKEN
 1843 A:d736  38                                 sec                    ; 
 1844 A:d737  e9 7f                              sbc #$7f             ; CONVERT TOKEN TO INDEX
 1845 A:d739  aa                                 tax                    ; 
 1846 A:d73a  84 85                              sty MS_Z_FORPNT                ; SAVE LINE POINTER
 1847 A:d73c  a0 d0                              ldy #<(MS_RESLST-$0100)
 1848 A:d73e  84 9d                              sty MS_Z_FAC                ; POINT FAC TO TABLE
 1849 A:d740  a0 cf                              ldy #>(MS_RESLST-$0100)
 1850 A:d742  84 9e                              sty MS_Z_FAC+1
 1851 A:d744  a0 ff                              ldy #$ff
 1852 A:d746  ca                       MS_RESRCH dex                 ; SKIP KEYWORDS UNTIL REACH THIS ONE
 1853 A:d747  f0 07                              beq MS_PRIT3                ; 
 1854 A:d749  20 2c d7                 AS_L_LIST_4_2 jsr AS_GETCHR             ; BUMP Y, GET CHAR FROM TABLE
 1855 A:d74c  10 fb                              bpl AS_L_LIST_4_2                ; NOT AT END OF KEYWORD YET
 1856 A:d74e  30 f6                              bmi MS_RESRCH                ; END OF KEYWORD, ALWAYS BRANCHES
 1857 A:d750  a9 20                    MS_PRIT3  lda #(" "&%01111111)  ; FOUND THE RIGHT KEYWORD
 1858 A:d752  20 5c db                           jsr MS_OUTDO                ; PRINT LEADING SPACE
 1859 A:d755  20 2c d7                 AS_L_LIST_4_4 jsr AS_GETCHR             ; PRINT THE KEYWORD
 1860 A:d758  30 05                              bmi AS_L_LIST_4_5                ; LAST CHAR OF KEYWORD
 1861 A:d75a  20 5c db                           jsr MS_OUTDO                ; 
 1862 A:d75d  d0 f6                              bne AS_L_LIST_4_4                ; ...ALWAYS
 1863 A:d75f  20 5c db                 AS_L_LIST_4_5 jsr MS_OUTDO             ; PRINT LAST CHAR OF KEYWORD
 1864 A:d762  a9 20                              lda #(" "&%01111111)     ; PRINT TRAILING SPACE
 1865 A:d764  d0 98                              bne MS_PRIT4                ; ...ALWAYS, BACK TO ACTUAL LINE
 1866 A:d766                                    ; --------------------------------
 1867 A:d766                                    ; "FOR" STATEMENT
 1868 A:d766                                    ; 
 1869 A:d766                                    ; FOR PUSHES 18 BYTES ON THE STACK:
 1870 A:d766                                    ; 2 -- TXTPTR
 1871 A:d766                                    ; 2 -- LINE NUMBER
 1872 A:d766                                    ; 5 -- INITIAL (CURRENT)  FOR VARIABLE VALUE
 1873 A:d766                                    ; 1 -- STEP SIGN
 1874 A:d766                                    ; 5 -- STEP VALUE
 1875 A:d766                                    ; 2 -- ADDRESS OF FOR VARIABLE IN VARTAB
 1876 A:d766                                    ; 1 -- FOR TOKEN ($81)
 1877 A:d766                                    ; --------------------------------
 1878 A:d766  a9 80                    MS_FOR    lda #$80          ; 
 1879 A:d768  85 14                              sta MS_Z_SUBFLG                ; SUBSCRIPTS NOT ALLOWED
 1880 A:d76a  20 46 da                           jsr MS_LET                ; DO <VAR> = <EXP>, STORE ADDR IN FORPNT
 1881 A:d76d  20 65 d3                           jsr MS_FNDFOR                ; IS THIS FOR VARIABLE ACTIVE?
 1882 A:d770  d0 05                              bne MS_NOTOL                ; NO
 1883 A:d772  8a                                 txa                    ; YES, CANCEL IT AND ENCLOSED LOOPS
 1884 A:d773  69 0f                              adc #15             ; CARRY=1, THIS ADDS 16
 1885 A:d775  aa                                 tax                    ; X WAS ALREADY S+2
 1886 A:d776  9a                                 txs                    ; 
 1887 A:d777  68                       MS_NOTOL  pla                 ; POP RETURN ADDRESS TOO
 1888 A:d778  68                                 pla                    ; 
 1889 A:d779  a9 09                              lda #9             ; BE CERTAIN ENOUGH ROOM IN STACK
 1890 A:d77b  20 d6 d3                           jsr MS_GETSTK                ; 
 1891 A:d77e  20 a3 d9                           jsr MS_DATAN                ; SCAN AHEAD TO NEXT STATEMENT
 1892 A:d781  18                                 clc                    ; PUSH STATEMENT ADDRESS ON STACK
 1893 A:d782  98                                 tya                    ; 
 1894 A:d783  65 b8                              adc MS_Z_TXTPTR                ; 
 1895 A:d785  48                                 pha                    ; 
 1896 A:d786  a5 b9                              lda MS_Z_TXTPTR+1          ; 
 1897 A:d788  69 00                              adc #0             ; 
 1898 A:d78a  48                                 pha                    ; 
 1899 A:d78b  a5 76                              lda MS_Z_CURLIN+1          ; PUSH LINE NUMBER ON STACK
 1900 A:d78d  48                                 pha                    ; 
 1901 A:d78e  a5 75                              lda MS_Z_CURLIN                ; 
 1902 A:d790  48                                 pha                    ; 
 1903 A:d791  a9 c1                              lda #MS_TOTK               ; 
 1904 A:d793  20 c0 de                           jsr AS_SYNCHR                ; REQUIRE "TO"
 1905 A:d796  20 6a dd                           jsr AS_CHKNUM                ; <VAR> = <EXP> MUST BE NUMERIC
 1906 A:d799  20 67 dd                           jsr AS_FRMNUM                ; GET FINAL VALUE, MUST BE NUMERIC
 1907 A:d79c  a5 a2                              lda MS_Z_FACSGN                ; PUT SIGN INTO VALUE IN FAC
 1908 A:d79e  09 7f                              ora #$7f             ; 
 1909 A:d7a0  25 9e                              and MS_Z_FAC+1          ; 
 1910 A:d7a2  85 9e                              sta MS_Z_FAC+1          ; 
 1911 A:d7a4  a9 af                              lda #<MS_LDFONE              ; SET UP FOR RETURN
 1912 A:d7a6  a0 d7                              ldy #>MS_LDFONE              ; TO STEP
 1913 A:d7a8  85 5e                              sta AS_INDEX
 1914 A:d7aa  84 5f                              sty AS_INDEX+1
 1915 A:d7ac  4c 20 de                           jmp AS_FRM_STACK_3                ; RETURNS BY "JMP (INDEX)"
 1916 A:d7af                                    ; --------------------------------
 1917 A:d7af                                    ; "STEP" PHRASE OF "FOR" STATEMENT
 1918 A:d7af                                    ; --------------------------------
 1919 A:d7af  a9 13                    MS_LDFONE lda #<MS_FONE           ; STEP DEFAULT=1
 1920 A:d7b1  a0 e9                              ldy #>MS_FONE
 1921 A:d7b3  20 f9 ea                           jsr AS_LOAD_FAC_FROM_YA
 1922 A:d7b6  20 b7 00                           jsr MS_Z_CHRGOT
 1923 A:d7b9  c9 c7                              cmp #MS_STEPTK
 1924 A:d7bb  d0 06                              bne AS_L_STEP_1                ; USE DEFAULT VALUE OF 1.0
 1925 A:d7bd  20 b1 00                           jsr MS_Z_CHRGET                ; STEP SPECIFIED, GET IT
 1926 A:d7c0  20 67 dd                           jsr AS_FRMNUM
 1927 A:d7c3  20 82 eb                 AS_L_STEP_1 jsr AS_SIGN
 1928 A:d7c6  20 15 de                           jsr AS_FRM_STACK_2
 1929 A:d7c9  a5 86                              lda MS_Z_FORPNT+1
 1930 A:d7cb  48                                 pha 
 1931 A:d7cc  a5 85                              lda MS_Z_FORPNT
 1932 A:d7ce  48                                 pha 
 1933 A:d7cf  a9 81                              lda #MS_FORTK
 1934 A:d7d1  48                                 pha 
 1935 A:d7d2                                    ; --------------------------------
 1936 A:d7d2                                    ; PERFORM NEXT STATEMENT
 1937 A:d7d2                                    ; --------------------------------
 1938 A:d7d2  ba                       AS_NEWSTT tsx                 ; REMEMBER THE STACK POSITION
 1939 A:d7d3  86 f8                              stx AS_REMSTK                ; 
 1940 A:d7d5  20 58 d8                           jsr MS_ISCNTC                ; SEE IF CONTROL-C HAS BEEN TYPED
 1941 A:d7d8  a5 b8                              lda MS_Z_TXTPTR                ; NO, KEEP EXECUTING
 1942 A:d7da  a4 b9                              ldy MS_Z_TXTPTR+1          ; 
 1943 A:d7dc  a6 76                              ldx MS_Z_CURLIN+1          ; =$FF IF IN DIRECT MODE
 1944 A:d7de  e8                                 inx                    ; $FF TURNS INTO $00
 1945 A:d7df  f0 04                              beq AS_L_NEWSTT_1                ; IN DIRECT MODE
 1946 A:d7e1  85 79                              sta MS_Z_OLDTXT                ; IN RUNNING MODE
 1947 A:d7e3  84 7a                              sty MS_Z_OLDTXT+1          ; 
 1948 A:d7e5  a0 00                    AS_L_NEWSTT_1 ldy #0          ; 
 1949 A:d7e7  b1 b8                              lda (MS_Z_TXTPTR),Y                  ; END OF LINE YET?
 1950 A:d7e9  d0 57                              bne AS_COLON_                ; NO
 1951 A:d7eb  a0 02                              ldy #2             ; YES, SEE IF END OF PROGRAM
 1952 A:d7ed  b1 b8                              lda (MS_Z_TXTPTR),Y                  ; 
 1953 A:d7ef  18                                 clc                    ; 
 1954 A:d7f0  f0 34                              beq AS_GOEND                ; YES, END OF PROGRAM
 1955 A:d7f2  c8                                 iny                    ; 
 1956 A:d7f3  b1 b8                              lda (MS_Z_TXTPTR),Y                  ; GET LINE # OF NEXT LINE
 1957 A:d7f5  85 75                              sta MS_Z_CURLIN                ; 
 1958 A:d7f7  c8                                 iny                    ; 
 1959 A:d7f8  b1 b8                              lda (MS_Z_TXTPTR),Y                  ; 
 1960 A:d7fa  85 76                              sta MS_Z_CURLIN+1          ; 
 1961 A:d7fc  98                                 tya                    ; ADJUST TXTPTR TO START
 1962 A:d7fd  65 b8                              adc MS_Z_TXTPTR                ; OF NEW LINE
 1963 A:d7ff  85 b8                              sta MS_Z_TXTPTR
 1964 A:d801  90 02                              bcc AS_L_NEWSTT_2
 1965 A:d803  e6 b9                              inc MS_Z_TXTPTR+1
 1966 A:d805                           AS_L_NEWSTT_2 
 1967 A:d805                                    ; --------------------------------
 1968 A:d805  24 f2                    AS_TRACE_ bit AS_TRCFLG             ; IS TRACE ON?
 1969 A:d807  10 14                              bpl AS_L_TRACE__1                ; NO
 1970 A:d809  a6 76                              ldx MS_Z_CURLIN+1          ; YES, ARE WE RUNNING?
 1971 A:d80b  e8                                 inx                    ; 
 1972 A:d80c  f0 0f                              beq AS_L_TRACE__1                ; NOT RUNNING, SO DON'T TRACE
 1973 A:d80e  a9 23                              lda #("#"&%01111111)     ; PRINT "#"
 1974 A:d810  20 5c db                           jsr MS_OUTDO                ; 
 1975 A:d813  a6 75                              ldx MS_Z_CURLIN                ; 
 1976 A:d815  a5 76                              lda MS_Z_CURLIN+1          ; 
 1977 A:d817  20 24 ed                           jsr MS_LINPRT                ; PRINT LINE NUMBER
 1978 A:d81a  20 57 db                           jsr AS_OUTSP                ; PRINT TRAILING SPACE
 1979 A:d81d  20 b1 00                 AS_L_TRACE__1 jsr MS_Z_CHRGET             ; GET FIRST CHR OF STATEMENT
 1980 A:d820  20 28 d8                           jsr AS_EXECUTE_STATEMENT                ; AND START PROCESSING
 1981 A:d823  4c d2 d7                           jmp AS_NEWSTT                ; BACK FOR MORE
 1982 A:d826                                    ; --------------------------------
 1983 A:d826  f0 62                    AS_GOEND  beq AS_END4
 1984 A:d828                                    ; --------------------------------
 1985 A:d828                                    ; EXECUTE A STATEMENT
 1986 A:d828                                    ; 
 1987 A:d828                                    ; (A) IS FIRST CHAR OF STATEMENT
 1988 A:d828                                    ; CARRY IS SET
 1989 A:d828                                    ; --------------------------------
 1990 A:d828                           AS_EXECUTE_STATEMENT 
 1991 A:d828  f0 2d                              beq AS_RTS_3                ; END OF LINE, NULL STATEMENT
 1992 A:d82a                           AS_EXECUTE_STATEMENT_1                  ; 
 1993 A:d82a  e9 80                              sbc #$80             ; FIRST CHAR A TOKEN?
 1994 A:d82c  90 11                              bcc AS_L_EXECUTE_STATEMENT_1_1                ; NOT TOKEN, MUST BE "LET"
 1995 A:d82e  c9 40                              cmp #$40             ; STATEMENT-TYPE TOKEN?
 1996 A:d830  b0 14                              bcs AS_SYNERR_1                ; NO, SYNTAX ERROR
 1997 A:d832  0a                                 asl                    ; DOUBLE TO GET INDEX
 1998 A:d833  a8                                 tay                    ; INTO ADDRESS TABLE
 1999 A:d834  b9 01 d0                           lda MS_STMDSP+1,Y
 2000 A:d837  48                                 pha                    ; PUT ADDRESS ON STACK
 2001 A:d838  b9 00 d0                           lda MS_STMDSP,Y
 2002 A:d83b  48                                 pha 
 2003 A:d83c  4c b1 00                           jmp MS_Z_CHRGET                ; GET NEXT CHR & RTS TO ROUTINE
 2004 A:d83f                                    ; --------------------------------
 2005 A:d83f  4c 46 da                 AS_L_EXECUTE_STATEMENT_1_1 jmp MS_LET             ; MUST BE <VAR> = <EXP>
 2006 A:d842                                    ; --------------------------------
 2007 A:d842  c9 3a                    AS_COLON_ cmp #(":"&%01111111)
 2008 A:d844  f0 bf                              beq AS_TRACE_
 2009 A:d846  4c c9 de                 AS_SYNERR_1 jmp AS_SYNERR
 2010 A:d849                                    ; --------------------------------
 2011 A:d849                                    ; "RESTORE" STATEMENT
 2012 A:d849                                    ; --------------------------------
 2013 A:d849                           MS_RESTOR 
 2014 A:d849  38                                 sec                    ; SET DATPTR TO BEGINNING OF PROGRAM
 2015 A:d84a  a5 67                              lda MS_Z_TXTTAB
 2016 A:d84c  e9 01                              sbc #1
 2017 A:d84e  a4 68                              ldy MS_Z_TXTTAB+1
 2018 A:d850  b0 01                              bcs AS_SETDA
 2019 A:d852  88                                 dey 
 2020 A:d853                                    ; ---SET DATPTR TO Y,A------------
 2021 A:d853  85 7d                    AS_SETDA  sta MS_Z_DATPTR
 2022 A:d855  84 7e                              sty MS_Z_DATPTR+1
 2023 A:d857  60                       AS_RTS_3  rts 
 2024 A:d858                                    ; --------------------------------
 2025 A:d858                                    ; SEE IF CONTROL-C TYPED
 2026 A:d858                                    ; --------------------------------
 2027 A:d858  ad 00 c0                 MS_ISCNTC lda AS_KEYBOARD
 2028 A:d85b  c9 83                              cmp #$83
 2029 A:d85d  f0 01                              beq AS_L_ISCNTC_1
 2030 A:d85f  60                                 rts 
 2031 A:d860  20 53 d5                 AS_L_ISCNTC_1 jsr AS_INCHR             ; <<< SHOULD BE "BIT $C010" >>>
 2032 A:d863                           AS_CONTROL_C_TYPED 
 2033 A:d863  a2 ff                              ldx #$ff             ; CONTROL C ATTEMPTED
 2034 A:d865  24 d8                              bit AS_ERRFLG                ; "ON ERR" ENABLED?
 2035 A:d867  10 03                              bpl AS_L_CONTROL_C_TYPED_2                ; NO
 2036 A:d869  4c e9 f2                           jmp AS_HANDLERR                ; YES, RETURN ERR CODE = 255
 2037 A:d86c  c9 03                    AS_L_CONTROL_C_TYPED_2 cmp #3          ; SINCE IT IS CTRL-C, SET Z AND C BITS
 2038 A:d86e                                    ; --------------------------------
 2039 A:d86e                                    ; "STOP" STATEMENT
 2040 A:d86e                                    ; --------------------------------
 2041 A:d86e  b0 01                    MS_STOP   bcs AS_END2             ; CARRY=1 TO FORCE PRINTING "BREAK AT.."
 2042 A:d870                                    ; --------------------------------
 2043 A:d870                                    ; "END" STATEMENT
 2044 A:d870                                    ; --------------------------------
 2045 A:d870  18                       MS_END    clc                 ; CARRY=0 TO AVOID PRINTING MESSAGE
 2046 A:d871  d0 3c                    AS_END2   bne AS_RTS_4             ; IF NOT END OF STATEMENT, DO NOTHING
 2047 A:d873  a5 b8                              lda MS_Z_TXTPTR
 2048 A:d875  a4 b9                              ldy MS_Z_TXTPTR+1
 2049 A:d877  a6 76                              ldx MS_Z_CURLIN+1
 2050 A:d879  e8                                 inx                    ; RUNNING?
 2051 A:d87a  f0 0c                              beq AS_L_END2_1                ; NO, DIRECT MODE
 2052 A:d87c  85 79                              sta MS_Z_OLDTXT
 2053 A:d87e  84 7a                              sty MS_Z_OLDTXT+1
 2054 A:d880  a5 75                              lda MS_Z_CURLIN
 2055 A:d882  a4 76                              ldy MS_Z_CURLIN+1
 2056 A:d884  85 77                              sta MS_Z_OLDLIN
 2057 A:d886  84 78                              sty MS_Z_OLDLIN+1
 2058 A:d888  68                       AS_L_END2_1 pla 
 2059 A:d889  68                                 pla 
 2060 A:d88a  a9 5d                    AS_END4   lda #<MS_BRKTXT           ; " BREAK" AND BELL
 2061 A:d88c  a0 d3                              ldy #>MS_BRKTXT
 2062 A:d88e  90 03                              bcc AS_L_END4_1
 2063 A:d890  4c 31 d4                           jmp MS_ERRFIN
 2064 A:d893  4c 3c d4                 AS_L_END4_1 jmp MS_MAIN
 2065 A:d896                                    ; --------------------------------
 2066 A:d896                                    ; "CONT" COMMAND
 2067 A:d896                                    ; --------------------------------
 2068 A:d896  d0 17                    MS_CONT   bne AS_RTS_4             ; IF NOT END OF STATEMENT, DO NOTHING
 2069 A:d898  a2 d2                              ldx #MS_ERRCN
 2070 A:d89a  a4 7a                              ldy MS_Z_OLDTXT+1          ; MEANINGFUL RE-ENTRY?
 2071 A:d89c  d0 03                              bne AS_L_CONT_1                ; YES
 2072 A:d89e  4c 12 d4                           jmp MS_ERROR                ; NO
 2073 A:d8a1  a5 79                    AS_L_CONT_1 lda MS_Z_OLDTXT             ; RESTORE TXTPTR
 2074 A:d8a3  85 b8                              sta MS_Z_TXTPTR                ; 
 2075 A:d8a5  84 b9                              sty MS_Z_TXTPTR+1          ; 
 2076 A:d8a7  a5 77                              lda MS_Z_OLDLIN                ; RESTORE LINE NUMBER
 2077 A:d8a9  a4 78                              ldy MS_Z_OLDLIN+1
 2078 A:d8ab  85 75                              sta MS_Z_CURLIN
 2079 A:d8ad  84 76                              sty MS_Z_CURLIN+1
 2080 A:d8af  60                       AS_RTS_4  rts 
 2081 A:d8b0                                    ; --------------------------------
 2082 A:d8b0                                    ; "SAVE" COMMAND
 2083 A:d8b0                                    ; WRITES PROGRAM ON CASSETTE TAPE
 2084 A:d8b0                                    ; --------------------------------
 2085 A:d8b0  38                       MS_SAVE   sec 
 2086 A:d8b1  a5 af                              lda AS_PRGEND                ; COMPUTE PROGRAM LENGTH
 2087 A:d8b3  e5 67                              sbc MS_Z_TXTTAB
 2088 A:d8b5  85 50                              sta MS_Z_LINNUM
 2089 A:d8b7  a5 b0                              lda AS_PRGEND+1
 2090 A:d8b9  e5 68                              sbc MS_Z_TXTTAB+1
 2091 A:d8bb  85 51                              sta MS_Z_LINNUM+1
 2092 A:d8bd  20 f0 d8                           jsr AS_VARTIO                ; SET UP TO WRITE 3 BYTE HEADER
 2093 A:d8c0  20 cd fe                           jsr MON_WRITE                ; WRITE 'EM
 2094 A:d8c3  20 01 d9                           jsr AS_PROGIO                ; SET UP TO WRITE THE PROGRAM
 2095 A:d8c6  4c cd fe                           jmp MON_WRITE                ; WRITE IT
 2096 A:d8c9                                    ; --------------------------------
 2097 A:d8c9                                    ; "LOAD" COMMAND
 2098 A:d8c9                                    ; READS A PROGRAM FROM CASSETTE TAPE
 2099 A:d8c9                                    ; --------------------------------
 2100 A:d8c9  20 f0 d8                 MS_LOAD   jsr AS_VARTIO             ; SET UP TO READ 3 BYTE HEADER
 2101 A:d8cc  20 fd fe                           jsr MON_READ                ; READ LENGTH, LOCK BYTE
 2102 A:d8cf  18                                 clc                    ; 
 2103 A:d8d0  a5 67                              lda MS_Z_TXTTAB                ; COMPUTE END ADDRESS
 2104 A:d8d2  65 50                              adc MS_Z_LINNUM                ; 
 2105 A:d8d4  85 69                              sta MS_Z_VARTAB                ; 
 2106 A:d8d6  a5 68                              lda MS_Z_TXTTAB+1          ; 
 2107 A:d8d8  65 51                              adc MS_Z_LINNUM+1          ; 
 2108 A:d8da  85 6a                              sta MS_Z_VARTAB+1          ; 
 2109 A:d8dc  a5 52                              lda MS_Z_TEMPPT                ; LOCK BYTE
 2110 A:d8de  85 d6                              sta AS_LOCK                ; 
 2111 A:d8e0  20 01 d9                           jsr AS_PROGIO                ; SET UP TO READ PROGRAM
 2112 A:d8e3  20 fd fe                           jsr MON_READ                ; READ IT
 2113 A:d8e6  24 d6                              bit AS_LOCK                ; IF LOCKED, START RUNNING NOW
 2114 A:d8e8  10 03                              bpl AS_L_LOAD_1                ; NOT LOCKED
 2115 A:d8ea  4c 65 d6                           jmp MS_RUNC                ; LOCKED, START RUNNING
 2116 A:d8ed  4c f2 d4                 AS_L_LOAD_1 jmp AS_FIX_LINKS             ; JUST FIX FORWARD POINTERS
 2117 A:d8f0                                    ; --------------------------------
 2118 A:d8f0  a9 50                    AS_VARTIO lda #MS_Z_LINNUM            ; SET UP TO READ/WRITE 3 BYTE HEADER
 2119 A:d8f2  a0 00                              ldy #0
 2120 A:d8f4  85 3c                              sta MON_A1L
 2121 A:d8f6  84 3d                              sty MON_A1H
 2122 A:d8f8  a9 52                              lda #MS_Z_TEMPPT
 2123 A:d8fa  85 3e                              sta MON_A2L
 2124 A:d8fc  84 3f                              sty MON_A2H
 2125 A:d8fe  84 d6                              sty AS_LOCK
 2126 A:d900  60                                 rts 
 2127 A:d901                                    ; --------------------------------
 2128 A:d901  a5 67                    AS_PROGIO lda MS_Z_TXTTAB             ; SET UP TO READ/WRITE PROGRAM
 2129 A:d903  a4 68                              ldy MS_Z_TXTTAB+1
 2130 A:d905  85 3c                              sta MON_A1L
 2131 A:d907  84 3d                              sty MON_A1H
 2132 A:d909  a5 69                              lda MS_Z_VARTAB
 2133 A:d90b  a4 6a                              ldy MS_Z_VARTAB+1
 2134 A:d90d  85 3e                              sta MON_A2L
 2135 A:d90f  84 3f                              sty MON_A2H
 2136 A:d911  60                                 rts 
 2137 A:d912                                    ; --------------------------------
 2138 A:d912                                    ; --------------------------------
 2139 A:d912                                    ; "RUN" COMMAND
 2140 A:d912                                    ; --------------------------------
 2141 A:d912  08                       MS_RUN    php                 ; SAVE STATUS WHILE SUBTRACTING
 2142 A:d913  c6 76                              dec MS_Z_CURLIN+1          ; IF WAS $FF (MEANING DIRECT MODE)
 2143 A:d915                                    ; MAKE IT "RUNNING MODE"
 2144 A:d915  28                                 plp                    ; GET STATUS AGAIN (FROM CHRGET)
 2145 A:d916  d0 03                              bne AS_L_RUN_1                ; PROBABLY A LINE NUMBER
 2146 A:d918  4c 65 d6                           jmp MS_RUNC                ; START AT BEGINNING OF PROGRAM
 2147 A:d91b  20 6c d6                 AS_L_RUN_1 jsr MS_CLEARC             ; CLEAR VARIABLES
 2148 A:d91e  4c 35 d9                           jmp AS_GO_TO_LINE                ; JOIN GOSUB STATEMENT
 2149 A:d921                                    ; --------------------------------
 2150 A:d921                                    ; "GOSUB" STATEMENT
 2151 A:d921                                    ; 
 2152 A:d921                                    ; LEAVES 7 BYTES ON STACK:
 2153 A:d921                                    ; 2 -- RETURN ADDRESS (NEWSTT)
 2154 A:d921                                    ; 2 -- TXTPTR
 2155 A:d921                                    ; 2 -- LINE #
 2156 A:d921                                    ; 1 -- GOSUB TOKEN ($B0)
 2157 A:d921                                    ; --------------------------------
 2158 A:d921  a9 03                    MS_GOSUB  lda #3          ; BE SURE ENOUGH ROOM ON STACK
 2159 A:d923  20 d6 d3                           jsr MS_GETSTK
 2160 A:d926  a5 b9                              lda MS_Z_TXTPTR+1
 2161 A:d928  48                                 pha 
 2162 A:d929  a5 b8                              lda MS_Z_TXTPTR
 2163 A:d92b  48                                 pha 
 2164 A:d92c  a5 76                              lda MS_Z_CURLIN+1
 2165 A:d92e  48                                 pha 
 2166 A:d92f  a5 75                              lda MS_Z_CURLIN
 2167 A:d931  48                                 pha 
 2168 A:d932  a9 b0                              lda #MS_GOSUTK
 2169 A:d934  48                                 pha 
 2170 A:d935                           AS_GO_TO_LINE 
 2171 A:d935  20 b7 00                           jsr MS_Z_CHRGOT
 2172 A:d938  20 3e d9                           jsr MS_GOTO
 2173 A:d93b  4c d2 d7                           jmp AS_NEWSTT
 2174 A:d93e                                    ; --------------------------------
 2175 A:d93e                                    ; "GOTO" STATEMENT
 2176 A:d93e                                    ; ALSO USED BY "RUN" AND "GOSUB"
 2177 A:d93e                                    ; --------------------------------
 2178 A:d93e  20 0c da                 MS_GOTO   jsr MS_LINGET             ; GET GOTO LINE
 2179 A:d941  20 a6 d9                           jsr AS_REMN                ; POINT Y TO EOL
 2180 A:d944  a5 76                              lda MS_Z_CURLIN+1          ; IS CURRENT PAGE < GOTO PAGE?
 2181 A:d946  c5 51                              cmp MS_Z_LINNUM+1          ; 
 2182 A:d948  b0 0b                              bcs AS_L_GOTO_1                ; SEARCH FROM PROG START IF NOT
 2183 A:d94a  98                                 tya                    ; OTHERWISE SEARCH FROM NEXT LINE
 2184 A:d94b  38                                 sec                    ; 
 2185 A:d94c  65 b8                              adc MS_Z_TXTPTR                ; 
 2186 A:d94e  a6 b9                              ldx MS_Z_TXTPTR+1          ; 
 2187 A:d950  90 07                              bcc AS_L_GOTO_2                ; 
 2188 A:d952  e8                                 inx                    ; 
 2189 A:d953  b0 04                              bcs AS_L_GOTO_2                ; 
 2190 A:d955  a5 67                    AS_L_GOTO_1 lda MS_Z_TXTTAB             ; GET PROGRAM BEGINNING
 2191 A:d957  a6 68                              ldx MS_Z_TXTTAB+1          ; 
 2192 A:d959  20 1e d6                 AS_L_GOTO_2 jsr MS_FNDLNC             ; SEARCH FOR GOTO LINE
 2193 A:d95c  90 1e                              bcc AS_UNDERR                ; ERROR IF NOT THERE
 2194 A:d95e  a5 9b                              lda MS_Z_LOWTR                ; TXTPTR = START OF THE DESTINATION LINE
 2195 A:d960  e9 01                              sbc #1             ; 
 2196 A:d962  85 b8                              sta MS_Z_TXTPTR                ; 
 2197 A:d964  a5 9c                              lda MS_Z_LOWTR+1          ; 
 2198 A:d966  e9 00                              sbc #0             ; 
 2199 A:d968  85 b9                              sta MS_Z_TXTPTR+1          ; 
 2200 A:d96a  60                       AS_RTS_5  rts                 ; RETURN TO NEWSTT OR GOSUB
 2201 A:d96b                                    ; --------------------------------
 2202 A:d96b                                    ; "POP" AND "RETURN" STATEMENTS
 2203 A:d96b                                    ; --------------------------------
 2204 A:d96b  d0 fd                    MS_RETURN bne AS_RTS_5
 2205 A:d96d  a9 ff                              lda #$ff
 2206 A:d96f  85 85                              sta MS_Z_FORPNT                ; <<< BUG: SHOULD BE FORPNT+1 >>>
 2207 A:d971                                    ; <<< SEE "ALL ABOUT APPLESOFT", PAGES 100,101 >>>
 2208 A:d971  20 65 d3                           jsr MS_FNDFOR                ; TO CANCEL FOR/NEXT IN SUB
 2209 A:d974  9a                                 txs 
 2210 A:d975  c9 b0                              cmp #MS_GOSUTK               ; LAST GOSUB FOUND?
 2211 A:d977  f0 0b                              beq AS_RETURN
 2212 A:d979  a2 16                              ldx #MS_ERRRG
 2213 A:d97b  2c                                 .byt $2c              ; FAKE
 2214 A:d97c  a2 5a                    AS_UNDERR ldx #MS_ERRUS
 2215 A:d97e  4c 12 d4                           jmp MS_ERROR
 2216 A:d981                                    ; --------------------------------
 2217 A:d981  4c c9 de                 AS_SYNERR_2 jmp AS_SYNERR
 2218 A:d984                                    ; --------------------------------
 2219 A:d984  68                       AS_RETURN pla                 ; DISCARD GOSUB TOKEN
 2220 A:d985  68                                 pla 
 2221 A:d986  c0 42                              cpy #<(AS_TOKEN_POP*2)
 2222 A:d988  f0 3b                              beq AS_PULL3                ; BRANCH IF A POP
 2223 A:d98a  85 75                              sta MS_Z_CURLIN                ; PULL LINE #
 2224 A:d98c  68                                 pla 
 2225 A:d98d  85 76                              sta MS_Z_CURLIN+1
 2226 A:d98f  68                                 pla 
 2227 A:d990  85 b8                              sta MS_Z_TXTPTR                ; PULL TXTPTR
 2228 A:d992  68                                 pla 
 2229 A:d993  85 b9                              sta MS_Z_TXTPTR+1
 2230 A:d995                                    ; --------------------------------
 2231 A:d995                                    ; "DATA" STATEMENT
 2232 A:d995                                    ; EXECUTED BY SKIPPING TO NEXT COLON OR EOL
 2233 A:d995                                    ; --------------------------------
 2234 A:d995  20 a3 d9                 MS_DATA   jsr MS_DATAN             ; MOVE TO NEXT STATEMENT
 2235 A:d998                                    ; --------------------------------
 2236 A:d998                                    ; ADD (Y) TO TXTPTR
 2237 A:d998                                    ; --------------------------------
 2238 A:d998  98                       AS_ADDON  tya 
 2239 A:d999  18                                 clc 
 2240 A:d99a  65 b8                              adc MS_Z_TXTPTR
 2241 A:d99c  85 b8                              sta MS_Z_TXTPTR
 2242 A:d99e  90 02                              bcc AS_L_ADDON_1
 2243 A:d9a0  e6 b9                              inc MS_Z_TXTPTR+1
 2244 A:d9a2                           AS_L_ADDON_1 
 2245 A:d9a2  60                       AS_RTS_6  rts 
 2246 A:d9a3                                    ; --------------------------------
 2247 A:d9a3                                    ; SCAN AHEAD TO NEXT ":" OR EOL
 2248 A:d9a3                                    ; --------------------------------
 2249 A:d9a3  a2 3a                    MS_DATAN  ldx #(":"&%01111111)  ; GET OFFSET IN Y TO EOL OR ":"
 2250 A:d9a5  2c                                 .byt $2c              ; FAKE
 2251 A:d9a6                                    ; --------------------------------
 2252 A:d9a6  a2 00                    AS_REMN   ldx #0          ; TO EOL ONLY
 2253 A:d9a8  86 0d                              stx MS_Z_CHARAC
 2254 A:d9aa  a0 00                              ldy #0
 2255 A:d9ac  84 0e                              sty MS_Z_ENDCHR
 2256 A:d9ae  a5 0e                    AS_L_REMN_1 lda MS_Z_ENDCHR             ; TRICK TO COUNT QUOTE PARITY
 2257 A:d9b0  a6 0d                              ldx MS_Z_CHARAC
 2258 A:d9b2  85 0d                              sta MS_Z_CHARAC
 2259 A:d9b4  86 0e                              stx MS_Z_ENDCHR
 2260 A:d9b6  b1 b8                    AS_L_REMN_2 lda (MS_Z_TXTPTR),Y
 2261 A:d9b8  f0 e8                              beq AS_RTS_6                ; END OF LINE
 2262 A:d9ba  c5 0e                              cmp MS_Z_ENDCHR
 2263 A:d9bc  f0 e4                              beq AS_RTS_6                ; COLON IF LOOKING FOR COLONS
 2264 A:d9be  c8                                 iny 
 2265 A:d9bf  c9 22                              cmp #$22
 2266 A:d9c1  d0 f3                              bne AS_L_REMN_2
 2267 A:d9c3  f0 e9                              beq AS_L_REMN_1                ; ...ALWAYS
 2268 A:d9c5                                    ; --------------------------------
 2269 A:d9c5  68                       AS_PULL3  pla 
 2270 A:d9c6  68                                 pla 
 2271 A:d9c7  68                                 pla 
 2272 A:d9c8  60                                 rts 
 2273 A:d9c9                                    ; --------------------------------
 2274 A:d9c9                                    ; "IF" STATEMENT
 2275 A:d9c9                                    ; --------------------------------
 2276 A:d9c9  20 7b dd                 MS_IF     jsr AS_FRMEVL
 2277 A:d9cc  20 b7 00                           jsr MS_Z_CHRGOT
 2278 A:d9cf  c9 ab                              cmp #MS_GOTOTK
 2279 A:d9d1  f0 05                              beq AS_L_IF_1
 2280 A:d9d3  a9 c4                              lda #MS_THENTK
 2281 A:d9d5  20 c0 de                           jsr AS_SYNCHR
 2282 A:d9d8  a5 9d                    AS_L_IF_1 lda MS_Z_FAC             ; CONDITION TRUE OR FALSE?
 2283 A:d9da  d0 05                              bne AS_IF_TRUE                ; BRANCH IF TRUE
 2284 A:d9dc                                    ; --------------------------------
 2285 A:d9dc                                    ; "REM" STATEMENT, OR FALSE "IF" STATEMENT
 2286 A:d9dc                                    ; --------------------------------
 2287 A:d9dc  20 a6 d9                 MS_REM    jsr AS_REMN             ; SKIP REST OF LINE
 2288 A:d9df  f0 b7                              beq AS_ADDON                ; ...ALWAYS
 2289 A:d9e1                                    ; --------------------------------
 2290 A:d9e1                           AS_IF_TRUE 
 2291 A:d9e1  20 b7 00                           jsr MS_Z_CHRGOT                ; COMMAND OR NUMBER?
 2292 A:d9e4  b0 03                              bcs AS_L_IF_TRUE_1                ; COMMAND
 2293 A:d9e6  4c 3e d9                           jmp MS_GOTO                ; NUMBER
 2294 A:d9e9  4c 28 d8                 AS_L_IF_TRUE_1 jmp AS_EXECUTE_STATEMENT
 2295 A:d9ec                                    ; --------------------------------
 2296 A:d9ec                                    ; "ON" STATEMENT
 2297 A:d9ec                                    ; 
 2298 A:d9ec                                    ; ON <EXP> GOTO <LIST>
 2299 A:d9ec                                    ; ON <EXP> GOSUB <LIST>
 2300 A:d9ec                                    ; --------------------------------
 2301 A:d9ec  20 f8 e6                 MS_ONGOTO jsr AS_GETBYT             ; EVALUATE <EXP>, AS BYTE IN FAC+4
 2302 A:d9ef  48                                 pha                    ; SAVE NEXT CHAR ON STACK
 2303 A:d9f0  c9 b0                              cmp #MS_GOSUTK
 2304 A:d9f2  f0 04                              beq AS_ON_2
 2305 A:d9f4  c9 ab                    AS_ON_1   cmp #MS_GOTOTK
 2306 A:d9f6  d0 89                              bne AS_SYNERR_2
 2307 A:d9f8  c6 a1                    AS_ON_2   dec MS_Z_FAC+4       ; COUNTED TO RIGHT ONE YET?
 2308 A:d9fa  d0 04                              bne AS_L_ON_2_3                ; NO, KEEP LOOKING
 2309 A:d9fc  68                                 pla                    ; YES, RETRIEVE CMD
 2310 A:d9fd  4c 2a d8                           jmp AS_EXECUTE_STATEMENT_1                ; AND GO.
 2311 A:da00  20 b1 00                 AS_L_ON_2_3 jsr MS_Z_CHRGET             ; PRIME CONVERT SUBROUTINE
 2312 A:da03  20 0c da                           jsr MS_LINGET                ; CONVERT LINE #
 2313 A:da06  c9 2c                              cmp #(","&%01111111)     ; TERMINATE WITH COMMA?
 2314 A:da08  f0 ee                              beq AS_ON_2                ; YES
 2315 A:da0a  68                                 pla                    ; NO, END OF LIST, SO IGNORE
 2316 A:da0b  60                       AS_RTS_7  rts 
 2317 A:da0c                                    ; --------------------------------
 2318 A:da0c                                    ; CONVERT LINE NUMBER
 2319 A:da0c                                    ; --------------------------------
 2320 A:da0c  a2 00                    MS_LINGET ldx #0          ; ASC # TO HEX ADDRESS
 2321 A:da0e  86 50                              stx MS_Z_LINNUM                ; IN LINNUM.
 2322 A:da10  86 51                              stx MS_Z_LINNUM+1          ; 
 2323 A:da12  b0 f7                    AS_L_LINGET_1 bcs AS_RTS_7             ; NOT A DIGIT
 2324 A:da14  e9 2f                              sbc #("0"&%01111111)-1; CONVERT DIGIT TO BINARY
 2325 A:da16  85 0d                              sta MS_Z_CHARAC                ; SAVE THE DIGIT
 2326 A:da18  a5 51                              lda MS_Z_LINNUM+1          ; CHECK RANGE
 2327 A:da1a  85 5e                              sta AS_INDEX                ; 
 2328 A:da1c  c9 19                              cmp #>6400            ; LINE # TOO LARGE?
 2329 A:da1e  b0 d4                              bcs AS_ON_1                ; YES, > 63999, GO INDIRECTLY TO
 2330 A:da20                                    ; "SYNTAX ERROR".
 2331 A:da20                                    ; <<<<<DANGEROUS CODE>>>>>
 2332 A:da20                                    ; NOTE THAT IF (A) = $AB ON THE LINE ABOVE,
 2333 A:da20                                    ; ON_1 WILL COMPARE = AND CAUSE A CATASTROPHIC
 2334 A:da20                                    ; JUMP TO $22D9 (FOR GOTO), OR OTHER LOCATIONS
 2335 A:da20                                    ; FOR OTHER CALLS TO LINGET.
 2336 A:da20                                    ; 
 2337 A:da20                                    ; YOU CAN SEE THIS IS YOU FIRST PUT "BRK" IN $22D9,
 2338 A:da20                                    ; THEN TYPE "GO TO 437761".
 2339 A:da20                                    ; 
 2340 A:da20                                    ; ANY VALUE FROM 437760 THROUGH 440319 WILL CAUSE
 2341 A:da20                                    ; THE PROBLEM.  ($AB00 - $ABFF)
 2342 A:da20                                    ; <<<<<DANGEROUS CODE>>>>>
 2343 A:da20  a5 50                              lda MS_Z_LINNUM                ; MULTIPLY BY TEN
 2344 A:da22  0a                                 asl 
 2345 A:da23  26 5e                              rol AS_INDEX
 2346 A:da25  0a                                 asl 
 2347 A:da26  26 5e                              rol AS_INDEX
 2348 A:da28  65 50                              adc MS_Z_LINNUM
 2349 A:da2a  85 50                              sta MS_Z_LINNUM
 2350 A:da2c  a5 5e                              lda AS_INDEX
 2351 A:da2e  65 51                              adc MS_Z_LINNUM+1
 2352 A:da30  85 51                              sta MS_Z_LINNUM+1
 2353 A:da32  06 50                              asl MS_Z_LINNUM
 2354 A:da34  26 51                              rol MS_Z_LINNUM+1
 2355 A:da36  a5 50                              lda MS_Z_LINNUM
 2356 A:da38  65 0d                              adc MS_Z_CHARAC                ; ADD DIGIT
 2357 A:da3a  85 50                              sta MS_Z_LINNUM
 2358 A:da3c  90 02                              bcc AS_L_LINGET_2
 2359 A:da3e  e6 51                              inc MS_Z_LINNUM+1
 2360 A:da40  20 b1 00                 AS_L_LINGET_2 jsr MS_Z_CHRGET             ; GET NEXT CHAR
 2361 A:da43  4c 12 da                           jmp AS_L_LINGET_1                ; MORE CONVERTING
 2362 A:da46                                    ; --------------------------------
 2363 A:da46                                    ; "LET" STATEMENT
 2364 A:da46                                    ; 
 2365 A:da46                                    ; LET <VAR> = <EXP>
 2366 A:da46                                    ; <VAR> = <EXP>
 2367 A:da46                                    ; --------------------------------
 2368 A:da46  20 e3 df                 MS_LET    jsr AS_PTRGET             ; GET <VAR>
 2369 A:da49  85 85                              sta MS_Z_FORPNT
 2370 A:da4b  84 86                              sty MS_Z_FORPNT+1
 2371 A:da4d  a9 d0                              lda #MS_EQULTK
 2372 A:da4f  20 c0 de                           jsr AS_SYNCHR
 2373 A:da52  a5 12                              lda MS_Z_VALTYP+1          ; SAVE VARIABLE TYPE
 2374 A:da54  48                                 pha 
 2375 A:da55  a5 11                              lda MS_Z_VALTYP
 2376 A:da57  48                                 pha 
 2377 A:da58  20 7b dd                           jsr AS_FRMEVL                ; EVALUATE <EXP>
 2378 A:da5b  68                                 pla 
 2379 A:da5c  2a                                 rol 
 2380 A:da5d  20 6d dd                           jsr AS_CHKVAL
 2381 A:da60  d0 18                              bne AS_LET_STRING
 2382 A:da62  68                                 pla 
 2383 A:da63                                    ; --------------------------------
 2384 A:da63  10 12                    AS_LET2   bpl AS_L_LET2_1             ; REAL VARIABLE
 2385 A:da65  20 72 eb                           jsr AS_ROUND_FAC                ; INTEGER VAR: ROUND TO 32 BITS
 2386 A:da68  20 0c e1                           jsr AS_AYINT                ; TRUNCATE TO 16-BITS
 2387 A:da6b  a0 00                              ldy #0
 2388 A:da6d  a5 a0                              lda MS_Z_FAC+3
 2389 A:da6f  91 85                              sta (MS_Z_FORPNT),Y
 2390 A:da71  c8                                 iny 
 2391 A:da72  a5 a1                              lda MS_Z_FAC+4
 2392 A:da74  91 85                              sta (MS_Z_FORPNT),Y
 2393 A:da76  60                                 rts 
 2394 A:da77                                    ; --------------------------------
 2395 A:da77                                    ; REAL VARIABLE = EXPRESSION
 2396 A:da77                                    ; --------------------------------
 2397 A:da77  4c 27 eb                 AS_L_LET2_1 jmp AS_SETFOR
 2398 A:da7a                                    ; --------------------------------
 2399 A:da7a                           AS_LET_STRING 
 2400 A:da7a  68                                 pla 
 2401 A:da7b                                    ; --------------------------------
 2402 A:da7b                                    ; INSTALL STRING, DESCRIPTOR ADDRESS IS AT FAC+3,4
 2403 A:da7b                                    ; --------------------------------
 2404 A:da7b  a0 02                    AS_PUTSTR ldy #2          ; STRING DATA ALREADY IN STRING AREA?
 2405 A:da7d  b1 a0                              lda (MS_Z_FAC+3),Y                   ; (STRING AREA IS BTWN FRETOP
 2406 A:da7f  c5 70                              cmp MS_Z_FRETOP+1          ; HIMEM)
 2407 A:da81  90 17                              bcc AS_L_PUTSTR_2                ; YES, DATA ALREADY UP THERE
 2408 A:da83  d0 07                              bne AS_L_PUTSTR_1                ; NO
 2409 A:da85  88                                 dey                    ; MAYBE, TEST LOW BYTE OF POINTER
 2410 A:da86  b1 a0                              lda (MS_Z_FAC+3),Y                   ; 
 2411 A:da88  c5 6f                              cmp MS_Z_FRETOP                ; 
 2412 A:da8a  90 0e                              bcc AS_L_PUTSTR_2                ; YES, ALREADY THERE
 2413 A:da8c  a4 a1                    AS_L_PUTSTR_1 ldy MS_Z_FAC+4       ; NO. DESCRIPTOR ALREADY AMONG VARIABLES?
 2414 A:da8e  c4 6a                              cpy MS_Z_VARTAB+1          ; 
 2415 A:da90  90 08                              bcc AS_L_PUTSTR_2                ; NO
 2416 A:da92  d0 0d                              bne AS_L_PUTSTR_3                ; YES
 2417 A:da94  a5 a0                              lda MS_Z_FAC+3          ; MAYBE, COMPARE LO-BYTE
 2418 A:da96  c5 69                              cmp MS_Z_VARTAB                ; 
 2419 A:da98  b0 07                              bcs AS_L_PUTSTR_3                ; YES, DESCRIPTOR IS AMONG VARIABLES
 2420 A:da9a  a5 a0                    AS_L_PUTSTR_2 lda MS_Z_FAC+3       ; EITHER STRING ALREADY ON TOP, OR
 2421 A:da9c  a4 a1                              ldy MS_Z_FAC+4          ; DESCRIPTOR IS NOT A VARIABLE
 2422 A:da9e  4c b7 da                           jmp AS_L_PUTSTR_4                ; SO JUST STORE THE DESCRIPTOR
 2423 A:daa1                                    ; --------------------------------
 2424 A:daa1                                    ; STRING NOT YET IN STRING AREA,
 2425 A:daa1                                    ; AND DESCRIPTOR IS A VARIABLE
 2426 A:daa1                                    ; --------------------------------
 2427 A:daa1  a0 00                    AS_L_PUTSTR_3 ldy #0          ; POINT AT LENGTH IN DESCRIPTOR
 2428 A:daa3  b1 a0                              lda (MS_Z_FAC+3),Y                   ; GET LENGTH
 2429 A:daa5  20 d5 e3                           jsr AS_STRINI                ; MAKE A STRING THAT LONG UP ABOVE
 2430 A:daa8  a5 8c                              lda MS_Z_DSCPNT                ; SET UP SOURCE PNTR FOR MONINS
 2431 A:daaa  a4 8d                              ldy MS_Z_DSCPNT+1          ; 
 2432 A:daac  85 ab                              sta MS_Z_STRNG1                ; 
 2433 A:daae  84 ac                              sty MS_Z_STRNG1+1          ; 
 2434 A:dab0  20 d4 e5                           jsr AS_MOVINS                ; MOVE STRING DATA TO NEW AREA
 2435 A:dab3  a9 9d                              lda #<MS_Z_FAC              ; ADDRESS OF DESCRIPTOR IS IN FAC
 2436 A:dab5  a0 00                              ldy #>MS_Z_FAC              ; 
 2437 A:dab7  85 8c                    AS_L_PUTSTR_4 sta MS_Z_DSCPNT             ; 
 2438 A:dab9  84 8d                              sty MS_Z_DSCPNT+1          ; 
 2439 A:dabb  20 35 e6                           jsr AS_FRETMS                ; DISCARD DESCRIPTOR IF 'TWAS TEMPORARY
 2440 A:dabe  a0 00                              ldy #0             ; COPY STRING DESCRIPTOR
 2441 A:dac0  b1 8c                              lda (MS_Z_DSCPNT),Y
 2442 A:dac2  91 85                              sta (MS_Z_FORPNT),Y
 2443 A:dac4  c8                                 iny 
 2444 A:dac5  b1 8c                              lda (MS_Z_DSCPNT),Y
 2445 A:dac7  91 85                              sta (MS_Z_FORPNT),Y
 2446 A:dac9  c8                                 iny 
 2447 A:daca  b1 8c                              lda (MS_Z_DSCPNT),Y
 2448 A:dacc  91 85                              sta (MS_Z_FORPNT),Y
 2449 A:dace  60                                 rts 
 2450 A:dacf                                    ; --------------------------------
 2451 A:dacf                           AS_PR_STRING 
 2452 A:dacf  20 3d db                           jsr AS_STRPRT
 2453 A:dad2  20 b7 00                           jsr MS_Z_CHRGOT
 2454 A:dad5                                    ; --------------------------------
 2455 A:dad5                                    ; "PRINT" STATEMENT
 2456 A:dad5                                    ; --------------------------------
 2457 A:dad5  f0 24                    MS_PRINT  beq MS_CRDO             ; NO MORE LIST, PRINT <RETURN>
 2458 A:dad7                                    ; --------------------------------
 2459 A:dad7  f0 29                    AS_PRINT2 beq AS_RTS_8             ; NO MORE LIST, DON'T PRINT <RETURN>
 2460 A:dad9  c9 c0                              cmp #MS_TABTK
 2461 A:dadb  f0 39                              beq AS_PR_TAB_OR_SPC                ; C=1 FOR TAB(
 2462 A:dadd  c9 c3                              cmp #MS_SPCTK
 2463 A:dadf  18                                 clc 
 2464 A:dae0  f0 34                              beq AS_PR_TAB_OR_SPC                ; C=0 FOR SPC(
 2465 A:dae2  c9 2c                              cmp #(","&%01111111)
 2466 A:dae4  18                                 clc                    ; <<< NO PURPOSE TO THIS >>>
 2467 A:dae5  f0 1c                              beq AS_PR_COMMA                ; 
 2468 A:dae7  c9 3b                              cmp #(";"&%01111111)
 2469 A:dae9  f0 44                              beq AS_PR_NEXT_CHAR                ; 
 2470 A:daeb  20 7b dd                           jsr AS_FRMEVL                ; EVALUATE EXPRESSION
 2471 A:daee  24 11                              bit MS_Z_VALTYP                ; STRING OR FP VALUE?
 2472 A:daf0  30 dd                              bmi AS_PR_STRING                ; STRING
 2473 A:daf2  20 34 ed                           jsr AS_FOUT                ; FP: CONVERT INTO BUFFER
 2474 A:daf5  20 e7 e3                           jsr AS_STRLIT                ; MAKE BUFFER INTO STRING
 2475 A:daf8  4c cf da                           jmp AS_PR_STRING                ; PRINT THE STRING
 2476 A:dafb                                    ; --------------------------------
 2477 A:dafb  a9 0d                    MS_CRDO   lda #$0d          ; PRINT <RETURN>
 2478 A:dafd  20 5c db                           jsr MS_OUTDO
 2479 A:db00  49 ff                    AS_NEGATE eor #$ff          ; <<< WHY??? >>>
 2480 A:db02  60                       AS_RTS_8  rts 
 2481 A:db03                                    ; --------------------------------
 2482 A:db03                                    ; TAB TO NEXT COMMA COLUMN
 2483 A:db03                                    ; <<< NOTE BUG IF WIDTH OF WINDOW LESS THAN 33 >>>
 2484 A:db03                           AS_PR_COMMA 
 2485 A:db03  a5 24                              lda MON_CH
 2486 A:db05  c9 18                              cmp #24             ; <<< BUG:  IT SHOULD BE 32 >>>
 2487 A:db07  90 05                              bcc AS_L_PR_COMMA_1                ; NEXT COLUMN, SAME LINE
 2488 A:db09  20 fb da                           jsr MS_CRDO                ; FIRST COLUMN, NEXT LINT
 2489 A:db0c  d0 21                              bne AS_PR_NEXT_CHAR                ; ...ALWAYS
 2490 A:db0e  69 10                    AS_L_PR_COMMA_1 adc #16
 2491 A:db10  29 f0                              and #$f0             ; ROUND TO 16 OR 32
 2492 A:db12  85 24                              sta MON_CH
 2493 A:db14  90 19                              bcc AS_PR_NEXT_CHAR                ; ...ALWAYS
 2494 A:db16                                    ; --------------------------------
 2495 A:db16                           AS_PR_TAB_OR_SPC 
 2496 A:db16  08                                 php                    ; C=0 FOR SPC(, C=1 FOR TAB(
 2497 A:db17  20 f5 e6                           jsr AS_GTBYTC                ; GET VALUE
 2498 A:db1a  c9 29                              cmp #(")"&%01111111)     ; TRAILING PARENTHESIS
 2499 A:db1c  f0 03                              beq AS_L_PR_TAB_OR_SPC_1                ; GOOD
 2500 A:db1e  4c c9 de                           jmp AS_SYNERR                ; NO, SYNTAX ERROR
 2501 A:db21  28                       AS_L_PR_TAB_OR_SPC_1 plp                 ; TAB( OR SPC(
 2502 A:db22  90 07                              bcc AS_L_PR_TAB_OR_SPC_2                ; SPC(
 2503 A:db24  ca                                 dex                    ; TAB(
 2504 A:db25  8a                                 txa                    ; CALCULATE SPACES NEEDED FOR TAB(
 2505 A:db26  e5 24                              sbc MON_CH
 2506 A:db28  90 05                              bcc AS_PR_NEXT_CHAR                ; ALREADY PAST THAT COLUMN
 2507 A:db2a  aa                                 tax                    ; NOW DO A SPC( TO THE SPECIFIED COLUMN
 2508 A:db2b  e8                       AS_L_PR_TAB_OR_SPC_2 inx 
 2509 A:db2c  ca                       AS_NXSPC  dex 
 2510 A:db2d  d0 06                              bne AS_DOSPC                ; MORE SPACES TO PRINT
 2511 A:db2f                                    ; --------------------------------
 2512 A:db2f                           AS_PR_NEXT_CHAR 
 2513 A:db2f  20 b1 00                           jsr MS_Z_CHRGET
 2514 A:db32  4c d7 da                           jmp AS_PRINT2                ; CONTINUE PARSING PRINT LIST
 2515 A:db35                                    ; --------------------------------
 2516 A:db35  20 57 db                 AS_DOSPC  jsr AS_OUTSP
 2517 A:db38  d0 f2                              bne AS_NXSPC                ; ...ALWAYS
 2518 A:db3a                                    ; --------------------------------
 2519 A:db3a                                    ; PRINT STRING AT (Y,A)
 2520 A:db3a  20 e7 e3                 AS_STROUT jsr AS_STRLIT             ; MAKE (Y,A) PRINTABLE
 2521 A:db3d                                    ; --------------------------------
 2522 A:db3d                                    ; PRINT STRING AT (FACMO,FACLO)
 2523 A:db3d                                    ; --------------------------------
 2524 A:db3d  20 00 e6                 AS_STRPRT jsr AS_FREFAC             ; GET ADDRESS INTO INDEX, (A)=LENGTH
 2525 A:db40  aa                                 tax                    ; USE X-REG FOR COUNTER
 2526 A:db41  a0 00                              ldy #0             ; USE Y-REG FOR SCANNER
 2527 A:db43  e8                                 inx                    ; 
 2528 A:db44  ca                       AS_L_STRPRT_1 dex                 ; 
 2529 A:db45  f0 bb                              beq AS_RTS_8                ; FINISHED
 2530 A:db47  b1 5e                              lda (AS_INDEX),Y                   ; NEXT CHAR FROM STRING
 2531 A:db49  20 5c db                           jsr MS_OUTDO                ; PRINT THE CHAR
 2532 A:db4c  c8                                 iny                    ; 
 2533 A:db4d                                    ; <<< NEXT THREE LINES ARE USELESS >>>
 2534 A:db4d  c9 0d                              cmp #$0d             ; WAS IT <RETURN>?
 2535 A:db4f  d0 f3                              bne AS_L_STRPRT_1                ; NO
 2536 A:db51  20 00 db                           jsr AS_NEGATE                ; EOR #$FF WOULD DO IT, BUT WHY?
 2537 A:db54                                    ; <<< ABOVE THREE LINES ARE USELESS >>>
 2538 A:db54  4c 44 db                           jmp AS_L_STRPRT_1
 2539 A:db57                                    ; --------------------------------
 2540 A:db57  a9 20                    AS_OUTSP  lda #(" "&%01111111)  ; PRINT A SPACE
 2541 A:db59  2c                                 .byt $2c              ; SKIP OVER NEXT LINE
 2542 A:db5a  a9 3f                    MS_OUTQST lda #("?"&%01111111)  ; PRINT QUESTION MARK
 2543 A:db5c                                    ; --------------------------------
 2544 A:db5c                                    ; PRINT CHAR FROM (A)
 2545 A:db5c                                    ; 
 2546 A:db5c                                    ; NOTE: POKE 243,32 ($20 IN $F3) WILL CONVERT
 2547 A:db5c                                    ; OUTPUT TO LOWER CASE.  THIS CAN BE CANCELLED
 2548 A:db5c                                    ; BY NORMAL, INVERSE, OR FLASH OR POKE 243,0.
 2549 A:db5c                                    ; --------------------------------
 2550 A:db5c  09 80                    MS_OUTDO  ora #$80          ; PRINT (A)
 2551 A:db5e  c9 a0                              cmp #$a0             ; CONTROL CHR?
 2552 A:db60  90 02                              bcc AS_L_OUTDO_1                ; SKIP IF SO
 2553 A:db62  05 f3                              ora AS_FLASH_BIT                ; =$40 FOR FLASH, ELSE $00
 2554 A:db64  20 ed fd                 AS_L_OUTDO_1 jsr MON_COUT             ; "AND"S WITH $3F (INVERSE), $7F (FLASH)
 2555 A:db67  29 7f                              and #$7f             ; 
 2556 A:db69  48                                 pha                    ; 
 2557 A:db6a  a5 f1                              lda AS_SPEEDZ                ; COMPLEMENT OF SPEED #
 2558 A:db6c  20 a8 fc                           jsr MON_WAIT                ; SO SPEED=255 BECOMES (A)=1
 2559 A:db6f  68                                 pla 
 2560 A:db70  60                                 rts 
 2561 A:db71                                    ; --------------------------------
 2562 A:db71                                    ; INPUT CONVERSION ERROR:  ILLEGAL CHARACTER
 2563 A:db71                                    ; IN NUMERIC FIELD.  MUST DISTINGUISH
 2564 A:db71                                    ; BETWEEN INPUT, READ, AND GET
 2565 A:db71                                    ; --------------------------------
 2566 A:db71                           AS_INPUTERR 
 2567 A:db71  a5 15                              lda MS_Z_INPFLG
 2568 A:db73  f0 12                              beq AS_RESPERR                ; TAKEN IF INPUT
 2569 A:db75  30 04                              bmi AS_READERR                ; TAKEN IF READ
 2570 A:db77  a0 ff                              ldy #$ff             ; FROM A GET
 2571 A:db79  d0 04                              bne AS_ERLIN                ; ...ALWAYS
 2572 A:db7b                                    ; --------------------------------
 2573 A:db7b                           AS_READERR 
 2574 A:db7b  a5 7b                              lda MS_Z_DATLIN                ; TELL WHERE THE "DATA" IS, RATHER
 2575 A:db7d  a4 7c                              ldy MS_Z_DATLIN+1          ; THAN THE "READ"
 2576 A:db7f                                    ; --------------------------------
 2577 A:db7f  85 75                    AS_ERLIN  sta MS_Z_CURLIN
 2578 A:db81  84 76                              sty MS_Z_CURLIN+1
 2579 A:db83  4c c9 de                           jmp AS_SYNERR
 2580 A:db86                                    ; --------------------------------
 2581 A:db86  68                       AS_INPERR pla 
 2582 A:db87                                    ; --------------------------------
 2583 A:db87                           AS_RESPERR 
 2584 A:db87  24 d8                              bit AS_ERRFLG                ; "ON ERR" TURNED ON?
 2585 A:db89  10 05                              bpl AS_L_RESPERR_1                ; NO, GIVE REENTRY A TRY
 2586 A:db8b  a2 fe                              ldx #254             ; ERROR CODE = 254
 2587 A:db8d  4c e9 f2                           jmp AS_HANDLERR
 2588 A:db90  a9 ef                    AS_L_RESPERR_1 lda #<AS_ERR_REENTRY           ; "?REENTER"
 2589 A:db92  a0 dc                              ldy #>AS_ERR_REENTRY
 2590 A:db94  20 3a db                           jsr AS_STROUT
 2591 A:db97  a5 79                              lda MS_Z_OLDTXT                ; RE-EXECUTE THE WHOLE INPUT STATEMENT
 2592 A:db99  a4 7a                              ldy MS_Z_OLDTXT+1
 2593 A:db9b  85 b8                              sta MS_Z_TXTPTR
 2594 A:db9d  84 b9                              sty MS_Z_TXTPTR+1
 2595 A:db9f  60                                 rts 
 2596 A:dba0                                    ; --------------------------------
 2597 A:dba0                                    ; "GET" STATEMENT
 2598 A:dba0                                    ; --------------------------------
 2599 A:dba0  20 06 e3                 MS_GET    jsr AS_ERRDIR             ; ILLEGAL IF IN DIRECT MODE
 2600 A:dba3  a2 01                              ldx #<(AS_INPUT_BUFFER+1)      ; SIMULATE INPUT
 2601 A:dba5  a0 02                              ldy #>(AS_INPUT_BUFFER+1)
 2602 A:dba7  a9 00                              lda #0
 2603 A:dba9  8d 01 02                           sta AS_INPUT_BUFFER+1
 2604 A:dbac  a9 40                              lda #$40             ; SET UP INPUTFLG
 2605 A:dbae  20 eb db                           jsr AS_PROCESS_INPUT_LIST                ; <<< CAN SAVE 1 BYTE HERE>>>
 2606 A:dbb1  60                                 rts                    ; <<<BY "JMP PROCESS.INPUT.LIST">>>
 2607 A:dbb2                                    ; --------------------------------
 2608 A:dbb2                                    ; "INPUT" STATEMENT
 2609 A:dbb2                                    ; --------------------------------
 2610 A:dbb2  c9 22                    MS_INPUT  cmp #$22          ; CHECK FOR OPTIONAL PROMPT STRING
 2611 A:dbb4  d0 0e                              bne AS_L_INPUT_1                ; NO, PRINT "?" PROMPT
 2612 A:dbb6  20 81 de                           jsr AS_STRTXT                ; MAKE A PRINTABLE STRING OUT OF IT
 2613 A:dbb9  a9 3b                              lda #(";"&%01111111)     ; MUST HAVE ; NOW
 2614 A:dbbb  20 c0 de                           jsr AS_SYNCHR                ; 
 2615 A:dbbe  20 3d db                           jsr AS_STRPRT                ; PRINT THE STRING
 2616 A:dbc1  4c c7 db                           jmp AS_L_INPUT_2                ; 
 2617 A:dbc4  20 5a db                 AS_L_INPUT_1 jsr MS_OUTQST             ; NO STRING, PRINT "?"
 2618 A:dbc7  20 06 e3                 AS_L_INPUT_2 jsr AS_ERRDIR             ; ILLEGAL IF IN DIRECT MODE
 2619 A:dbca  a9 2c                              lda #(","&%01111111)     ; PRIME THE BUFFER
 2620 A:dbcc  8d ff 01                           sta AS_INPUT_BUFFER-1
 2621 A:dbcf  20 2c d5                           jsr MS_INLIN
 2622 A:dbd2  ad 00 02                           lda AS_INPUT_BUFFER
 2623 A:dbd5  c9 03                              cmp #$03             ; CONTROL C?
 2624 A:dbd7  d0 10                              bne AS_INPUT_FLAG_ZERO                ; NO
 2625 A:dbd9  4c 63 d8                           jmp AS_CONTROL_C_TYPED
 2626 A:dbdc                                    ; --------------------------------
 2627 A:dbdc  20 5a db                 AS_NXIN   jsr MS_OUTQST             ; PRINT "?"
 2628 A:dbdf  4c 2c d5                           jmp MS_INLIN
 2629 A:dbe2                                    ; --------------------------------
 2630 A:dbe2                                    ; "READ" STATEMENT
 2631 A:dbe2                                    ; --------------------------------
 2632 A:dbe2  a6 7d                    MS_READ   ldx MS_Z_DATPTR             ; Y,X POINTS AT NEXT DATA STATEMENT
 2633 A:dbe4  a4 7e                              ldy MS_Z_DATPTR+1          ; 
 2634 A:dbe6  a9 98                              lda #$98             ; SET INPUTFLG = $98
 2635 A:dbe8  2c                                 .byt $2c              ; TRICK TO PROCESS.INPUT.LIST
 2636 A:dbe9                                    ; --------------------------------
 2637 A:dbe9  a9 00                    AS_INPUT_FLAG_ZERO lda #0          ; SET INPUTFLG = $00
 2638 A:dbeb                                    ; --------------------------------
 2639 A:dbeb                                    ; PROCESS INPUT LIST
 2640 A:dbeb                                    ; 
 2641 A:dbeb                                    ; (Y,X) IS ADDRESS OF INPUT DATA STRING
 2642 A:dbeb                                    ; (A) = VALUE FOR INPUTFLG:  $00 FOR INPUT
 2643 A:dbeb                                    ; $40 FOR GET
 2644 A:dbeb                                    ; $98 FOR READ
 2645 A:dbeb                                    ; --------------------------------
 2646 A:dbeb  85 15                    AS_PROCESS_INPUT_LIST sta MS_Z_INPFLG
 2647 A:dbed  86 7f                              stx MS_Z_INPPTR                ; ADDRESS OF INPUT STRING
 2648 A:dbef  84 80                              sty MS_Z_INPPTR+1
 2649 A:dbf1                                    ; --------------------------------
 2650 A:dbf1  20 e3 df                 AS_PROCESS_INPUT_ITEM jsr AS_PTRGET             ; GET ADDRESS OF VARIABLE
 2651 A:dbf4  85 85                              sta MS_Z_FORPNT                ; 
 2652 A:dbf6  84 86                              sty MS_Z_FORPNT+1          ; 
 2653 A:dbf8  a5 b8                              lda MS_Z_TXTPTR                ; SAVE CURRENT TXTPTR,
 2654 A:dbfa  a4 b9                              ldy MS_Z_TXTPTR+1          ; WHICH POINTS INTO PROGRAM
 2655 A:dbfc  85 87                              sta MS_Z_VARTXT                ; 
 2656 A:dbfe  84 88                              sty MS_Z_VARTXT+1          ; 
 2657 A:dc00  a6 7f                              ldx MS_Z_INPPTR                ; SET TXTPTR TO POINT AT INPUT BUFFER
 2658 A:dc02  a4 80                              ldy MS_Z_INPPTR+1          ; OR "DATA" LINE
 2659 A:dc04  86 b8                              stx MS_Z_TXTPTR                ; 
 2660 A:dc06  84 b9                              sty MS_Z_TXTPTR+1          ; 
 2661 A:dc08  20 b7 00                           jsr MS_Z_CHRGOT                ; GET CHAR AT PNTR
 2662 A:dc0b  d0 1e                              bne AS_INSTART                ; NOT END OF LINE OR COLON
 2663 A:dc0d  24 15                              bit MS_Z_INPFLG                ; DOING A "GET"?
 2664 A:dc0f  50 0e                              bvc AS_L_PROCESS_INPUT_ITEM_1                ; NO
 2665 A:dc11  20 0c fd                           jsr MON_RDKEY                ; YES, GET CHAR
 2666 A:dc14  29 7f                              and #$7f
 2667 A:dc16  8d 00 02                           sta AS_INPUT_BUFFER
 2668 A:dc19  a2 ff                              ldx #<(AS_INPUT_BUFFER-1)
 2669 A:dc1b  a0 01                              ldy #>(AS_INPUT_BUFFER-1)
 2670 A:dc1d  d0 08                              bne AS_L_PROCESS_INPUT_ITEM_2                ; ...ALWAYS
 2671 A:dc1f                                    ; --------------------------------
 2672 A:dc1f  30 7f                    AS_L_PROCESS_INPUT_ITEM_1 bmi AS_FINDATA             ; DOING A "READ"
 2673 A:dc21  20 5a db                           jsr MS_OUTQST                ; DOING AN "INPUT", PRINT "?"
 2674 A:dc24  20 dc db                           jsr AS_NXIN                ; PRINT ANOTHER "?", AND INPUT A LINE
 2675 A:dc27  86 b8                    AS_L_PROCESS_INPUT_ITEM_2 stx MS_Z_TXTPTR
 2676 A:dc29  84 b9                              sty MS_Z_TXTPTR+1
 2677 A:dc2b                                    ; --------------------------------
 2678 A:dc2b                           AS_INSTART 
 2679 A:dc2b  20 b1 00                           jsr MS_Z_CHRGET                ; GET NEXT INPUT CHAR
 2680 A:dc2e  24 11                              bit MS_Z_VALTYP                ; STRING OR NUMERIC?
 2681 A:dc30  10 31                              bpl AS_L_INSTART_5                ; NUMERIC
 2682 A:dc32  24 15                              bit MS_Z_INPFLG                ; STRING -- NOW WHAT INPUT TYPE?
 2683 A:dc34  50 09                              bvc AS_L_INSTART_1                ; NOT A "GET"
 2684 A:dc36  e8                                 inx                    ; "GET"
 2685 A:dc37  86 b8                              stx MS_Z_TXTPTR
 2686 A:dc39  a9 00                              lda #0
 2687 A:dc3b  85 0d                              sta MS_Z_CHARAC                ; NO OTHER TERMINATORS THAN $00
 2688 A:dc3d  f0 0c                              beq AS_L_INSTART_2                ; ...ALWAYS
 2689 A:dc3f                                    ; --------------------------------
 2690 A:dc3f  85 0d                    AS_L_INSTART_1 sta MS_Z_CHARAC
 2691 A:dc41  c9 22                              cmp #$22             ; TERMINATE ON $00 OR QUOTE
 2692 A:dc43  f0 07                              beq AS_L_INSTART_3
 2693 A:dc45  a9 3a                              lda #(":"&%01111111)     ; TERMINATE ON $00, COLON, OR COMMA
 2694 A:dc47  85 0d                              sta MS_Z_CHARAC
 2695 A:dc49  a9 2c                              lda #(","&%01111111)
 2696 A:dc4b  18                       AS_L_INSTART_2 clc 
 2697 A:dc4c  85 0e                    AS_L_INSTART_3 sta MS_Z_ENDCHR
 2698 A:dc4e  a5 b8                              lda MS_Z_TXTPTR
 2699 A:dc50  a4 b9                              ldy MS_Z_TXTPTR+1
 2700 A:dc52  69 00                              adc #0             ; SKIP OVER QUOTATION MARK, IF
 2701 A:dc54  90 01                              bcc AS_L_INSTART_4                ; THERE WAS ONE
 2702 A:dc56  c8                                 iny 
 2703 A:dc57  20 ed e3                 AS_L_INSTART_4 jsr AS_STRLT2             ; BUILD STRING STARTING AT (Y,A)
 2704 A:dc5a                                    ; TERMINATED BY $00, (CHARAC), OR (ENDCHR)
 2705 A:dc5a  20 3d e7                           jsr AS_POINT                ; SET TXTPTR TO POINT AT STRING
 2706 A:dc5d  20 7b da                           jsr AS_PUTSTR                ; STORE STRING IN VARIABLE
 2707 A:dc60  4c 72 dc                           jmp AS_INPUT_MORE
 2708 A:dc63                                    ; --------------------------------
 2709 A:dc63  48                       AS_L_INSTART_5 pha 
 2710 A:dc64  ad 00 02                           lda AS_INPUT_BUFFER                ; ANYTHING IN BUFFER?
 2711 A:dc67  f0 30                              beq AS_INPFIN                ; NO, SEE IF READ OR INPUT
 2712 A:dc69                                    ; --------------------------------
 2713 A:dc69                           AS_INPUTDWTA 
 2714 A:dc69  68                                 pla                    ; "READ"
 2715 A:dc6a  20 4a ec                           jsr AS_FIN                ; GET FP NUMBER AT TXTPTR
 2716 A:dc6d  a5 12                              lda MS_Z_VALTYP+1          ; 
 2717 A:dc6f  20 63 da                           jsr AS_LET2                ; STORE RESULT IN VARIABLE
 2718 A:dc72                                    ; --------------------------------
 2719 A:dc72                           AS_INPUT_MORE 
 2720 A:dc72  20 b7 00                           jsr MS_Z_CHRGOT
 2721 A:dc75  f0 07                              beq AS_L_INPUT_MORE_1                ; END OF LINE OR COLON
 2722 A:dc77  c9 2c                              cmp #(","&%01111111)     ; COMMA IN INPUT?
 2723 A:dc79  f0 03                              beq AS_L_INPUT_MORE_1                ; YES
 2724 A:dc7b  4c 71 db                           jmp AS_INPUTERR                ; NOTHING ELSE WILL DO
 2725 A:dc7e  a5 b8                    AS_L_INPUT_MORE_1 lda MS_Z_TXTPTR             ; SAVE POSITION IN INPUT BUFFER
 2726 A:dc80  a4 b9                              ldy MS_Z_TXTPTR+1          ; 
 2727 A:dc82  85 7f                              sta MS_Z_INPPTR                ; 
 2728 A:dc84  84 80                              sty MS_Z_INPPTR+1          ; 
 2729 A:dc86  a5 87                              lda MS_Z_VARTXT                ; RESTORE PROGRAM POINTER
 2730 A:dc88  a4 88                              ldy MS_Z_VARTXT+1          ; 
 2731 A:dc8a  85 b8                              sta MS_Z_TXTPTR                ; 
 2732 A:dc8c  84 b9                              sty MS_Z_TXTPTR+1          ; 
 2733 A:dc8e  20 b7 00                           jsr MS_Z_CHRGOT                ; NEXT CHAR FROM PROGRAM
 2734 A:dc91  f0 33                              beq AS_INPDONE                ; END OF STATEMENT
 2735 A:dc93  20 be de                           jsr AS_CHKCOM                ; BETTER BE A COMMA THEN
 2736 A:dc96  4c f1 db                           jmp AS_PROCESS_INPUT_ITEM
 2737 A:dc99                                    ; --------------------------------
 2738 A:dc99  a5 15                    AS_INPFIN lda MS_Z_INPFLG             ; "INPUT" OR "READ"
 2739 A:dc9b  d0 cc                              bne AS_INPUTDWTA                ; "READ"
 2740 A:dc9d  4c 86 db                           jmp AS_INPERR
 2741 A:dca0                                    ; --------------------------------
 2742 A:dca0                           AS_FINDATA 
 2743 A:dca0  20 a3 d9                           jsr MS_DATAN                ; GET OFFSET TO NEXT COLON OR EOL
 2744 A:dca3  c8                                 iny                    ; TO FIRST CHAR OF NEXT LINE
 2745 A:dca4  aa                                 tax                    ; WHICH:  EOL OR COLON?
 2746 A:dca5  d0 12                              bne AS_L_FINDATA_1                ; COLON
 2747 A:dca7  a2 2a                              ldx #MS_ERROD               ; EOL: MIGHT BE OUT OF DATA
 2748 A:dca9  c8                                 iny                    ; CHECK HI-BYTE OF FORWARD PNTR
 2749 A:dcaa  b1 b8                              lda (MS_Z_TXTPTR),Y                  ; END OF PROGRAM?
 2750 A:dcac  f0 5f                              beq AS_GERR                ; YES, WE ARE OUT OF DATA
 2751 A:dcae  c8                                 iny                    ; PICK UP THE LINE #
 2752 A:dcaf  b1 b8                              lda (MS_Z_TXTPTR),Y
 2753 A:dcb1  85 7b                              sta MS_Z_DATLIN
 2754 A:dcb3  c8                                 iny 
 2755 A:dcb4  b1 b8                              lda (MS_Z_TXTPTR),Y
 2756 A:dcb6  c8                                 iny                    ; POINT AT FIRST TEXT CHAR IN LINE
 2757 A:dcb7  85 7c                              sta MS_Z_DATLIN+1
 2758 A:dcb9  b1 b8                    AS_L_FINDATA_1 lda (MS_Z_TXTPTR),Y                  ; GET 1ST TOKEN OF STATEMENT
 2759 A:dcbb  aa                                 tax                    ; SAVE TOKEN IN X-REG
 2760 A:dcbc  20 98 d9                           jsr AS_ADDON                ; ADD (Y) TO TXTPTR
 2761 A:dcbf  e0 83                              cpx #MS_DATATK               ; DID WE FIND A "DATA" STATEMENT?
 2762 A:dcc1  d0 dd                              bne AS_FINDATA                ; NOT YET
 2763 A:dcc3  4c 2b dc                           jmp AS_INSTART                ; YES, READ IT
 2764 A:dcc6                                    ; ---NO MORE INPUT REQUESTED------
 2765 A:dcc6                           AS_INPDONE 
 2766 A:dcc6  a5 7f                              lda MS_Z_INPPTR                ; GET POINTER IN CASE IT WAS "READ"
 2767 A:dcc8  a4 80                              ldy MS_Z_INPPTR+1
 2768 A:dcca  a6 15                              ldx MS_Z_INPFLG                ; "READ" OR "INPUT"?
 2769 A:dccc  10 03                              bpl AS_L_INPDONE_1                ; "INPUT"
 2770 A:dcce  4c 53 d8                           jmp AS_SETDA                ; "DATA", SO STORE (Y,X) AT DATPTR
 2771 A:dcd1  a0 00                    AS_L_INPDONE_1 ldy #0          ; "INPUT":  ANY MORE CHARS ON LINE?
 2772 A:dcd3  b1 7f                              lda (MS_Z_INPPTR),Y
 2773 A:dcd5  f0 07                              beq AS_L_INPDONE_2                ; NO, ALL IS WELL
 2774 A:dcd7  a9 df                              lda #<AS_ERR_EXTRA              ; YES, ERROR
 2775 A:dcd9  a0 dc                              ldy #>AS_ERR_EXTRA              ; "EXTRA IGNORED"
 2776 A:dcdb  4c 3a db                           jmp AS_STROUT
 2777 A:dcde  60                       AS_L_INPDONE_2 rts 
 2778 A:dcdf                                    ; --------------------------------
 2779 A:dcdf  3f                       AS_ERR_EXTRA .byt ("?"&%01111111)
 2780 A:dce0  45                                 .byt ("E"&%01111111)
 2781 A:dce1  58                                 .byt ("X"&%01111111)
 2782 A:dce2  54                                 .byt ("T"&%01111111)
 2783 A:dce3  52                                 .byt ("R"&%01111111)
 2784 A:dce4  41                                 .byt ("A"&%01111111)
 2785 A:dce5  20                                 .byt (" "&%01111111)
 2786 A:dce6  49                                 .byt ("I"&%01111111)
 2787 A:dce7  47                                 .byt ("G"&%01111111)
 2788 A:dce8  4e                                 .byt ("N"&%01111111)
 2789 A:dce9  4f                                 .byt ("O"&%01111111)
 2790 A:dcea  52                                 .byt ("R"&%01111111)
 2791 A:dceb  45                                 .byt ("E"&%01111111)
 2792 A:dcec  44                                 .byt ("D"&%01111111)

 2794 A:dced  0d 00                              .byt $0d,0

 2796 A:dcef  3f                       AS_ERR_REENTRY .byt ("?"&%01111111)
 2797 A:dcf0  52                                 .byt ("R"&%01111111)
 2798 A:dcf1  45                                 .byt ("E"&%01111111)
 2799 A:dcf2  45                                 .byt ("E"&%01111111)
 2800 A:dcf3  4e                                 .byt ("N"&%01111111)
 2801 A:dcf4  54                                 .byt ("T"&%01111111)
 2802 A:dcf5  45                                 .byt ("E"&%01111111)
 2803 A:dcf6  52                                 .byt ("R"&%01111111)

 2805 A:dcf7  0d 00                              .byt $0d,0
 2806 A:dcf9                                    ; --------------------------------
 2807 A:dcf9                                    ; --------------------------------
 2808 A:dcf9                                    ; "NEXT" STATEMENT
 2809 A:dcf9                                    ; --------------------------------
 2810 A:dcf9  d0 04                    MS_NEXT   bne MS_NEXT_1             ; VARIABLE AFTER "NEXT"
 2811 A:dcfb  a0 00                              ldy #0             ; FLAG BY SETTING FORPNT+1 = 0
 2812 A:dcfd  f0 03                              beq MS_NEXT_2                ; ...ALWAYS
 2813 A:dcff                                    ; --------------------------------
 2814 A:dcff  20 e3 df                 MS_NEXT_1 jsr AS_PTRGET             ; GET PNTR TO VARIABLE IN (Y,A)
 2815 A:dd02  85 85                    MS_NEXT_2 sta MS_Z_FORPNT
 2816 A:dd04  84 86                              sty MS_Z_FORPNT+1
 2817 A:dd06  20 65 d3                           jsr MS_FNDFOR                ; FIND FOR-FRAME FOR THIS VARIABLE
 2818 A:dd09  f0 04                              beq MS_NEXT_3                ; FOUND IT
 2819 A:dd0b  a2 00                              ldx #MS_ERRNF               ; NOT THERE, ABORT
 2820 A:dd0d  f0 69                    AS_GERR   beq AS_JERROR             ; ...ALWAYS
 2821 A:dd0f  9a                       MS_NEXT_3 txs                 ; SET STACK PTR TO POINT TO THIS FRAME,
 2822 A:dd10  e8                                 inx                    ; WHICH TRIMS OFF ANY INNER LOOPS
 2823 A:dd11  e8                                 inx 
 2824 A:dd12  e8                                 inx 
 2825 A:dd13  e8                                 inx 
 2826 A:dd14  8a                                 txa                    ; LOW BYTE OF ADRS OF STEP VALUE
 2827 A:dd15  e8                                 inx 
 2828 A:dd16  e8                                 inx 
 2829 A:dd17  e8                                 inx 
 2830 A:dd18  e8                                 inx 
 2831 A:dd19  e8                                 inx 
 2832 A:dd1a  e8                                 inx 
 2833 A:dd1b  86 60                              stx AS_DEST                ; LOW BYTE ADRS OF FOR VAR VALUE
 2834 A:dd1d  a0 01                              ldy #>AS_STACK              ; (Y,A) IS ADDRESS OF STEP VALUE
 2835 A:dd1f  20 f9 ea                           jsr AS_LOAD_FAC_FROM_YA                ; STEP TO FAC
 2836 A:dd22  ba                                 tsx 
 2837 A:dd23  bd 09 01                           lda AS_STACK+9,X
 2838 A:dd26  85 a2                              sta MS_Z_FACSGN
 2839 A:dd28  a5 85                              lda MS_Z_FORPNT
 2840 A:dd2a  a4 86                              ldy MS_Z_FORPNT+1
 2841 A:dd2c  20 be e7                           jsr AS_FADD                ; ADD TO FOR VALUE
 2842 A:dd2f  20 27 eb                           jsr AS_SETFOR                ; PUT NEW VALUE BACK
 2843 A:dd32  a0 01                              ldy #>AS_STACK              ; (Y,A) IS ADDRESS OF END VALUE
 2844 A:dd34  20 b4 eb                           jsr AS_FCOMP2                ; COMPARE TO END VALUE
 2845 A:dd37  ba                                 tsx 
 2846 A:dd38  38                                 sec 
 2847 A:dd39  fd 09 01                           sbc AS_STACK+9,X                   ; SIGN OF STEP
 2848 A:dd3c  f0 17                              beq AS_L_NEXT_3_2                ; BRANCH IF FOR COMPLETE
 2849 A:dd3e  bd 0f 01                           lda AS_STACK+15,X                  ; OTHERWISE SET UP
 2850 A:dd41  85 75                              sta MS_Z_CURLIN                ; FOR LINE #
 2851 A:dd43  bd 10 01                           lda AS_STACK+16,X
 2852 A:dd46  85 76                              sta MS_Z_CURLIN+1
 2853 A:dd48  bd 12 01                           lda AS_STACK+18,X                  ; AND SET TXTPTR TO JUST
 2854 A:dd4b  85 b8                              sta MS_Z_TXTPTR                ; AFTER FOR STATEMENT
 2855 A:dd4d  bd 11 01                           lda AS_STACK+17,X
 2856 A:dd50  85 b9                              sta MS_Z_TXTPTR+1
 2857 A:dd52  4c d2 d7                 AS_L_NEXT_3_1 jmp AS_NEWSTT
 2858 A:dd55  8a                       AS_L_NEXT_3_2 txa                 ; POP OFF FOR-FRAME, LOOP IS DONE
 2859 A:dd56  69 11                              adc #17             ; CARRY IS SET, SO ADDS 18
 2860 A:dd58  aa                                 tax 
 2861 A:dd59  9a                                 txs 
 2862 A:dd5a  20 b7 00                           jsr MS_Z_CHRGOT                ; CHAR AFTER VARIABLE
 2863 A:dd5d  c9 2c                              cmp #(","&%01111111)     ; ANOTHER VARIABLE IN NEXT_
 2864 A:dd5f  d0 f1                              bne AS_L_NEXT_3_1                ; NO, GO TO NEXT STATEMENT
 2865 A:dd61  20 b1 00                           jsr MS_Z_CHRGET                ; YES, PRIME FOR NEXT VARIABLE
 2866 A:dd64  20 ff dc                           jsr MS_NEXT_1                ; (DOES NOT RETURN)
 2867 A:dd67                                    ; --------------------------------
 2868 A:dd67                                    ; EVALUATE EXPRESSION, MAKE SURE IT IS NUMERIC
 2869 A:dd67                                    ; --------------------------------
 2870 A:dd67  20 7b dd                 AS_FRMNUM jsr AS_FRMEVL
 2871 A:dd6a                                    ; --------------------------------
 2872 A:dd6a                                    ; MAKE SURE (FAC) IS NUMERIC
 2873 A:dd6a                                    ; --------------------------------
 2874 A:dd6a  18                       AS_CHKNUM clc 
 2875 A:dd6b  24                                 .byt $24              ; DUMMY FOR SKIP
 2876 A:dd6c                                    ; --------------------------------
 2877 A:dd6c                                    ; MAKE SURE (FAC) IS STRING
 2878 A:dd6c                                    ; --------------------------------
 2879 A:dd6c  38                       AS_CHKSTR sec 
 2880 A:dd6d                                    ; --------------------------------
 2881 A:dd6d                                    ; MAKE SURE (FAC) IS CORRECT TYPE
 2882 A:dd6d                                    ; IF C=0, TYPE MUST BE NUMERIC
 2883 A:dd6d                                    ; IF C=1, TYPE MUST BE STRING
 2884 A:dd6d                                    ; --------------------------------
 2885 A:dd6d  24 11                    AS_CHKVAL bit MS_Z_VALTYP             ; $00 IF NUMERIC, $FF IF STRING
 2886 A:dd6f  30 03                              bmi AS_L_CHKVAL_2                ; TYPE IS STRING
 2887 A:dd71  b0 03                              bcs AS_L_CHKVAL_3                ; NOT STRING, BUT WE NEED STRING
 2888 A:dd73  60                       AS_L_CHKVAL_1 rts                 ; TYPE IS CORRECT
 2889 A:dd74  b0 fd                    AS_L_CHKVAL_2 bcs AS_L_CHKVAL_1             ; IS STRING AND WE WANTED STRING
 2890 A:dd76  a2 a3                    AS_L_CHKVAL_3 ldx #MS_ERRTM            ; TYPE MISMATCH
 2891 A:dd78  4c 12 d4                 AS_JERROR jmp MS_ERROR
 2892 A:dd7b                                    ; --------------------------------
 2893 A:dd7b                                    ; EVALUATE THE EXPRESSION AT TXTPTR, LEAVING THE
 2894 A:dd7b                                    ; RESULT IN FAC.  WORKS FOR BOTH STRING AND NUMERIC
 2895 A:dd7b                                    ; EXPRESSIONS.
 2896 A:dd7b                                    ; --------------------------------
 2897 A:dd7b  a6 b8                    AS_FRMEVL ldx MS_Z_TXTPTR             ; DECREMENT TXTPTR
 2898 A:dd7d  d0 02                              bne AS_L_FRMEVL_1
 2899 A:dd7f  c6 b9                              dec MS_Z_TXTPTR+1
 2900 A:dd81  c6 b8                    AS_L_FRMEVL_1 dec MS_Z_TXTPTR
 2901 A:dd83  a2 00                              ldx #0             ; START WITH PRECEDENCE = 0
 2902 A:dd85  24                                 .byt $24              ; TRICK TO SKIP FOLLOWING "PHA"
 2903 A:dd86                                    ; --------------------------------
 2904 A:dd86                           AS_FRMEVL_1 
 2905 A:dd86  48                                 pha                    ; PUSH RELOPS FLAGS
 2906 A:dd87  8a                                 txa                    ; 
 2907 A:dd88  48                                 pha                    ; SAVE LAST PRECEDENCE
 2908 A:dd89  a9 01                              lda #1             ; 
 2909 A:dd8b  20 d6 d3                           jsr MS_GETSTK                ; CHECK IF ENOUGH ROOM ON STACK
 2910 A:dd8e  20 60 de                           jsr AS_FRM_ELEMENT                ; GET AN ELEMENT
 2911 A:dd91  a9 00                              lda #0
 2912 A:dd93  85 89                              sta MS_Z_OPMASK                ; CLEAR COMPARISON OPERATOR FLAGS
 2913 A:dd95                                    ; --------------------------------
 2914 A:dd95                           AS_FRMEVL_2 
 2915 A:dd95  20 b7 00                           jsr MS_Z_CHRGOT                ; CHECK FOR RELATIONAL OPERATORS
 2916 A:dd98  38                       AS_L_FRMEVL_2_1 sec                 ; > IS $CF, = IS $D0, < IS $D1
 2917 A:dd99  e9 cf                              sbc #MS_GREATK               ; > IS 0, = IS 1, < IS 2
 2918 A:dd9b  90 17                              bcc AS_L_FRMEVL_2_2                ; NOT RELATIONAL OPERATOR
 2919 A:dd9d  c9 03                              cmp #3             ; 
 2920 A:dd9f  b0 13                              bcs AS_L_FRMEVL_2_2                ; NOT RELATIONAL OPERATOR
 2921 A:dda1  c9 01                              cmp #1             ; SET CARRY IF "=" OR "<"
 2922 A:dda3  2a                                 rol                    ; NOW > IS 0, = IS 3, < IS 5
 2923 A:dda4  49 01                              eor #1             ; NOW > IS 1, = IS 2, < IS 4
 2924 A:dda6  45 89                              eor MS_Z_OPMASK                ; SET BITS OF CPRTYP:  00000<=>
 2925 A:dda8  c5 89                              cmp MS_Z_OPMASK                ; CHECK FOR ILLEGAL COMBINATIONS
 2926 A:ddaa  90 61                              bcc AS_SNTXERR                ; IF LESS THAN, A RELOP WAS REPEATED
 2927 A:ddac  85 89                              sta MS_Z_OPMASK                ; 
 2928 A:ddae  20 b1 00                           jsr MS_Z_CHRGET                ; ANOTHER OPERATOR?
 2929 A:ddb1  4c 98 dd                           jmp AS_L_FRMEVL_2_1                ; CHECK FOR <,=,> AGAIN
 2930 A:ddb4                                    ; --------------------------------
 2931 A:ddb4  a6 89                    AS_L_FRMEVL_2_2 ldx MS_Z_OPMASK             ; DID WE FIND A RELATIONAL OPERATOR?
 2932 A:ddb6  d0 2c                              bne AS_FRM_RELATIONAL                ; YES
 2933 A:ddb8  b0 7b                              bcs AS_NOTMATH                ; NO, AND NEXT TOKEN IS > $D1
 2934 A:ddba  69 07                              adc #$cf-MS_PLUSTK         ; NO, AND NEXT TOKEN < $CF
 2935 A:ddbc  90 77                              bcc AS_NOTMATH                ; IF NEXT TOKEN < "+"
 2936 A:ddbe  65 11                              adc MS_Z_VALTYP                ; + AND LAST RESULT A STRING?
 2937 A:ddc0  d0 03                              bne AS_L_FRMEVL_2_3                ; BRANCH IF NOT
 2938 A:ddc2  4c 97 e5                           jmp AS_CAT                ; CONCATENATE IF SO.
 2939 A:ddc5                                    ; --------------------------------
 2940 A:ddc5  69 ff                    AS_L_FRMEVL_2_3 adc #$ff          ; +-*/ IS 0123
 2941 A:ddc7  85 5e                              sta AS_INDEX
 2942 A:ddc9  0a                                 asl                    ; MULTIPLY BY 3
 2943 A:ddca  65 5e                              adc AS_INDEX                ; +-*/ IS 0,3,6,9
 2944 A:ddcc  a8                                 tay 
 2945 A:ddcd                                    ; --------------------------------
 2946 A:ddcd                           AS_FRM_PRECEDENCE_TEST 
 2947 A:ddcd  68                                 pla                    ; GET LAST PRECEDENCE
 2948 A:ddce  d9 b2 d0                           cmp AS_MATHTBL,Y
 2949 A:ddd1  b0 67                              bcs AS_FRM_PERFORM_1                ; DO NOW IF HIGHER PRECEDENCE
 2950 A:ddd3  20 6a dd                           jsr AS_CHKNUM                ; WAS LAST RESULT A #?
 2951 A:ddd6  48                       AS_NXOP   pha                 ; YES, SAVE PRECEDENCE ON STACK
 2952 A:ddd7  20 fd dd                 AS_SAVOP  jsr AS_FRM_RECURSE             ; SAVE REST, CALL FRMEVL RECURSIVELY
 2953 A:ddda  68                                 pla 
 2954 A:dddb  a4 87                              ldy MS_Z_OPPTR
 2955 A:dddd  10 17                              bpl AS_PREFNC
 2956 A:dddf  aa                                 tax 
 2957 A:dde0  f0 56                              beq AS_GOEX                ; EXIT IF NO MATH IN EXPRESSION
 2958 A:dde2  d0 5f                              bne AS_FRM_PERFORM_2                ; ...ALWAYS
 2959 A:dde4                                    ; --------------------------------
 2960 A:dde4                                    ; FOUND ONE OR MORE RELATIONAL OPERATORS <,=,>
 2961 A:dde4                                    ; --------------------------------
 2962 A:dde4                           AS_FRM_RELATIONAL 
 2963 A:dde4  46 11                              lsr MS_Z_VALTYP                ; (VALTYP) = 0 (NUMERIC), = $FF (STRING)
 2964 A:dde6  8a                                 txa                    ; SET CPRTYP TO 0000<=>C
 2965 A:dde7  2a                                 rol                    ; WHERE C=0 IF #, C=1 IF STRING
 2966 A:dde8  a6 b8                              ldx MS_Z_TXTPTR                ; BACK UP TXTPTR
 2967 A:ddea  d0 02                              bne AS_L_FRM_RELATIONAL_1
 2968 A:ddec  c6 b9                              dec MS_Z_TXTPTR+1
 2969 A:ddee  c6 b8                    AS_L_FRM_RELATIONAL_1 dec MS_Z_TXTPTR
 2970 A:ddf0  a0 1b                              ldy #MS_PTDORL-AS_MATHTBL           ; POINT AT RELOPS ENTRY
 2971 A:ddf2  85 89                              sta MS_Z_OPMASK
 2972 A:ddf4  d0 d7                              bne AS_FRM_PRECEDENCE_TEST                ; ...ALWAYS
 2973 A:ddf6                                    ; --------------------------------
 2974 A:ddf6  d9 b2 d0                 AS_PREFNC cmp AS_MATHTBL,Y
 2975 A:ddf9  b0 48                              bcs AS_FRM_PERFORM_2                ; DO NOW IF HIGHER PRECEDENCE
 2976 A:ddfb  90 d9                              bcc AS_NXOP                ; ...ALWAYS
 2977 A:ddfd                                    ; --------------------------------
 2978 A:ddfd                                    ; STACK THIS OPERATION AND CALL FRMEVL FOR
 2979 A:ddfd                                    ; ANOTHER ONE
 2980 A:ddfd                                    ; --------------------------------
 2981 A:ddfd                           AS_FRM_RECURSE 
 2982 A:ddfd  b9 b4 d0                           lda AS_MATHTBL+2,Y
 2983 A:de00  48                                 pha                    ; PUSH ADDRESS OF OPERATION PERFORMER
 2984 A:de01  b9 b3 d0                           lda AS_MATHTBL+1,Y
 2985 A:de04  48                                 pha 
 2986 A:de05  20 10 de                           jsr AS_FRM_STACK_1                ; STACK FAC.SIGN AND FAC
 2987 A:de08  a5 89                              lda MS_Z_OPMASK                ; A=RELOP FLAGS, X=PRECEDENCE BYTE
 2988 A:de0a  4c 86 dd                           jmp AS_FRMEVL_1                ; RECURSIVELY CALL FRMEVL
 2989 A:de0d                                    ; --------------------------------
 2990 A:de0d  4c c9 de                 AS_SNTXERR jmp AS_SYNERR
 2991 A:de10                                    ; --------------------------------
 2992 A:de10                                    ; STACK (FAC)
 2993 A:de10                                    ; 
 2994 A:de10                                    ; THREE ENTRY POINTS:
 2995 A:de10                                    ; L_SNTXERR_1, FROM FRMEVL
 2996 A:de10                                    ; L_SNTXERR_2, FROM "STEP"
 2997 A:de10                                    ; L_SNTXERR_3, FROM "FOR"
 2998 A:de10                                    ; --------------------------------
 2999 A:de10                           AS_FRM_STACK_1 
 3000 A:de10  a5 a2                              lda MS_Z_FACSGN                ; GET FAC.SIGN TO PUSH IT
 3001 A:de12                                    ; Note: XA65 assembler (Andre Fachat) requires ! here when asm with "xa -R -bt 0" for some reason:
 3002 A:de12  be b2 d0                           ldx !AS_MATHTBL,Y                   ; PRECEDENCE BYTE FROM MATHTBL
 3003 A:de15                                    ; --------------------------------
 3004 A:de15                                    ; ENTER HERE FROM "STEP", TO PUSH STEP SIGN AND VALUE
 3005 A:de15                                    ; --------------------------------
 3006 A:de15                           AS_FRM_STACK_2 
 3007 A:de15  a8                                 tay                    ; FAC.SIGN OR SGN(STEP VALUE)
 3008 A:de16  68                                 pla                    ; PULL RETURN ADDRESS AND ADD 1
 3009 A:de17  85 5e                              sta AS_INDEX                ; <<< ASSUMES NOT ON PAGE BOUNDARY! >>>
 3010 A:de19  e6 5e                              inc AS_INDEX                ; PLACE BUMPED RETURN ADDRESS IN
 3011 A:de1b  68                                 pla                    ; INDEX,INDEX+1
 3012 A:de1c  85 5f                              sta AS_INDEX+1          ; 
 3013 A:de1e  98                                 tya                    ; FAC.SIGN OR SGN(STEP VALUE)
 3014 A:de1f  48                                 pha                    ; PUSH FAC.SIGN OR SGN(STEP VALUE)
 3015 A:de20                                    ; --------------------------------
 3016 A:de20                                    ; ENTER HERE FROM "FOR", WITH (INDEX) = STEP,
 3017 A:de20                                    ; TO PUSH INITIAL VALUE OF "FOR" VARIABLE
 3018 A:de20                                    ; --------------------------------
 3019 A:de20                           AS_FRM_STACK_3 
 3020 A:de20  20 72 eb                           jsr AS_ROUND_FAC                ; ROUND TO 32 BITS
 3021 A:de23  a5 a1                              lda MS_Z_FAC+4          ; PUSH (FAC)
 3022 A:de25  48                                 pha 
 3023 A:de26  a5 a0                              lda MS_Z_FAC+3
 3024 A:de28  48                                 pha 
 3025 A:de29  a5 9f                              lda MS_Z_FAC+2
 3026 A:de2b  48                                 pha 
 3027 A:de2c  a5 9e                              lda MS_Z_FAC+1
 3028 A:de2e  48                                 pha 
 3029 A:de2f  a5 9d                              lda MS_Z_FAC
 3030 A:de31  48                                 pha 
 3031 A:de32  6c 5e 00                           jmp (AS_INDEX)              ; DO RTS FUNNY WAY
 3032 A:de35                                    ; --------------------------------
 3033 A:de35                                    ; 
 3034 A:de35                                    ; --------------------------------
 3035 A:de35  a0 ff                    AS_NOTMATH ldy #$ff          ; SET UP TO EXIT ROUTINE
 3036 A:de37  68                                 pla 
 3037 A:de38  f0 23                    AS_GOEX   beq AS_EXIT             ; EXIT IF NO MATH TO DO
 3038 A:de3a                                    ; --------------------------------
 3039 A:de3a                                    ; PERFORM STACKED OPERATION
 3040 A:de3a                                    ; 
 3041 A:de3a                                    ; (A) = PRECEDENCE BYTE
 3042 A:de3a                                    ; STACK:  1 -- CPRMASK
 3043 A:de3a                                    ; 5 -- (ARG)
 3044 A:de3a                                    ; 2 -- ADDR OF PERFORMER
 3045 A:de3a                                    ; --------------------------------
 3046 A:de3a                           AS_FRM_PERFORM_1 
 3047 A:de3a  c9 64                              cmp #AS_P_REL               ; WAS IT RELATIONAL OPERATOR?
 3048 A:de3c  f0 03                              beq AS_L_FRM_PERFORM_1_1                ; YES, ALLOW STRING COMPARE
 3049 A:de3e  20 6a dd                           jsr AS_CHKNUM                ; MUST BE NUMERIC VALUE
 3050 A:de41  84 87                    AS_L_FRM_PERFORM_1_1 sty MS_Z_OPPTR             ; 
 3051 A:de43                                    ; --------------------------------
 3052 A:de43                           AS_FRM_PERFORM_2                  ; 
 3053 A:de43  68                                 pla                    ; GET 0000<=>C FROM STACK
 3054 A:de44  4a                                 lsr                    ; SHIFT TO 00000<=> FORM
 3055 A:de45  85 16                              sta AS_CPRMASK                ; 00000<=>
 3056 A:de47  68                                 pla                    ; 
 3057 A:de48  85 a5                              sta MS_Z_ARGEXP                ; GET FLOATING POINT VALUE OFF STACK,
 3058 A:de4a  68                                 pla                    ; AND PUT IT IN ARG
 3059 A:de4b  85 a6                              sta MS_Z_ARGEXP+1          ; 
 3060 A:de4d  68                                 pla                    ; 
 3061 A:de4e  85 a7                              sta MS_Z_ARGEXP+2          ; 
 3062 A:de50  68                                 pla                    ; 
 3063 A:de51  85 a8                              sta MS_Z_ARGEXP+3          ; 
 3064 A:de53  68                                 pla                    ; 
 3065 A:de54  85 a9                              sta MS_Z_ARGEXP+4          ; 
 3066 A:de56  68                                 pla                    ; 
 3067 A:de57  85 aa                              sta MS_Z_ARGEXP+5          ; 
 3068 A:de59  45 a2                              eor MS_Z_FACSGN                ; SAVE EOR OF SIGNS OF THE OPERANDS,
 3069 A:de5b  85 ab                              sta MS_Z_ARISGN                ; IN CASE OF MULTIPLY OR DIVIDE
 3070 A:de5d  a5 9d                    AS_EXIT   lda MS_Z_FAC             ; FAC EXPONENT IN A-REG
 3071 A:de5f  60                                 rts                    ; STATUS EQU. IF (FAC)=0
 3072 A:de60                                    ; RTS GOES TO PERFORM OPERATION
 3073 A:de60                                    ; --------------------------------
 3074 A:de60                                    ; GET ELEMENT IN EXPRESSION
 3075 A:de60                                    ; 
 3076 A:de60                                    ; GET VALUE OF VARIABLE OR NUMBER AT TXTPNT, OR POINT
 3077 A:de60                                    ; TO STRING DESCRIPTOR IF A STRING, AND PUT IN FAC.
 3078 A:de60                                    ; --------------------------------
 3079 A:de60                           AS_FRM_ELEMENT                  ; 
 3080 A:de60  a9 00                              lda #0             ; ASSUME NUMERIC
 3081 A:de62  85 11                              sta MS_Z_VALTYP                ; 
 3082 A:de64  20 b1 00                 AS_L_FRM_ELEMENT_1 jsr MS_Z_CHRGET             ; 
 3083 A:de67  b0 03                              bcs AS_L_FRM_ELEMENT_3                ; NOT A DIGIT
 3084 A:de69  4c 4a ec                 AS_L_FRM_ELEMENT_2 jmp AS_FIN             ; NUMERIC CONSTANT
 3085 A:de6c  20 7d e0                 AS_L_FRM_ELEMENT_3 jsr AS_ISLETC             ; VARIABLE NAME?
 3086 A:de6f  b0 64                              bcs AS_FRM_VARIABLE                ; YES
 3087 A:de71  c9 2e                              cmp #("."&%01111111)     ; DECIMAL POINT
 3088 A:de73  f0 f4                              beq AS_L_FRM_ELEMENT_2                ; YES, NUMERIC CONSTANT
 3089 A:de75  c9 c9                              cmp #MS_MINUTK               ; UNARY MINUS?
 3090 A:de77  f0 55                              beq AS_MIN                ; YES
 3091 A:de79  c9 c8                              cmp #MS_PLUSTK               ; UNARY PLUS
 3092 A:de7b  f0 e7                              beq AS_L_FRM_ELEMENT_1                ; YES
 3093 A:de7d  c9 22                              cmp #$22             ; STRING CONSTANT?
 3094 A:de7f  d0 0f                              bne AS_NOT_                ; NO
 3095 A:de81                                    ; --------------------------------
 3096 A:de81                                    ; STRING CONSTANT ELEMENT
 3097 A:de81                                    ; 
 3098 A:de81                                    ; SET Y,A = (TXTPTR)+CARRY
 3099 A:de81                                    ; --------------------------------
 3100 A:de81  a5 b8                    AS_STRTXT lda MS_Z_TXTPTR             ; ADD (CARRY) TO GET ADDRESS OF 1ST CHAR
 3101 A:de83  a4 b9                              ldy MS_Z_TXTPTR+1          ; OF STRING IN Y,A
 3102 A:de85  69 00                              adc #0             ; 
 3103 A:de87  90 01                              bcc AS_L_STRTXT_1                ; 
 3104 A:de89  c8                                 iny                    ; 
 3105 A:de8a  20 e7 e3                 AS_L_STRTXT_1 jsr AS_STRLIT             ; BUILD DESCRIPTOR TO STRING
 3106 A:de8d                                    ; GET ADDRESS OF DESCRIPTOR IN FAC
 3107 A:de8d  4c 3d e7                           jmp AS_POINT                ; POINT TXTPTR AFTER TRAILING QUOTE
 3108 A:de90                                    ; --------------------------------
 3109 A:de90                                    ; "NOT" FUNCTION
 3110 A:de90                                    ; IF FAC=0, RETURN FAC=1
 3111 A:de90                                    ; IF FAC<>0, RETURN FAC=0
 3112 A:de90                                    ; --------------------------------
 3113 A:de90  c9 c6                    AS_NOT_   cmp #MS_NOTTK
 3114 A:de92  d0 10                              bne AS_FN_                ; NOT "NOT", TRY "FN"
 3115 A:de94  a0 18                              ldy #MS_NOTTAB-AS_MATHTBL           ; POINT AT = COMPARISON
 3116 A:de96  d0 38                              bne AS_EQUL                ; ...ALWAYS
 3117 A:de98                                    ; --------------------------------
 3118 A:de98                                    ; COMPARISON FOR EQUALITY (= OPERATOR)
 3119 A:de98                                    ; ALSO USED TO EVALUATE "NOT" FUNCTION
 3120 A:de98                                    ; --------------------------------
 3121 A:de98  a5 9d                    MS_NOTOP  lda MS_Z_FAC             ; SET "TRUE" IF (FAC) = ZERO
 3122 A:de9a  d0 03                              bne AS_L_EQUOP_1                ; FALSE
 3123 A:de9c  a0 01                              ldy #1             ; TRUE
 3124 A:de9e  2c                                 .byt $2c              ; TRICK TO SKIP NEXT 2 BYTES
 3125 A:de9f  a0 00                    AS_L_EQUOP_1 ldy #0          ; FALSE
 3126 A:dea1  4c 01 e3                           jmp AS_SNGFLT                ; 
 3127 A:dea4                                    ; --------------------------------
 3128 A:dea4  c9 c2                    AS_FN_    cmp #MS_FNTK
 3129 A:dea6  d0 03                              bne AS_SGN_
 3130 A:dea8  4c 54 e3                           jmp AS_FUNCT
 3131 A:deab                                    ; --------------------------------
 3132 A:deab  c9 d2                    AS_SGN_   cmp #MS_ONEFUN
 3133 A:dead  90 03                              bcc AS_PARCHK
 3134 A:deaf  4c 0c df                           jmp AS_UNARY
 3135 A:deb2                                    ; --------------------------------
 3136 A:deb2                                    ; EVALUATE "(EXPRESSION)"
 3137 A:deb2                                    ; --------------------------------
 3138 A:deb2  20 bb de                 AS_PARCHK jsr AS_CHKOPN             ; IS THERE A '(' AT TXTPTR?
 3139 A:deb5  20 7b dd                           jsr AS_FRMEVL                ; YES, EVALUATE EXPRESSION
 3140 A:deb8                                    ; --------------------------------
 3141 A:deb8  a9 29                    AS_CHKCLS lda #$29          ; CHECK FOR ')'
 3142 A:deba  2c                                 .byt $2c              ; TRICK
 3143 A:debb                                    ; --------------------------------
 3144 A:debb  a9 28                    AS_CHKOPN lda #$28          ; 
 3145 A:debd  2c                                 .byt $2c              ; TRICK
 3146 A:debe                                    ; --------------------------------
 3147 A:debe  a9 2c                    AS_CHKCOM lda #(","&%01111111)  ; COMMA AT TXTPTR?
 3148 A:dec0                                    ; --------------------------------
 3149 A:dec0                                    ; UNLESS CHAR AT TXTPTR = (A), SYNTAX ERROR
 3150 A:dec0                                    ; --------------------------------
 3151 A:dec0  a0 00                    AS_SYNCHR ldy #0
 3152 A:dec2  d1 b8                              cmp (MS_Z_TXTPTR),Y
 3153 A:dec4  d0 03                              bne AS_SYNERR
 3154 A:dec6  4c b1 00                           jmp MS_Z_CHRGET                ; MATCH, GET NEXT CHAR & RETURN
 3155 A:dec9                                    ; --------------------------------
 3156 A:dec9  a2 10                    AS_SYNERR ldx #MS_ERRSN
 3157 A:decb  4c 12 d4                           jmp MS_ERROR
 3158 A:dece                                    ; --------------------------------
 3159 A:dece  a0 15                    AS_MIN    ldy #MS_NEGTAB-AS_MATHTBL        ; POINT AT UNARY MINUS
 3160 A:ded0  68                       AS_EQUL   pla 
 3161 A:ded1  68                                 pla 
 3162 A:ded2  4c d7 dd                           jmp AS_SAVOP
 3163 A:ded5                                    ; --------------------------------
 3164 A:ded5                           AS_FRM_VARIABLE 
 3165 A:ded5  20 e3 df                           jsr AS_PTRGET
 3166 A:ded8                                    AS_FRM_VARIABLE_CALL=*-1         ; SO PTRGET CAN TELL WE CALLED
 3167 A:ded8  85 a0                              sta AS_VPNT                ; ADDRESS OF VARIABLE
 3168 A:deda  84 a1                              sty AS_VPNT+1          ; 
 3169 A:dedc  a6 11                              ldx MS_Z_VALTYP                ; NUMERIC OR STRING?
 3170 A:dede  f0 05                              beq AS_L_FRM_VARIABLE_CALL_1                ; NUMERIC
 3171 A:dee0  a2 00                              ldx #0             ; STRING
 3172 A:dee2  86 ac                              stx MS_Z_STRNG1+1          ; 
 3173 A:dee4  60                                 rts                    ; 
 3174 A:dee5  a6 12                    AS_L_FRM_VARIABLE_CALL_1 ldx MS_Z_VALTYP+1       ; NUMERIC, WHICH TYPE?
 3175 A:dee7  10 0d                              bpl AS_L_FRM_VARIABLE_CALL_2                ; FLOATING POINT
 3176 A:dee9  a0 00                              ldy #0             ; INTEGER
 3177 A:deeb  b1 a0                              lda (AS_VPNT),Y                    ; 
 3178 A:deed  aa                                 tax                    ; GET VALUE IN A,Y
 3179 A:deee  c8                                 iny                    ; 
 3180 A:deef  b1 a0                              lda (AS_VPNT),Y                    ; 
 3181 A:def1  a8                                 tay                    ; 
 3182 A:def2  8a                                 txa                    ; 
 3183 A:def3  4c f2 e2                           jmp AS_GIVAYF                ; CONVERT A,Y TO FLOATING POINT
 3184 A:def6  4c f9 ea                 AS_L_FRM_VARIABLE_CALL_2 jmp AS_LOAD_FAC_FROM_YA
 3185 A:def9                                    ; --------------------------------
 3186 A:def9                                    ; --------------------------------
 3187 A:def9                                    ; "SCRN(" FUNCTION
 3188 A:def9                                    ; --------------------------------
 3189 A:def9  20 b1 00                 AS_SCREEN jsr MS_Z_CHRGET
 3190 A:defc  20 ec f1                           jsr AS_PLOTFNS                ; GET COLUMN AND ROW
 3191 A:deff  8a                                 txa                    ; ROW
 3192 A:df00  a4 f0                              ldy AS_FIRST                ; COLUMN
 3193 A:df02  20 71 f8                           jsr MON_SCRN                ; GET 4-BIT COLOR THERE
 3194 A:df05  a8                                 tay                    ; 
 3195 A:df06  20 01 e3                           jsr AS_SNGFLT                ; CONVERT (Y) TO REAL IN FAC
 3196 A:df09  4c b8 de                           jmp AS_CHKCLS                ; REQUIRE ")"
 3197 A:df0c                                    ; --------------------------------
 3198 A:df0c                                    ; PROCESS UNARY OPERATORS (FUNCTIONS)
 3199 A:df0c                                    ; --------------------------------
 3200 A:df0c  c9 d7                    AS_UNARY  cmp #AS_TOKEN_SCRN            ; NOT UNARY, DO SPECIAL
 3201 A:df0e  f0 e9                              beq AS_SCREEN
 3202 A:df10  0a                                 asl                    ; DOUBLE TOKEN TO GET INDEX
 3203 A:df11  48                                 pha 
 3204 A:df12  aa                                 tax 
 3205 A:df13  20 b1 00                           jsr MS_Z_CHRGET
 3206 A:df16  e0 cf                              cpx #<(AS_TOKEN_LEFTSTR*2-1); LEFT$, RIGHT$, AND MID$
 3207 A:df18  90 20                              bcc AS_L_UNARY_1                ; NOT ONE OF THE STRING FUNCTIONS
 3208 A:df1a  20 bb de                           jsr AS_CHKOPN                ; STRING FUNCTION, NEED "("
 3209 A:df1d  20 7b dd                           jsr AS_FRMEVL                ; EVALUATE EXPRESSION FOR STRING
 3210 A:df20  20 be de                           jsr AS_CHKCOM                ; REQUIRE A COMMA
 3211 A:df23  20 6c dd                           jsr AS_CHKSTR                ; MAKE SURE EXPRESSION IS A STRING
 3212 A:df26  68                                 pla                    ; 
 3213 A:df27  aa                                 tax                    ; RETRIEVE ROUTINE POINTER
 3214 A:df28  a5 a1                              lda AS_VPNT+1          ; STACK ADDRESS OF STRING
 3215 A:df2a  48                                 pha                    ; 
 3216 A:df2b  a5 a0                              lda AS_VPNT                ; 
 3217 A:df2d  48                                 pha                    ; 
 3218 A:df2e  8a                                 txa                    ; 
 3219 A:df2f  48                                 pha                    ; STACK DOUBLED TOKEN
 3220 A:df30  20 f8 e6                           jsr AS_GETBYT                ; CONVERT NEXT EXPRESSION TO BYTE IN X-REG
 3221 A:df33  68                                 pla                    ; GET DOUBLED TOKEN OFF STACK
 3222 A:df34  a8                                 tay                    ; USE AS INDEX TO BRANCH
 3223 A:df35  8a                                 txa                    ; VALUE OF SECOND PARAMETER
 3224 A:df36  48                                 pha                    ; PUSH 2ND PARAM
 3225 A:df37  4c 3f df                           jmp AS_L_UNARY_2                ; JOIN UNARY FUNCTIONS
 3226 A:df3a  20 b2 de                 AS_L_UNARY_1 jsr AS_PARCHK             ; REQUIRE "(EXPRESSION)"
 3227 A:df3d  68                                 pla 
 3228 A:df3e  a8                                 tay                    ; INDEX INTO FUNCTION ADDRESS TABLE
 3229 A:df3f  b9 dc cf                 AS_L_UNARY_2 lda MS_FUNDSP-MS_ONEFUN-MS_ONEFUN+$0100,Y
 3230 A:df42  85 91                              sta MS_Z_JMPER+1          ; PREPARE TO JSR TO ADDRESS
 3231 A:df44  b9 dd cf                           lda MS_FUNDSP-MS_ONEFUN-MS_ONEFUN+$0101,Y
 3232 A:df47  85 92                              sta MS_Z_JMPER+2
 3233 A:df49  20 90 00                           jsr MS_Z_JMPER                ; DOES NOT RETURN FOR
 3234 A:df4c                                    ; CHR$, LEFT$, RIGHT$, OR MID$
 3235 A:df4c  4c 6a dd                           jmp AS_CHKNUM                ; REQUIRE NUMERIC RESULT
 3236 A:df4f                                    ; --------------------------------
 3237 A:df4f  a5 a5                    MS_OROP   lda MS_Z_ARGEXP             ; "OR" OPERATOR
 3238 A:df51  05 9d                              ora MS_Z_FAC                ; IF RESULT NONZERO, IT IS TRUE
 3239 A:df53  d0 0b                              bne AS_TRUE                ; 
 3240 A:df55                                    ; --------------------------------
 3241 A:df55  a5 a5                    MS_ANDOP  lda MS_Z_ARGEXP             ; "AND" OPERATOR
 3242 A:df57  f0 04                              beq AS_FALSE                ; IF EITHER IS ZERO, RESULT IS FALSE
 3243 A:df59  a5 9d                              lda MS_Z_FAC                ; 
 3244 A:df5b  d0 03                              bne AS_TRUE                ; 
 3245 A:df5d                                    ; --------------------------------
 3246 A:df5d  a0 00                    AS_FALSE  ldy #0          ; RETURN FAC=0
 3247 A:df5f  2c                                 .byt $2c              ; TRICK
 3248 A:df60                                    ; --------------------------------
 3249 A:df60  a0 01                    AS_TRUE   ldy #1          ; RETURN FAC=1
 3250 A:df62  4c 01 e3                           jmp AS_SNGFLT                ; 
 3251 A:df65                                    ; --------------------------------
 3252 A:df65                                    ; PERFORM RELATIONAL OPERATIONS
 3253 A:df65                                    ; --------------------------------
 3254 A:df65  20 6d dd                 MS_DOREL  jsr AS_CHKVAL             ; MAKE SURE FAC IS CORRECT TYPE
 3255 A:df68  b0 13                              bcs AS_STRCMP                ; TYPE MATCHES, BRANCH IF STRINGS
 3256 A:df6a  a5 aa                              lda MS_Z_ARGSGN                ; NUMERIC COMPARISON
 3257 A:df6c  09 7f                              ora #$7f             ; RE-PACK VALUE IN ARG FOR FCOMP
 3258 A:df6e  25 a6                              and MS_Z_ARGEXP+1          ; 
 3259 A:df70  85 a6                              sta MS_Z_ARGEXP+1          ; 
 3260 A:df72  a9 a5                              lda #<MS_Z_ARGEXP              ; 
 3261 A:df74  a0 00                              ldy #>MS_Z_ARGEXP              ; 
 3262 A:df76  20 b2 eb                           jsr AS_FCOMP                ; RETURN A-REG = -1,0,1
 3263 A:df79  aa                                 tax                    ; AS ARG <,=,> FAC
 3264 A:df7a  4c b0 df                           jmp AS_NUMCMP                ; 
 3265 A:df7d                                    ; --------------------------------
 3266 A:df7d                                    ; STRING COMPARISON
 3267 A:df7d                                    ; --------------------------------
 3268 A:df7d  a9 00                    AS_STRCMP lda #0          ; SET RESULT TYPE TO NUMERIC
 3269 A:df7f  85 11                              sta MS_Z_VALTYP                ; 
 3270 A:df81  c6 89                              dec MS_Z_OPMASK                ; MAKE CPRTYP 0000<=>0
 3271 A:df83  20 00 e6                           jsr AS_FREFAC                ; 
 3272 A:df86  85 9d                              sta MS_Z_FAC                ; STRING LENGTH
 3273 A:df88  86 9e                              stx MS_Z_FAC+1
 3274 A:df8a  84 9f                              sty MS_Z_FAC+2
 3275 A:df8c  a5 a8                              lda MS_Z_ARGEXP+3
 3276 A:df8e  a4 a9                              ldy MS_Z_ARGEXP+4
 3277 A:df90  20 04 e6                           jsr AS_FRETMP
 3278 A:df93  86 a8                              stx MS_Z_ARGEXP+3
 3279 A:df95  84 a9                              sty MS_Z_ARGEXP+4
 3280 A:df97  aa                                 tax                    ; LEN (ARG) STRING
 3281 A:df98  38                                 sec                    ; 
 3282 A:df99  e5 9d                              sbc MS_Z_FAC                ; SET X TO SMALLER LEN
 3283 A:df9b  f0 08                              beq AS_L_STRCMP_1                ; 
 3284 A:df9d  a9 01                              lda #1             ; 
 3285 A:df9f  90 04                              bcc AS_L_STRCMP_1                ; 
 3286 A:dfa1  a6 9d                              ldx MS_Z_FAC                ; 
 3287 A:dfa3  a9 ff                              lda #$ff             ; 
 3288 A:dfa5  85 a2                    AS_L_STRCMP_1 sta MS_Z_FACSGN             ; FLAG WHICH SHORTER
 3289 A:dfa7  a0 ff                              ldy #$ff             ; 
 3290 A:dfa9  e8                                 inx                    ; 
 3291 A:dfaa                           AS_STRCMP_1                  ; 
 3292 A:dfaa  c8                                 iny                    ; 
 3293 A:dfab  ca                                 dex                    ; 
 3294 A:dfac  d0 07                              bne AS_STRCMP_2                ; MORE CHARS IN BOTH STRINGS
 3295 A:dfae  a6 a2                              ldx MS_Z_FACSGN                ; IF = SO FAR, DECIDE BY LENGTH
 3296 A:dfb0                                    ; --------------------------------
 3297 A:dfb0  30 0f                    AS_NUMCMP bmi AS_CMPDONE             ; 
 3298 A:dfb2  18                                 clc                    ; 
 3299 A:dfb3  90 0c                              bcc AS_CMPDONE                ; ...ALWAYS
 3300 A:dfb5                                    ; --------------------------------
 3301 A:dfb5                           AS_STRCMP_2                  ; 
 3302 A:dfb5  b1 a8                              lda (MS_Z_ARGEXP+3),Y                   ; 
 3303 A:dfb7  d1 9e                              cmp (MS_Z_FAC+1),Y                   ; 
 3304 A:dfb9  f0 ef                              beq AS_STRCMP_1                ; SAME, KEEP COMPARING
 3305 A:dfbb  a2 ff                              ldx #$ff             ; IN CASE ARG GREATER
 3306 A:dfbd  b0 02                              bcs AS_CMPDONE                ; IT IS
 3307 A:dfbf  a2 01                              ldx #1             ; FAC GREATER
 3308 A:dfc1                                    ; --------------------------------
 3309 A:dfc1                           AS_CMPDONE                  ; 
 3310 A:dfc1  e8                                 inx                    ; CONVERT FF,0,1 TO 0,1,2
 3311 A:dfc2  8a                                 txa                    ; 
 3312 A:dfc3  2a                                 rol                    ; AND TO 0,2,4 IF C=0, ELSE 1,2,5
 3313 A:dfc4  25 16                              and AS_CPRMASK                ; 00000<=>
 3314 A:dfc6  f0 02                              beq AS_L_CMPDONE_1                ; IF NO MATCH: FALSE
 3315 A:dfc8  a9 01                              lda #1             ; AT LEAST ONE MATCH: TRUE
 3316 A:dfca  4c 93 eb                 AS_L_CMPDONE_1 jmp AS_FLOAT             ; 
 3317 A:dfcd                                    ; --------------------------------
 3318 A:dfcd                                    ; "PDL" FUNCTION
 3319 A:dfcd                                    ; <<< NOTE: ARG<4 IS NOT CHECKED >>>
 3320 A:dfcd                                    ; --------------------------------
 3321 A:dfcd  20 fb e6                 AS_PDL    jsr AS_CONINT             ; GET # IN X
 3322 A:dfd0  20 1e fb                           jsr MON_PREAD                ; READ PADDLE
 3323 A:dfd3  4c 01 e3                           jmp AS_SNGFLT                ; FLOAT RESULT
 3324 A:dfd6                                    ; --------------------------------
 3325 A:dfd6                                    ; "DIM" STATEMENT
 3326 A:dfd6                                    ; --------------------------------
 3327 A:dfd6  20 be de                 AS_NXDIM  jsr AS_CHKCOM             ; SEPARATED BY COMMAS
 3328 A:dfd9  aa                       MS_DIM    tax                 ; NON-ZERO, FLAGS PTRGET DIM CALLED
 3329 A:dfda  20 e8 df                           jsr AS_PTRGET2                ; ALLOCATE THE ARRAY
 3330 A:dfdd  20 b7 00                           jsr MS_Z_CHRGOT                ; NEXT CHAR
 3331 A:dfe0  d0 f4                              bne AS_NXDIM                ; NOT END OF STATEMENT
 3332 A:dfe2  60                                 rts                    ; 
 3333 A:dfe3                                    ; --------------------------------
 3334 A:dfe3                                    ; PTRGET -- GENERAL VARIABLE SCAN
 3335 A:dfe3                                    ; 
 3336 A:dfe3                                    ; SCANS VARIABLE NAME AT TXTPTR, AND SEARCHES THE
 3337 A:dfe3                                    ; VARTAB AND ARYTAB FOR THE NAME.
 3338 A:dfe3                                    ; IF NOT FOUND, CREATE VARIABLE OF APPROPRIATE TYPE.
 3339 A:dfe3                                    ; RETURN WITH ADDRESS IN VARPNT AND Y,A
 3340 A:dfe3                                    ; 
 3341 A:dfe3                                    ; ACTUAL ACTIVITY CONTROLLED SOMEWHAT BY TWO FLAGS:
 3342 A:dfe3                                    ; DIMFLG -- NONZERO IF CALLED FROM "DIM"
 3343 A:dfe3                                    ; ELSE = 0
 3344 A:dfe3                                    ; 
 3345 A:dfe3                                    ; SUBFLG -- = $00
 3346 A:dfe3                                    ; = $40 IF CALLED FROM "GETARYPT"
 3347 A:dfe3                                    ; = $80 IF CALLED FROM "DEF FN"
 3348 A:dfe3                                    ; = $C1-DA IF CALLED FROM "FN"
 3349 A:dfe3                                    ; --------------------------------
 3350 A:dfe3  a2 00                    AS_PTRGET ldx #0          ; 
 3351 A:dfe5  20 b7 00                           jsr MS_Z_CHRGOT                ; GET FIRST CHAR OF VARIABLE NAME
 3352 A:dfe8                                    ; --------------------------------
 3353 A:dfe8                           AS_PTRGET2                  ; 
 3354 A:dfe8  86 10                              stx MS_Z_DIMFLG                ; X IS NONZERO IF FROM DIM
 3355 A:dfea                                    ; --------------------------------
 3356 A:dfea                           AS_PTRGET3                  ; 
 3357 A:dfea  85 81                              sta MS_Z_VARNAM                ; 
 3358 A:dfec  20 b7 00                           jsr MS_Z_CHRGOT                ; 
 3359 A:dfef  20 7d e0                           jsr AS_ISLETC                ; IS IT A LETTER?
 3360 A:dff2  b0 03                              bcs AS_NAMOK                ; YES, OKAY SO FAR
 3361 A:dff4  4c c9 de                 AS_BADNAM jmp AS_SYNERR             ; NO, SYNTAX ERROR
 3362 A:dff7  a2 00                    AS_NAMOK  ldx #0          ; 
 3363 A:dff9  86 11                              stx MS_Z_VALTYP                ; 
 3364 A:dffb  86 12                              stx MS_Z_VALTYP+1          ; 
 3365 A:dffd  4c 07 e0                           jmp AS_PTRGET4                ; TO BRANCH ACROSS $E000 VECTORS
 3366 A:e000                                    ; --------------------------------
 3367 A:e000                                    ; DOS AND MONITOR CALL BASIC AT $E000 AND $E003
 3368 A:e000                                    ; --------------------------------
 3369 A:e000  4c 28 f1                 AS_BASIC  jmp AS_COLD_START
 3370 A:e003  4c 3c d4                 AS_BASIC2 jmp MS_MAIN
 3371 A:e006  00                                 brk                    ; <<< WASTED BYTE >>>
 3372 A:e007                                    ; --------------------------------
 3373 A:e007                           AS_PTRGET4 
 3374 A:e007  20 b1 00                           jsr MS_Z_CHRGET                ; SECOND CHAR OF VARIABLE NAME
 3375 A:e00a  90 05                              bcc AS_L_PTRGET4_1                ; NUMERIC
 3376 A:e00c  20 7d e0                           jsr AS_ISLETC                ; LETTER?
 3377 A:e00f  90 0b                              bcc AS_L_PTRGET4_3                ; NO, END OF NAME
 3378 A:e011  aa                       AS_L_PTRGET4_1 tax                 ; SAVE SECOND CHAR OF NAME IN X
 3379 A:e012  20 b1 00                 AS_L_PTRGET4_2 jsr MS_Z_CHRGET             ; SCAN TO END OF VARIABLE NAME
 3380 A:e015  90 fb                              bcc AS_L_PTRGET4_2                ; NUMERIC
 3381 A:e017  20 7d e0                           jsr AS_ISLETC                ; 
 3382 A:e01a  b0 f6                              bcs AS_L_PTRGET4_2                ; ALPHA
 3383 A:e01c  c9 24                    AS_L_PTRGET4_3 cmp #("$"&%01111111)  ; STRING?
 3384 A:e01e  d0 06                              bne AS_L_PTRGET4_4                ; NO
 3385 A:e020  a9 ff                              lda #$ff             ; 
 3386 A:e022  85 11                              sta MS_Z_VALTYP                ; 
 3387 A:e024  d0 10                              bne AS_L_PTRGET4_5                ; ...ALWAYS
 3388 A:e026  c9 25                    AS_L_PTRGET4_4 cmp #("%"&%01111111)  ; INTEGER?
 3389 A:e028  d0 13                              bne AS_L_PTRGET4_6                ; NO
 3390 A:e02a  a5 14                              lda MS_Z_SUBFLG                ; YES; INTEGER VARIABLE ALLOWED?
 3391 A:e02c  30 c6                              bmi AS_BADNAM                ; NO, SYNTAX ERROR
 3392 A:e02e  a9 80                              lda #$80             ; YES
 3393 A:e030  85 12                              sta MS_Z_VALTYP+1          ; FLAG INTEGER MODE
 3394 A:e032  05 81                              ora MS_Z_VARNAM                ; 
 3395 A:e034  85 81                              sta MS_Z_VARNAM                ; SET SIGN BIT ON VARNAME
 3396 A:e036  8a                       AS_L_PTRGET4_5 txa                 ; SECOND CHAR OF NAME
 3397 A:e037  09 80                              ora #$80             ; SET SIGN
 3398 A:e039  aa                                 tax                    ; 
 3399 A:e03a  20 b1 00                           jsr MS_Z_CHRGET                ; GET TERMINATING CHAR
 3400 A:e03d  86 82                    AS_L_PTRGET4_6 stx MS_Z_VARNAM+1       ; STORE SECOND CHAR OF NAME
 3401 A:e03f  38                                 sec                    ; 
 3402 A:e040  05 14                              ora MS_Z_SUBFLG                ; $00 OR $40 IF SUBSCRIPTS OK, ELSE $80
 3403 A:e042  e9 28                              sbc #$28             ; IF SUBFLG=$00 AND CHAR="("...
 3404 A:e044  d0 03                              bne AS_L_PTRGET4_8                ; NOPE
 3405 A:e046  4c 1e e1                 AS_L_PTRGET4_7 jmp AS_ARRAY             ; YES
 3406 A:e049  24 14                    AS_L_PTRGET4_8 bit MS_Z_SUBFLG             ; CHECK TOP TWO BITS OF SUBFLG
 3407 A:e04b  30 02                              bmi AS_L_PTRGET4_9                ; $80
 3408 A:e04d  70 f7                              bvs AS_L_PTRGET4_7                ; $40, CALLED FROM GETARYPT
 3409 A:e04f  a9 00                    AS_L_PTRGET4_9 lda #0          ; CLEAR SUBFLG
 3410 A:e051  85 14                              sta MS_Z_SUBFLG                ; 
 3411 A:e053  a5 69                              lda MS_Z_VARTAB                ; START LOWTR AT SIMPLE VARIABLE TABLE
 3412 A:e055  a6 6a                              ldx MS_Z_VARTAB+1          ; 
 3413 A:e057  a0 00                              ldy #0             ; 
 3414 A:e059  86 9c                    AS_L_PTRGET4_10 stx MS_Z_LOWTR+1       ; 
 3415 A:e05b  85 9b                    AS_L_PTRGET4_11 sta MS_Z_LOWTR             ; 
 3416 A:e05d  e4 6c                              cpx MS_Z_ARYTAB+1          ; END OF SIMPLE VARIABLES?
 3417 A:e05f  d0 04                              bne AS_L_PTRGET4_12                ; NO, GO ON
 3418 A:e061  c5 6b                              cmp MS_Z_ARYTAB                ; YES; END OF ARRAYS?
 3419 A:e063  f0 22                              beq AS_NAME_NOT_FOUND                ; YES, MAKE ONE
 3420 A:e065  a5 81                    AS_L_PTRGET4_12 lda MS_Z_VARNAM             ; SAME FIRST LETTER?
 3421 A:e067  d1 9b                              cmp (MS_Z_LOWTR),Y                   ; 
 3422 A:e069  d0 08                              bne AS_L_PTRGET4_13                ; NOT SAME FIRST LETTER
 3423 A:e06b  a5 82                              lda MS_Z_VARNAM+1          ; SAME SECOND LETTER?
 3424 A:e06d  c8                                 iny 
 3425 A:e06e  d1 9b                              cmp (MS_Z_LOWTR),Y
 3426 A:e070  f0 6c                              beq AS_SET_VARPNT_AND_YA                ; YES, SAME VARIABLE NAME
 3427 A:e072  88                                 dey                    ; NO, BUMP TO NEXT NAME
 3428 A:e073  18                       AS_L_PTRGET4_13 clc 
 3429 A:e074  a5 9b                              lda MS_Z_LOWTR
 3430 A:e076  69 07                              adc #7
 3431 A:e078  90 e1                              bcc AS_L_PTRGET4_11
 3432 A:e07a  e8                                 inx 
 3433 A:e07b  d0 dc                              bne AS_L_PTRGET4_10                ; ...ALWAYS
 3434 A:e07d                                    ; --------------------------------
 3435 A:e07d                                    ; CHECK IF (A) IS ASCII LETTER A-Z
 3436 A:e07d                                    ; 
 3437 A:e07d                                    ; RETURN CARRY = 1 IF A-Z
 3438 A:e07d                                    ; = 0 IF NOT
 3439 A:e07d                                    ; 
 3440 A:e07d                                    ; <<<NOTE FASTER AND SHORTER CODE:    >>>
 3441 A:e07d                                    ; <<<    CMP #LOCHAR(`Z')+1  COMPARE HI END
 3442 A:e07d                                    ; <<<    BCS L_PTRGET4_1      ABOVE A-Z
 3443 A:e07d                                    ; <<<    CMP #LOCHAR(`A')    COMPARE LO END
 3444 A:e07d                                    ; <<<    RTS         C=0 IF LO, C=1 IF A-Z
 3445 A:e07d                                    ; <<<L_PTRGET4_1  CLC         C=0 IF HI
 3446 A:e07d                                    ; <<<    RTS
 3447 A:e07d                                    ; --------------------------------
 3448 A:e07d  c9 41                    AS_ISLETC cmp #("A"&%01111111)  ; COMPARE LO END
 3449 A:e07f  90 05                              bcc AS_L_ISLETC_1                ; C=0 IF LOW
 3450 A:e081  e9 5b                              sbc #("Z"&%01111111)+1; PREPARE HI END TEST
 3451 A:e083  38                                 sec                    ; TEST HI END, RESTORING (A)
 3452 A:e084  e9 a5                              sbc #255-'Z'       ; C=0 IF LO, C=1 IF A-Z
 3453 A:e086  60                       AS_L_ISLETC_1 rts 
 3454 A:e087                                    ; --------------------------------
 3455 A:e087                                    ; VARIABLE NOT FOUND, SO MAKE ONE
 3456 A:e087                                    ; --------------------------------
 3457 A:e087                           AS_NAME_NOT_FOUND 
 3458 A:e087  68                                 pla                    ; LOOK AT RETURN ADDRESS ON STACK TO
 3459 A:e088  48                                 pha                    ; SEE IF CALLED FROM FRM.VARIABLE
 3460 A:e089  c9 d7                              cmp #<AS_FRM_VARIABLE_CALL
 3461 A:e08b  d0 0f                              bne AS_MAKE_NEW_VARIABLE                ; NO
 3462 A:e08d  ba                                 tsx 
 3463 A:e08e  bd 02 01                           lda AS_STACK+2,X
 3464 A:e091  c9 de                              cmp #>AS_FRM_VARIABLE_CALL
 3465 A:e093  d0 07                              bne AS_MAKE_NEW_VARIABLE                ; NO
 3466 A:e095  a9 9a                              lda #<AS_C_ZERO              ; YES, CALLED FROM FRM.VARIABLE
 3467 A:e097  a0 e0                              ldy #>AS_C_ZERO              ; POINT TO A CONSTANT ZERO
 3468 A:e099  60                                 rts                    ; NEW VARIABLE USED IN EXPRESSION = 0
 3469 A:e09a                                    ; --------------------------------
 3470 A:e09a  00 00                    AS_C_ZERO .byt 0,0     ; INTEGER OR REAL ZERO, OR NULL STRING
 3471 A:e09c                                    ; --------------------------------
 3472 A:e09c                                    ; MAKE A NEW SIMPLE VARIABLE
 3473 A:e09c                                    ; 
 3474 A:e09c                                    ; MOVE ARRAYS UP 7 BYTES TO MAKE ROOM FOR NEW VARIABLE
 3475 A:e09c                                    ; ENTER 7-BYTE VARIABLE DATA IN THE HOLE
 3476 A:e09c                                    ; --------------------------------
 3477 A:e09c                           AS_MAKE_NEW_VARIABLE 
 3478 A:e09c  a5 6b                              lda MS_Z_ARYTAB                ; SET UP CALL TO BLTU TO
 3479 A:e09e  a4 6c                              ldy MS_Z_ARYTAB+1          ; TO MOVE FROM ARYTAB THRU STREND-1
 3480 A:e0a0  85 9b                              sta MS_Z_LOWTR                ; 7 BYTES HIGHER
 3481 A:e0a2  84 9c                              sty MS_Z_LOWTR+1          ; 
 3482 A:e0a4  a5 6d                              lda MS_Z_STREND                ; 
 3483 A:e0a6  a4 6e                              ldy MS_Z_STREND+1          ; 
 3484 A:e0a8  85 96                              sta MS_Z_HIGHTR                ; 
 3485 A:e0aa  84 97                              sty MS_Z_HIGHTR+1          ; 
 3486 A:e0ac  18                                 clc                    ; 
 3487 A:e0ad  69 07                              adc #7             ; 
 3488 A:e0af  90 01                              bcc AS_L_MAKE_NEW_VARIABLE_1                ; 
 3489 A:e0b1  c8                                 iny                    ; 
 3490 A:e0b2  85 94                    AS_L_MAKE_NEW_VARIABLE_1 sta MS_Z_ARYPNT             ; 
 3491 A:e0b4  84 95                              sty MS_Z_ARYPNT+1          ; 
 3492 A:e0b6  20 93 d3                           jsr MS_BLTU                ; MOVE ARRAY BLOCK UP
 3493 A:e0b9  a5 94                              lda MS_Z_ARYPNT                ; STORE NEW START OF ARRAYS
 3494 A:e0bb  a4 95                              ldy MS_Z_ARYPNT+1          ; 
 3495 A:e0bd  c8                                 iny                    ; 
 3496 A:e0be  85 6b                              sta MS_Z_ARYTAB                ; 
 3497 A:e0c0  84 6c                              sty MS_Z_ARYTAB+1          ; 
 3498 A:e0c2  a0 00                              ldy #0             ; 
 3499 A:e0c4  a5 81                              lda MS_Z_VARNAM                ; FIRST CHAR OF NAME
 3500 A:e0c6  91 9b                              sta (MS_Z_LOWTR),Y                   ; 
 3501 A:e0c8  c8                                 iny                    ; 
 3502 A:e0c9  a5 82                              lda MS_Z_VARNAM+1          ; SECOND CHAR OF NAME
 3503 A:e0cb  91 9b                              sta (MS_Z_LOWTR),Y                   ; 
 3504 A:e0cd  a9 00                              lda #0             ; SET FIVE-BYTE VALUE TO 0
 3505 A:e0cf  c8                                 iny                    ; 
 3506 A:e0d0  91 9b                              sta (MS_Z_LOWTR),Y                   ; 
 3507 A:e0d2  c8                                 iny                    ; 
 3508 A:e0d3  91 9b                              sta (MS_Z_LOWTR),Y                   ; 
 3509 A:e0d5  c8                                 iny                    ; 
 3510 A:e0d6  91 9b                              sta (MS_Z_LOWTR),Y                   ; 
 3511 A:e0d8  c8                                 iny                    ; 
 3512 A:e0d9  91 9b                              sta (MS_Z_LOWTR),Y                   ; 
 3513 A:e0db  c8                                 iny                    ; 
 3514 A:e0dc  91 9b                              sta (MS_Z_LOWTR),Y                   ; 
 3515 A:e0de                                    ; --------------------------------
 3516 A:e0de                                    ; PUT ADDRESS OF VALUE OF VARIABLE IN VARPNT AND Y,A
 3517 A:e0de                                    ; --------------------------------
 3518 A:e0de                           AS_SET_VARPNT_AND_YA                  ; 
 3519 A:e0de  a5 9b                              lda MS_Z_LOWTR                ; LOWTR POINTS AT NAME OF VARIABLE,
 3520 A:e0e0  18                                 clc                    ; SO ADD 2 TO GET TO VALUE
 3521 A:e0e1  69 02                              adc #2             ; 
 3522 A:e0e3  a4 9c                              ldy MS_Z_LOWTR+1          ; 
 3523 A:e0e5  90 01                              bcc AS_L_SET_VARPNT_AND_YA_1                ; 
 3524 A:e0e7  c8                                 iny                    ; 
 3525 A:e0e8  85 83                    AS_L_SET_VARPNT_AND_YA_1 sta MS_Z_VARPNT             ; ADDRESS IN VARPNT AND Y,A
 3526 A:e0ea  84 84                              sty MS_Z_VARPNT+1          ; 
 3527 A:e0ec  60                                 rts                    ; 
 3528 A:e0ed                                    ; --------------------------------
 3529 A:e0ed                                    ; COMPUTE ADDRESS OF FIRST VALUE IN ARRAY
 3530 A:e0ed                                    ; ARYPNT = (LOWTR) + #DIMS*2 + 5
 3531 A:e0ed                                    ; --------------------------------
 3532 A:e0ed  a5 0f                    AS_GETARY lda AS_NUMDIM             ; GET # OF DIMENSIONS
 3533 A:e0ef                                    ; --------------------------------
 3534 A:e0ef                           AS_GETARY2                  ; 
 3535 A:e0ef  0a                                 asl                    ; #DIMS*2 (SIZE OF EACH DIM IN 2 BYTES)
 3536 A:e0f0  69 05                              adc #5             ; + 5 (2 FOR NAME, 2 FOR OFFSET TO NEXT
 3537 A:e0f2                                    ; ARRAY, AND 1 FOR #DIMS
 3538 A:e0f2  65 9b                              adc MS_Z_LOWTR                ; ADDRESS OF TH IS ARRAY IN ARYTAB
 3539 A:e0f4  a4 9c                              ldy MS_Z_LOWTR+1          ; 
 3540 A:e0f6  90 01                              bcc AS_L_GETARY2_1                ; 
 3541 A:e0f8  c8                                 iny                    ; 
 3542 A:e0f9  85 94                    AS_L_GETARY2_1 sta MS_Z_ARYPNT             ; ADDRESS OF FIRST VALUE IN ARRAY
 3543 A:e0fb  84 95                              sty MS_Z_ARYPNT+1          ; 
 3544 A:e0fd  60                                 rts                    ; 
 3545 A:e0fe                                    ; --------------------------------

 3547 A:e0fe  90 80 00 00              AS_NEG32768 .byt $90,$80,$00,$00; -32768.00049 IN FLOATING POINT
 3548 A:e102                                    ; <<<  MEANT TO BE -32768, WHICH WOULD BE 9080000000 >>>
 3549 A:e102                                    ; <<<  1 BYTE SHORT, SO PICKS UP $20 FROM NEXT INSTRUCTION
 3550 A:e102                                    ; --------------------------------
 3551 A:e102                                    ; EVALUATE NUMERIC FORMULA AT TXTPTR
 3552 A:e102                                    ; CONVERTING RESULT TO INTEGER 0 <= X <= 32767
 3553 A:e102                                    ; IN FAC+3,4
 3554 A:e102                                    ; --------------------------------
 3555 A:e102  20 b1 00                 AS_MAKINT jsr MS_Z_CHRGET
 3556 A:e105  20 67 dd                           jsr AS_FRMNUM
 3557 A:e108                                    ; --------------------------------
 3558 A:e108                                    ; CONVERT FAC TO INTEGER
 3559 A:e108                                    ; MUST BE POSITIVE AND LESS THAN 32768
 3560 A:e108                                    ; --------------------------------
 3561 A:e108  a5 a2                    AS_MKINT  lda MS_Z_FACSGN             ; ERROR IF -
 3562 A:e10a  30 0d                              bmi AS_MI1
 3563 A:e10c                                    ; --------------------------------
 3564 A:e10c                                    ; CONVERT FAC TO INTEGER
 3565 A:e10c                                    ; MUST BE -32767 <= FAC <= 32767
 3566 A:e10c                                    ; --------------------------------
 3567 A:e10c  a5 9d                    AS_AYINT  lda MS_Z_FAC             ; EXPONENT OF VALUE IN FAC
 3568 A:e10e  c9 90                              cmp #$90             ; ABS(VALUE) < 32768?
 3569 A:e110  90 09                              bcc AS_MI2                ; YES, OK FOR INTEGER
 3570 A:e112  a9 fe                              lda #<AS_NEG32768              ; NO; NEXT FEW LINES ARE SUPPOSED TO
 3571 A:e114  a0 e0                              ldy #>AS_NEG32768              ; ALLOW -32768 ($8000), BUT DO NOT!
 3572 A:e116  20 b2 eb                           jsr AS_FCOMP                ; BECAUSE COMPARED TO -32768.00049
 3573 A:e119                                    ; <<< BUG:  A=-32768.00049:A%=A IS ACCEPTED >>>
 3574 A:e119                                    ; <<<       BUT PRINT A,A% SHOWS THAT       >>>
 3575 A:e119                                    ; <<<       A=-32768.0005 (OK), A%=32767    >>>
 3576 A:e119                                    ; <<<       WRONG! WRONG! WRONG!            >>>
 3577 A:e119                                    ; --------------------------------
 3578 A:e119  d0 7e                    AS_MI1    bne AS_IQERR             ; ILLEGAL QUANTITY
 3579 A:e11b  4c f2 eb                 AS_MI2    jmp AS_QINT             ; CONVERT TO INTEGER
 3580 A:e11e                                    ; --------------------------------
 3581 A:e11e                                    ; LOCATE ARRAY ELEMENT OR CREATE AN ARRAY
 3582 A:e11e                                    ; --------------------------------
 3583 A:e11e  a5 14                    AS_ARRAY  lda MS_Z_SUBFLG             ; SUBSCRIPTS GIVEN?
 3584 A:e120  d0 47                              bne AS_L_ARRAY_2                ; NO
 3585 A:e122                                    ; --------------------------------
 3586 A:e122                                    ; PARSE THE SUBSCRIPT LIST
 3587 A:e122                                    ; --------------------------------
 3588 A:e122  a5 10                              lda MS_Z_DIMFLG                ; YES
 3589 A:e124  05 12                              ora MS_Z_VALTYP+1          ; SET HIGH BIT IF %
 3590 A:e126  48                                 pha                    ; SAVE VALTYP AND DIMFLG ON STACK
 3591 A:e127  a5 11                              lda MS_Z_VALTYP                ; 
 3592 A:e129  48                                 pha                    ; 
 3593 A:e12a  a0 00                              ldy #0             ; COUNT # DIMENSIONS IN Y-REG
 3594 A:e12c  98                       AS_L_ARRAY_1 tya                 ; SAVE #DIMS ON STACK
 3595 A:e12d  48                                 pha                    ; 
 3596 A:e12e  a5 82                              lda MS_Z_VARNAM+1          ; SAVE VARIABLE NAME ON STACK
 3597 A:e130  48                                 pha                    ; 
 3598 A:e131  a5 81                              lda MS_Z_VARNAM                ; 
 3599 A:e133  48                                 pha                    ; 
 3600 A:e134  20 02 e1                           jsr AS_MAKINT                ; EVALUATE SUBSCRIPT AS INTEGER
 3601 A:e137  68                                 pla                    ; RESTORE VARIABLE NAME
 3602 A:e138  85 81                              sta MS_Z_VARNAM                ; 
 3603 A:e13a  68                                 pla                    ; 
 3604 A:e13b  85 82                              sta MS_Z_VARNAM+1          ; 
 3605 A:e13d  68                                 pla                    ; RESTORE # DIMS TO Y-REG
 3606 A:e13e  a8                                 tay                    ; 
 3607 A:e13f  ba                                 tsx                    ; COPY VALTYP AND DIMFLG ON STACK
 3608 A:e140  bd 02 01                           lda AS_STACK+2,X                   ; TO LEAVE ROOM FOR THE SUBSCRIPT
 3609 A:e143  48                                 pha                    ; 
 3610 A:e144  bd 01 01                           lda AS_STACK+1,X                   ; 
 3611 A:e147  48                                 pha                    ; 
 3612 A:e148  a5 a0                              lda MS_Z_FAC+3          ; GET SUBSCRIPT VALUE AND PLACE IN THE
 3613 A:e14a  9d 02 01                           sta AS_STACK+2,X                   ; STACK WHERE VALTYP & DIMFLG WERE
 3614 A:e14d  a5 a1                              lda MS_Z_FAC+4          ; 
 3615 A:e14f  9d 01 01                           sta AS_STACK+1,X                   ; 
 3616 A:e152  c8                                 iny                    ; COUNT THE SUBSCRIPT
 3617 A:e153  20 b7 00                           jsr MS_Z_CHRGOT                ; NEXT CHAR
 3618 A:e156  c9 2c                              cmp #(","&%01111111)     ; 
 3619 A:e158  f0 d2                              beq AS_L_ARRAY_1                ; COMMA, PARSE ANOTHER SUBSCRIPT
 3620 A:e15a  84 0f                              sty AS_NUMDIM                ; NO MORE SUBSCRIPTS, SAVE #
 3621 A:e15c  20 b8 de                           jsr AS_CHKCLS                ; NOW NEED ")"
 3622 A:e15f  68                                 pla                    ; RESTORE VALTYPE AND DIMFLG
 3623 A:e160  85 11                              sta MS_Z_VALTYP                ; 
 3624 A:e162  68                                 pla                    ; 
 3625 A:e163  85 12                              sta MS_Z_VALTYP+1          ; 
 3626 A:e165  29 7f                              and #$7f             ; ISOLATE DIMFLG
 3627 A:e167  85 10                              sta MS_Z_DIMFLG                ; 
 3628 A:e169                                    ; --------------------------------
 3629 A:e169                                    ; SEARCH ARRAY TABLE FOR THIS ARRAY NAME
 3630 A:e169                                    ; --------------------------------
 3631 A:e169  a6 6b                    AS_L_ARRAY_2 ldx MS_Z_ARYTAB             ; (A,X) = START OF ARRAY TABLE
 3632 A:e16b  a5 6c                              lda MS_Z_ARYTAB+1          ; 
 3633 A:e16d  86 9b                    AS_L_ARRAY_3 stx MS_Z_LOWTR             ; USE LOWTR FOR RUNNING POINTER
 3634 A:e16f  85 9c                              sta MS_Z_LOWTR+1          ; 
 3635 A:e171  c5 6e                              cmp MS_Z_STREND+1          ; DID WE REACH THE END OF ARRAYS YET?
 3636 A:e173  d0 04                              bne AS_L_ARRAY_4                ; NO, KEEP SEARCHING
 3637 A:e175  e4 6d                              cpx MS_Z_STREND                ; 
 3638 A:e177  f0 3f                              beq AS_MAKE_NEW_ARRAY                ; YES, THIS IS A NEW ARRAY NAME
 3639 A:e179  a0 00                    AS_L_ARRAY_4 ldy #0          ; POINT AT 1ST CHAR OF ARRAY NAME
 3640 A:e17b  b1 9b                              lda (MS_Z_LOWTR),Y                   ; GET 1ST CHAR OF NAME
 3641 A:e17d  c8                                 iny                    ; POINT AT 2ND CHAR
 3642 A:e17e  c5 81                              cmp MS_Z_VARNAM                ; 1ST CHAR SAME?
 3643 A:e180  d0 06                              bne AS_L_ARRAY_5                ; NO, MOVE TO NEXT ARRAY
 3644 A:e182  a5 82                              lda MS_Z_VARNAM+1          ; YES, TRY 2ND CHAR
 3645 A:e184  d1 9b                              cmp (MS_Z_LOWTR),Y                   ; SAME?
 3646 A:e186  f0 16                              beq AS_USE_OLD_ARRAY                ; YES, ARRAY FOUND
 3647 A:e188  c8                       AS_L_ARRAY_5 iny                 ; POINT AT OFFSET TO NEXT ARRAY
 3648 A:e189  b1 9b                              lda (MS_Z_LOWTR),Y                   ; ADD OFFSET TO RUNNING POINTER
 3649 A:e18b  18                                 clc 
 3650 A:e18c  65 9b                              adc MS_Z_LOWTR
 3651 A:e18e  aa                                 tax 
 3652 A:e18f  c8                                 iny 
 3653 A:e190  b1 9b                              lda (MS_Z_LOWTR),Y
 3654 A:e192  65 9c                              adc MS_Z_LOWTR+1
 3655 A:e194  90 d7                              bcc AS_L_ARRAY_3                ; ...ALWAYS
 3656 A:e196                                    ; --------------------------------
 3657 A:e196                                    ; ERROR:  BAD SUBSCRIPTS
 3658 A:e196                                    ; --------------------------------
 3659 A:e196  a2 6b                    AS_SUBERR ldx #MS_ERRBS
 3660 A:e198  2c                                 .byt $2c              ; TRICK TO SKIP NEXT LINE
 3661 A:e199                                    ; --------------------------------
 3662 A:e199                                    ; ERROR:  ILLEGAL QUANTITY
 3663 A:e199                                    ; --------------------------------
 3664 A:e199  a2 35                    AS_IQERR  ldx #MS_ERRFC
 3665 A:e19b  4c 12 d4                 AS_JER    jmp MS_ERROR
 3666 A:e19e                                    ; --------------------------------
 3667 A:e19e                                    ; FOUND THE ARRAY
 3668 A:e19e                                    ; --------------------------------
 3669 A:e19e                           AS_USE_OLD_ARRAY 
 3670 A:e19e  a2 78                              ldx #MS_ERRDD               ; SET UP FOR REDIM'D ARRAY ERROR
 3671 A:e1a0  a5 10                              lda MS_Z_DIMFLG                ; CALLED FROM "DIM" STATEMENT?
 3672 A:e1a2  d0 f7                              bne AS_JER                ; YES, ERROR
 3673 A:e1a4  a5 14                              lda MS_Z_SUBFLG                ; NO, CHECK IF ANY SUBSCRIPTS
 3674 A:e1a6  f0 02                              beq AS_L_USE_OLD_ARRAY_1                ; YES, NEED TO CHECK THE NUMBER
 3675 A:e1a8  38                                 sec                    ; NO, SIGNAL ARRAY FOUND
 3676 A:e1a9  60                                 rts 
 3677 A:e1aa                                    ; --------------------------------
 3678 A:e1aa  20 ed e0                 AS_L_USE_OLD_ARRAY_1 jsr AS_GETARY             ; SET (ARYPNT) = ADDR OF FIRST ELEMENT
 3679 A:e1ad  a5 0f                              lda AS_NUMDIM                ; COMPARE NUMBER OF DIMENSIONS
 3680 A:e1af  a0 04                              ldy #4
 3681 A:e1b1  d1 9b                              cmp (MS_Z_LOWTR),Y
 3682 A:e1b3  d0 e1                              bne AS_SUBERR                ; NOT SAME, SUBSCRIPT ERROR
 3683 A:e1b5  4c 4b e2                           jmp AS_FIND_ARRAY_ELEMENT
 3684 A:e1b8                                    ; --------------------------------
 3685 A:e1b8                                    ; --------------------------------
 3686 A:e1b8                                    ; CREATE A NEW ARRAY, UNLESS CALLED FROM GETARYPT
 3687 A:e1b8                                    ; --------------------------------
 3688 A:e1b8                           AS_MAKE_NEW_ARRAY 
 3689 A:e1b8  a5 14                              lda MS_Z_SUBFLG                ; CALLED FROM GETARYPT?
 3690 A:e1ba  f0 05                              beq AS_L_MAKE_NEW_ARRAY_1                ; NO
 3691 A:e1bc  a2 2a                              ldx #MS_ERROD               ; YES, GIVE "OUT OF DATA" ERROR
 3692 A:e1be  4c 12 d4                           jmp MS_ERROR
 3693 A:e1c1  20 ed e0                 AS_L_MAKE_NEW_ARRAY_1 jsr AS_GETARY             ; PUT ADDR OF 1ST ELEMENT IN ARYPNT
 3694 A:e1c4  20 e3 d3                           jsr MS_REASON                ; MAKE SURE ENOUGH MEMORY LEFT
 3695 A:e1c7                                    ; --------------------------------
 3696 A:e1c7                                    ; <<< NEXT 3 LINES COULD BE WRITTEN:   >>>
 3697 A:e1c7                                    ; LDY #0
 3698 A:e1c7                                    ; STY STRNG2+1
 3699 A:e1c7                                    ; --------------------------------
 3700 A:e1c7  a9 00                              lda #0             ; POINT Y-REG AT VARIABLE NAME SLOT
 3701 A:e1c9  a8                                 tay                    ; 
 3702 A:e1ca  85 ae                              sta MS_Z_STRNG2+1          ; START SIZE COMPUTATION
 3703 A:e1cc  a2 05                              ldx #5             ; ASSUME 5-BYTES PER ELEMENT
 3704 A:e1ce  a5 81                              lda MS_Z_VARNAM                ; STUFF VARIABLE NAME IN ARRAY
 3705 A:e1d0  91 9b                              sta (MS_Z_LOWTR),Y                   ; 
 3706 A:e1d2  10 01                              bpl AS_L_MAKE_NEW_ARRAY_2                ; NOT INTEGER ARRAY
 3707 A:e1d4  ca                                 dex                    ; INTEGER ARRAY, DECR. SIZE TO 4-BYTES
 3708 A:e1d5  c8                       AS_L_MAKE_NEW_ARRAY_2 iny                 ; POINT Y-REG AT NEXT CHAR OF NAME
 3709 A:e1d6  a5 82                              lda MS_Z_VARNAM+1          ; REST OF ARRAY NAME
 3710 A:e1d8  91 9b                              sta (MS_Z_LOWTR),Y                   ; 
 3711 A:e1da  10 02                              bpl AS_L_MAKE_NEW_ARRAY_3                ; REAL ARRAY, STICK WITH SIZE = 5 BYTES
 3712 A:e1dc  ca                                 dex                    ; INTEGER OR STRING ARRAY, ADJUST SIZE
 3713 A:e1dd  ca                                 dex                    ; TO INTEGER=3, STRING=2 BYTES
 3714 A:e1de  86 ad                    AS_L_MAKE_NEW_ARRAY_3 stx MS_Z_STRNG2             ; STORE LOW-BYTE OF ARRAY ELEMENT SIZE
 3715 A:e1e0  a5 0f                              lda AS_NUMDIM                ; STORE NUMBER OF DIMENSIONS
 3716 A:e1e2  c8                                 iny                    ; IN 5TH BYTE OF ARRAY
 3717 A:e1e3  c8                                 iny                    ; 
 3718 A:e1e4  c8                                 iny                    ; 
 3719 A:e1e5  91 9b                              sta (MS_Z_LOWTR),Y                   ; 
 3720 A:e1e7  a2 0b                    AS_L_MAKE_NEW_ARRAY_4 ldx #11          ; DEFAULT DIMENSION = 11 ELEMENTS
 3721 A:e1e9  a9 00                              lda #0             ; FOR HI-BYTE OF DIMENSION IF DEFAULT
 3722 A:e1eb  24 10                              bit MS_Z_DIMFLG                ; DIMENSIONED ARRAY?
 3723 A:e1ed  50 08                              bvc AS_L_MAKE_NEW_ARRAY_5                ; NO, USE DEFAULT VALUE
 3724 A:e1ef  68                                 pla                    ; GET SPECIFIED DIM IN A,X
 3725 A:e1f0  18                                 clc                    ; # ELEMENTS IS 1 LARGER THAN
 3726 A:e1f1  69 01                              adc #1             ; DIMENSION VALUE
 3727 A:e1f3  aa                                 tax                    ; 
 3728 A:e1f4  68                                 pla                    ; 
 3729 A:e1f5  69 00                              adc #0             ; 
 3730 A:e1f7  c8                       AS_L_MAKE_NEW_ARRAY_5 iny                 ; ADD THIS DIMENSION TO ARRAY DESCRIPTOR
 3731 A:e1f8  91 9b                              sta (MS_Z_LOWTR),Y
 3732 A:e1fa  c8                                 iny 
 3733 A:e1fb  8a                                 txa 
 3734 A:e1fc  91 9b                              sta (MS_Z_LOWTR),Y
 3735 A:e1fe  20 ad e2                           jsr AS_MULTIPLY_SUBSCRIPT                ; MULTIPLY THIS
 3736 A:e201                                    ; DIMENSION BY RUNNING SIZE
 3737 A:e201                                    ; ((LOWTR)) * (STRNG2) --> A,X
 3738 A:e201  86 ad                              stx MS_Z_STRNG2                ; STORE RUNNING SIZE IN STRNG2
 3739 A:e203  85 ae                              sta MS_Z_STRNG2+1          ; 
 3740 A:e205  a4 5e                              ldy AS_INDEX                ; RETRIEVE Y SAVED BY MULTIPLY.SUBSCRIPT
 3741 A:e207  c6 0f                              dec AS_NUMDIM                ; COUNT DOWN # DIMS
 3742 A:e209  d0 dc                              bne AS_L_MAKE_NEW_ARRAY_4                ; LOOP TILL DONE
 3743 A:e20b                                    ; --------------------------------
 3744 A:e20b                                    ; NOW A,X HAS TOTAL # BYTES OF ARRAY ELEMENTS
 3745 A:e20b                                    ; --------------------------------
 3746 A:e20b  65 95                              adc MS_Z_ARYPNT+1          ; COMPUTE ADDRESS OF END OF THIS ARRAY
 3747 A:e20d  b0 5d                              bcs AS_GME                ; ...TOO LARGE, ERROR
 3748 A:e20f  85 95                              sta MS_Z_ARYPNT+1          ; 
 3749 A:e211  a8                                 tay                    ; 
 3750 A:e212  8a                                 txa                    ; 
 3751 A:e213  65 94                              adc MS_Z_ARYPNT                ; 
 3752 A:e215  90 03                              bcc AS_L_MAKE_NEW_ARRAY_6                ; 
 3753 A:e217  c8                                 iny                    ; 
 3754 A:e218  f0 52                              beq AS_GME                ; ...TOO LARGE, ERROR
 3755 A:e21a  20 e3 d3                 AS_L_MAKE_NEW_ARRAY_6 jsr MS_REASON             ; MAKE SURE THERE IS ROOM UP TO Y,A
 3756 A:e21d  85 6d                              sta MS_Z_STREND                ; THERE IS ROOM SO SAVE NEW END OF TABLE
 3757 A:e21f  84 6e                              sty MS_Z_STREND+1          ; AND ZERO THE ARRAY
 3758 A:e221  a9 00                              lda #0             ; 
 3759 A:e223  e6 ae                              inc MS_Z_STRNG2+1          ; PREPARE FOR FAST ZEROING LOOP
 3760 A:e225  a4 ad                              ldy MS_Z_STRNG2                ; # BYTES MOD 256
 3761 A:e227  f0 05                              beq AS_L_MAKE_NEW_ARRAY_8                ; FULL PAGE
 3762 A:e229  88                       AS_L_MAKE_NEW_ARRAY_7 dey                 ; CLEAR PAGE FULL
 3763 A:e22a  91 94                              sta (MS_Z_ARYPNT),Y
 3764 A:e22c  d0 fb                              bne AS_L_MAKE_NEW_ARRAY_7
 3765 A:e22e  c6 95                    AS_L_MAKE_NEW_ARRAY_8 dec MS_Z_ARYPNT+1       ; POINT TO NEXT PAGE
 3766 A:e230  c6 ae                              dec MS_Z_STRNG2+1          ; COUNT THE PAGES
 3767 A:e232  d0 f5                              bne AS_L_MAKE_NEW_ARRAY_7                ; STILL MORE TO CLEAR
 3768 A:e234  e6 95                              inc MS_Z_ARYPNT+1          ; RECOVER LAST DEC, POINT AT 1ST ELEMENT
 3769 A:e236  38                                 sec                    ; 
 3770 A:e237  a5 6d                              lda MS_Z_STREND                ; COMPUTE OFFSET TO END OF ARRAYS
 3771 A:e239  e5 9b                              sbc MS_Z_LOWTR                ; AND STORE IN ARRAY DESCRIPTOR
 3772 A:e23b  a0 02                              ldy #2             ; 
 3773 A:e23d  91 9b                              sta (MS_Z_LOWTR),Y                   ; 
 3774 A:e23f  a5 6e                              lda MS_Z_STREND+1          ; 
 3775 A:e241  c8                                 iny                    ; 
 3776 A:e242  e5 9c                              sbc MS_Z_LOWTR+1          ; 
 3777 A:e244  91 9b                              sta (MS_Z_LOWTR),Y                   ; 
 3778 A:e246  a5 10                              lda MS_Z_DIMFLG                ; WAS THIS CALLED FROM "DIM" STATEMENT?
 3779 A:e248  d0 62                              bne AS_RTS_9                ; YES, WE ARE FINISHED
 3780 A:e24a  c8                                 iny                    ; NO, NOW NEED TO FIND THE ELEMENT
 3781 A:e24b                                    ; --------------------------------
 3782 A:e24b                                    ; FIND SPECIFIED ARRAY ELEMENT
 3783 A:e24b                                    ; 
 3784 A:e24b                                    ; (LOWTR),Y POINTS AT # OF DIMS IN ARRAY DESCRIPTOR
 3785 A:e24b                                    ; THE SUBSCRIPTS ARE ALL ON THE STACK AS INTEGERS
 3786 A:e24b                                    ; --------------------------------
 3787 A:e24b                           AS_FIND_ARRAY_ELEMENT 
 3788 A:e24b  b1 9b                              lda (MS_Z_LOWTR),Y                   ; GET # OF DIMENSIONS
 3789 A:e24d  85 0f                              sta AS_NUMDIM                ; 
 3790 A:e24f  a9 00                              lda #0             ; ZERO SUBSCRIPT ACCUMULATOR
 3791 A:e251  85 ad                              sta MS_Z_STRNG2                ; 
 3792 A:e253  85 ae                    AS_FAE_1  sta MS_Z_STRNG2+1       ; 
 3793 A:e255  c8                                 iny                    ; 
 3794 A:e256  68                                 pla                    ; PULL NEXT SUBSCRIPT FROM STACK
 3795 A:e257  aa                                 tax                    ; SAVE IN FAC+3,4
 3796 A:e258  85 a0                              sta MS_Z_FAC+3          ; AND COMPARE WITH DIMENSIONED SIZE
 3797 A:e25a  68                                 pla                    ; 
 3798 A:e25b  85 a1                              sta MS_Z_FAC+4          ; 
 3799 A:e25d  d1 9b                              cmp (MS_Z_LOWTR),Y                   ; 
 3800 A:e25f  90 0e                              bcc AS_FAE_2                ; SUBSCRIPT NOT TOO LARGE
 3801 A:e261  d0 06                              bne AS_GSE                ; SUBSCRIPT IS TOO LARGE
 3802 A:e263  c8                                 iny                    ; CHECK LOW-BYTE OF SUBSCRIPT
 3803 A:e264  8a                                 txa                    ; 
 3804 A:e265  d1 9b                              cmp (MS_Z_LOWTR),Y                   ; 
 3805 A:e267  90 07                              bcc AS_FAE_3                ; NOT TOO LARGE
 3806 A:e269                                    ; --------------------------------
 3807 A:e269  4c 96 e1                 AS_GSE    jmp AS_SUBERR             ; BAD SUBSCRIPTS ERROR
 3808 A:e26c  4c 10 d4                 AS_GME    jmp MS_OMERR             ; MEM FULL ERROR
 3809 A:e26f                                    ; --------------------------------
 3810 A:e26f  c8                       AS_FAE_2  iny                 ; BUMP POINTER INTO DESCRIPTOR
 3811 A:e270  a5 ae                    AS_FAE_3  lda MS_Z_STRNG2+1       ; BYPASS MULTIPLICATION IF VALUE SO
 3812 A:e272  05 ad                              ora MS_Z_STRNG2                ; FAR = 0
 3813 A:e274  18                                 clc                    ; 
 3814 A:e275  f0 0a                              beq AS_L_FAE_3_1                ; IT IS ZERO SO FAR
 3815 A:e277  20 ad e2                           jsr AS_MULTIPLY_SUBSCRIPT                ; NOT ZERO, SO MULTIPLY
 3816 A:e27a  8a                                 txa                    ; ADD CURRENT SUBSCRIPT
 3817 A:e27b  65 a0                              adc MS_Z_FAC+3          ; 
 3818 A:e27d  aa                                 tax                    ; 
 3819 A:e27e  98                                 tya                    ; 
 3820 A:e27f  a4 5e                              ldy AS_INDEX                ; RETRIEVE Y SAVED BY MULTIPLY.SUBSCRIPT
 3821 A:e281  65 a1                    AS_L_FAE_3_1 adc MS_Z_FAC+4       ; FINISH ADDING CURRENT SUBSCRIPT
 3822 A:e283  86 ad                              stx MS_Z_STRNG2                ; STORE ACCUMULATED OFFSET
 3823 A:e285  c6 0f                              dec AS_NUMDIM                ; LAST SUBSCRIPT YET?
 3824 A:e287  d0 ca                              bne AS_FAE_1                ; NO, LOOP TILL DONE
 3825 A:e289  85 ae                              sta MS_Z_STRNG2+1          ; YES, NOW MULTIPLY BE ELEMENT SIZE
 3826 A:e28b  a2 05                              ldx #5             ; START WITH SIZE = 5
 3827 A:e28d  a5 81                              lda MS_Z_VARNAM                ; DETERMINE VARIABLE TYPE
 3828 A:e28f  10 01                              bpl AS_L_FAE_3_2                ; NOT INTEGER
 3829 A:e291  ca                                 dex                    ; INTEGER, BACK DOWN SIZE TO 4 BYTES
 3830 A:e292  a5 82                    AS_L_FAE_3_2 lda MS_Z_VARNAM+1       ; DISCRIMINATE BETWEEN REAL AND STR
 3831 A:e294  10 02                              bpl AS_L_FAE_3_3                ; IT IS REAL
 3832 A:e296  ca                                 dex                    ; SIZE = 3 IF STRING, =2 IF INTEGER
 3833 A:e297  ca                                 dex                    ; 
 3834 A:e298  86 64                    AS_L_FAE_3_3 stx AS_RESULT+2       ; SET UP MULTIPLIER
 3835 A:e29a  a9 00                              lda #0             ; HI-BYTE OF MULTIPLIER
 3836 A:e29c  20 b6 e2                           jsr AS_MULTIPLY_SUBS_1                ; (STRNG2) BY ELEMENT SIZE
 3837 A:e29f  8a                                 txa                    ; ADD ACCUMULATED OFFSET
 3838 A:e2a0  65 94                              adc MS_Z_ARYPNT                ; TO ADDRESS OF 1ST ELEMENT
 3839 A:e2a2  85 83                              sta MS_Z_VARPNT                ; TO GET ADDRESS OF SPECIFIED ELEMENT
 3840 A:e2a4  98                                 tya                    ; 
 3841 A:e2a5  65 95                              adc MS_Z_ARYPNT+1          ; 
 3842 A:e2a7  85 84                              sta MS_Z_VARPNT+1          ; 
 3843 A:e2a9  a8                                 tay                    ; RETURN WITH ADDR IN VARPNT
 3844 A:e2aa  a5 83                              lda MS_Z_VARPNT                ; AND IN Y,A
 3845 A:e2ac  60                       AS_RTS_9  rts                 ; 
 3846 A:e2ad                                    ; --------------------------------
 3847 A:e2ad                                    ; MULTIPLY (STRNG2) BY ((LOWTR),Y)
 3848 A:e2ad                                    ; LEAVING PRODUCT IN A,X.  (HI-BYTE ALSO IN Y.)
 3849 A:e2ad                                    ; USED ONLY BY ARRAY SUBSCRIPT ROUTINES
 3850 A:e2ad                                    ; --------------------------------
 3851 A:e2ad                           AS_MULTIPLY_SUBSCRIPT 
 3852 A:e2ad  84 5e                              sty AS_INDEX                ; SAVE Y-REG
 3853 A:e2af  b1 9b                              lda (MS_Z_LOWTR),Y                   ; GET MULTIPLIER
 3854 A:e2b1  85 64                              sta AS_RESULT+2          ; SAVE IN RESULT+2,3
 3855 A:e2b3  88                                 dey                    ; 
 3856 A:e2b4  b1 9b                              lda (MS_Z_LOWTR),Y                   ; 
 3857 A:e2b6                                    ; --------------------------------
 3858 A:e2b6                           AS_MULTIPLY_SUBS_1                  ; 
 3859 A:e2b6  85 65                              sta AS_RESULT+3          ; LOW BYTE OF MULTIPLIER
 3860 A:e2b8  a9 10                              lda #16             ; MULTIPLY 16 BITS
 3861 A:e2ba  85 99                              sta AS_INDX                ; 
 3862 A:e2bc  a2 00                              ldx #0             ; PRODUCT = 0 INITIALLY
 3863 A:e2be  a0 00                              ldy #0             ; 
 3864 A:e2c0  8a                       AS_L_MULTIPLY_SUBS_1_1 txa                 ; DOUBLE PRODUCT
 3865 A:e2c1  0a                                 asl                    ; LOW BYTE
 3866 A:e2c2  aa                                 tax                    ; 
 3867 A:e2c3  98                                 tya                    ; HIGH BYTE
 3868 A:e2c4  2a                                 rol                    ; IF TOO LARGE, SET CARRY
 3869 A:e2c5  a8                                 tay                    ; 
 3870 A:e2c6  b0 a4                              bcs AS_GME                ; TOO LARGE, "MEM FULL ERROR"
 3871 A:e2c8  06 ad                              asl MS_Z_STRNG2                ; NEXT BIT OF MUTLPLICAND
 3872 A:e2ca  26 ae                              rol MS_Z_STRNG2+1          ; INTO CARRY
 3873 A:e2cc  90 0b                              bcc AS_L_MULTIPLY_SUBS_1_2                ; BIT=0, DON'T NEED TO ADD
 3874 A:e2ce  18                                 clc                    ; BIT=1, ADD INTO PARTIAL PRODUCT
 3875 A:e2cf  8a                                 txa                    ; 
 3876 A:e2d0  65 64                              adc AS_RESULT+2          ; 
 3877 A:e2d2  aa                                 tax                    ; 
 3878 A:e2d3  98                                 tya                    ; 
 3879 A:e2d4  65 65                              adc AS_RESULT+3          ; 
 3880 A:e2d6  a8                                 tay                    ; 
 3881 A:e2d7  b0 93                              bcs AS_GME                ; TOO LARGE, "MEM FULL ERROR"
 3882 A:e2d9  c6 99                    AS_L_MULTIPLY_SUBS_1_2 dec AS_INDX             ; 16-BITS YET?
 3883 A:e2db  d0 e3                              bne AS_L_MULTIPLY_SUBS_1_1                ; NO, KEEP SHUFFLING
 3884 A:e2dd  60                                 rts                    ; YES, PRODUCT IN Y,X AND A,X
 3885 A:e2de                                    ; --------------------------------
 3886 A:e2de                                    ; "FRE" FUNCTION
 3887 A:e2de                                    ; 
 3888 A:e2de                                    ; COLLECTS GARBAGE AND RETURNS # BYTES OF MEMORY LEFT
 3889 A:e2de                                    ; --------------------------------
 3890 A:e2de  a5 11                    MS_FRE    lda MS_Z_VALTYP             ; LOOK AT VALUE OF ARGUMENT
 3891 A:e2e0  f0 03                              beq AS_L_FRE_1                ; =0 MEANS REAL, =$FF MEANS STRING
 3892 A:e2e2  20 00 e6                           jsr AS_FREFAC                ; STRING, SO SET IT FREE IS TEMP
 3893 A:e2e5  20 84 e4                 AS_L_FRE_1 jsr MS_GARBA2             ; COLLECT ALL THE GARBAGE IN SIGHT
 3894 A:e2e8  38                                 sec                    ; COMPUTE SPACE BETWEEN ARRAYS AND
 3895 A:e2e9  a5 6f                              lda MS_Z_FRETOP                ; STRING TEMP AREA
 3896 A:e2eb  e5 6d                              sbc MS_Z_STREND                ; 
 3897 A:e2ed  a8                                 tay                    ; 
 3898 A:e2ee  a5 70                              lda MS_Z_FRETOP+1          ; 
 3899 A:e2f0  e5 6e                              sbc MS_Z_STREND+1          ; FREE SPACE IN Y,A
 3900 A:e2f2                                    ; FALL INTO GIVAYF TO FLOAT THE VALUE
 3901 A:e2f2                                    ; NOTE THAT VALUES OVER 32767 WILL RETURN AS NEGATIVE
 3902 A:e2f2                                    ; --------------------------------
 3903 A:e2f2                                    ; FLOAT THE SIGNED INTEGER IN A,Y
 3904 A:e2f2                                    ; --------------------------------
 3905 A:e2f2  a2 00                    AS_GIVAYF ldx #0          ; MARK FAC VALUE TYPE REAL
 3906 A:e2f4  86 11                              stx MS_Z_VALTYP                ; 
 3907 A:e2f6  85 9e                              sta MS_Z_FAC+1          ; SAVE VALUE FROM A,Y IN MANTISSA
 3908 A:e2f8  84 9f                              sty MS_Z_FAC+2          ; 
 3909 A:e2fa  a2 90                              ldx #$90             ; SET EXPONENT TO 2^16
 3910 A:e2fc  4c 9b eb                           jmp AS_FLOAT_1                ; CONVERT TO SIGNED FP
 3911 A:e2ff                                    ; --------------------------------
 3912 A:e2ff                                    ; "POS" FUNCTION
 3913 A:e2ff                                    ; 
 3914 A:e2ff                                    ; RETURNS CURRENT LINE POSITION FROM MON.CH
 3915 A:e2ff                                    ; --------------------------------
 3916 A:e2ff  a4 24                    MS_POS    ldy MON_CH             ; GET A,Y = (MON.CH, GO TO GIVAYF
 3917 A:e301                                    ; --------------------------------
 3918 A:e301                                    ; FLOAT (Y) INTO FAC, GIVING VALUE 0-255
 3919 A:e301                                    ; --------------------------------
 3920 A:e301  a9 00                    AS_SNGFLT lda #0          ; MSB = 0
 3921 A:e303  38                                 sec                    ; <<< NO PURPOSE WHATSOEVER >>>
 3922 A:e304  f0 ec                              beq AS_GIVAYF                ; ...ALWAYS
 3923 A:e306                                    ; --------------------------------
 3924 A:e306                                    ; CHECK FOR DIRECT OR RUNNING MODE
 3925 A:e306                                    ; GIVING ERROR IF DIRECT MODE
 3926 A:e306                                    ; --------------------------------
 3927 A:e306  a6 76                    AS_ERRDIR ldx MS_Z_CURLIN+1       ; =$FF IF DIRECT MODE
 3928 A:e308  e8                                 inx                    ; MAKES $FF INTO ZERO
 3929 A:e309  d0 a1                              bne AS_RTS_9                ; RETURN IF RUNNING MODE
 3930 A:e30b  a2 95                              ldx #MS_ERRID               ; DIRECT MODE, GIVE ERROR
 3931 A:e30d  2c                                 .byt $2c              ; TRICK TO SKIP NEXT 2 BYTES
 3932 A:e30e                                    ; --------------------------------
 3933 A:e30e  a2 e0                    AS_UNDFNC ldx #MS_ERRUF            ; UNDEFINDED FUNCTION ERROR
 3934 A:e310  4c 12 d4                           jmp MS_ERROR
 3935 A:e313                                    ; --------------------------------
 3936 A:e313                                    ; "DEF" STATEMENT
 3937 A:e313                                    ; --------------------------------
 3938 A:e313  20 41 e3                 MS_DEF    jsr AS_FNC_             ; PARSE "FN", FUNCTION NAME
 3939 A:e316  20 06 e3                           jsr AS_ERRDIR                ; ERROR IF IN DIRECT MODE
 3940 A:e319  20 bb de                           jsr AS_CHKOPN                ; NEED "("
 3941 A:e31c  a9 80                              lda #$80             ; FLAG PTRGET THAT CALLED FROM "DEF FN"
 3942 A:e31e  85 14                              sta MS_Z_SUBFLG                ; ALLOW ONLY SIMPLE FP VARIABLE FOR ARG
 3943 A:e320  20 e3 df                           jsr AS_PTRGET                ; GET PNTR TO ARGUMENT
 3944 A:e323  20 6a dd                           jsr AS_CHKNUM                ; MUST BE NUMERIC
 3945 A:e326  20 b8 de                           jsr AS_CHKCLS                ; MUST HAVE ")" NOW
 3946 A:e329  a9 d0                              lda #MS_EQULTK               ; NOW NEED "="
 3947 A:e32b  20 c0 de                           jsr AS_SYNCHR                ; OR ELSE SYNTAX ERROR
 3948 A:e32e  48                                 pha                    ; SAVE CHAR AFTER "="
 3949 A:e32f  a5 84                              lda MS_Z_VARPNT+1          ; SAVE PNTR TO ARGUMENT
 3950 A:e331  48                                 pha 
 3951 A:e332  a5 83                              lda MS_Z_VARPNT
 3952 A:e334  48                                 pha 
 3953 A:e335  a5 b9                              lda MS_Z_TXTPTR+1          ; SAVE TXTPTR
 3954 A:e337  48                                 pha 
 3955 A:e338  a5 b8                              lda MS_Z_TXTPTR
 3956 A:e33a  48                                 pha 
 3957 A:e33b  20 95 d9                           jsr MS_DATA                ; SCAN TO NEXT STATEMENT
 3958 A:e33e  4c af e3                           jmp AS_FNCDATA                ; STORE ABOVE 5 BYTES IN "VALUE"
 3959 A:e341                                    ; --------------------------------
 3960 A:e341                                    ; COMMON ROUTINE FOR "DEFFN" AND "FN", TO
 3961 A:e341                                    ; PARSE "FN" AND THE FUNCTION NAME
 3962 A:e341                                    ; --------------------------------
 3963 A:e341  a9 c2                    AS_FNC_   lda #MS_FNTK            ; MUST NOW SEE "FN" TOKEN
 3964 A:e343  20 c0 de                           jsr AS_SYNCHR                ; OR ELSE SYNTAX ERROR
 3965 A:e346  09 80                              ora #$80             ; SET SIGN BIT ON 1ST CHAR OF NAME,
 3966 A:e348  85 14                              sta MS_Z_SUBFLG                ; MAKING $C0 < SUBFLG < $DB
 3967 A:e34a  20 ea df                           jsr AS_PTRGET3                ; WHICH TELLS PTRGET WHO CALLED
 3968 A:e34d  85 8a                              sta MS_Z_DEFPNT                ; FOUND VALID FUNCTION NAME, SO
 3969 A:e34f  84 8b                              sty MS_Z_DEFPNT+1          ; SAVE ADDRESS
 3970 A:e351  4c 6a dd                           jmp AS_CHKNUM                ; MUST BE NUMERIC
 3971 A:e354                                    ; --------------------------------
 3972 A:e354                                    ; "FN" FUNCTION CALL
 3973 A:e354                                    ; --------------------------------
 3974 A:e354  20 41 e3                 AS_FUNCT  jsr AS_FNC_             ; PARSE "FN", FUNCTION NAME
 3975 A:e357  a5 8b                              lda MS_Z_DEFPNT+1          ; STACK FUNCTION ADDRESS
 3976 A:e359  48                                 pha                    ; IN CASE OF A NESTED FN CALL
 3977 A:e35a  a5 8a                              lda MS_Z_DEFPNT                ; 
 3978 A:e35c  48                                 pha                    ; 
 3979 A:e35d  20 b2 de                           jsr AS_PARCHK                ; MUST NOW HAVE "(EXPRESSION)"
 3980 A:e360  20 6a dd                           jsr AS_CHKNUM                ; MUST BE NUMERIC EXPRESSION
 3981 A:e363  68                                 pla                    ; GET FUNCTION ADDRESS BACK
 3982 A:e364  85 8a                              sta MS_Z_DEFPNT                ; 
 3983 A:e366  68                                 pla                    ; 
 3984 A:e367  85 8b                              sta MS_Z_DEFPNT+1          ; 
 3985 A:e369  a0 02                              ldy #2             ; POINT AT ADD OF ARGUMENT VARIABLE
 3986 A:e36b  b1 8a                              lda (MS_Z_DEFPNT),Y
 3987 A:e36d  85 83                              sta MS_Z_VARPNT
 3988 A:e36f  aa                                 tax 
 3989 A:e370  c8                                 iny 
 3990 A:e371  b1 8a                              lda (MS_Z_DEFPNT),Y
 3991 A:e373  f0 99                              beq AS_UNDFNC                ; UNDEFINED FUNCTION
 3992 A:e375  85 84                              sta MS_Z_VARPNT+1
 3993 A:e377  c8                                 iny                    ; Y=4 NOW
 3994 A:e378  b1 83                    AS_L_FUNCT_1 lda (MS_Z_VARPNT),Y                  ; SAVE OLD VALUE OF ARGUMENT VARIABLE
 3995 A:e37a  48                                 pha                    ; ON STACK, IN CASE ALSO USED AS
 3996 A:e37b  88                                 dey                    ; A NORMAL VARIABLE!
 3997 A:e37c  10 fa                              bpl AS_L_FUNCT_1
 3998 A:e37e  a4 84                              ldy MS_Z_VARPNT+1          ; (Y,X)= ADDRESS, STORE FAC IN VARIABLE
 3999 A:e380  20 2b eb                           jsr AS_STORE_FACDB_YX_ROUNDED
 4000 A:e383  a5 b9                              lda MS_Z_TXTPTR+1          ; REMEMBER TXTPTR AFTER FN CALL
 4001 A:e385  48                                 pha 
 4002 A:e386  a5 b8                              lda MS_Z_TXTPTR
 4003 A:e388  48                                 pha 
 4004 A:e389  b1 8a                              lda (MS_Z_DEFPNT),Y                  ; Y=0 FROM MOVMF
 4005 A:e38b  85 b8                              sta MS_Z_TXTPTR                ; POINT TO FUNCTION DEF'N
 4006 A:e38d  c8                                 iny 
 4007 A:e38e  b1 8a                              lda (MS_Z_DEFPNT),Y
 4008 A:e390  85 b9                              sta MS_Z_TXTPTR+1
 4009 A:e392  a5 84                              lda MS_Z_VARPNT+1          ; SAVE ADDRESS OF ARGUMENT VARIABLE
 4010 A:e394  48                                 pha                    ; 
 4011 A:e395  a5 83                              lda MS_Z_VARPNT                ; 
 4012 A:e397  48                                 pha                    ; 
 4013 A:e398  20 67 dd                           jsr AS_FRMNUM                ; EVALUATE THE FUNCTION EXPRESSION
 4014 A:e39b  68                                 pla                    ; GET ADDRESS OF ARGUMENT VARIABLE
 4015 A:e39c  85 8a                              sta MS_Z_DEFPNT                ; AND SAVE IT
 4016 A:e39e  68                                 pla                    ; 
 4017 A:e39f  85 8b                              sta MS_Z_DEFPNT+1          ; 
 4018 A:e3a1  20 b7 00                           jsr MS_Z_CHRGOT                ; MUST BE AT ":" OR EOL
 4019 A:e3a4  f0 03                              beq AS_L_FUNCT_2                ; WE ARE
 4020 A:e3a6  4c c9 de                           jmp AS_SYNERR                ; WE ARE NOT, SLYNTAX ERROR
 4021 A:e3a9  68                       AS_L_FUNCT_2 pla                 ; RETRIEVE TXTPTR AFTER "FN" CALL
 4022 A:e3aa  85 b8                              sta MS_Z_TXTPTR
 4023 A:e3ac  68                                 pla 
 4024 A:e3ad  85 b9                              sta MS_Z_TXTPTR+1
 4025 A:e3af                                    ; STACK NOW HAS 5-BYTE VALUE
 4026 A:e3af                                    ; OF THE ARGUMENT VARIABLE,
 4027 A:e3af                                    ; AND FNCNAM POINTS AT THE VARIABLE
 4028 A:e3af                                    ; --------------------------------
 4029 A:e3af                                    ; STORE FIVE BYTES FROM STACK AT (FNCNAM)
 4030 A:e3af                                    ; --------------------------------
 4031 A:e3af                           AS_FNCDATA 
 4032 A:e3af  a0 00                              ldy #0
 4033 A:e3b1  68                                 pla 
 4034 A:e3b2  91 8a                              sta (MS_Z_DEFPNT),Y
 4035 A:e3b4  68                                 pla 
 4036 A:e3b5  c8                                 iny 
 4037 A:e3b6  91 8a                              sta (MS_Z_DEFPNT),Y
 4038 A:e3b8  68                                 pla 
 4039 A:e3b9  c8                                 iny 
 4040 A:e3ba  91 8a                              sta (MS_Z_DEFPNT),Y
 4041 A:e3bc  68                                 pla 
 4042 A:e3bd  c8                                 iny 
 4043 A:e3be  91 8a                              sta (MS_Z_DEFPNT),Y
 4044 A:e3c0  68                                 pla 
 4045 A:e3c1  c8                                 iny 
 4046 A:e3c2  91 8a                              sta (MS_Z_DEFPNT),Y
 4047 A:e3c4  60                                 rts 
 4048 A:e3c5                                    ; --------------------------------
 4049 A:e3c5                                    ; "STR$" FUNCTION
 4050 A:e3c5                                    ; --------------------------------
 4051 A:e3c5  20 6a dd                 MS_STR    jsr AS_CHKNUM             ; EXPRESSION MUST BE NUMERIC
 4052 A:e3c8  a0 00                              ldy #0             ; START STRING AT STACK-1 ($00FF)
 4053 A:e3ca                                    ; SO STRLIT CAN DIFFRENTIATE STR$ CALLS
 4054 A:e3ca  20 36 ed                           jsr AS_FOUT_1                ; CONVERT FAC TO STRING
 4055 A:e3cd  68                                 pla                    ; POP RETURN OFF STACK
 4056 A:e3ce  68                                 pla                    ; 
 4057 A:e3cf  a9 ff                              lda #<AS_STACK-1        ; POINT TO STACK-1
 4058 A:e3d1  a0 00                              ldy #>AS_STACK-1        ; (WHICH=0)
 4059 A:e3d3  f0 12                              beq AS_STRLIT                ; ...ALWAYS, CREATE DESC & MOVE STRING
 4060 A:e3d5                                    ; --------------------------------
 4061 A:e3d5                                    ; GET SPACE AND MAKE DESCRIPTOR FOR STRING WHOSE
 4062 A:e3d5                                    ; ADDRESS IS IN FAC+3,4 AND WHOSE LENGTH IS IN A-REG
 4063 A:e3d5                                    ; --------------------------------
 4064 A:e3d5  a6 a0                    AS_STRINI ldx MS_Z_FAC+3       ; Y,X = STRING ADDRESS
 4065 A:e3d7  a4 a1                              ldy MS_Z_FAC+4          ; 
 4066 A:e3d9  86 8c                              stx MS_Z_DSCPNT                ; 
 4067 A:e3db  84 8d                              sty MS_Z_DSCPNT+1          ; 
 4068 A:e3dd                                    ; --------------------------------
 4069 A:e3dd                                    ; GET SPACE AND MAKE DESCRIPTOR FOR STRING WHOSE
 4070 A:e3dd                                    ; ADDRESS IS IN Y,X AND WHOSE LENGTH IS IN A-REG
 4071 A:e3dd                                    ; --------------------------------
 4072 A:e3dd  20 52 e4                 AS_STRSPA jsr AS_GETSPA             ; A HOLDS LENGTH
 4073 A:e3e0  86 9e                              stx MS_Z_FAC+1          ; SAVE DESCRIPTOR IN FAC
 4074 A:e3e2  84 9f                              sty MS_Z_FAC+2          ; ---FAC--- --FAC+1-- --FAC+2--
 4075 A:e3e4  85 9d                              sta MS_Z_FAC                ; <LENGTH>  <ADDR-LO> <ADDR-HI>
 4076 A:e3e6  60                                 rts                    ; 
 4077 A:e3e7                                    ; --------------------------------
 4078 A:e3e7                                    ; BUILD A DESCRIPTOR FOR STRING STARTING AT Y,A
 4079 A:e3e7                                    ; AND TERMINATED BY $00 OR QUOTATION MARK
 4080 A:e3e7                                    ; RETURN WITH DESCRIPTOR IN A TEMPORARY
 4081 A:e3e7                                    ; AND ADDRESS OF DESCRIPTOR IN FAC+3,4
 4082 A:e3e7                                    ; --------------------------------
 4083 A:e3e7  a2 22                    AS_STRLIT ldx #$22          ; SET UP LITERAL SCAN TO STOP ON
 4084 A:e3e9  86 0d                              stx MS_Z_CHARAC                ; QUOTATION MARK OR $00
 4085 A:e3eb  86 0e                              stx MS_Z_ENDCHR                ; 
 4086 A:e3ed                                    ; --------------------------------
 4087 A:e3ed                                    ; BUILD A DESCRIPTOR FOR STRING STARTING AT Y,A
 4088 A:e3ed                                    ; AND TERMINATED BY $00, (CHARAC), OR (ENDCHR)
 4089 A:e3ed                                    ; 
 4090 A:e3ed                                    ; RETURN WITH DESCRIPTOR IN A TEMPORARY
 4091 A:e3ed                                    ; AND ADDRESS OF DESCRIPTOR IN FAC+3,4
 4092 A:e3ed                                    ; --------------------------------
 4093 A:e3ed  85 ab                    AS_STRLT2 sta MS_Z_STRNG1             ; SAVE ADDRESS OF STRING
 4094 A:e3ef  84 ac                              sty MS_Z_STRNG1+1          ; 
 4095 A:e3f1  85 9e                              sta MS_Z_FAC+1          ; ...AGAIN
 4096 A:e3f3  84 9f                              sty MS_Z_FAC+2          ; 
 4097 A:e3f5  a0 ff                              ldy #$ff             ; 
 4098 A:e3f7  c8                       AS_L_STRLT2_1 iny                 ; FIND END OF STRING
 4099 A:e3f8  b1 ab                              lda (MS_Z_STRNG1),Y                  ; NEXT STRING CHAR
 4100 A:e3fa  f0 0c                              beq AS_L_STRLT2_3                ; END OF STRING
 4101 A:e3fc  c5 0d                              cmp MS_Z_CHARAC                ; ALTERNATE TERMINATOR # 1?
 4102 A:e3fe  f0 04                              beq AS_L_STRLT2_2                ; YES
 4103 A:e400  c5 0e                              cmp MS_Z_ENDCHR                ; ALTERNATE TERMINATOR # 2?
 4104 A:e402  d0 f3                              bne AS_L_STRLT2_1                ; NO, KEEP SCANNING
 4105 A:e404  c9 22                    AS_L_STRLT2_2 cmp #$22          ; IS STRING ENDED WITH QUOTE MARK?
 4106 A:e406  f0 01                              beq AS_L_STRLT2_4                ; YES, C=1 TO INCLUDE " IN STRING
 4107 A:e408  18                       AS_L_STRLT2_3 clc                 ; 
 4108 A:e409  84 9d                    AS_L_STRLT2_4 sty MS_Z_FAC             ; SAVE LENGTH
 4109 A:e40b  98                                 tya                    ; 
 4110 A:e40c  65 ab                              adc MS_Z_STRNG1                ; COMPUTE ADDRESS OF END OF STRING
 4111 A:e40e  85 ad                              sta MS_Z_STRNG2                ; (OF 00 BYTE, OR JUST AFTER ")
 4112 A:e410  a6 ac                              ldx MS_Z_STRNG1+1          ; 
 4113 A:e412  90 01                              bcc AS_L_STRLT2_5                ; 
 4114 A:e414  e8                                 inx                    ; 
 4115 A:e415  86 ae                    AS_L_STRLT2_5 stx MS_Z_STRNG2+1       ; 
 4116 A:e417  a5 ac                              lda MS_Z_STRNG1+1          ; WHERE DOES THE STRING START?
 4117 A:e419  f0 04                              beq AS_L_STRLT2_6                ; PAGE 0, MUST BE FROM STR$ FUNCTION
 4118 A:e41b  c9 02                              cmp #2             ; PAGE 2?
 4119 A:e41d  d0 0b                              bne AS_PUTNEW                ; NO, NOT PAGE 0 OR 2
 4120 A:e41f  98                       AS_L_STRLT2_6 tya                 ; LENGTH OF STRING
 4121 A:e420  20 d5 e3                           jsr AS_STRINI                ; MAKE SPACE FOR STRING
 4122 A:e423  a6 ab                              ldx MS_Z_STRNG1                ; 
 4123 A:e425  a4 ac                              ldy MS_Z_STRNG1+1          ; 
 4124 A:e427  20 e2 e5                           jsr AS_MOVSTR                ; MOVE IT IN
 4125 A:e42a                                    ; --------------------------------
 4126 A:e42a                                    ; STORE DESCRIPTOR IN TEMPORARY DESCRIPTOR STACK
 4127 A:e42a                                    ; 
 4128 A:e42a                                    ; THE DESCRIPTOR IS NOW IN FAC, FAC+1, FAC+2
 4129 A:e42a                                    ; PUT ADDRESS OF TEMP DESCRIPTOR IN FAC+3,4
 4130 A:e42a                                    ; --------------------------------
 4131 A:e42a  a6 52                    AS_PUTNEW ldx MS_Z_TEMPPT             ; POINTER TO NEXT TEMP STRING SLOT
 4132 A:e42c  e0 5e                              cpx #MS_Z_TEMPST+9         ; MAX OF 3 TEMP STRINGS
 4133 A:e42e  d0 05                              bne AS_PUTEMP                ; ROOM FOR ANOTHER ONE
 4134 A:e430  a2 bf                              ldx #MS_ERRST               ; TOO MANY, FORMULA TOO COMPLEX
 4135 A:e432  4c 12 d4                 AS_JERR   jmp MS_ERROR
 4136 A:e435                                    ; --------------------------------
 4137 A:e435  a5 9d                    AS_PUTEMP lda MS_Z_FAC             ; COPY TEMP DESCRIPTOR INTO TEMP STACK
 4138 A:e437  95 00                              sta 0,X
 4139 A:e439  a5 9e                              lda MS_Z_FAC+1
 4140 A:e43b  95 01                              sta 1,X
 4141 A:e43d  a5 9f                              lda MS_Z_FAC+2
 4142 A:e43f  95 02                              sta 2,X
 4143 A:e441  a0 00                              ldy #0
 4144 A:e443  86 a0                              stx MS_Z_FAC+3          ; ADDRESS OF TEMP DESCRIPTOR
 4145 A:e445  84 a1                              sty MS_Z_FAC+4          ; IN Y,X AND FAC+3,4
 4146 A:e447  88                                 dey                    ; Y=$FF
 4147 A:e448  84 11                              sty MS_Z_VALTYP                ; FLAG (FAC ) AS STRING
 4148 A:e44a  86 53                              stx MS_Z_LASTPT                ; INDEX OF LAST POINTER
 4149 A:e44c  e8                                 inx                    ; UPDATE FOR NEXT TEMP ENTRY
 4150 A:e44d  e8                                 inx 
 4151 A:e44e  e8                                 inx 
 4152 A:e44f  86 52                              stx MS_Z_TEMPPT
 4153 A:e451  60                                 rts 
 4154 A:e452                                    ; --------------------------------
 4155 A:e452                                    ; MAKE SPACE FOR STRING AT BOTTOM OF STRING SPACE
 4156 A:e452                                    ; (A)=# BYTES SPACE TO MAKE
 4157 A:e452                                    ; 
 4158 A:e452                                    ; RETURN WITH (A) SAME,
 4159 A:e452                                    ; AND Y,X = ADDRESS OF SPACE ALLOCATED
 4160 A:e452                                    ; --------------------------------
 4161 A:e452  46 13                    AS_GETSPA lsr MS_Z_GARBFL             ; CLEAR SIGNBIT OF FLAG
 4162 A:e454  48                       AS_L_GETSPA_1 pha                 ; A HOLDS LENGTH
 4163 A:e455  49 ff                              eor #$ff             ; GET -LENGTH
 4164 A:e457  38                                 sec                    ; 
 4165 A:e458  65 6f                              adc MS_Z_FRETOP                ; COMPUTE STARTING ADDRESS OF SPACE
 4166 A:e45a  a4 70                              ldy MS_Z_FRETOP+1          ; FOR THE STRING
 4167 A:e45c  b0 01                              bcs AS_L_GETSPA_2                ; 
 4168 A:e45e  88                                 dey                    ; 
 4169 A:e45f  c4 6e                    AS_L_GETSPA_2 cpy MS_Z_STREND+1       ; SEE IF FITS IN REMAINING MEMORY
 4170 A:e461  90 11                              bcc AS_L_GETSPA_4                ; NO, TRY GARBAGE
 4171 A:e463  d0 04                              bne AS_L_GETSPA_3                ; YES, IT FITS
 4172 A:e465  c5 6d                              cmp MS_Z_STREND                ; HAVE TO CHECK LOWER BYTES
 4173 A:e467  90 0b                              bcc AS_L_GETSPA_4                ; NOT ENUF ROOM YET
 4174 A:e469  85 6f                    AS_L_GETSPA_3 sta MS_Z_FRETOP             ; THERE IS ROOM SO SAVE NEW FRETOP
 4175 A:e46b  84 70                              sty MS_Z_FRETOP+1          ; 
 4176 A:e46d  85 71                              sta MS_Z_FRESPC                ; 
 4177 A:e46f  84 72                              sty MS_Z_FRESPC+1          ; 
 4178 A:e471  aa                                 tax                    ; ADDR IN Y,X
 4179 A:e472  68                                 pla                    ; LENGTH IN A
 4180 A:e473  60                                 rts 
 4181 A:e474  a2 4d                    AS_L_GETSPA_4 ldx #MS_ERROM
 4182 A:e476  a5 13                              lda MS_Z_GARBFL                ; GARBAGE DONE YET?
 4183 A:e478  30 b8                              bmi AS_JERR                ; YES, MEMORY IS REALLY FULL
 4184 A:e47a  20 84 e4                           jsr MS_GARBA2                ; NO, TRY COLLECTING NOW
 4185 A:e47d  a9 80                              lda #$80             ; FLAG THAT COLLECTED GARBAGE ALREADY
 4186 A:e47f  85 13                              sta MS_Z_GARBFL                ; 
 4187 A:e481  68                                 pla                    ; GET STRING LENGTH AGAIN
 4188 A:e482  d0 d0                              bne AS_L_GETSPA_1                ; ...ALWAYS
 4189 A:e484                                    ; --------------------------------
 4190 A:e484                                    ; SHOVE ALL REFERENCED STRINGS AS HIGH AS POSSIBLE
 4191 A:e484                                    ; IN MEMORY (AGAINST HIMEM), FREEING UP SPACE
 4192 A:e484                                    ; BELOW STRING AREA DOWN TO STREND.
 4193 A:e484                                    ; --------------------------------
 4194 A:e484  a6 73                    MS_GARBA2 ldx MS_Z_MEMSIZ             ; COLLECT FROM TOP DOWN
 4195 A:e486  a5 74                              lda MS_Z_MEMSIZ+1          ; 
 4196 A:e488                           AS_FIND_HIGHEST_STRING                  ; 
 4197 A:e488  86 6f                              stx MS_Z_FRETOP                ; ONE PASS THROUGH ALL VARS
 4198 A:e48a  85 70                              sta MS_Z_FRETOP+1          ; FOR EACH ACTIVE STRING!
 4199 A:e48c  a0 00                              ldy #0             ; 
 4200 A:e48e  84 8b                              sty MS_Z_DEFPNT+1          ; FLAG IN CASE NO STRINGS TO COLLECT
 4201 A:e490  a5 6d                              lda MS_Z_STREND                ; 
 4202 A:e492  a6 6e                              ldx MS_Z_STREND+1          ; 
 4203 A:e494  85 9b                              sta MS_Z_LOWTR                ; 
 4204 A:e496  86 9c                              stx MS_Z_LOWTR+1          ; 
 4205 A:e498                                    ; --------------------------------
 4206 A:e498                                    ; START BY COLLECTING TEMPORARIES
 4207 A:e498                                    ; --------------------------------
 4208 A:e498  a9 55                              lda #<MS_Z_TEMPST              ; 
 4209 A:e49a  a2 00                              ldx #>MS_Z_TEMPST              ; 
 4210 A:e49c  85 5e                              sta AS_INDEX                ; 
 4211 A:e49e  86 5f                              stx AS_INDEX+1          ; 
 4212 A:e4a0  c5 52                    AS_L_FIND_HIGHEST_STRING_1 cmp MS_Z_TEMPPT             ; FINISHED WITH TEMPS YET?
 4213 A:e4a2  f0 05                              beq AS_L_FIND_HIGHEST_STRING_2                ; YES, NOW DO SIMPLE VARIABLES
 4214 A:e4a4  20 23 e5                           jsr AS_CHECK_VARIABLE                ; DO A TEMP
 4215 A:e4a7  f0 f7                              beq AS_L_FIND_HIGHEST_STRING_1                ; ...ALWAYS
 4216 A:e4a9                                    ; --------------------------------
 4217 A:e4a9                                    ; NOW COLLECT SIMPLE VARIABLES
 4218 A:e4a9                                    ; --------------------------------
 4219 A:e4a9  a9 07                    AS_L_FIND_HIGHEST_STRING_2 lda #7          ; LENGTH OF EACH VARIABLE IS 7 BYTES
 4220 A:e4ab  85 8f                              sta MS_Z_FOUR6                ; 
 4221 A:e4ad  a5 69                              lda MS_Z_VARTAB                ; START AT BEGINNING OF VARTAB
 4222 A:e4af  a6 6a                              ldx MS_Z_VARTAB+1
 4223 A:e4b1  85 5e                              sta AS_INDEX
 4224 A:e4b3  86 5f                              stx AS_INDEX+1
 4225 A:e4b5  e4 6c                    AS_L_FIND_HIGHEST_STRING_3 cpx MS_Z_ARYTAB+1       ; FINISHED WITH SIMPLE VARIABLES?
 4226 A:e4b7  d0 04                              bne AS_L_FIND_HIGHEST_STRING_4                ; NO
 4227 A:e4b9  c5 6b                              cmp MS_Z_ARYTAB                ; MAYBE, CHECK LO-BYTE
 4228 A:e4bb  f0 05                              beq AS_L_FIND_HIGHEST_STRING_5                ; YES, NOW DO ARRAYS
 4229 A:e4bd  20 19 e5                 AS_L_FIND_HIGHEST_STRING_4 jsr AS_CHECK_SIMPLE_VARIABLE
 4230 A:e4c0  f0 f3                              beq AS_L_FIND_HIGHEST_STRING_3                ; ...ALWAYS
 4231 A:e4c2                                    ; --------------------------------
 4232 A:e4c2                                    ; NOW COLLECT ARRAY VARIABLES
 4233 A:e4c2                                    ; --------------------------------
 4234 A:e4c2  85 94                    AS_L_FIND_HIGHEST_STRING_5 sta MS_Z_ARYPNT
 4235 A:e4c4  86 95                              stx MS_Z_ARYPNT+1
 4236 A:e4c6  a9 03                              lda #3             ; DESCRIPTORS IN ARRAYS ARE 3-BYTES EACH
 4237 A:e4c8  85 8f                              sta MS_Z_FOUR6                ; 
 4238 A:e4ca  a5 94                    AS_L_FIND_HIGHEST_STRING_6 lda MS_Z_ARYPNT             ; COMPARE TO END OF ARRAYS
 4239 A:e4cc  a6 95                              ldx MS_Z_ARYPNT+1          ; 
 4240 A:e4ce  e4 6e                    AS_L_FIND_HIGHEST_STRING_7 cpx MS_Z_STREND+1       ; FINISHED WITH ARRAYS YET?
 4241 A:e4d0  d0 07                              bne AS_L_FIND_HIGHEST_STRING_8                ; NOT YET
 4242 A:e4d2  c5 6d                              cmp MS_Z_STREND                ; MAYBE, CHECK LO-BYTE
 4243 A:e4d4  d0 03                              bne AS_L_FIND_HIGHEST_STRING_8                ; NOT FINISHED YET
 4244 A:e4d6  4c 62 e5                           jmp AS_MOVE_HIGHEST_STRING_TO_TOP                ; FINISHED
 4245 A:e4d9  85 5e                    AS_L_FIND_HIGHEST_STRING_8 sta AS_INDEX             ; SET UP PNTR TO START OF ARRAY
 4246 A:e4db  86 5f                              stx AS_INDEX+1          ; 
 4247 A:e4dd  a0 00                              ldy #0             ; POINT AT NAME OF ARRAY
 4248 A:e4df  b1 5e                              lda (AS_INDEX),Y                   ; 
 4249 A:e4e1  aa                                 tax                    ; 1ST LETTER OF NAME IN X-REG
 4250 A:e4e2  c8                                 iny                    ; 
 4251 A:e4e3  b1 5e                              lda (AS_INDEX),Y                   ; 
 4252 A:e4e5  08                                 php                    ; STATUS FROM SECOND LETTER OF NAME
 4253 A:e4e6  c8                                 iny                    ; 
 4254 A:e4e7  b1 5e                              lda (AS_INDEX),Y                   ; OFFSET TO NEXT ARRAY
 4255 A:e4e9  65 94                              adc MS_Z_ARYPNT                ; (CARRY ALWAYS CLEAR)
 4256 A:e4eb  85 94                              sta MS_Z_ARYPNT                ; CALCULATE START OF NEXT ARRAY
 4257 A:e4ed  c8                                 iny                    ; 
 4258 A:e4ee  b1 5e                              lda (AS_INDEX),Y                   ; HI-BYTE OF OFFSET
 4259 A:e4f0  65 95                              adc MS_Z_ARYPNT+1          ; 
 4260 A:e4f2  85 95                              sta MS_Z_ARYPNT+1          ; 
 4261 A:e4f4  28                                 plp                    ; GET STATUS FROM 2ND CHAR OF NAME
 4262 A:e4f5  10 d3                              bpl AS_L_FIND_HIGHEST_STRING_6                ; NOT A STRING ARRAY
 4263 A:e4f7  8a                                 txa                    ; SET STATUS WITH 1ST CHAR OF NAME
 4264 A:e4f8  30 d0                              bmi AS_L_FIND_HIGHEST_STRING_6                ; NOT A STRING ARRAY
 4265 A:e4fa  c8                                 iny                    ; 
 4266 A:e4fb  b1 5e                              lda (AS_INDEX),Y                   ; # OF DIMENSIONS FOR THIS ARRAY
 4267 A:e4fd  a0 00                              ldy #0             ; 
 4268 A:e4ff  0a                                 asl                    ; PREAMBLE SIZE = 2*#DIMS + 5
 4269 A:e500  69 05                              adc #5             ; 
 4270 A:e502  65 5e                              adc AS_INDEX                ; MAKE INDEX POINT AT FIRST ELEMENT
 4271 A:e504  85 5e                              sta AS_INDEX                ; IN THE ARRAY
 4272 A:e506  90 02                              bcc AS_L_FIND_HIGHEST_STRING_9                ; 
 4273 A:e508  e6 5f                              inc AS_INDEX+1          ; 
 4274 A:e50a                           AS_L_FIND_HIGHEST_STRING_9                  ; 
 4275 A:e50a  a6 5f                              ldx AS_INDEX+1          ; STEP THRU EACH STRING IN THIS ARRAY
 4276 A:e50c  e4 95                    AS_L_FIND_HIGHEST_STRING_10 cpx MS_Z_ARYPNT+1       ; ARRAY DONE?
 4277 A:e50e  d0 04                              bne AS_L_FIND_HIGHEST_STRING_11                ; NO, PROCESS NEXT ELEMENT
 4278 A:e510  c5 94                              cmp MS_Z_ARYPNT                ; MAYBE, CHECK LO-BYTE
 4279 A:e512  f0 ba                              beq AS_L_FIND_HIGHEST_STRING_7                ; YES, MOVE TO NEXT ARRAY
 4280 A:e514  20 23 e5                 AS_L_FIND_HIGHEST_STRING_11 jsr AS_CHECK_VARIABLE             ; PROCESS THE ARRAY
 4281 A:e517  f0 f3                              beq AS_L_FIND_HIGHEST_STRING_10                ; ...ALWAYS
 4282 A:e519                                    ; --------------------------------
 4283 A:e519                                    ; PROCESS A SIMPLE VARIABLE
 4284 A:e519                                    ; --------------------------------
 4285 A:e519                           AS_CHECK_SIMPLE_VARIABLE 
 4286 A:e519  b1 5e                              lda (AS_INDEX),Y                   ; LOOK AT 1ST CHAR OF NAME
 4287 A:e51b  30 35                              bmi AS_CHECK_BUMP                ; NOT A STRING VARIABLE
 4288 A:e51d  c8                                 iny                    ; 
 4289 A:e51e  b1 5e                              lda (AS_INDEX),Y                   ; LOOK AT 2ND CHAR OF NAME
 4290 A:e520  10 30                              bpl AS_CHECK_BUMP                ; NOT A STRING VARIABLE
 4291 A:e522  c8                                 iny                    ; 
 4292 A:e523                                    ; --------------------------------
 4293 A:e523                                    ; IF STRING IS NOT EMPTY, CHECK IF IT IS HIGHEST
 4294 A:e523                                    ; --------------------------------
 4295 A:e523                           AS_CHECK_VARIABLE                  ; 
 4296 A:e523  b1 5e                              lda (AS_INDEX),Y                   ; GET LENGTH OF STRING
 4297 A:e525  f0 2b                              beq AS_CHECK_BUMP                ; IGNORE STRING IF LENGTH IS ZERO
 4298 A:e527  c8                                 iny                    ; 
 4299 A:e528  b1 5e                              lda (AS_INDEX),Y                   ; GET ADDRESS OF STRING
 4300 A:e52a  aa                                 tax                    ; 
 4301 A:e52b  c8                                 iny                    ; 
 4302 A:e52c  b1 5e                              lda (AS_INDEX),Y                   ; 
 4303 A:e52e  c5 70                              cmp MS_Z_FRETOP+1          ; CHECK IF ALREADY COLLECTED
 4304 A:e530  90 06                              bcc AS_L_CHECK_VARIABLE_1                ; NO, BELOW FRETOP
 4305 A:e532  d0 1e                              bne AS_CHECK_BUMP                ; YES, ABOVE FRETOP
 4306 A:e534  e4 6f                              cpx MS_Z_FRETOP                ; MAYBE, CHECK LO-BYTE
 4307 A:e536  b0 1a                              bcs AS_CHECK_BUMP                ; YES, ABOVE FRETOP
 4308 A:e538  c5 9c                    AS_L_CHECK_VARIABLE_1 cmp MS_Z_LOWTR+1       ; ABOVE HIGHEST STRING FOUND?
 4309 A:e53a  90 16                              bcc AS_CHECK_BUMP                ; NO, IGNORE FOR NOW
 4310 A:e53c  d0 04                              bne AS_L_CHECK_VARIABLE_2                ; YES, THIS IS THE NEW HIGHEST
 4311 A:e53e  e4 9b                              cpx MS_Z_LOWTR                ; MAYBE, TRY LO-BYTE
 4312 A:e540  90 10                              bcc AS_CHECK_BUMP                ; NO, IGNORE FOR NOW
 4313 A:e542  86 9b                    AS_L_CHECK_VARIABLE_2 stx MS_Z_LOWTR             ; MAKE THIS THE HIGHEST STRING
 4314 A:e544  85 9c                              sta MS_Z_LOWTR+1
 4315 A:e546  a5 5e                              lda AS_INDEX                ; SAVE ADDRESS OF DESCRIPTOR TOO
 4316 A:e548  a6 5f                              ldx AS_INDEX+1
 4317 A:e54a  85 8a                              sta MS_Z_DEFPNT
 4318 A:e54c  86 8b                              stx MS_Z_DEFPNT+1
 4319 A:e54e  a5 8f                              lda MS_Z_FOUR6
 4320 A:e550  85 91                              sta MS_Z_SIZE
 4321 A:e552                                    ; --------------------------------
 4322 A:e552                                    ; ADD (DSCLEN) TO PNTR IN INDEX
 4323 A:e552                                    ; RETURN WITH Y=0, PNTR ALSO IN X,A
 4324 A:e552                                    ; --------------------------------
 4325 A:e552                           AS_CHECK_BUMP 
 4326 A:e552  a5 8f                              lda MS_Z_FOUR6                ; BUMP TO NEXT VARIABLE
 4327 A:e554  18                                 clc 
 4328 A:e555  65 5e                              adc AS_INDEX
 4329 A:e557  85 5e                              sta AS_INDEX
 4330 A:e559  90 02                              bcc AS_CHECK_EXIT
 4331 A:e55b  e6 5f                              inc AS_INDEX+1
 4332 A:e55d                                    ; --------------------------------
 4333 A:e55d                           AS_CHECK_EXIT 
 4334 A:e55d  a6 5f                              ldx AS_INDEX+1
 4335 A:e55f  a0 00                              ldy #0
 4336 A:e561  60                                 rts 
 4337 A:e562                                    ; --------------------------------
 4338 A:e562                                    ; FOUND HIGHEST NON-EMPTY STRING, SO MOVE IT
 4339 A:e562                                    ; TO TOP AND GO BACK FOR ANOTHER
 4340 A:e562                                    ; --------------------------------
 4341 A:e562                           AS_MOVE_HIGHEST_STRING_TO_TOP 
 4342 A:e562  a6 8b                              ldx MS_Z_DEFPNT+1          ; ANY STRING FOUND?
 4343 A:e564  f0 f7                              beq AS_CHECK_EXIT                ; NO, RETURN
 4344 A:e566  a5 91                              lda MS_Z_SIZE                ; GET LENGTH OF VARIABLE ELEMENT
 4345 A:e568  29 04                              and #4             ; WAS 7 OR 3, MAKE 4 OR 0
 4346 A:e56a  4a                                 lsr                    ; 2 0R 0; IN SIMPLE VARIABLES,
 4347 A:e56b  a8                                 tay                    ; NAME PRECEDES DESCRIPTOR
 4348 A:e56c  85 91                              sta MS_Z_SIZE                ; 2 OR 0
 4349 A:e56e  b1 8a                              lda (MS_Z_DEFPNT),Y                  ; GET LENGTH FROM DESCRIPTOR
 4350 A:e570  65 9b                              adc MS_Z_LOWTR                ; CARRY ALREADY CLEARED BY LSR
 4351 A:e572  85 96                              sta MS_Z_HIGHTR                ; STRING IS BTWN (LOWTR) AND (HIGHTR)
 4352 A:e574  a5 9c                              lda MS_Z_LOWTR+1          ; 
 4353 A:e576  69 00                              adc #0             ; 
 4354 A:e578  85 97                              sta MS_Z_HIGHTR+1          ; 
 4355 A:e57a  a5 6f                              lda MS_Z_FRETOP                ; HIGH END DESTINATION
 4356 A:e57c  a6 70                              ldx MS_Z_FRETOP+1          ; 
 4357 A:e57e  85 94                              sta MS_Z_HIGHDS                ; 
 4358 A:e580  86 95                              stx MS_Z_HIGHDS+1          ; 
 4359 A:e582  20 9a d3                           jsr MS_BLTUC                ; MOVE STRING UP
 4360 A:e585  a4 91                              ldy MS_Z_SIZE                ; FIX ITS DESCRIPTOR
 4361 A:e587  c8                                 iny                    ; POINT AT ADDRESS IN DESCRIPTOR
 4362 A:e588  a5 94                              lda MS_Z_HIGHDS                ; STORE NEW ADDRESS
 4363 A:e58a  91 8a                              sta (MS_Z_DEFPNT),Y
 4364 A:e58c  aa                                 tax 
 4365 A:e58d  e6 95                              inc MS_Z_HIGHDS+1          ; CORRECT BLTU'S OVERSHOOT
 4366 A:e58f  a5 95                              lda MS_Z_HIGHDS+1
 4367 A:e591  c8                                 iny 
 4368 A:e592  91 8a                              sta (MS_Z_DEFPNT),Y
 4369 A:e594  4c 88 e4                           jmp AS_FIND_HIGHEST_STRING
 4370 A:e597                                    ; --------------------------------
 4371 A:e597                                    ; --------------------------------
 4372 A:e597                                    ; CONCATENATE TWO STRINGS
 4373 A:e597                                    ; --------------------------------
 4374 A:e597  a5 a1                    AS_CAT    lda MS_Z_FAC+4       ; SAVE ADDRESS OF FIRST DESCRIPTOR
 4375 A:e599  48                                 pha 
 4376 A:e59a  a5 a0                              lda MS_Z_FAC+3
 4377 A:e59c  48                                 pha 
 4378 A:e59d  20 60 de                           jsr AS_FRM_ELEMENT                ; GET SECOND STRING ELEMENT
 4379 A:e5a0  20 6c dd                           jsr AS_CHKSTR                ; MUST BE A STRING
 4380 A:e5a3  68                                 pla                    ; RECOVER ADDRES OF 1ST DESCRIPTOR
 4381 A:e5a4  85 ab                              sta MS_Z_STRNG1
 4382 A:e5a6  68                                 pla 
 4383 A:e5a7  85 ac                              sta MS_Z_STRNG1+1
 4384 A:e5a9  a0 00                              ldy #0
 4385 A:e5ab  b1 ab                              lda (MS_Z_STRNG1),Y                  ; ADD LENGTHS, GET CONCATENATED SIZE
 4386 A:e5ad  18                                 clc 
 4387 A:e5ae  71 a0                              adc (MS_Z_FAC+3),Y
 4388 A:e5b0  90 05                              bcc AS_L_CAT_1                ; OK IF < $100
 4389 A:e5b2  a2 b0                              ldx #MS_ERRLS
 4390 A:e5b4  4c 12 d4                           jmp MS_ERROR
 4391 A:e5b7  20 d5 e3                 AS_L_CAT_1 jsr AS_STRINI             ; GET SPACE FOR CONCATENATED STRINGS
 4392 A:e5ba  20 d4 e5                           jsr AS_MOVINS                ; MOVE 1ST STRING
 4393 A:e5bd  a5 8c                              lda MS_Z_DSCPNT                ; 
 4394 A:e5bf  a4 8d                              ldy MS_Z_DSCPNT+1          ; 
 4395 A:e5c1  20 04 e6                           jsr AS_FRETMP                ; 
 4396 A:e5c4  20 e6 e5                           jsr AS_MOVSTR_1                ; MOVE 2ND STRING
 4397 A:e5c7  a5 ab                              lda MS_Z_STRNG1                ; 
 4398 A:e5c9  a4 ac                              ldy MS_Z_STRNG1+1          ; 
 4399 A:e5cb  20 04 e6                           jsr AS_FRETMP                ; 
 4400 A:e5ce  20 2a e4                           jsr AS_PUTNEW                ; SET UP DESCRIPTOR
 4401 A:e5d1  4c 95 dd                           jmp AS_FRMEVL_2                ; FINISH EXPRESSION
 4402 A:e5d4                                    ; --------------------------------
 4403 A:e5d4                                    ; GET STRING DESCRIPTOR POINTED AT BY (STRNG1)
 4404 A:e5d4                                    ; AND MOVE DESCRIBED STRING TO (FRESPC)
 4405 A:e5d4                                    ; --------------------------------
 4406 A:e5d4  a0 00                    AS_MOVINS ldy #0
 4407 A:e5d6  b1 ab                              lda (MS_Z_STRNG1),Y
 4408 A:e5d8  48                                 pha                    ; LENGTH
 4409 A:e5d9  c8                                 iny 
 4410 A:e5da  b1 ab                              lda (MS_Z_STRNG1),Y
 4411 A:e5dc  aa                                 tax                    ; PUT STRING POINTER IN X,Y
 4412 A:e5dd  c8                                 iny 
 4413 A:e5de  b1 ab                              lda (MS_Z_STRNG1),Y
 4414 A:e5e0  a8                                 tay 
 4415 A:e5e1  68                                 pla                    ; RETRIEVE LENGTH
 4416 A:e5e2                                    ; --------------------------------
 4417 A:e5e2                                    ; MOVE STRING AT (Y,X) WITH LENGTH (A)
 4418 A:e5e2                                    ; TO DESTINATION WHOSE ADDRESS IS IN FRESPC,FRESPC+1
 4419 A:e5e2                                    ; --------------------------------
 4420 A:e5e2  86 5e                    AS_MOVSTR stx AS_INDEX             ; PUT POINTER IN INDEX
 4421 A:e5e4  84 5f                              sty AS_INDEX+1          ; 
 4422 A:e5e6                           AS_MOVSTR_1                  ; 
 4423 A:e5e6  a8                                 tay                    ; LENGTH TO Y-REG
 4424 A:e5e7  f0 0a                              beq AS_L_MOVSTR_1_2                ; IF LENGTH IS ZERO, FINISHED
 4425 A:e5e9  48                                 pha                    ; SAVE LENGTH ON STACK
 4426 A:e5ea  88                       AS_L_MOVSTR_1_1 dey                 ; MOVE BYTES FROM (INDEX) TO (FRESPC)
 4427 A:e5eb  b1 5e                              lda (AS_INDEX),Y
 4428 A:e5ed  91 71                              sta (MS_Z_FRESPC),Y
 4429 A:e5ef  98                                 tya                    ; TEST IF ANY LEFT TO MOVE
 4430 A:e5f0  d0 f8                              bne AS_L_MOVSTR_1_1                ; YES, KEEP MOVING
 4431 A:e5f2  68                                 pla                    ; NO, FINISHED.  GET LENGTH
 4432 A:e5f3  18                       AS_L_MOVSTR_1_2 clc                 ; AND ADD TO FRESPC, SO
 4433 A:e5f4  65 71                              adc MS_Z_FRESPC                ; FRESPC POINTS TO NEXT HIGHER
 4434 A:e5f6  85 71                              sta MS_Z_FRESPC                ; BYTE.  (USED BY CONCATENATION)
 4435 A:e5f8  90 02                              bcc AS_L_MOVSTR_1_3
 4436 A:e5fa  e6 72                              inc MS_Z_FRESPC+1
 4437 A:e5fc  60                       AS_L_MOVSTR_1_3 rts 
 4438 A:e5fd                                    ; --------------------------------
 4439 A:e5fd                                    ; IF (FAC) IS A TEMPORARY STRING, RELEASE DESCRIPTOR
 4440 A:e5fd                                    ; --------------------------------
 4441 A:e5fd  20 6c dd                 AS_FRESTR jsr AS_CHKSTR             ; LAST RESULT A STRING?
 4442 A:e600                                    ; --------------------------------
 4443 A:e600                                    ; IF STRING DESCRIPTOR POINTED TO BY FAC+3,4 IS
 4444 A:e600                                    ; A TEMPORARY STRING, RELEASE IT.
 4445 A:e600                                    ; --------------------------------
 4446 A:e600  a5 a0                    AS_FREFAC lda MS_Z_FAC+3       ; GET DESCRIPTOR POINTER
 4447 A:e602  a4 a1                              ldy MS_Z_FAC+4
 4448 A:e604                                    ; --------------------------------
 4449 A:e604                                    ; IF STRING DESCRIPTOR WHOSE ADDRESS IS IN Y,A IS
 4450 A:e604                                    ; A TEMPORARY STRING, RELEASE IT.
 4451 A:e604                                    ; --------------------------------
 4452 A:e604  85 5e                    AS_FRETMP sta AS_INDEX             ; SAVE THE ADDRESS OF THE DESCRIPTOR
 4453 A:e606  84 5f                              sty AS_INDEX+1          ; 
 4454 A:e608  20 35 e6                           jsr AS_FRETMS                ; FREE DESCRIPTOR IF IT IS TEMPORARY
 4455 A:e60b  08                                 php                    ; REMEMBER IF TEMP
 4456 A:e60c  a0 00                              ldy #0             ; POINT AT LENGTH OF STRING
 4457 A:e60e  b1 5e                              lda (AS_INDEX),Y                   ; 
 4458 A:e610  48                                 pha                    ; SAVE LENGTH ON STACK
 4459 A:e611  c8                                 iny                    ; 
 4460 A:e612  b1 5e                              lda (AS_INDEX),Y                   ; 
 4461 A:e614  aa                                 tax                    ; GET ADDRESS OF STRING IN Y,X
 4462 A:e615  c8                                 iny                    ; 
 4463 A:e616  b1 5e                              lda (AS_INDEX),Y                   ; 
 4464 A:e618  a8                                 tay                    ; 
 4465 A:e619  68                                 pla                    ; LENGTH IN A
 4466 A:e61a  28                                 plp                    ; RETRIEVE STATUS, Z=1 IF TEMP
 4467 A:e61b  d0 13                              bne AS_L_FRETMP_2                ; NOT A TEMPORARY STRING
 4468 A:e61d  c4 70                              cpy MS_Z_FRETOP+1          ; IS IT THE LOWEST STRING?
 4469 A:e61f  d0 0f                              bne AS_L_FRETMP_2                ; NO
 4470 A:e621  e4 6f                              cpx MS_Z_FRETOP                ; 
 4471 A:e623  d0 0b                              bne AS_L_FRETMP_2                ; NO
 4472 A:e625  48                                 pha                    ; YES, PUSH LENGTH AGAIN
 4473 A:e626  18                                 clc                    ; RECOVER THE SPACE USED BY
 4474 A:e627  65 6f                              adc MS_Z_FRETOP                ; THE STRING
 4475 A:e629  85 6f                              sta MS_Z_FRETOP                ; 
 4476 A:e62b  90 02                              bcc AS_L_FRETMP_1                ; 
 4477 A:e62d  e6 70                              inc MS_Z_FRETOP+1          ; 
 4478 A:e62f  68                       AS_L_FRETMP_1 pla                 ; RETRIEVE LENGTH AGAIN
 4479 A:e630  86 5e                    AS_L_FRETMP_2 stx AS_INDEX             ; ADDRESS OF STRING IN Y,X
 4480 A:e632  84 5f                              sty AS_INDEX+1          ; LENGTH OF STRING IN A-REG
 4481 A:e634  60                                 rts                    ; 
 4482 A:e635                                    ; --------------------------------
 4483 A:e635                                    ; RELEASE TEMPORARY DESCRIPTOR IF Y,A = LASTPT
 4484 A:e635                                    ; --------------------------------
 4485 A:e635  c4 54                    AS_FRETMS cpy MS_Z_LASTPT+1       ; COMPARE Y,A TO LATEST TEMP
 4486 A:e637  d0 0c                              bne AS_L_FRETMS_1                ; NOT SAME ONE, CANNOT RELEASE
 4487 A:e639  c5 53                              cmp MS_Z_LASTPT                ; 
 4488 A:e63b  d0 08                              bne AS_L_FRETMS_1                ; NOT SAME ONE, CANNOT RELEASE
 4489 A:e63d  85 52                              sta MS_Z_TEMPPT                ; UPDATE TEMPT FOR NEXT TEMP
 4490 A:e63f  e9 03                              sbc #3             ; BACK OFF LASTPT
 4491 A:e641  85 53                              sta MS_Z_LASTPT                ; 
 4492 A:e643  a0 00                              ldy #0             ; NOW Y,A POINTS TO TOP TEMP
 4493 A:e645  60                       AS_L_FRETMS_1 rts                 ; Z=0 IF NOT TEMP, Z=1 IF TEMP
 4494 A:e646                                    ; --------------------------------
 4495 A:e646                                    ; "CHR$" FUNCTION
 4496 A:e646                                    ; --------------------------------
 4497 A:e646  20 fb e6                 MS_CHR    jsr AS_CONINT             ; CONVERT ARGUMENT TO BYTE IN X
 4498 A:e649  8a                                 txa                    ; 
 4499 A:e64a  48                                 pha                    ; SAVE IT
 4500 A:e64b  a9 01                              lda #1             ; GET SPACE FOR STRING OF LENGTH 1
 4501 A:e64d  20 dd e3                           jsr AS_STRSPA                ; 
 4502 A:e650  68                                 pla                    ; RECALL THE CHARACTER
 4503 A:e651  a0 00                              ldy #0             ; PUT IN STRING
 4504 A:e653  91 9e                              sta (MS_Z_FAC+1),Y                   ; 
 4505 A:e655  68                                 pla                    ; POP RETURN ADDRESS
 4506 A:e656  68                                 pla                    ; 
 4507 A:e657  4c 2a e4                           jmp AS_PUTNEW                ; MAKE IT A TEMPORARY STRING
 4508 A:e65a                                    ; --------------------------------
 4509 A:e65a                                    ; "LEFT$" FUNCTION
 4510 A:e65a                                    ; --------------------------------
 4511 A:e65a                           MS_LEFT   
 4512 A:e65a  20 b9 e6                           jsr AS_SUBSTRING_SETUP
 4513 A:e65d  d1 8c                              cmp (MS_Z_DSCPNT),Y                  ; COMPARE 1ST PARAMETER TO LENGTH
 4514 A:e65f  98                                 tya                    ; Y=A=0
 4515 A:e660                           AS_SUBSTRING_1                  ; 
 4516 A:e660  90 04                              bcc AS_L_SUBSTRING_1_1                ; 1ST PARAMETER SMALLER, USE IT
 4517 A:e662  b1 8c                              lda (MS_Z_DSCPNT),Y                  ; 1ST IS LONGER, USE STRING LENGTH
 4518 A:e664  aa                                 tax                    ; IN X-REG
 4519 A:e665  98                                 tya                    ; Y=A=0 AGAIN
 4520 A:e666  48                       AS_L_SUBSTRING_1_1 pha                 ; PUSH LEFT END OF SUBSTRING
 4521 A:e667                           AS_SUBSTRING_2                  ; 
 4522 A:e667  8a                                 txa                    ; 
 4523 A:e668                           AS_SUBSTRING_3                  ; 
 4524 A:e668  48                                 pha                    ; PUSH LENGTH OF SUBSTRING
 4525 A:e669  20 dd e3                           jsr AS_STRSPA                ; MAKE ROOM FOR STRING OF (A) BYTES
 4526 A:e66c  a5 8c                              lda MS_Z_DSCPNT                ; RELEASE PARAMETER STRING IF TEMP
 4527 A:e66e  a4 8d                              ldy MS_Z_DSCPNT+1          ; 
 4528 A:e670  20 04 e6                           jsr AS_FRETMP                ; 
 4529 A:e673  68                                 pla                    ; GET LENGTH OF SUBSTRING
 4530 A:e674  a8                                 tay                    ; IN Y-REG
 4531 A:e675  68                                 pla                    ; GET LEFT END OF SUBSTRING
 4532 A:e676  18                                 clc                    ; ADD TO POINTER TO STRING
 4533 A:e677  65 5e                              adc AS_INDEX                ; 
 4534 A:e679  85 5e                              sta AS_INDEX                ; 
 4535 A:e67b  90 02                              bcc AS_L_SUBSTRING_3_1                ; 
 4536 A:e67d  e6 5f                              inc AS_INDEX+1          ; 
 4537 A:e67f  98                       AS_L_SUBSTRING_3_1 tya                 ; LENGTH
 4538 A:e680  20 e6 e5                           jsr AS_MOVSTR_1                ; COPY STRING INTO SPACE
 4539 A:e683  4c 2a e4                           jmp AS_PUTNEW                ; ADD TO TEMPS
 4540 A:e686                                    ; --------------------------------
 4541 A:e686                                    ; "RIGHT$" FUNCTION
 4542 A:e686                                    ; --------------------------------
 4543 A:e686                           MS_RIGHT  
 4544 A:e686  20 b9 e6                           jsr AS_SUBSTRING_SETUP
 4545 A:e689  18                                 clc                    ; COMPUTE LENGTH-WIDTH OF SUBSTRING
 4546 A:e68a  f1 8c                              sbc (MS_Z_DSCPNT),Y                  ; TO GET STARTING POINT IN STRING
 4547 A:e68c  49 ff                              eor #$ff
 4548 A:e68e  4c 60 e6                           jmp AS_SUBSTRING_1                ; JOIN LEFT$
 4549 A:e691                                    ; --------------------------------
 4550 A:e691                                    ; "MID$" FUNCTION
 4551 A:e691                                    ; --------------------------------
 4552 A:e691  a9 ff                    MS_MID    lda #$ff          ; FLAG WHETHER 2ND PARAMETER
 4553 A:e693  85 a1                              sta MS_Z_FAC+4          ; 
 4554 A:e695  20 b7 00                           jsr MS_Z_CHRGOT                ; SEE IF ")" YET
 4555 A:e698  c9 29                              cmp #(")"&%01111111)     ; 
 4556 A:e69a  f0 06                              beq AS_L_MIDSTR_1                ; YES, NO 2ND PARAMETER
 4557 A:e69c  20 be de                           jsr AS_CHKCOM                ; NO, MUST HAVE COMMA
 4558 A:e69f  20 f8 e6                           jsr AS_GETBYT                ; GET 2ND PARAM IN X-REG
 4559 A:e6a2  20 b9 e6                 AS_L_MIDSTR_1 jsr AS_SUBSTRING_SETUP
 4560 A:e6a5  ca                                 dex                    ; 1ST PARAMETER - 1
 4561 A:e6a6  8a                                 txa 
 4562 A:e6a7  48                                 pha 
 4563 A:e6a8  18                                 clc 
 4564 A:e6a9  a2 00                              ldx #0
 4565 A:e6ab  f1 8c                              sbc (MS_Z_DSCPNT),Y
 4566 A:e6ad  b0 b8                              bcs AS_SUBSTRING_2
 4567 A:e6af  49 ff                              eor #$ff
 4568 A:e6b1  c5 a1                              cmp MS_Z_FAC+4          ; USE SMALLER OF TWO
 4569 A:e6b3  90 b3                              bcc AS_SUBSTRING_3
 4570 A:e6b5  a5 a1                              lda MS_Z_FAC+4
 4571 A:e6b7  b0 af                              bcs AS_SUBSTRING_3                ; ...ALWAYS
 4572 A:e6b9                                    ; --------------------------------
 4573 A:e6b9                                    ; COMMON SETUP ROUTINE FOR LEFT$, RIGHT$, MID$:
 4574 A:e6b9                                    ; REQUIRE ")"; POP RETURN ADRS, GET DESCRIPTOR
 4575 A:e6b9                                    ; ADDRESS, GET 1ST PARAMETER OF COMMAND
 4576 A:e6b9                                    ; --------------------------------
 4577 A:e6b9                           AS_SUBSTRING_SETUP 
 4578 A:e6b9  20 b8 de                           jsr AS_CHKCLS                ; REQUIRE ")"
 4579 A:e6bc  68                                 pla                    ; SAVE RETURN ADDRESS
 4580 A:e6bd  a8                                 tay                    ; IN Y-REG AND LENGTH
 4581 A:e6be  68                                 pla                    ; 
 4582 A:e6bf  85 91                              sta MS_Z_SIZE                ; 
 4583 A:e6c1  68                                 pla                    ; POP PREVIOUS RETURN ADDRESS
 4584 A:e6c2  68                                 pla                    ; (FROM GOROUT).
 4585 A:e6c3  68                                 pla                    ; RETRIEVE 1ST PARAMETER
 4586 A:e6c4  aa                                 tax                    ; 
 4587 A:e6c5  68                                 pla                    ; GET ADDRESS OF STRING DESCRIPTOR
 4588 A:e6c6  85 8c                              sta MS_Z_DSCPNT                ; 
 4589 A:e6c8  68                                 pla                    ; 
 4590 A:e6c9  85 8d                              sta MS_Z_DSCPNT+1          ; 
 4591 A:e6cb  a5 91                              lda MS_Z_SIZE                ; RESTORE RETURN ADDRESS
 4592 A:e6cd  48                                 pha                    ; 
 4593 A:e6ce  98                                 tya                    ; 
 4594 A:e6cf  48                                 pha                    ; 
 4595 A:e6d0  a0 00                              ldy #0             ; 
 4596 A:e6d2  8a                                 txa                    ; GET 1ST PARAMETER IN A-REG
 4597 A:e6d3  f0 1d                              beq AS_GOIQ                ; ERROR IF 0
 4598 A:e6d5  60                                 rts 
 4599 A:e6d6                                    ; --------------------------------
 4600 A:e6d6                                    ; "LEN" FUNCTION
 4601 A:e6d6                                    ; --------------------------------
 4602 A:e6d6  20 dc e6                 MS_LEN    jsr AS_GETSTR             ; GET LENTGH IN Y-REG, MAKE FAC NUMERIC
 4603 A:e6d9  4c 01 e3                           jmp AS_SNGFLT                ; FLOAT Y-REG INTO FAC
 4604 A:e6dc                                    ; --------------------------------
 4605 A:e6dc                                    ; IF LAST RESULT IS A TEMPORARY STRING, FREE IT
 4606 A:e6dc                                    ; MAKE VALTYP NUMERIC, RETURN LENGTH IN Y-REG
 4607 A:e6dc                                    ; --------------------------------
 4608 A:e6dc  20 fd e5                 AS_GETSTR jsr AS_FRESTR             ; IF LAST RESULT IS A STRING, FREE IT
 4609 A:e6df  a2 00                              ldx #0             ; MAKE VALTYP NUMERIC
 4610 A:e6e1  86 11                              stx MS_Z_VALTYP                ; 
 4611 A:e6e3  a8                                 tay                    ; LENGTH OF STRING TO Y-REG
 4612 A:e6e4  60                                 rts 
 4613 A:e6e5                                    ; --------------------------------
 4614 A:e6e5                                    ; "ASC" FUNCTION
 4615 A:e6e5                                    ; --------------------------------
 4616 A:e6e5  20 dc e6                 MS_ASC    jsr AS_GETSTR             ; GET STRING, GET LENGTH IN Y-REG
 4617 A:e6e8  f0 08                              beq AS_GOIQ                ; ERROR IF LENGTH 0
 4618 A:e6ea  a0 00                              ldy #0             ; 
 4619 A:e6ec  b1 5e                              lda (AS_INDEX),Y                   ; GET 1ST CHAR OF STRING
 4620 A:e6ee  a8                                 tay                    ; 
 4621 A:e6ef  4c 01 e3                           jmp AS_SNGFLT                ; FLOAT Y-REG INTO FAC
 4622 A:e6f2                                    ; --------------------------------
 4623 A:e6f2  4c 99 e1                 AS_GOIQ   jmp AS_IQERR             ; ILLEGAL QUANTITY ERROR
 4624 A:e6f5                                    ; --------------------------------
 4625 A:e6f5                                    ; SCAN TO NEXT CHARACTER AND CONVERT EXPRESSION
 4626 A:e6f5                                    ; TO SINGLE BYTE IN X-REG
 4627 A:e6f5                                    ; --------------------------------
 4628 A:e6f5  20 b1 00                 AS_GTBYTC jsr MS_Z_CHRGET
 4629 A:e6f8                                    ; --------------------------------
 4630 A:e6f8                                    ; EVALUATE EXPRESSION AT TXTPTR, AND
 4631 A:e6f8                                    ; CONVERT IT TO SINGLE BYTE IN X-REG
 4632 A:e6f8                                    ; --------------------------------
 4633 A:e6f8  20 67 dd                 AS_GETBYT jsr AS_FRMNUM
 4634 A:e6fb                                    ; --------------------------------
 4635 A:e6fb                                    ; CONVERT (FAC) TO SINGLE BYTE INTEGER IN X-REG
 4636 A:e6fb                                    ; --------------------------------
 4637 A:e6fb  20 08 e1                 AS_CONINT jsr AS_MKINT             ; CONVERT IF IN RANGE -32767 TO +32767
 4638 A:e6fe  a6 a0                              ldx MS_Z_FAC+3          ; HI-BYTE MUST BE ZERO
 4639 A:e700  d0 f0                              bne AS_GOIQ                ; VALUE > 255, ERROR
 4640 A:e702  a6 a1                              ldx MS_Z_FAC+4          ; VALUE IN X-REG
 4641 A:e704  4c b7 00                           jmp MS_Z_CHRGOT                ; GET NEXT CHAR IN A-REG
 4642 A:e707                                    ; --------------------------------
 4643 A:e707                                    ; "VAL" FUNCTION
 4644 A:e707                                    ; --------------------------------
 4645 A:e707  20 dc e6                 MS_VAL    jsr AS_GETSTR             ; GET POINTER TO STRING IN INDEX
 4646 A:e70a  d0 03                              bne AS_L_VAL_1                ; LENGTH NON-ZERO
 4647 A:e70c  4c 4e e8                           jmp AS_ZERO_FAC                ; RETURN 0 IF LENGTH=0
 4648 A:e70f  a6 b8                    AS_L_VAL_1 ldx MS_Z_TXTPTR             ; SAVE CURRENT TXTPTR
 4649 A:e711  a4 b9                              ldy MS_Z_TXTPTR+1          ; 
 4650 A:e713  86 ad                              stx MS_Z_STRNG2                ; 
 4651 A:e715  84 ae                              sty MS_Z_STRNG2+1          ; 
 4652 A:e717  a6 5e                              ldx AS_INDEX                ; 
 4653 A:e719  86 b8                              stx MS_Z_TXTPTR                ; POINT TXTPTR TO START OF STRING
 4654 A:e71b  18                                 clc                    ; 
 4655 A:e71c  65 5e                              adc AS_INDEX                ; ADD LENGTH
 4656 A:e71e  85 60                              sta AS_DEST                ; POINT DEST TO END OF STRING + 1
 4657 A:e720  a6 5f                              ldx AS_INDEX+1          ; 
 4658 A:e722  86 b9                              stx MS_Z_TXTPTR+1          ; 
 4659 A:e724  90 01                              bcc AS_L_VAL_2                ; 
 4660 A:e726  e8                                 inx                    ; 
 4661 A:e727  86 61                    AS_L_VAL_2 stx AS_DEST+1       ; 
 4662 A:e729  a0 00                              ldy #0             ; SAVE BYTE THAT FOLLOWS STRING
 4663 A:e72b  b1 60                              lda (AS_DEST),Y                    ; ON STACK
 4664 A:e72d  48                                 pha                    ; 
 4665 A:e72e  a9 00                              lda #0             ; AND STORE $00 IN ITS PLACE
 4666 A:e730  91 60                              sta (AS_DEST),Y                    ; 
 4667 A:e732                                    ; <<< THAT CAUSES A BUG IF HIMEM = $BFFF, >>>
 4668 A:e732                                    ; <<< BECAUSE STORING $00 AT $C000 IS NO  >>>
 4669 A:e732                                    ; <<< USE; $C000 WILL ALWAYS BE LAST CHAR >>>
 4670 A:e732                                    ; <<< TYPED, SO FIN WON'T TERMINATE UNTIL >>>
 4671 A:e732                                    ; <<< IT SEES A ZERO AT $C010!            >>>
 4672 A:e732  20 b7 00                           jsr MS_Z_CHRGOT                ; PRIME THE PUMP
 4673 A:e735  20 4a ec                           jsr AS_FIN                ; EVALUATE STRING
 4674 A:e738  68                                 pla                    ; GET BYTE THAT SHOULD FOLLOW STRING
 4675 A:e739  a0 00                              ldy #0             ; AND PUT IT BACK
 4676 A:e73b  91 60                              sta (AS_DEST),Y                    ; 
 4677 A:e73d                                    ; RESTORE TXTPTR
 4678 A:e73d                                    ; --------------------------------
 4679 A:e73d                                    ; COPY STRNG2 INTO TXTPTR
 4680 A:e73d                                    ; --------------------------------
 4681 A:e73d  a6 ad                    AS_POINT  ldx MS_Z_STRNG2             ; 
 4682 A:e73f  a4 ae                              ldy MS_Z_STRNG2+1          ; 
 4683 A:e741  86 b8                              stx MS_Z_TXTPTR                ; 
 4684 A:e743  84 b9                              sty MS_Z_TXTPTR+1          ; 
 4685 A:e745  60                                 rts                    ; 
 4686 A:e746                                    ; --------------------------------
 4687 A:e746                                    ; EVALUATE "EXP1,EXP2"
 4688 A:e746                                    ; 
 4689 A:e746                                    ; CONVERT EXP1 TO 16-BIT NUMBER IN LINNUM
 4690 A:e746                                    ; CONVERT EXP2 TO 8-BIT NUMBER IN X-REG
 4691 A:e746                                    ; --------------------------------
 4692 A:e746  20 67 dd                 AS_GTNUM  jsr AS_FRMNUM             ; 
 4693 A:e749  20 52 e7                           jsr AS_GETADR                ; 
 4694 A:e74c                                    ; --------------------------------
 4695 A:e74c                                    ; EVALUATE ",EXPRESSION"
 4696 A:e74c                                    ; CONVERT EXPRESSION TO SINGLE BYTE IN X-REG
 4697 A:e74c                                    ; --------------------------------
 4698 A:e74c                           AS_COMBYTE                  ; 
 4699 A:e74c  20 be de                           jsr AS_CHKCOM                ; MUST HAVE COMMA FIRST
 4700 A:e74f  4c f8 e6                           jmp AS_GETBYT                ; CONVERT EXPRESSION TO BYTE IN X-REG
 4701 A:e752                                    ; --------------------------------
 4702 A:e752                                    ; CONVERT (FAC) TO A 16-BIT VALUE IN LINNUM
 4703 A:e752                                    ; --------------------------------
 4704 A:e752  a5 9d                    AS_GETADR lda MS_Z_FAC             ; FAC < 2^16?
 4705 A:e754  c9 91                              cmp #$91             ; 
 4706 A:e756  b0 9a                              bcs AS_GOIQ                ; NO, ILLEGAL QUANTITY
 4707 A:e758  20 f2 eb                           jsr AS_QINT                ; CONVERT TO INTEGER
 4708 A:e75b  a5 a0                              lda MS_Z_FAC+3          ; COPY IT INTO LINNUM
 4709 A:e75d  a4 a1                              ldy MS_Z_FAC+4          ; 
 4710 A:e75f  84 50                              sty MS_Z_LINNUM                ; TO LINNUM
 4711 A:e761  85 51                              sta MS_Z_LINNUM+1          ; 
 4712 A:e763  60                                 rts                    ; 
 4713 A:e764                                    ; --------------------------------
 4714 A:e764                                    ; "PEEK" FUNCTION
 4715 A:e764                                    ; --------------------------------
 4716 A:e764  a5 50                    MS_PEEK   lda MS_Z_LINNUM             ; SAVE (LINNUM) ON STACK DURING PEEK
 4717 A:e766  48                                 pha                    ; 
 4718 A:e767  a5 51                              lda MS_Z_LINNUM+1          ; 
 4719 A:e769  48                                 pha                    ; 
 4720 A:e76a  20 52 e7                           jsr AS_GETADR                ; GET ADDRESS PEEKING AT
 4721 A:e76d  a0 00                              ldy #0
 4722 A:e76f  b1 50                              lda (MS_Z_LINNUM),Y                  ; TAKE A QUICK LOOK
 4723 A:e771  a8                                 tay                    ; VALUE IN Y-REG
 4724 A:e772  68                                 pla                    ; RESTORE LINNUM FROM STACK
 4725 A:e773  85 51                              sta MS_Z_LINNUM+1          ; 
 4726 A:e775  68                                 pla                    ; 
 4727 A:e776  85 50                              sta MS_Z_LINNUM                ; 
 4728 A:e778  4c 01 e3                           jmp AS_SNGFLT                ; FLOAT Y-REG INTO FAC
 4729 A:e77b                                    ; --------------------------------
 4730 A:e77b                                    ; "POKE" STATEMENT
 4731 A:e77b                                    ; --------------------------------
 4732 A:e77b  20 46 e7                 MS_POKE   jsr AS_GTNUM             ; GET THE ADDRESS AND VALUE
 4733 A:e77e  8a                                 txa                    ; VALUE IN A,
 4734 A:e77f  a0 00                              ldy #0             ; 
 4735 A:e781  91 50                              sta (MS_Z_LINNUM),Y                  ; STORE IT AWAY,
 4736 A:e783  60                                 rts                    ; AND THAT'S ALL FOR TODAY
 4737 A:e784                                    ; --------------------------------
 4738 A:e784                                    ; "WAIT" STATEMENT
 4739 A:e784                                    ; --------------------------------
 4740 A:e784  20 46 e7                 MS_FNWAIT jsr AS_GTNUM             ; GET ADDRESS IN LINNUM, MASK IN X
 4741 A:e787  86 85                              stx MS_Z_FORPNT                ; SAVE MASK
 4742 A:e789  a2 00                              ldx #0             ; 
 4743 A:e78b  20 b7 00                           jsr MS_Z_CHRGOT                ; ANOTHER PARAMETER?
 4744 A:e78e  f0 03                              beq AS_L_WAIT_1                ; NO, USE $00 FOR EXCLUSIVE-OR
 4745 A:e790  20 4c e7                           jsr AS_COMBYTE                ; GET XOR-MASK
 4746 A:e793  86 86                    AS_L_WAIT_1 stx MS_Z_FORPNT+1       ; SAVE XOR-MASK HERE
 4747 A:e795  a0 00                              ldy #0
 4748 A:e797  b1 50                    AS_L_WAIT_2 lda (MS_Z_LINNUM),Y                  ; GET BYTE AT ADDRESS
 4749 A:e799  45 86                              eor MS_Z_FORPNT+1          ; INVERT SPECIFIED BITS
 4750 A:e79b  25 85                              and MS_Z_FORPNT                ; SELECT SPECIFIED BITS
 4751 A:e79d  f0 f8                              beq AS_L_WAIT_2                ; LOOP TILL NOT 0
 4752 A:e79f  60                       AS_RTS_10 rts 
 4753 A:e7a0                                    ; --------------------------------
 4754 A:e7a0                                    ; ADD 0L_RTS_10_5 TO FAC
 4755 A:e7a0                                    ; --------------------------------
 4756 A:e7a0  a9 64                    AS_FADDH  lda #<AS_CON_HALF           ; FAC+1/2 -> FAC
 4757 A:e7a2  a0 ee                              ldy #>AS_CON_HALF
 4758 A:e7a4  4c be e7                           jmp AS_FADD
 4759 A:e7a7                                    ; --------------------------------
 4760 A:e7a7                                    ; FAC = (Y,A) - FAC
 4761 A:e7a7                                    ; --------------------------------
 4762 A:e7a7  20 e3 e9                 AS_FSUB   jsr AS_LOAD_ARG_FROM_YA
 4763 A:e7aa                                    ; --------------------------------
 4764 A:e7aa                                    ; FAC = ARG - FAC
 4765 A:e7aa                                    ; --------------------------------
 4766 A:e7aa  a5 a2                    MS_FSUBT  lda MS_Z_FACSGN             ; COMPLEMENT FAC AND ADD
 4767 A:e7ac  49 ff                              eor #$ff             ; 
 4768 A:e7ae  85 a2                              sta MS_Z_FACSGN                ; 
 4769 A:e7b0  45 aa                              eor MS_Z_ARGSGN                ; FIX SGNCPR TOO
 4770 A:e7b2  85 ab                              sta MS_Z_ARISGN                ; 
 4771 A:e7b4  a5 9d                              lda MS_Z_FAC                ; MAKE STATUS SHOW FAC EXPONENT
 4772 A:e7b6  4c c1 e7                           jmp MS_FADDT                ; JOIN FADD
 4773 A:e7b9                                    ; --------------------------------
 4774 A:e7b9                                    ; SHIFT SMALLER ARGUMENT MORE THAN 7 BITS
 4775 A:e7b9                                    ; --------------------------------
 4776 A:e7b9  20 f0 e8                 AS_FADD_1 jsr AS_SHIFT_RIGHT             ; ALIGN RADIX BY SHIFTING
 4777 A:e7bc  90 3c                              bcc AS_FADD_3                ; ...ALWAYS
 4778 A:e7be                                    ; --------------------------------
 4779 A:e7be                                    ; FAC = (Y,A) + FAC
 4780 A:e7be                                    ; --------------------------------
 4781 A:e7be  20 e3 e9                 AS_FADD   jsr AS_LOAD_ARG_FROM_YA
 4782 A:e7c1                                    ; --------------------------------
 4783 A:e7c1                                    ; FAC = ARG + FAC
 4784 A:e7c1                                    ; --------------------------------
 4785 A:e7c1  d0 03                    MS_FADDT  bne AS_L_FADDT_1             ; FAC IS NON-ZERO
 4786 A:e7c3  4c 53 eb                           jmp AS_COPY_ARG_TO_FAC                ; FAC = 0 + ARG
 4787 A:e7c6  a6 ac                    AS_L_FADDT_1 ldx MS_Z_FACOV
 4788 A:e7c8  86 92                              stx MS_Z_OLDOV
 4789 A:e7ca  a2 a5                              ldx #MS_Z_ARGEXP               ; SET UP TO SHIFT ARG
 4790 A:e7cc  a5 a5                              lda MS_Z_ARGEXP                ; EXPONENT
 4791 A:e7ce                                    ; --------------------------------
 4792 A:e7ce  a8                       AS_FADD_2 tay 
 4793 A:e7cf  f0 ce                              beq AS_RTS_10                ; IF ARG=0, WE ARE FINISHED
 4794 A:e7d1  38                                 sec                    ; 
 4795 A:e7d2  e5 9d                              sbc MS_Z_FAC                ; GET DIFFNCE OF EXP
 4796 A:e7d4  f0 24                              beq AS_FADD_3                ; GO ADD IF SAME EXP
 4797 A:e7d6  90 12                              bcc AS_L_FADD_2_1                ; ARG HAS SMALLER EXPONENT
 4798 A:e7d8  84 9d                              sty MS_Z_FAC                ; EXP HAS SMALLER EXPONENT
 4799 A:e7da  a4 aa                              ldy MS_Z_ARGSGN                ; 
 4800 A:e7dc  84 a2                              sty MS_Z_FACSGN                ; 
 4801 A:e7de  49 ff                              eor #$ff             ; COMPLEMENT SHIFT COUNT
 4802 A:e7e0  69 00                              adc #0             ; CARRY WAS SET
 4803 A:e7e2  a0 00                              ldy #0
 4804 A:e7e4  84 92                              sty MS_Z_OLDOV
 4805 A:e7e6  a2 9d                              ldx #MS_Z_FAC               ; SET UP TO SHIFT FAC
 4806 A:e7e8  d0 04                              bne AS_L_FADD_2_2                ; ...ALWAYS
 4807 A:e7ea  a0 00                    AS_L_FADD_2_1 ldy #0
 4808 A:e7ec  84 ac                              sty MS_Z_FACOV
 4809 A:e7ee  c9 f9                    AS_L_FADD_2_2 cmp #$f9          ; SHIFT MORE THAN 7 BITS?
 4810 A:e7f0  30 c7                              bmi AS_FADD_1                ; YES
 4811 A:e7f2  a8                                 tay                    ; INDEX TO # OF SHIFTS
 4812 A:e7f3  a5 ac                              lda MS_Z_FACOV
 4813 A:e7f5  56 01                              lsr 1,X                         ; START SHIFTING...
 4814 A:e7f7  20 07 e9                           jsr AS_SHIFT_RIGHT_4                ; ...COMPLETE SHIFTING
 4815 A:e7fa  24 ab                    AS_FADD_3 bit MS_Z_ARISGN             ; DO FAC AND ARG HAVE SAME SIGNS?
 4816 A:e7fc  10 57                              bpl AS_FADD_4                ; YES, ADD THE MANTISSAS
 4817 A:e7fe  a0 9d                              ldy #MS_Z_FAC               ; NO, SUBTRACT SMALLER FROM LARGER
 4818 A:e800  e0 a5                              cpx #MS_Z_ARGEXP               ; WHICH WAS ADJUSTED?
 4819 A:e802  f0 02                              beq AS_L_FADD_3_1                ; IF ARG, DO FAC-ARG
 4820 A:e804  a0 a5                              ldy #MS_Z_ARGEXP               ; IF FAC, DO ARG-FAC
 4821 A:e806  38                       AS_L_FADD_3_1 sec                 ; SUBTRACT SMALLER FROM LARGER (WE HOPE)
 4822 A:e807  49 ff                              eor #$ff             ; (IF EXPONENTS WERE EQUAL, WE MIGHT BE
 4823 A:e809  65 92                              adc MS_Z_OLDOV                ; SUBTRACTING LARGER FROM SMALLER)
 4824 A:e80b  85 ac                              sta MS_Z_FACOV
 4825 A:e80d  b9 04 00                           lda 4,Y
 4826 A:e810  f5 04                              sbc 4,X
 4827 A:e812  85 a1                              sta MS_Z_FAC+4
 4828 A:e814  b9 03 00                           lda 3,Y
 4829 A:e817  f5 03                              sbc 3,X
 4830 A:e819  85 a0                              sta MS_Z_FAC+3
 4831 A:e81b  b9 02 00                           lda 2,Y
 4832 A:e81e  f5 02                              sbc 2,X
 4833 A:e820  85 9f                              sta MS_Z_FAC+2
 4834 A:e822  b9 01 00                           lda 1,Y
 4835 A:e825  f5 01                              sbc 1,X
 4836 A:e827  85 9e                              sta MS_Z_FAC+1
 4837 A:e829                                    ; --------------------------------
 4838 A:e829                                    ; NORMALIZE VALUE IN FAC
 4839 A:e829                                    ; --------------------------------
 4840 A:e829                           AS_NORMALIZE_FAC_1 
 4841 A:e829  b0 03                              bcs AS_NORMALIZE_FAC_2
 4842 A:e82b  20 9e e8                           jsr AS_COMPLEMENT_FAC
 4843 A:e82e                                    ; --------------------------------
 4844 A:e82e                           AS_NORMALIZE_FAC_2 
 4845 A:e82e  a0 00                              ldy #0             ; SHIFT UP SIGNIF DIGIT
 4846 A:e830  98                                 tya                    ; START A=0, COUNT SHIFTS IN A-REG
 4847 A:e831  18                                 clc 
 4848 A:e832  a6 9e                    AS_L_NORMALIZE_FAC_2_1 ldx MS_Z_FAC+1       ; LOOK AT MOST SIGNIFICANT BYTE
 4849 A:e834  d0 4a                              bne AS_NORMALIZE_FAC_4                ; SOME 1-BITS HERE
 4850 A:e836  a6 9f                              ldx MS_Z_FAC+2          ; HI-BYTE OF MANTISSA STILL ZERO,
 4851 A:e838  86 9e                              stx MS_Z_FAC+1          ; SO DO A FAST 8-BIT SHUFFLE
 4852 A:e83a  a6 a0                              ldx MS_Z_FAC+3
 4853 A:e83c  86 9f                              stx MS_Z_FAC+2
 4854 A:e83e  a6 a1                              ldx MS_Z_FAC+4
 4855 A:e840  86 a0                              stx MS_Z_FAC+3
 4856 A:e842  a6 ac                              ldx MS_Z_FACOV
 4857 A:e844  86 a1                              stx MS_Z_FAC+4
 4858 A:e846  84 ac                              sty MS_Z_FACOV                ; ZERO EXTENSION BYTE
 4859 A:e848  69 08                              adc #8             ; BUMP SHIFT COUNT
 4860 A:e84a  c9 20                              cmp #32             ; DONE 4 TIMES YET?
 4861 A:e84c  d0 e4                              bne AS_L_NORMALIZE_FAC_2_1                ; NO, STILL MIGHT BE SOME 1'S
 4862 A:e84e                                    ; YES, VALUE OF FAC IS ZERO
 4863 A:e84e                                    ; --------------------------------
 4864 A:e84e                                    ; SET FAC = 0
 4865 A:e84e                                    ; (ONLY NECESSARY TO ZERO EXPONENT AND SIGN CELLS)
 4866 A:e84e                                    ; --------------------------------
 4867 A:e84e                           AS_ZERO_FAC 
 4868 A:e84e  a9 00                              lda #0
 4869 A:e850                                    ; --------------------------------
 4870 A:e850                           AS_STA_IN_FAC_SIGN_AND_EXP 
 4871 A:e850  85 9d                              sta MS_Z_FAC
 4872 A:e852                                    ; --------------------------------
 4873 A:e852                           AS_STA_IN_FAC_SIGN 
 4874 A:e852  85 a2                              sta MS_Z_FACSGN
 4875 A:e854  60                                 rts 
 4876 A:e855                                    ; --------------------------------
 4877 A:e855                                    ; ADD MANTISSAS OF FAC AND ARG INTO FAC
 4878 A:e855                                    ; --------------------------------
 4879 A:e855  65 92                    AS_FADD_4 adc MS_Z_OLDOV
 4880 A:e857  85 ac                              sta MS_Z_FACOV
 4881 A:e859  a5 a1                              lda MS_Z_FAC+4
 4882 A:e85b  65 a9                              adc MS_Z_ARGEXP+4
 4883 A:e85d  85 a1                              sta MS_Z_FAC+4
 4884 A:e85f  a5 a0                              lda MS_Z_FAC+3
 4885 A:e861  65 a8                              adc MS_Z_ARGEXP+3
 4886 A:e863  85 a0                              sta MS_Z_FAC+3
 4887 A:e865  a5 9f                              lda MS_Z_FAC+2
 4888 A:e867  65 a7                              adc MS_Z_ARGEXP+2
 4889 A:e869  85 9f                              sta MS_Z_FAC+2
 4890 A:e86b  a5 9e                              lda MS_Z_FAC+1
 4891 A:e86d  65 a6                              adc MS_Z_ARGEXP+1
 4892 A:e86f  85 9e                              sta MS_Z_FAC+1
 4893 A:e871  4c 8d e8                           jmp AS_NORMALIZE_FAC_5
 4894 A:e874                                    ; --------------------------------
 4895 A:e874                                    ; FINISH NORMALIZING FAC
 4896 A:e874                                    ; --------------------------------
 4897 A:e874                           AS_NORMALIZE_FAC_3 
 4898 A:e874  69 01                              adc #1             ; COUNT BITS SHIFTED
 4899 A:e876  06 ac                              asl MS_Z_FACOV
 4900 A:e878  26 a1                              rol MS_Z_FAC+4
 4901 A:e87a  26 a0                              rol MS_Z_FAC+3
 4902 A:e87c  26 9f                              rol MS_Z_FAC+2
 4903 A:e87e  26 9e                              rol MS_Z_FAC+1
 4904 A:e880                                    ; --------------------------------
 4905 A:e880                           AS_NORMALIZE_FAC_4 
 4906 A:e880  10 f2                              bpl AS_NORMALIZE_FAC_3                ; UNTIL TOP BIT = 1
 4907 A:e882  38                                 sec 
 4908 A:e883  e5 9d                              sbc MS_Z_FAC                ; ADJUST EXPONENT BY BITS SHIFTED
 4909 A:e885  b0 c7                              bcs AS_ZERO_FAC                ; UNDERFLOW, RETURN ZERO
 4910 A:e887  49 ff                              eor #$ff             ; 
 4911 A:e889  69 01                              adc #1             ; 2'S COMPLEMENT
 4912 A:e88b  85 9d                              sta MS_Z_FAC                ; CARRY=0 NOW
 4913 A:e88d                                    ; --------------------------------
 4914 A:e88d                           AS_NORMALIZE_FAC_5                  ; 
 4915 A:e88d  90 0e                              bcc AS_RTS_11                ; UNLESS MANTISSA CARRIED
 4916 A:e88f                                    ; --------------------------------
 4917 A:e88f                           AS_NORMALIZE_FAC_6                  ; 
 4918 A:e88f  e6 9d                              inc MS_Z_FAC                ; MANTISSA CARRIED, SO SHIFT RIGHT
 4919 A:e891  f0 42                              beq AS_OVERFLOW                ; OVERFLOW IF EXPONENT TOO BIG
 4920 A:e893  66 9e                              ror MS_Z_FAC+1
 4921 A:e895  66 9f                              ror MS_Z_FAC+2
 4922 A:e897  66 a0                              ror MS_Z_FAC+3
 4923 A:e899  66 a1                              ror MS_Z_FAC+4
 4924 A:e89b  66 ac                              ror MS_Z_FACOV
 4925 A:e89d  60                       AS_RTS_11 rts 
 4926 A:e89e                                    ; --------------------------------
 4927 A:e89e                                    ; 2'S COMPLEMENT OF FAC
 4928 A:e89e                                    ; --------------------------------
 4929 A:e89e                           AS_COMPLEMENT_FAC 
 4930 A:e89e  a5 a2                              lda MS_Z_FACSGN
 4931 A:e8a0  49 ff                              eor #$ff
 4932 A:e8a2  85 a2                              sta MS_Z_FACSGN
 4933 A:e8a4                                    ; --------------------------------
 4934 A:e8a4                                    ; 2'S COMPLEMENT OF FAC MANTISSA ONLY
 4935 A:e8a4                                    ; --------------------------------
 4936 A:e8a4                           AS_COMPLEMENT_FAC_MANTISSA 
 4937 A:e8a4  a5 9e                              lda MS_Z_FAC+1
 4938 A:e8a6  49 ff                              eor #$ff
 4939 A:e8a8  85 9e                              sta MS_Z_FAC+1
 4940 A:e8aa  a5 9f                              lda MS_Z_FAC+2
 4941 A:e8ac  49 ff                              eor #$ff
 4942 A:e8ae  85 9f                              sta MS_Z_FAC+2
 4943 A:e8b0  a5 a0                              lda MS_Z_FAC+3
 4944 A:e8b2  49 ff                              eor #$ff
 4945 A:e8b4  85 a0                              sta MS_Z_FAC+3
 4946 A:e8b6  a5 a1                              lda MS_Z_FAC+4
 4947 A:e8b8  49 ff                              eor #$ff
 4948 A:e8ba  85 a1                              sta MS_Z_FAC+4
 4949 A:e8bc  a5 ac                              lda MS_Z_FACOV
 4950 A:e8be  49 ff                              eor #$ff
 4951 A:e8c0  85 ac                              sta MS_Z_FACOV
 4952 A:e8c2  e6 ac                              inc MS_Z_FACOV                ; START INCREMENTING MANTISSA
 4953 A:e8c4  d0 0e                              bne AS_RTS_12
 4954 A:e8c6                                    ; --------------------------------
 4955 A:e8c6                                    ; INCREMENT FAC MANTISSA
 4956 A:e8c6                                    ; --------------------------------
 4957 A:e8c6                           AS_INCREMENT_FAC_MANTISSA 
 4958 A:e8c6  e6 a1                              inc MS_Z_FAC+4          ; ADD CARRY FROM EXTRA
 4959 A:e8c8  d0 0a                              bne AS_RTS_12
 4960 A:e8ca  e6 a0                              inc MS_Z_FAC+3
 4961 A:e8cc  d0 06                              bne AS_RTS_12
 4962 A:e8ce  e6 9f                              inc MS_Z_FAC+2
 4963 A:e8d0  d0 02                              bne AS_RTS_12
 4964 A:e8d2  e6 9e                              inc MS_Z_FAC+1
 4965 A:e8d4  60                       AS_RTS_12 rts 
 4966 A:e8d5                                    ; --------------------------------
 4967 A:e8d5                           AS_OVERFLOW 
 4968 A:e8d5  a2 45                              ldx #MS_ERROV
 4969 A:e8d7  4c 12 d4                           jmp MS_ERROR
 4970 A:e8da                                    ; --------------------------------
 4971 A:e8da                                    ; SHIFT 1,X THRU 5,X RIGHT
 4972 A:e8da                                    ; (A) = NEGATIVE OF SHIFT COUNT
 4973 A:e8da                                    ; (X) = POINTER TO BYTES TO BE SHIFTED
 4974 A:e8da                                    ; 
 4975 A:e8da                                    ; RETURN WITH (Y)=0, CARRY=0, EXTENSION BITS IN A-REG
 4976 A:e8da                                    ; --------------------------------
 4977 A:e8da                           AS_SHIFT_RIGHT_1 
 4978 A:e8da  a2 61                              ldx #AS_RESULT-1         ; SHIFT RESULT RIGHT
 4979 A:e8dc                           AS_SHIFT_RIGHT_2                  ; 
 4980 A:e8dc  b4 04                              ldy 4,X                         ; SHIFT 8 BITS RIGHT
 4981 A:e8de  84 ac                              sty MS_Z_FACOV                ; 
 4982 A:e8e0  b4 03                              ldy 3,X                         ; 
 4983 A:e8e2  94 04                              sty 4,X                         ; 
 4984 A:e8e4  b4 02                              ldy 2,X                         ; 
 4985 A:e8e6  94 03                              sty 3,X                         ; 
 4986 A:e8e8  b4 01                              ldy 1,X                         ; 
 4987 A:e8ea  94 02                              sty 2,X                         ; 
 4988 A:e8ec  a4 a4                              ldy MS_Z_BITS                ; $00 IF +, $FF IF -
 4989 A:e8ee  94 01                              sty 1,X
 4990 A:e8f0                                    ; --------------------------------
 4991 A:e8f0                                    ; MAIN ENTRY TO RIGHT SHIFT SUBROUTINE
 4992 A:e8f0                                    ; --------------------------------
 4993 A:e8f0                           AS_SHIFT_RIGHT 
 4994 A:e8f0  69 08                              adc #8
 4995 A:e8f2  30 e8                              bmi AS_SHIFT_RIGHT_2                ; STILL MORE THAN 8 BITS TO GO
 4996 A:e8f4  f0 e6                              beq AS_SHIFT_RIGHT_2                ; EXACTLY 8 MORE BITS TO GO
 4997 A:e8f6  e9 08                              sbc #8             ; UNDO ADC ABOVE
 4998 A:e8f8  a8                                 tay                    ; REMAINING SHIFT COUNT
 4999 A:e8f9  a5 ac                              lda MS_Z_FACOV                ; 
 5000 A:e8fb  b0 14                              bcs AS_SHIFT_RIGHT_5                ; FINISHED SHIFTING
 5001 A:e8fd                           AS_SHIFT_RIGHT_3                  ; 
 5002 A:e8fd  16 01                    AS_L      asl 1,X                         ; SIGN -> CARRY (SIGN EXTENSION)
 5003 A:e8ff  90 02                              bcc AS_L_L_1                ; SIGN +
 5004 A:e901  f6 01                              inc 1,X                         ; PUT SIGN IN LSB
 5005 A:e903  76 01                    AS_L_L_1  ror 1,X                         ; RESTORE VALUE, SIGN STILL IN CARRY
 5006 A:e905  76 01                              ror 1,X                         ; START RIGHT SHIFT, INSERTING SIGN
 5007 A:e907                                    ; --------------------------------
 5008 A:e907                                    ; ENTER HERE FOR SHORT SHIFTS WITH NO SIGN EXTENSION
 5009 A:e907                                    ; --------------------------------
 5010 A:e907                           AS_SHIFT_RIGHT_4 
 5011 A:e907  76 02                              ror 2,X
 5012 A:e909  76 03                              ror 3,X
 5013 A:e90b  76 04                              ror 4,X
 5014 A:e90d  6a                                 ror                    ; EXTENSION
 5015 A:e90e  c8                                 iny                    ; COUNT THE SHIFT
 5016 A:e90f  d0 ec                              bne AS_SHIFT_RIGHT_3                ; 
 5017 A:e911                           AS_SHIFT_RIGHT_5                  ; 
 5018 A:e911  18                                 clc                    ; RETURN WITH CARRY CLEAR
 5019 A:e912  60                                 rts 
 5020 A:e913                                    ; --------------------------------
 5021 A:e913                                    ; --------------------------------

 5023 A:e913  81 00 00 00 00           MS_FONE   .byt $81,$00,$00,$00,$00
 5024 A:e918                                    ; --------------------------------
 5025 A:e918  03                       AS_POLY_LOG .byt 3           ; # OF COEFFICIENTS - 1
 5026 A:e919  7f 5e 56 cb 79                     .byt $7f,$5e,$56,$cb,$79; * X^7 +
 5027 A:e91e  80 13 9b 0b 64                     .byt $80,$13,$9b,$0b,$64; * X^5 +
 5028 A:e923  80 76 38 93 16                     .byt $80,$76,$38,$93,$16; * X^3 +
 5029 A:e928  82 38 aa 3b 20                     .byt $82,$38,$aa,$3b,$20; * X
 5030 A:e92d                                    ; --------------------------------

 5032 A:e92d  80 35 04 f3 34           AS_CON_SQR_HALF .byt $80,$35,$04,$f3,$34
 5033 A:e932  81 35 04 f3 34           AS_CON_SQR_TWO .byt $81,$35,$04,$f3,$34
 5034 A:e937  80 80 00 00 00           AS_CON_NEG_HALF .byt $80,$80,$00,$00,$00
 5035 A:e93c  80 31 72 17 f8           AS_CON_LOG_TWO .byt $80,$31,$72,$17,$f8
 5036 A:e941                                    ; --------------------------------
 5037 A:e941                                    ; "LOG" FUNCTION
 5038 A:e941                                    ; --------------------------------
 5039 A:e941  20 82 eb                 MS_LOG    jsr AS_SIGN             ; GET -1,0,+1 IN A-REG FOR FAC
 5040 A:e944  f0 02                              beq AS_GIQ                ; LOG (0) IS ILLEGAL
 5041 A:e946  10 03                              bpl AS_LOG_2                ; >0 IS OK
 5042 A:e948  4c 99 e1                 AS_GIQ    jmp AS_IQERR             ; <= 0 IS NO GOOD
 5043 A:e94b  a5 9d                    AS_LOG_2  lda MS_Z_FAC             ; FIRST GET LOG BASE 2
 5044 A:e94d  e9 7f                              sbc #$7f             ; SAVE UNBIASED EXPONENT
 5045 A:e94f  48                                 pha                    ; 
 5046 A:e950  a9 80                              lda #$80             ; NORMALIZE BETWEEN L_LOG_2_5 AND 1
 5047 A:e952  85 9d                              sta MS_Z_FAC
 5048 A:e954  a9 2d                              lda #<AS_CON_SQR_HALF
 5049 A:e956  a0 e9                              ldy #>AS_CON_SQR_HALF
 5050 A:e958  20 be e7                           jsr AS_FADD                ; COMPUTE VIA SERIES OF ODD
 5051 A:e95b  a9 32                              lda #<AS_CON_SQR_TWO              ; POWERS OF
 5052 A:e95d  a0 e9                              ldy #>AS_CON_SQR_TWO              ; (SQR(2)X-1)/(SQR(2)X+1)
 5053 A:e95f  20 66 ea                           jsr AS_FDIV
 5054 A:e962  a9 13                              lda #<MS_FONE
 5055 A:e964  a0 e9                              ldy #>MS_FONE
 5056 A:e966  20 a7 e7                           jsr AS_FSUB
 5057 A:e969  a9 18                              lda #<AS_POLY_LOG
 5058 A:e96b  a0 e9                              ldy #>AS_POLY_LOG
 5059 A:e96d  20 5c ef                           jsr AS_POLYNOMIAL_ODD
 5060 A:e970  a9 37                              lda #<AS_CON_NEG_HALF
 5061 A:e972  a0 e9                              ldy #>AS_CON_NEG_HALF
 5062 A:e974  20 be e7                           jsr AS_FADD
 5063 A:e977  68                                 pla 
 5064 A:e978  20 d5 ec                           jsr AS_ADDACC                ; ADD ORIGINAL EXPONENT
 5065 A:e97b  a9 3c                              lda #<AS_CON_LOG_TWO              ; MULTIPLY BY LOG(2) TO FORM
 5066 A:e97d  a0 e9                              ldy #>AS_CON_LOG_TWO              ; NATURAL LOG OF X
 5067 A:e97f                                    ; --------------------------------
 5068 A:e97f                                    ; FAC = (Y,A) * FAC
 5069 A:e97f                                    ; --------------------------------
 5070 A:e97f  20 e3 e9                 AS_FMULT  jsr AS_LOAD_ARG_FROM_YA
 5071 A:e982                                    ; --------------------------------
 5072 A:e982                                    ; FAC = ARG * FAC
 5073 A:e982                                    ; --------------------------------
 5074 A:e982  d0 03                    MS_FMULTT bne AS_L_FMULTT_1             ; FAC .NE. ZERO
 5075 A:e984  4c e2 e9                           jmp AS_RTS_13                ; FAC = 0 * ARG = 0
 5076 A:e987                                    ; <<< WHY IS LINE ABOVE JUST "RTS"? >>>
 5077 A:e987                                    ; --------------------------------
 5078 A:e987                                    ; 
 5079 A:e987                                    ; --------------------------------
 5080 A:e987  20 0e ea                 AS_L_FMULTT_1 jsr AS_ADD_EXPONENTS
 5081 A:e98a  a9 00                              lda #0
 5082 A:e98c  85 62                              sta AS_RESULT                ; INIT PRODUCT = 0
 5083 A:e98e  85 63                              sta AS_RESULT+1
 5084 A:e990  85 64                              sta AS_RESULT+2
 5085 A:e992  85 65                              sta AS_RESULT+3
 5086 A:e994  a5 ac                              lda MS_Z_FACOV
 5087 A:e996  20 b0 e9                           jsr AS_MULTIPLY_1
 5088 A:e999  a5 a1                              lda MS_Z_FAC+4
 5089 A:e99b  20 b0 e9                           jsr AS_MULTIPLY_1
 5090 A:e99e  a5 a0                              lda MS_Z_FAC+3
 5091 A:e9a0  20 b0 e9                           jsr AS_MULTIPLY_1
 5092 A:e9a3  a5 9f                              lda MS_Z_FAC+2
 5093 A:e9a5  20 b0 e9                           jsr AS_MULTIPLY_1
 5094 A:e9a8  a5 9e                              lda MS_Z_FAC+1
 5095 A:e9aa  20 b5 e9                           jsr AS_MULTIPLY_2
 5096 A:e9ad  4c e6 ea                           jmp AS_COPY_RESULT_INTO_FAC
 5097 A:e9b0                                    ; --------------------------------
 5098 A:e9b0                                    ; MULTIPLY ARG BY (A) INTO RESULT
 5099 A:e9b0                                    ; --------------------------------
 5100 A:e9b0                           AS_MULTIPLY_1 
 5101 A:e9b0  d0 03                              bne AS_MULTIPLY_2                ; THIS BYTE NON-ZERO
 5102 A:e9b2  4c da e8                           jmp AS_SHIFT_RIGHT_1                ; (A)=0, JUST SHIFT ARG RIGHT 8
 5103 A:e9b5                                    ; --------------------------------
 5104 A:e9b5                           AS_MULTIPLY_2                  ; 
 5105 A:e9b5  4a                                 lsr                    ; SHIFT BIT INTO CARRY
 5106 A:e9b6  09 80                              ora #$80             ; SUPPLY SENTINEL BIT
 5107 A:e9b8  a8                       AS_L_MULTIPLY_2_1 tay                 ; REMAINING MULTIPLIER TO Y
 5108 A:e9b9  90 19                              bcc AS_L_MULTIPLY_2_2                ; THIS MULTIPLIER BIT = 0
 5109 A:e9bb  18                                 clc                    ; = 1, SO ADD ARG TO RESULT
 5110 A:e9bc  a5 65                              lda AS_RESULT+3
 5111 A:e9be  65 a9                              adc MS_Z_ARGEXP+4
 5112 A:e9c0  85 65                              sta AS_RESULT+3
 5113 A:e9c2  a5 64                              lda AS_RESULT+2
 5114 A:e9c4  65 a8                              adc MS_Z_ARGEXP+3
 5115 A:e9c6  85 64                              sta AS_RESULT+2
 5116 A:e9c8  a5 63                              lda AS_RESULT+1
 5117 A:e9ca  65 a7                              adc MS_Z_ARGEXP+2
 5118 A:e9cc  85 63                              sta AS_RESULT+1
 5119 A:e9ce  a5 62                              lda AS_RESULT
 5120 A:e9d0  65 a6                              adc MS_Z_ARGEXP+1
 5121 A:e9d2  85 62                              sta AS_RESULT
 5122 A:e9d4  66 62                    AS_L_MULTIPLY_2_2 ror AS_RESULT             ; SHIFT RESULT RIGHT 1
 5123 A:e9d6  66 63                              ror AS_RESULT+1          ; 
 5124 A:e9d8  66 64                              ror AS_RESULT+2          ; 
 5125 A:e9da  66 65                              ror AS_RESULT+3          ; 
 5126 A:e9dc  66 ac                              ror MS_Z_FACOV                ; 
 5127 A:e9de  98                                 tya                    ; REMAINING MULTIPLIER
 5128 A:e9df  4a                                 lsr                    ; LSB INTO CARRY
 5129 A:e9e0  d0 d6                              bne AS_L_MULTIPLY_2_1                ; IF SENTINEL STILL HERE, MULTIPLY
 5130 A:e9e2  60                       AS_RTS_13 rts                 ; 8 X 32 COMPLETED
 5131 A:e9e3                                    ; --------------------------------
 5132 A:e9e3                                    ; UNPACK NUMBER AT (Y,A) INTO ARG
 5133 A:e9e3                                    ; --------------------------------
 5134 A:e9e3                           AS_LOAD_ARG_FROM_YA 
 5135 A:e9e3  85 5e                              sta AS_INDEX                ; USE INDEX FOR PNTR
 5136 A:e9e5  84 5f                              sty AS_INDEX+1          ; 
 5137 A:e9e7  a0 04                              ldy #4             ; FIVE BYTES TO MOVE
 5138 A:e9e9  b1 5e                              lda (AS_INDEX),Y                   ; 
 5139 A:e9eb  85 a9                              sta MS_Z_ARGEXP+4          ; 
 5140 A:e9ed  88                                 dey                    ; 
 5141 A:e9ee  b1 5e                              lda (AS_INDEX),Y                   ; 
 5142 A:e9f0  85 a8                              sta MS_Z_ARGEXP+3          ; 
 5143 A:e9f2  88                                 dey                    ; 
 5144 A:e9f3  b1 5e                              lda (AS_INDEX),Y                   ; 
 5145 A:e9f5  85 a7                              sta MS_Z_ARGEXP+2          ; 
 5146 A:e9f7  88                                 dey                    ; 
 5147 A:e9f8  b1 5e                              lda (AS_INDEX),Y                   ; 
 5148 A:e9fa  85 aa                              sta MS_Z_ARGSGN                ; 
 5149 A:e9fc  45 a2                              eor MS_Z_FACSGN                ; SET COMBINED SIGN FOR MULT/DIV
 5150 A:e9fe  85 ab                              sta MS_Z_ARISGN                ; 
 5151 A:ea00  a5 aa                              lda MS_Z_ARGSGN                ; TURN ON NORMALIZED INVISIBLE BIT
 5152 A:ea02  09 80                              ora #$80             ; TO COMPLETE MANTISSA
 5153 A:ea04  85 a6                              sta MS_Z_ARGEXP+1          ; 
 5154 A:ea06  88                                 dey                    ; 
 5155 A:ea07  b1 5e                              lda (AS_INDEX),Y                   ; 
 5156 A:ea09  85 a5                              sta MS_Z_ARGEXP                ; EXPONENT
 5157 A:ea0b  a5 9d                              lda MS_Z_FAC                ; SET STATUS BITS ON FAC EXPONENT
 5158 A:ea0d  60                                 rts                    ; 
 5159 A:ea0e                                    ; --------------------------------
 5160 A:ea0e                                    ; ADD EXPONENTS OF ARG AND FAC
 5161 A:ea0e                                    ; (CALLED BY FMULT AND FDIV)
 5162 A:ea0e                                    ; 
 5163 A:ea0e                                    ; ALSO CHECK FOR OVERFLOW, AND SET RESULT SIGN
 5164 A:ea0e                                    ; --------------------------------
 5165 A:ea0e                           AS_ADD_EXPONENTS 
 5166 A:ea0e  a5 a5                              lda MS_Z_ARGEXP
 5167 A:ea10                                    ; --------------------------------
 5168 A:ea10                           AS_ADD_EXPONENTS_1 
 5169 A:ea10  f0 1f                              beq AS_ZERO                ; IF ARG=0, RESULT IS ZERO
 5170 A:ea12  18                                 clc                    ; 
 5171 A:ea13  65 9d                              adc MS_Z_FAC                ; 
 5172 A:ea15  90 04                              bcc AS_L_ADD_EXPONENTS_1_1                ; IN RANGE
 5173 A:ea17  30 1d                              bmi AS_JOV                ; OVERFLOW
 5174 A:ea19  18                                 clc                    ; 
 5175 A:ea1a  2c                                 .byt $2c              ; TRICK TO SKIP
 5176 A:ea1b  10 14                    AS_L_ADD_EXPONENTS_1_1 bpl AS_ZERO             ; OVERFLOW
 5177 A:ea1d  69 80                              adc #$80             ; RE-BIAS
 5178 A:ea1f  85 9d                              sta MS_Z_FAC                ; RESULT
 5179 A:ea21  d0 03                              bne AS_L_ADD_EXPONENTS_1_2
 5180 A:ea23  4c 52 e8                           jmp AS_STA_IN_FAC_SIGN                ; RESULT IS ZERO
 5181 A:ea26                                    ; <<< CRAZY TO JUMP WAY BACK THERE! >>>
 5182 A:ea26                                    ; <<< SAME IDENTICAL CODE IS BELOW! >>>
 5183 A:ea26                                    ; <<< INSTEAD OF BNE L_ADD_EXPONENTS_1_2, JMP STA.IN.FAC.SIGN   >>>
 5184 A:ea26                                    ; <<< ONLY NEEDED BEQ L_ADD_EXPONENTS_1_3            >>>
 5185 A:ea26  a5 ab                    AS_L_ADD_EXPONENTS_1_2 lda MS_Z_ARISGN             ; SET SIGN OF RESULT
 5186 A:ea28  85 a2                    AS_L_ADD_EXPONENTS_1_3 sta MS_Z_FACSGN
 5187 A:ea2a  60                                 rts 
 5188 A:ea2b                                    ; --------------------------------
 5189 A:ea2b                                    ; IF (FAC) IS POSITIVE, GIVE "OVERFLOW" ERROR
 5190 A:ea2b                                    ; IF (FAC) IS NEGATIVE, SET FAC=0, POP ONE RETURN, AND RTS
 5191 A:ea2b                                    ; CALLED FROM "EXP" FUNCTION
 5192 A:ea2b                                    ; --------------------------------
 5193 A:ea2b                           AS_OUTOFRNG 
 5194 A:ea2b  a5 a2                              lda MS_Z_FACSGN
 5195 A:ea2d  49 ff                              eor #$ff
 5196 A:ea2f  30 05                              bmi AS_JOV                ; ERROR IF POSITIVE #
 5197 A:ea31                                    ; --------------------------------
 5198 A:ea31                                    ; POP RETURN ADDRESS AND SET FAC=0
 5199 A:ea31                                    ; --------------------------------
 5200 A:ea31  68                       AS_ZERO   pla 
 5201 A:ea32  68                                 pla 
 5202 A:ea33  4c 4e e8                           jmp AS_ZERO_FAC
 5203 A:ea36                                    ; --------------------------------
 5204 A:ea36  4c d5 e8                 AS_JOV    jmp AS_OVERFLOW
 5205 A:ea39                                    ; --------------------------------
 5206 A:ea39                                    ; MULTIPLY FAC BY 10
 5207 A:ea39                                    ; --------------------------------
 5208 A:ea39  20 63 eb                 AS_MUL10  jsr AS_COPY_FAC_TO_ARG_ROUNDED
 5209 A:ea3c  aa                                 tax                    ; TEXT FAC EXPONENT
 5210 A:ea3d  f0 10                              beq AS_L_MUL10_1                ; FINISHED IF FAC=0
 5211 A:ea3f  18                                 clc                    ; 
 5212 A:ea40  69 02                              adc #2             ; ADD 2 TO EXPONENT GIVES (FAC)*4
 5213 A:ea42  b0 f2                              bcs AS_JOV                ; OVERFLOW
 5214 A:ea44  a2 00                              ldx #0             ; 
 5215 A:ea46  86 ab                              stx MS_Z_ARISGN                ; 
 5216 A:ea48  20 ce e7                           jsr AS_FADD_2                ; MAKES (FAC)*5
 5217 A:ea4b  e6 9d                              inc MS_Z_FAC                ; *2, MAKES (FAC)*10
 5218 A:ea4d  f0 e7                              beq AS_JOV                ; OVERFLOW
 5219 A:ea4f  60                       AS_L_MUL10_1 rts 
 5220 A:ea50                                    ; --------------------------------

 5222 A:ea50  84 20 00 00 00           AS_CON_TEN .byt $84,$20,$00,$00,$00
 5223 A:ea55                                    ; --------------------------------
 5224 A:ea55                                    ; DIVIDE FAC BY 10
 5225 A:ea55                                    ; --------------------------------
 5226 A:ea55  20 63 eb                 AS_DIV10  jsr AS_COPY_FAC_TO_ARG_ROUNDED
 5227 A:ea58  a9 50                              lda #<AS_CON_TEN              ; SET UP TO PUT
 5228 A:ea5a  a0 ea                              ldy #>AS_CON_TEN              ; 10 IN FAC
 5229 A:ea5c  a2 00                              ldx #0
 5230 A:ea5e                                    ; --------------------------------
 5231 A:ea5e                                    ; FAC = ARG / (Y,A)
 5232 A:ea5e                                    ; --------------------------------
 5233 A:ea5e  86 ab                    AS_DIV    stx MS_Z_ARISGN
 5234 A:ea60  20 f9 ea                           jsr AS_LOAD_FAC_FROM_YA
 5235 A:ea63  4c 69 ea                           jmp MS_FDIVT                ; DIVIDE ARG BY FAC
 5236 A:ea66                                    ; --------------------------------
 5237 A:ea66                                    ; FAC = (Y,A) / FAC
 5238 A:ea66                                    ; --------------------------------
 5239 A:ea66  20 e3 e9                 AS_FDIV   jsr AS_LOAD_ARG_FROM_YA
 5240 A:ea69                                    ; --------------------------------
 5241 A:ea69                                    ; FAC = ARG / FAC
 5242 A:ea69                                    ; --------------------------------
 5243 A:ea69  f0 76                    MS_FDIVT  beq AS_L_FDIVT_8             ; FAC = 0, DIVIDE BY ZERO ERROR
 5244 A:ea6b  20 72 eb                           jsr AS_ROUND_FAC                ; 
 5245 A:ea6e  a9 00                              lda #0             ; NEGATE FAC EXPONENT, SO
 5246 A:ea70  38                                 sec                    ; ADD.EXPONENTS FORMS DIFFERENCE
 5247 A:ea71  e5 9d                              sbc MS_Z_FAC
 5248 A:ea73  85 9d                              sta MS_Z_FAC
 5249 A:ea75  20 0e ea                           jsr AS_ADD_EXPONENTS
 5250 A:ea78  e6 9d                              inc MS_Z_FAC
 5251 A:ea7a  f0 ba                              beq AS_JOV                ; OVERFLOW
 5252 A:ea7c  a2 fc                              ldx #$fc             ; INDEX FOR RESULT
 5253 A:ea7e  a9 01                              lda #1             ; SENTINEL
 5254 A:ea80  a4 a6                    AS_L_FDIVT_1 ldy MS_Z_ARGEXP+1       ; SEE IF FAC CAN BE SUBTRACTED
 5255 A:ea82  c4 9e                              cpy MS_Z_FAC+1
 5256 A:ea84  d0 10                              bne AS_L_FDIVT_2
 5257 A:ea86  a4 a7                              ldy MS_Z_ARGEXP+2
 5258 A:ea88  c4 9f                              cpy MS_Z_FAC+2
 5259 A:ea8a  d0 0a                              bne AS_L_FDIVT_2
 5260 A:ea8c  a4 a8                              ldy MS_Z_ARGEXP+3
 5261 A:ea8e  c4 a0                              cpy MS_Z_FAC+3
 5262 A:ea90  d0 04                              bne AS_L_FDIVT_2
 5263 A:ea92  a4 a9                              ldy MS_Z_ARGEXP+4
 5264 A:ea94  c4 a1                              cpy MS_Z_FAC+4
 5265 A:ea96  08                       AS_L_FDIVT_2 php                 ; SAVE THE ANSWER, AND ALSO ROLL THE
 5266 A:ea97  2a                                 rol                    ; BIT INTO THE QUOTIENT, SENTINEL OUT
 5267 A:ea98  90 09                              bcc AS_L_FDIVT_3                ; NO SENTINEL, STILL NOT 8 TRIPS
 5268 A:ea9a  e8                                 inx                    ; 8 TRIPS, STORE BYTE OF QUOTIENT
 5269 A:ea9b  95 65                              sta AS_RESULT+3,X
 5270 A:ea9d  f0 32                              beq AS_L_FDIVT_6                ; 32-BITS COMPLETED
 5271 A:ea9f  10 34                              bpl AS_L_FDIVT_7                ; FINAL EXIT WHEN X=1
 5272 A:eaa1  a9 01                              lda #1             ; RE-START SENTINEL
 5273 A:eaa3  28                       AS_L_FDIVT_3 plp                 ; GET ANSWER, CAN FAC BE SUBTRACTED?
 5274 A:eaa4  b0 0e                              bcs AS_L_FDIVT_5                ; YES, DO IT
 5275 A:eaa6  06 a9                    AS_L_FDIVT_4 asl MS_Z_ARGEXP+4       ; NO, SHIFT ARG LEFT
 5276 A:eaa8  26 a8                              rol MS_Z_ARGEXP+3          ; 
 5277 A:eaaa  26 a7                              rol MS_Z_ARGEXP+2          ; 
 5278 A:eaac  26 a6                              rol MS_Z_ARGEXP+1          ; 
 5279 A:eaae  b0 e6                              bcs AS_L_FDIVT_2                ; ANOTHER TRIP
 5280 A:eab0  30 ce                              bmi AS_L_FDIVT_1                ; HAVE TO COMPARE FIRST
 5281 A:eab2  10 e2                              bpl AS_L_FDIVT_2                ; ...ALWAYS
 5282 A:eab4  a8                       AS_L_FDIVT_5 tay                 ; SAVE QUOTIENT/SENTINEL BYTE
 5283 A:eab5  a5 a9                              lda MS_Z_ARGEXP+4          ; SUBTRACT FAC FROM ARG ONCE
 5284 A:eab7  e5 a1                              sbc MS_Z_FAC+4          ; 
 5285 A:eab9  85 a9                              sta MS_Z_ARGEXP+4          ; 
 5286 A:eabb  a5 a8                              lda MS_Z_ARGEXP+3          ; 
 5287 A:eabd  e5 a0                              sbc MS_Z_FAC+3          ; 
 5288 A:eabf  85 a8                              sta MS_Z_ARGEXP+3          ; 
 5289 A:eac1  a5 a7                              lda MS_Z_ARGEXP+2          ; 
 5290 A:eac3  e5 9f                              sbc MS_Z_FAC+2          ; 
 5291 A:eac5  85 a7                              sta MS_Z_ARGEXP+2          ; 
 5292 A:eac7  a5 a6                              lda MS_Z_ARGEXP+1          ; 
 5293 A:eac9  e5 9e                              sbc MS_Z_FAC+1          ; 
 5294 A:eacb  85 a6                              sta MS_Z_ARGEXP+1          ; 
 5295 A:eacd  98                                 tya                    ; RESTORE QUOTIENT/SENTINEL BYTE
 5296 A:eace  4c a6 ea                           jmp AS_L_FDIVT_4                ; GO TO SHIFT ARG AND CONTINUE
 5297 A:ead1                                    ; --------------------------------
 5298 A:ead1  a9 40                    AS_L_FDIVT_6 lda #$40          ; DO A FEW EXTENSION BITS
 5299 A:ead3  d0 ce                              bne AS_L_FDIVT_3                ; ...ALWAYS
 5300 A:ead5                                    ; --------------------------------
 5301 A:ead5  0a                       AS_L_FDIVT_7 asl                 ; LEFT JUSTIFY THE EXTENSION BITS WE DID
 5302 A:ead6  0a                                 asl 
 5303 A:ead7  0a                                 asl 
 5304 A:ead8  0a                                 asl 
 5305 A:ead9  0a                                 asl 
 5306 A:eada  0a                                 asl 
 5307 A:eadb  85 ac                              sta MS_Z_FACOV
 5308 A:eadd  28                                 plp 
 5309 A:eade  4c e6 ea                           jmp AS_COPY_RESULT_INTO_FAC
 5310 A:eae1                                    ; --------------------------------
 5311 A:eae1  a2 85                    AS_L_FDIVT_8 ldx #MS_ERRDV0
 5312 A:eae3  4c 12 d4                           jmp MS_ERROR
 5313 A:eae6                                    ; --------------------------------
 5314 A:eae6                                    ; COPY RESULT INTO FAC MANTISSA, AND NORMALIZE
 5315 A:eae6                                    ; --------------------------------
 5316 A:eae6                           AS_COPY_RESULT_INTO_FAC 
 5317 A:eae6  a5 62                              lda AS_RESULT
 5318 A:eae8  85 9e                              sta MS_Z_FAC+1
 5319 A:eaea  a5 63                              lda AS_RESULT+1
 5320 A:eaec  85 9f                              sta MS_Z_FAC+2
 5321 A:eaee  a5 64                              lda AS_RESULT+2
 5322 A:eaf0  85 a0                              sta MS_Z_FAC+3
 5323 A:eaf2  a5 65                              lda AS_RESULT+3
 5324 A:eaf4  85 a1                              sta MS_Z_FAC+4
 5325 A:eaf6  4c 2e e8                           jmp AS_NORMALIZE_FAC_2
 5326 A:eaf9                                    ; --------------------------------
 5327 A:eaf9                                    ; UNPACK (Y,A) INTO FAC
 5328 A:eaf9                                    ; --------------------------------
 5329 A:eaf9                           AS_LOAD_FAC_FROM_YA 
 5330 A:eaf9  85 5e                              sta AS_INDEX                ; USE INDEX FOR PNTR
 5331 A:eafb  84 5f                              sty AS_INDEX+1          ; 
 5332 A:eafd  a0 04                              ldy #4             ; PICK UP 5 BYTES
 5333 A:eaff  b1 5e                              lda (AS_INDEX),Y                   ; 
 5334 A:eb01  85 a1                              sta MS_Z_FAC+4          ; 
 5335 A:eb03  88                                 dey                    ; 
 5336 A:eb04  b1 5e                              lda (AS_INDEX),Y                   ; 
 5337 A:eb06  85 a0                              sta MS_Z_FAC+3          ; 
 5338 A:eb08  88                                 dey                    ; 
 5339 A:eb09  b1 5e                              lda (AS_INDEX),Y                   ; 
 5340 A:eb0b  85 9f                              sta MS_Z_FAC+2          ; 
 5341 A:eb0d  88                                 dey                    ; 
 5342 A:eb0e  b1 5e                              lda (AS_INDEX),Y                   ; 
 5343 A:eb10  85 a2                              sta MS_Z_FACSGN                ; FIRST BIT IS SIGN
 5344 A:eb12  09 80                              ora #$80             ; SET NORMALIZED INVISIBLE BIT
 5345 A:eb14  85 9e                              sta MS_Z_FAC+1          ; 
 5346 A:eb16  88                                 dey                    ; 
 5347 A:eb17  b1 5e                              lda (AS_INDEX),Y                   ; 
 5348 A:eb19  85 9d                              sta MS_Z_FAC                ; EXPONENT
 5349 A:eb1b  84 ac                              sty MS_Z_FACOV                ; Y=0
 5350 A:eb1d  60                                 rts 
 5351 A:eb1e                                    ; --------------------------------
 5352 A:eb1e                                    ; ROUND FAC, STORE IN TEMP2
 5353 A:eb1e                                    ; --------------------------------
 5354 A:eb1e                           AS_STORE_FAC_IN_TEMP2_ROUNDED 
 5355 A:eb1e  a2 98                              ldx #MS_Z_TEMPF2               ; PACK FAC INTO TEMP2
 5356 A:eb20  2c                                 .byt $2c              ; TRICK TO BRANCH
 5357 A:eb21                                    ; --------------------------------
 5358 A:eb21                                    ; ROUND FAC, STORE IN TEMP1
 5359 A:eb21                                    ; --------------------------------
 5360 A:eb21                           AS_STORE_FAC_IN_TEMP1_ROUNDED 
 5361 A:eb21  a2 93                              ldx #<MS_Z_TEMPF1              ; PACK FAC INTO TEMP1
 5362 A:eb23  a0 00                              ldy #>MS_Z_TEMPF1              ; HI-BYTE OF TEMP1 SAME AS TEMP2
 5363 A:eb25  f0 04                              beq AS_STORE_FACDB_YX_ROUNDED                ; ...ALWAYS
 5364 A:eb27                                    ; --------------------------------
 5365 A:eb27                                    ; ROUND FAC, AND STORE WHERE FORPNT POINTS
 5366 A:eb27                                    ; --------------------------------
 5367 A:eb27  a6 85                    AS_SETFOR ldx MS_Z_FORPNT
 5368 A:eb29  a4 86                              ldy MS_Z_FORPNT+1
 5369 A:eb2b                                    ; --------------------------------
 5370 A:eb2b                                    ; ROUND FAC, AND STORE AT (Y,X)
 5371 A:eb2b                                    ; --------------------------------
 5372 A:eb2b                           AS_STORE_FACDB_YX_ROUNDED 
 5373 A:eb2b  20 72 eb                           jsr AS_ROUND_FAC                ; ROUND VALUE IN FAC USING EXTENSION
 5374 A:eb2e  86 5e                              stx AS_INDEX                ; USE INDEX FOR PNTR
 5375 A:eb30  84 5f                              sty AS_INDEX+1          ; 
 5376 A:eb32  a0 04                              ldy #4             ; STORING 5 PACKED BYTES
 5377 A:eb34  a5 a1                              lda MS_Z_FAC+4          ; 
 5378 A:eb36  91 5e                              sta (AS_INDEX),Y                   ; 
 5379 A:eb38  88                                 dey                    ; 
 5380 A:eb39  a5 a0                              lda MS_Z_FAC+3          ; 
 5381 A:eb3b  91 5e                              sta (AS_INDEX),Y                   ; 
 5382 A:eb3d  88                                 dey                    ; 
 5383 A:eb3e  a5 9f                              lda MS_Z_FAC+2          ; 
 5384 A:eb40  91 5e                              sta (AS_INDEX),Y                   ; 
 5385 A:eb42  88                                 dey                    ; 
 5386 A:eb43  a5 a2                              lda MS_Z_FACSGN                ; PACK SIGN IN TOP BIT OF MANTISSA
 5387 A:eb45  09 7f                              ora #$7f             ; 
 5388 A:eb47  25 9e                              and MS_Z_FAC+1          ; 
 5389 A:eb49  91 5e                              sta (AS_INDEX),Y                   ; 
 5390 A:eb4b  88                                 dey                    ; 
 5391 A:eb4c  a5 9d                              lda MS_Z_FAC                ; EXPONENT
 5392 A:eb4e  91 5e                              sta (AS_INDEX),Y                   ; 
 5393 A:eb50  84 ac                              sty MS_Z_FACOV                ; ZERO THE EXTENSION
 5394 A:eb52  60                                 rts 
 5395 A:eb53                                    ; --------------------------------
 5396 A:eb53                                    ; COPY ARG INTO FAC
 5397 A:eb53                                    ; --------------------------------
 5398 A:eb53                           AS_COPY_ARG_TO_FAC 
 5399 A:eb53  a5 aa                              lda MS_Z_ARGSGN                ; COPY SIGN
 5400 A:eb55  85 a2                    AS_MFA    sta MS_Z_FACSGN             ; 
 5401 A:eb57  a2 05                              ldx #5             ; MOVE 5 BYTES
 5402 A:eb59  b5 a4                    AS_L_MFA_1 lda MS_Z_ARGEXP-1,X                     ; 
 5403 A:eb5b  95 9c                              sta MS_Z_FAC-1,X                     ; 
 5404 A:eb5d  ca                                 dex                    ; 
 5405 A:eb5e  d0 f9                              bne AS_L_MFA_1                ; 
 5406 A:eb60  86 ac                              stx MS_Z_FACOV                ; ZERO EXTENSION
 5407 A:eb62  60                                 rts                    ; 
 5408 A:eb63                                    ; --------------------------------
 5409 A:eb63                                    ; ROUND FAC AND COPY TO ARG
 5410 A:eb63                                    ; --------------------------------
 5411 A:eb63                           AS_COPY_FAC_TO_ARG_ROUNDED 
 5412 A:eb63  20 72 eb                           jsr AS_ROUND_FAC                ; ROUND FAC USING EXTENSION
 5413 A:eb66  a2 06                    AS_MAF    ldx #6          ; COPY 6 BYTES, INCLUDES SIGN
 5414 A:eb68  b5 9c                    AS_L_MAF_1 lda MS_Z_FAC-1,X                     ; 
 5415 A:eb6a  95 a4                              sta MS_Z_ARGEXP-1,X                     ; 
 5416 A:eb6c  ca                                 dex                    ; 
 5417 A:eb6d  d0 f9                              bne AS_L_MAF_1                ; 
 5418 A:eb6f  86 ac                              stx MS_Z_FACOV                ; ZERO FAC EXTENSION
 5419 A:eb71  60                       AS_RTS_14 rts                 ; 
 5420 A:eb72                                    ; --------------------------------
 5421 A:eb72                                    ; ROUND FAC USING EXTENSION BYTE
 5422 A:eb72                                    ; --------------------------------
 5423 A:eb72                           AS_ROUND_FAC 
 5424 A:eb72  a5 9d                              lda MS_Z_FAC
 5425 A:eb74  f0 fb                              beq AS_RTS_14                ; FAC = 0, RETURN
 5426 A:eb76  06 ac                              asl MS_Z_FACOV                ; IS FAC.EXTENSION >= 128?
 5427 A:eb78  90 f7                              bcc AS_RTS_14                ; NO, FINISHED
 5428 A:eb7a                                    ; --------------------------------
 5429 A:eb7a                                    ; INCREMENT MANTISSA AND RE-NORMALIZE IF CARRY
 5430 A:eb7a                                    ; --------------------------------
 5431 A:eb7a                           AS_INCREMENT_MANTISSA 
 5432 A:eb7a  20 c6 e8                           jsr AS_INCREMENT_FAC_MANTISSA                ; YES, INCREMENT FAC
 5433 A:eb7d  d0 f2                              bne AS_RTS_14                ; HIGH BYTE HAS BITS, FINISHED
 5434 A:eb7f  4c 8f e8                           jmp AS_NORMALIZE_FAC_6                ; HI-BYTE=0, SO SHIFT LEFT
 5435 A:eb82                                    ; --------------------------------
 5436 A:eb82                                    ; TEST FAC FOR ZERO AND SIGN
 5437 A:eb82                                    ; 
 5438 A:eb82                                    ; FAC > 0, RETURN +1
 5439 A:eb82                                    ; FAC = 0, RETURN  0
 5440 A:eb82                                    ; FAC < 0, RETURN -1
 5441 A:eb82                                    ; --------------------------------
 5442 A:eb82  a5 9d                    AS_SIGN   lda MS_Z_FAC             ; CHECK SIGN OF FAC AND
 5443 A:eb84  f0 09                              beq AS_RTS_15                ; RETURN -1,0,1 IN A-REG
 5444 A:eb86                                    ; --------------------------------
 5445 A:eb86  a5 a2                    AS_SIGN1  lda MS_Z_FACSGN             ; 
 5446 A:eb88                                    ; --------------------------------
 5447 A:eb88  2a                       AS_SIGN2  rol                 ; MSBIT TO CARRY
 5448 A:eb89  a9 ff                              lda #$ff             ; -1
 5449 A:eb8b  b0 02                              bcs AS_RTS_15                ; MSBIT = 1
 5450 A:eb8d  a9 01                              lda #1             ; +1
 5451 A:eb8f  60                       AS_RTS_15 rts                 ; 
 5452 A:eb90                                    ; --------------------------------
 5453 A:eb90                                    ; "SGN" FUNCTION
 5454 A:eb90                                    ; --------------------------------
 5455 A:eb90  20 82 eb                 MS_SGN    jsr AS_SIGN             ; CONVERT FAC TO -1,0,1
 5456 A:eb93                                    ; --------------------------------
 5457 A:eb93                                    ; CONVERT (A) INTO FAC, AS SIGNED VALUE -128 TO +127
 5458 A:eb93                                    ; --------------------------------
 5459 A:eb93  85 9e                    AS_FLOAT  sta MS_Z_FAC+1       ; PUT IN HIGH BYTE OF MANTISSA
 5460 A:eb95  a9 00                              lda #0             ; CLEAR 2ND BYTE OF MANTISSA
 5461 A:eb97  85 9f                              sta MS_Z_FAC+2          ; 
 5462 A:eb99  a2 88                              ldx #$88             ; USE EXPONENT 2^9
 5463 A:eb9b                                    ; --------------------------------
 5464 A:eb9b                                    ; FLOAT UNSIGNED VALUE IN FAC+1,2
 5465 A:eb9b                                    ; (X) = EXPONENT
 5466 A:eb9b                                    ; --------------------------------
 5467 A:eb9b                           AS_FLOAT_1                  ; 
 5468 A:eb9b  a5 9e                              lda MS_Z_FAC+1          ; MSBIT=0, SET CARRY; =1, CLEAR CARRY
 5469 A:eb9d  49 ff                              eor #$ff             ; 
 5470 A:eb9f  2a                                 rol                    ; 
 5471 A:eba0                                    ; --------------------------------
 5472 A:eba0                                    ; FLOAT UNSIGNED VALUE IN FAC+1,2
 5473 A:eba0                                    ; (X) = EXPONENT
 5474 A:eba0                                    ; C=0 TO MAKE VALUE NEGATIVE
 5475 A:eba0                                    ; C=1 TO MAKE VALUE POSITIVE
 5476 A:eba0                                    ; --------------------------------
 5477 A:eba0                           AS_FLOAT_2                  ; 
 5478 A:eba0  a9 00                              lda #0             ; CLEAR LOWER 16-BITS OF MANTISSA
 5479 A:eba2  85 a1                              sta MS_Z_FAC+4          ; 
 5480 A:eba4  85 a0                              sta MS_Z_FAC+3          ; 
 5481 A:eba6  86 9d                              stx MS_Z_FAC                ; STORE EXPONENT
 5482 A:eba8  85 ac                              sta MS_Z_FACOV                ; CLEAR EXTENSION
 5483 A:ebaa  85 a2                              sta MS_Z_FACSGN                ; MAKE SIGN POSITIVE
 5484 A:ebac  4c 29 e8                           jmp AS_NORMALIZE_FAC_1                ; IF C=0, WILL NEGATE FAC
 5485 A:ebaf                                    ; --------------------------------
 5486 A:ebaf                                    ; "ABS" FUNCTION
 5487 A:ebaf                                    ; --------------------------------
 5488 A:ebaf  46 a2                    MS_ABS    lsr MS_Z_FACSGN             ; CHANGE SIGN TO +
 5489 A:ebb1  60                                 rts 
 5490 A:ebb2                                    ; --------------------------------
 5491 A:ebb2                                    ; COMPARE FAC WITH PACKED # AT (Y,A)
 5492 A:ebb2                                    ; RETURN A=1,0,-1 AS (Y,A) IS <,=,> FAC
 5493 A:ebb2                                    ; --------------------------------
 5494 A:ebb2  85 60                    AS_FCOMP  sta AS_DEST             ; USE DEST FOR PNTR
 5495 A:ebb4                                    ; --------------------------------
 5496 A:ebb4                                    ; SPECIAL ENTRY FROM "NEXT" PROCESSOR
 5497 A:ebb4                                    ; "DEST" ALREADY SET UP
 5498 A:ebb4                                    ; --------------------------------
 5499 A:ebb4  84 61                    AS_FCOMP2 sty AS_DEST+1       ; 
 5500 A:ebb6  a0 00                              ldy #0             ; GET EXPONENT OF COMPARAND
 5501 A:ebb8  b1 60                              lda (AS_DEST),Y                    ; 
 5502 A:ebba  c8                                 iny                    ; POINT AT NEXT BYTE
 5503 A:ebbb  aa                                 tax                    ; EXPONENT TO X-REG
 5504 A:ebbc  f0 c4                              beq AS_SIGN                ; IF COMPARAND=0, "SIGN" COMPARES FAC
 5505 A:ebbe  b1 60                              lda (AS_DEST),Y                    ; GET HI-BYTE OF MANTISSA
 5506 A:ebc0  45 a2                              eor MS_Z_FACSGN                ; COMPARE WITH FAC SIGN
 5507 A:ebc2  30 c2                              bmi AS_SIGN1                ; DIFFERENT SIGNS, "SIGN" GIVES ANSWER
 5508 A:ebc4  e4 9d                              cpx MS_Z_FAC                ; SAME SIGN, SO COMPARE EXPONENTS
 5509 A:ebc6  d0 21                              bne AS_L_FCOMP2_1                ; DIFFERENT, SO SUFFICIENT TEST
 5510 A:ebc8  b1 60                              lda (AS_DEST),Y                    ; SAME EXPONENT, COMPARE MANTISSA
 5511 A:ebca  09 80                              ora #$80             ; SET INVISIBLE NORMALIZED BIT
 5512 A:ebcc  c5 9e                              cmp MS_Z_FAC+1          ; 
 5513 A:ebce  d0 19                              bne AS_L_FCOMP2_1                ; NOT SAME, SO SUFFICIENT
 5514 A:ebd0  c8                                 iny                    ; SAME, COMPARE MORE MANTISSA
 5515 A:ebd1  b1 60                              lda (AS_DEST),Y                    ; 
 5516 A:ebd3  c5 9f                              cmp MS_Z_FAC+2          ; 
 5517 A:ebd5  d0 12                              bne AS_L_FCOMP2_1                ; NOT SAME, SO SUFFICIENT
 5518 A:ebd7  c8                                 iny                    ; SAME, COMPARE MORE MANTISSA
 5519 A:ebd8  b1 60                              lda (AS_DEST),Y                    ; 
 5520 A:ebda  c5 a0                              cmp MS_Z_FAC+3          ; 
 5521 A:ebdc  d0 0b                              bne AS_L_FCOMP2_1                ; NOT SAME, SO SUFFICIENT
 5522 A:ebde  c8                                 iny                    ; SAME, COMPARE REST OF MANTISSA
 5523 A:ebdf  a9 7f                              lda #$7f             ; ARTIFICIAL EXTENSION BYTE FOR COMPARAND
 5524 A:ebe1  c5 ac                              cmp MS_Z_FACOV
 5525 A:ebe3  b1 60                              lda (AS_DEST),Y
 5526 A:ebe5  e5 a1                              sbc MS_Z_FAC+4
 5527 A:ebe7  f0 28                              beq AS_RTS_16                ; NUMBERS ARE EQUAL, RETURN (A)=0
 5528 A:ebe9  a5 a2                    AS_L_FCOMP2_1 lda MS_Z_FACSGN             ; NUMBERS ARE DIFFERENT
 5529 A:ebeb  90 02                              bcc AS_L_FCOMP2_2                ; FAC IS LARGER MAGNITUDE
 5530 A:ebed  49 ff                              eor #$ff             ; FAC IS SMALLER MAGNITUDE
 5531 A:ebef                                    ; <<<  NOTE THAT ABOVE THREE LINES CAN BE SHORTENED: >>>
 5532 A:ebef                                    ; <<<  L_FCOMP2_1  ROR              PUT CARRY INTO SIGN BIT  >>>
 5533 A:ebef                                    ; <<<      EOR FAC.SIGN     TOGGLE WITH SIGN OF FAC  >>>
 5534 A:ebef  4c 88 eb                 AS_L_FCOMP2_2 jmp AS_SIGN2             ; CONVERT +1 OR -1
 5535 A:ebf2                                    ; --------------------------------
 5536 A:ebf2                                    ; QUICK INTEGER FUNCTION
 5537 A:ebf2                                    ; 
 5538 A:ebf2                                    ; CONVERTS FP VALUE IN FAC TO INTEGER VALUE
 5539 A:ebf2                                    ; IN FAC+1...FAC+4, BY SHIFTING RIGHT WITH SIGN
 5540 A:ebf2                                    ; EXTENSION UNTIL FRACTIONAL BITS ARE OUT.
 5541 A:ebf2                                    ; 
 5542 A:ebf2                                    ; THIS SUBROUTINE ASSUMES THE EXPONENT < 32.
 5543 A:ebf2                                    ; --------------------------------
 5544 A:ebf2  a5 9d                    AS_QINT   lda MS_Z_FAC             ; LOOK AT FAC EXPONENT
 5545 A:ebf4  f0 4a                              beq AS_QINT_3                ; FAC=0, SO FINISHED
 5546 A:ebf6  38                                 sec                    ; GET -(NUMBER OF FRACTIONAL BITS)
 5547 A:ebf7  e9 a0                              sbc #$a0             ; IN A-REG FOR SHIFT COUNT
 5548 A:ebf9  24 a2                              bit MS_Z_FACSGN                ; CHECK SIGN OF FAC
 5549 A:ebfb  10 09                              bpl AS_L_QINT_1                ; POSITIVE, CONTINUE
 5550 A:ebfd  aa                                 tax                    ; NEGATIVE, SO COMPLEMENT MANTISSA
 5551 A:ebfe  a9 ff                              lda #$ff             ; AND SET SIGN EXTENSION FOR SHIFT
 5552 A:ec00  85 a4                              sta MS_Z_BITS
 5553 A:ec02  20 a4 e8                           jsr AS_COMPLEMENT_FAC_MANTISSA
 5554 A:ec05  8a                                 txa                    ; RESTORE BIT COUNT TO A-REG
 5555 A:ec06  a2 9d                    AS_L_QINT_1 ldx #MS_Z_FAC            ; POINT SHIFT SUBROUTINE AT FAC
 5556 A:ec08  c9 f9                              cmp #$f9             ; MORE THAN 7 BITS TO SHIFT?
 5557 A:ec0a  10 06                              bpl AS_QINT_2                ; NO, SHORT SHIFT
 5558 A:ec0c  20 f0 e8                           jsr AS_SHIFT_RIGHT                ; YES, USE GENERAL ROUTINE
 5559 A:ec0f  84 a4                              sty MS_Z_BITS                ; Y=0, CLEAR SIGN EXTENSION
 5560 A:ec11  60                       AS_RTS_16 rts 
 5561 A:ec12                                    ; --------------------------------
 5562 A:ec12  a8                       AS_QINT_2 tay                 ; SAVE SHIFT COUNT
 5563 A:ec13  a5 a2                              lda MS_Z_FACSGN                ; GET SIGN BIT
 5564 A:ec15  29 80                              and #$80             ; 
 5565 A:ec17  46 9e                              lsr MS_Z_FAC+1          ; START RIGHT SHIFT
 5566 A:ec19  05 9e                              ora MS_Z_FAC+1          ; AND MERGE WITH SIGN
 5567 A:ec1b  85 9e                              sta MS_Z_FAC+1
 5568 A:ec1d  20 07 e9                           jsr AS_SHIFT_RIGHT_4                ; JUMP INTO MIDDLE OF SHIFTER
 5569 A:ec20  84 a4                              sty MS_Z_BITS                ; Y=0, CLEAR SIGN EXTENSION
 5570 A:ec22  60                                 rts 
 5571 A:ec23                                    ; --------------------------------
 5572 A:ec23                                    ; "INT" FUNCTION
 5573 A:ec23                                    ; 
 5574 A:ec23                                    ; USES QINT TO CONVERT (FAC) TO INTEGER FORM,
 5575 A:ec23                                    ; AND THEN REFLOATS THE INTEGER.
 5576 A:ec23                                    ; <<< A FASTER APPROACH WOULD SIMPLY CLEAR >>>
 5577 A:ec23                                    ; <<< THE FRACTIONAL BITS BY ZEROING THEM  >>>
 5578 A:ec23                                    ; --------------------------------
 5579 A:ec23  a5 9d                    MS_INT    lda MS_Z_FAC             ; CHECK IF EXPONENT < 32
 5580 A:ec25  c9 a0                              cmp #$a0             ; BECAUSE IF > 31 THERE IS NO FRACTION
 5581 A:ec27  b0 20                              bcs AS_RTS_17                ; NO FRACTION, WE ARE FINISHED
 5582 A:ec29  20 f2 eb                           jsr AS_QINT                ; USE GENERAL INTEGER CONVERSION
 5583 A:ec2c  84 ac                              sty MS_Z_FACOV                ; Y=0, CLEAR EXTENSION
 5584 A:ec2e  a5 a2                              lda MS_Z_FACSGN                ; GET SIGN OF VALUE
 5585 A:ec30  84 a2                              sty MS_Z_FACSGN                ; Y=0, CLEAR SIGN
 5586 A:ec32  49 80                              eor #$80             ; TOGGLE ACTUAL SIGN
 5587 A:ec34  2a                                 rol                    ; AND SAVE IN CARRY
 5588 A:ec35  a9 a0                              lda #$a0             ; SET EXPONENT TO 32
 5589 A:ec37  85 9d                              sta MS_Z_FAC                ; BECAUSE 4-BYTE INTEGER NOW
 5590 A:ec39  a5 a1                              lda MS_Z_FAC+4          ; SAVE LOW 8-BITS OF INTEGER FORM
 5591 A:ec3b  85 0d                              sta MS_Z_CHARAC                ; FOR EXP AND POWER
 5592 A:ec3d  4c 29 e8                           jmp AS_NORMALIZE_FAC_1                ; NORMALIZE TO FINISH CONVERSION
 5593 A:ec40                                    ; --------------------------------
 5594 A:ec40  85 9e                    AS_QINT_3 sta MS_Z_FAC+1       ; FAC=0, SO CLEAR ALL 4 BYTES FOR
 5595 A:ec42  85 9f                              sta MS_Z_FAC+2          ; INTEGER VERSION
 5596 A:ec44  85 a0                              sta MS_Z_FAC+3          ; 
 5597 A:ec46  85 a1                              sta MS_Z_FAC+4          ; 
 5598 A:ec48  a8                                 tay                    ; Y=0 TOO
 5599 A:ec49  60                       AS_RTS_17 rts                 ; 
 5600 A:ec4a                                    ; --------------------------------
 5601 A:ec4a                                    ; CONVERT STRING TO FP VALUE IN FAC
 5602 A:ec4a                                    ; 
 5603 A:ec4a                                    ; STRING POINTED TO BY TXTPTR
 5604 A:ec4a                                    ; FIRST CHAR ALREADY SCANNED BY CHRGET
 5605 A:ec4a                                    ; (A) = FIRST CHAR, C=0 IF DIGIT.
 5606 A:ec4a                                    ; --------------------------------
 5607 A:ec4a  a0 00                    AS_FIN    ldy #0          ; CLEAR WORKING AREA ($99...$A3)
 5608 A:ec4c  a2 0a                              ldx #10             ; TMPEXP, EXPON, DPFLG, EXPSGN, FAC, SERLEN
 5609 A:ec4e  94 99                    AS_L_FIN_1 sty AS_TMPEXP,X
 5610 A:ec50  ca                                 dex 
 5611 A:ec51  10 fb                              bpl AS_L_FIN_1
 5612 A:ec53                                    ; --------------------------------
 5613 A:ec53  90 0f                              bcc AS_FIN_2                ; FIRST CHAR IS A DIGIT
 5614 A:ec55  c9 2d                              cmp #("-"&%01111111)     ; CHECK FOR LEADING SIGN
 5615 A:ec57  d0 04                              bne AS_L_FIN_2                ; NOT MINUS
 5616 A:ec59  86 a3                              stx MS_Z_DEGREE                ; MINUS, SET SERLEN = $FF FOR FLAG
 5617 A:ec5b  f0 04                              beq AS_FIN_1                ; ...ALWAYS
 5618 A:ec5d  c9 2b                    AS_L_FIN_2 cmp #("+"&%01111111)  ; MIGHT BE PLUS
 5619 A:ec5f  d0 05                              bne AS_FIN_3                ; NOT PLUS EITHER, CHECK DECIMAL POINT
 5620 A:ec61                                    ; --------------------------------
 5621 A:ec61  20 b1 00                 AS_FIN_1  jsr MS_Z_CHRGET             ; GET NEXT CHAR OF STRING
 5622 A:ec64                                    ; --------------------------------
 5623 A:ec64  90 5b                    AS_FIN_2  bcc AS_FIN_9             ; INSERT THIS DIGIT
 5624 A:ec66                                    ; --------------------------------
 5625 A:ec66  c9 2e                    AS_FIN_3  cmp #("."&%01111111)  ; CHECK FOR DECIMAL POINT
 5626 A:ec68  f0 2e                              beq AS_FIN_10                ; YES
 5627 A:ec6a  c9 45                              cmp #("E"&%01111111)     ; CHECK FOR EXPONENT PART
 5628 A:ec6c  d0 30                              bne AS_FIN_7                ; NO, END OF NUMBER
 5629 A:ec6e  20 b1 00                           jsr MS_Z_CHRGET                ; YES, START CONVERTING EXPONENT
 5630 A:ec71  90 17                              bcc AS_FIN_5                ; EXPONENT DIGIT
 5631 A:ec73  c9 c9                              cmp #MS_MINUTK               ; NEGATIVE EXPONENT?
 5632 A:ec75  f0 0e                              beq AS_L_FIN_3_1                ; YES
 5633 A:ec77  c9 2d                              cmp #("-"&%01111111)     ; MIGHT NOT BE TOKENIZED YET
 5634 A:ec79  f0 0a                              beq AS_L_FIN_3_1                ; YES, IT IS NEGATIVE
 5635 A:ec7b  c9 c8                              cmp #MS_PLUSTK               ; OPTIONAL "+"
 5636 A:ec7d  f0 08                              beq AS_FIN_4                ; YES
 5637 A:ec7f  c9 2b                              cmp #("+"&%01111111)     ; MIGHT NOT BE TOKENIZED YET
 5638 A:ec81  f0 04                              beq AS_FIN_4                ; YES, FOUND "+"
 5639 A:ec83  d0 07                              bne AS_FIN_6                ; ...ALWAYS, NUMBER COMPLETED
 5640 A:ec85  66 9c                    AS_L_FIN_3_1 ror MS_Z_EXPSGN             ; C=1, SET FLAG NEGATIVE
 5641 A:ec87                                    ; --------------------------------
 5642 A:ec87  20 b1 00                 AS_FIN_4  jsr MS_Z_CHRGET             ; GET NEXT DIGIT OF EXPONENT
 5643 A:ec8a                                    ; --------------------------------
 5644 A:ec8a  90 5c                    AS_FIN_5  bcc AS_GETEXP             ; CHAR IS A DIGIT OF EXPONENT
 5645 A:ec8c                                    ; --------------------------------
 5646 A:ec8c  24 9c                    AS_FIN_6  bit MS_Z_EXPSGN             ; END OF NUMBER, CHECK EXP SIGN
 5647 A:ec8e  10 0e                              bpl AS_FIN_7                ; POSITIVE EXPONENT
 5648 A:ec90  a9 00                              lda #0             ; NEGATIVE EXPONENT
 5649 A:ec92  38                                 sec                    ; MAKE 2'S COMPLEMENT OF EXPONENT
 5650 A:ec93  e5 9a                              sbc MS_Z_TENEXP                ; 
 5651 A:ec95  4c a0 ec                           jmp AS_FIN_8                ; 
 5652 A:ec98                                    ; --------------------------------
 5653 A:ec98                                    ; FOUND A DECIMAL POINT
 5654 A:ec98                                    ; --------------------------------
 5655 A:ec98  66 9b                    AS_FIN_10 ror MS_Z_DPTFLG             ; C=1, SET DPFLG FOR DECIMAL POINT
 5656 A:ec9a  24 9b                              bit MS_Z_DPTFLG                ; CHECK IF PREVIOUS DEC. PT.
 5657 A:ec9c  50 c3                              bvc AS_FIN_1                ; NO PREVIOUS DECIMAL POINT
 5658 A:ec9e                                    ; A SECOND DECIMAL POINT IS TAKEN AS A TERMINATOR
 5659 A:ec9e                                    ; TO THE NUMERIC STRING.
 5660 A:ec9e                                    ; "A=11..22" WILL GIVE A SYNTAX ERROR, BECAUSE
 5661 A:ec9e                                    ; IT IS TWO NUMBERS WITH NO OPERATOR BETWEEN.
 5662 A:ec9e                                    ; "PRINT 11..22" GIVES NO ERROR, BECAUSE IT IS
 5663 A:ec9e                                    ; JUST THE CONCATENATION OF TWO NUMBERS.
 5664 A:ec9e                                    ; --------------------------------
 5665 A:ec9e                                    ; NUMBER TERMINATED, ADJUST EXPONENT NOW
 5666 A:ec9e                                    ; --------------------------------
 5667 A:ec9e  a5 9a                    AS_FIN_7  lda MS_Z_TENEXP             ; E-VALUE
 5668 A:eca0  38                       AS_FIN_8  sec                 ; MODIFY WITH COUNT OF DIGITS
 5669 A:eca1  e5 99                              sbc AS_TMPEXP                ; AFTER THE DECIMAL POINT
 5670 A:eca3  85 9a                              sta MS_Z_TENEXP                ; COMPLETE CURRENT EXPONENT
 5671 A:eca5  f0 12                              beq AS_L_FIN_8_15                ; NO ADJUST NEEDED IF EXP=0
 5672 A:eca7  10 09                              bpl AS_L_FIN_8_14                ; EXP>0, MULTIPLY BY TEN
 5673 A:eca9  20 55 ea                 AS_L_FIN_8_13 jsr AS_DIV10             ; EXP<0, DIVIDE BY TEN
 5674 A:ecac  e6 9a                              inc MS_Z_TENEXP                ; UNTIL EXP=0
 5675 A:ecae  d0 f9                              bne AS_L_FIN_8_13                ; 
 5676 A:ecb0  f0 07                              beq AS_L_FIN_8_15                ; ...ALWAYS, WE ARE FINISHED
 5677 A:ecb2  20 39 ea                 AS_L_FIN_8_14 jsr AS_MUL10             ; EXP>0, MULTIPLY BKY TEN
 5678 A:ecb5  c6 9a                              dec MS_Z_TENEXP                ; UNTIL EXP=0
 5679 A:ecb7  d0 f9                              bne AS_L_FIN_8_14                ; 
 5680 A:ecb9  a5 a3                    AS_L_FIN_8_15 lda MS_Z_DEGREE             ; IS WHOLE NUMBER NEGATIVE?
 5681 A:ecbb  30 01                              bmi AS_L_FIN_8_16                ; YES
 5682 A:ecbd  60                                 rts                    ; NO, RETURN, WHOLE JOB DONE!
 5683 A:ecbe  4c d0 ee                 AS_L_FIN_8_16 jmp MS_NEGOP             ; NEGATIVE NUMBER, SO NEGATE FAC
 5684 A:ecc1                                    ; --------------------------------
 5685 A:ecc1                                    ; ACCUMULATE A DIGIT INTO FAC
 5686 A:ecc1                                    ; --------------------------------
 5687 A:ecc1  48                       AS_FIN_9  pha                 ; SAVE DIGIT
 5688 A:ecc2  24 9b                              bit MS_Z_DPTFLG                ; SEEN A DECIMAL POINT YET?
 5689 A:ecc4  10 02                              bpl AS_L_FIN_9_1                ; NO, STILL IN INTEGER PART
 5690 A:ecc6  e6 99                              inc AS_TMPEXP                ; YES, COUNT THE FRACTIONAL DIGIT
 5691 A:ecc8  20 39 ea                 AS_L_FIN_9_1 jsr AS_MUL10             ; FAC = FAC * 10
 5692 A:eccb  68                                 pla                    ; CURRENT DIGIT
 5693 A:eccc  38                                 sec                    ; <<<SHORTER HERE TO JUST "AND #$0F">>>
 5694 A:eccd  e9 30                              sbc #("0"&%01111111)     ; <<<TO CONVERT ASCII TO BINARY FORM>>>
 5695 A:eccf  20 d5 ec                           jsr AS_ADDACC                ; ADD THE DIGIT
 5696 A:ecd2  4c 61 ec                           jmp AS_FIN_1                ; GO BACK FOR MORE
 5697 A:ecd5                                    ; --------------------------------
 5698 A:ecd5                                    ; ADD (A) TO FAC
 5699 A:ecd5                                    ; --------------------------------
 5700 A:ecd5  48                       AS_ADDACC pha                 ; SAVE ADDEND
 5701 A:ecd6  20 63 eb                           jsr AS_COPY_FAC_TO_ARG_ROUNDED
 5702 A:ecd9  68                                 pla                    ; GET ADDEND AGAIN
 5703 A:ecda  20 93 eb                           jsr AS_FLOAT                ; CONVERT TO FP VALUE IN FAC
 5704 A:ecdd  a5 aa                              lda MS_Z_ARGSGN                ; 
 5705 A:ecdf  45 a2                              eor MS_Z_FACSGN                ; 
 5706 A:ece1  85 ab                              sta MS_Z_ARISGN                ; 
 5707 A:ece3  a6 9d                              ldx MS_Z_FAC                ; TO SIGNAL IF FAC=0
 5708 A:ece5  4c c1 e7                           jmp MS_FADDT                ; PERFORM THE ADDITION
 5709 A:ece8                                    ; --------------------------------
 5710 A:ece8                                    ; ACCUMULATE DIGIT OF EXPONENT
 5711 A:ece8                                    ; --------------------------------
 5712 A:ece8  a5 9a                    AS_GETEXP lda MS_Z_TENEXP             ; CHECK CURRENT VALUE
 5713 A:ecea  c9 0a                              cmp #10             ; FOR MORE THAN 2 DIGITS
 5714 A:ecec  90 09                              bcc AS_L_GETEXP_1                ; NO, THIS IS 1ST OR 2ND DIGIT
 5715 A:ecee  a9 64                              lda #100             ; EXPONENT TOO BIG
 5716 A:ecf0  24 9c                              bit MS_Z_EXPSGN                ; UNLESS IT IS NEGATIVE
 5717 A:ecf2  30 11                              bmi AS_L_GETEXP_2                ; LARGE NEGATIVE EXPONENT MAKES FAC=0
 5718 A:ecf4  4c d5 e8                           jmp AS_OVERFLOW                ; LARGE POSITIVE EXPONENT IS ERROR
 5719 A:ecf7  0a                       AS_L_GETEXP_1 asl                 ; EXPONENT TIMES 10
 5720 A:ecf8  0a                                 asl                    ; 
 5721 A:ecf9  18                                 clc                    ; 
 5722 A:ecfa  65 9a                              adc MS_Z_TENEXP                ; 
 5723 A:ecfc  0a                                 asl                    ; 
 5724 A:ecfd  18                                 clc                    ; <<< ASL ALREADY DID THIS! >>>
 5725 A:ecfe  a0 00                              ldy #0             ; ADD THE NEW DIGIT
 5726 A:ed00  71 b8                              adc (MS_Z_TXTPTR),Y                  ; BUT THIS IS IN ASCII,
 5727 A:ed02  38                                 sec                    ; SO ADJUST BACK TO BINARY
 5728 A:ed03  e9 30                              sbc #("0"&%01111111)
 5729 A:ed05  85 9a                    AS_L_GETEXP_2 sta MS_Z_TENEXP             ; NEW VALUE
 5730 A:ed07  4c 87 ec                           jmp AS_FIN_4                ; BACK FOR MORE
 5731 A:ed0a                                    ; --------------------------------
 5732 A:ed0a                                    ; --------------------------------

 5734 A:ed0a  9b 3e bc 1f fd           AS_CON_99999999P9 .byt $9b,$3e,$bc,$1f,$fd; 99,999,999.9
 5735 A:ed0f  9e 6e 6b 27 fd           AS_CON_999999999 .byt $9e,$6e,$6b,$27,$fd; 999,999,999
 5736 A:ed14  9e 6e 6b 28 00           AS_CON_BILLION .byt $9e,$6e,$6b,$28,$00; 1,000,000,000
 5737 A:ed19                                    ; --------------------------------
 5738 A:ed19                                    ; PRINT "IN <LINE #>"
 5739 A:ed19                                    ; --------------------------------
 5740 A:ed19  a9 58                    MS_INPRT  lda #<MS_INTXT           ; PRINT " IN "
 5741 A:ed1b  a0 d3                              ldy #>MS_INTXT
 5742 A:ed1d  20 31 ed                           jsr AS_GO_STROUT
 5743 A:ed20  a5 76                              lda MS_Z_CURLIN+1
 5744 A:ed22  a6 75                              ldx MS_Z_CURLIN
 5745 A:ed24                                    ; --------------------------------
 5746 A:ed24                                    ; PRINT A,X AS DECIMAL INTEGER
 5747 A:ed24                                    ; --------------------------------
 5748 A:ed24  85 9e                    MS_LINPRT sta MS_Z_FAC+1       ; PRINT A,X IN DECIMAL
 5749 A:ed26  86 9f                              stx MS_Z_FAC+2          ; 
 5750 A:ed28  a2 90                              ldx #$90             ; EXPONENT = 2^16
 5751 A:ed2a  38                                 sec                    ; CONVERT UNSIGNED
 5752 A:ed2b  20 a0 eb                           jsr AS_FLOAT_2                ; CONVERT LINE # TO FP
 5753 A:ed2e                                    ; --------------------------------
 5754 A:ed2e                                    ; CONVERT (FAC) TO STRING, AND PRINT IT
 5755 A:ed2e                                    ; --------------------------------
 5756 A:ed2e                           AS_PRINT_FAC                  ; 
 5757 A:ed2e  20 34 ed                           jsr AS_FOUT                ; CONVERT (FAC) TO STRING AT STACK
 5758 A:ed31                                    ; --------------------------------
 5759 A:ed31                                    ; PRINT STRING STARTING AT Y,A
 5760 A:ed31                                    ; --------------------------------
 5761 A:ed31                           AS_GO_STROUT                  ; 
 5762 A:ed31  4c 3a db                           jmp AS_STROUT                ; PRINT STRING AT A,Y
 5763 A:ed34                                    ; --------------------------------
 5764 A:ed34                                    ; CONVERT (FAC) TO STRING STARTING AT STACK
 5765 A:ed34                                    ; RETURN WITH (Y,A) POINTING AT STRING
 5766 A:ed34                                    ; --------------------------------
 5767 A:ed34  a0 01                    AS_FOUT   ldy #1          ; NORMAL ENTRY PUTS STRING AT STACK...
 5768 A:ed36                                    ; --------------------------------
 5769 A:ed36                                    ; "STR$" FUNCTION ENTERS HERE, WITH (Y)=0
 5770 A:ed36                                    ; SO THAT RESULT STRING STARTS AT STACK-1
 5771 A:ed36                                    ; (THIS IS USED AS A FLAG)
 5772 A:ed36                                    ; --------------------------------
 5773 A:ed36  a9 2d                    AS_FOUT_1 lda #("-"&%01111111)  ; IN CASE VALUE NEGATIVE
 5774 A:ed38  88                                 dey                    ; BACK UP PNTR
 5775 A:ed39  24 a2                              bit MS_Z_FACSGN                ; 
 5776 A:ed3b  10 04                              bpl AS_L_FOUT_1_1                ; VALUE IS +
 5777 A:ed3d  c8                                 iny                    ; VALUE IS -
 5778 A:ed3e  99 ff 00                           sta AS_STACK-1,Y                   ; EMIT "-"
 5779 A:ed41  85 a2                    AS_L_FOUT_1_1 sta MS_Z_FACSGN             ; MAKE FAC.SIGN POSITIVE ($2D)
 5780 A:ed43  84 ad                              sty MS_Z_STRNG2                ; SAVE STRING PNTR
 5781 A:ed45  c8                                 iny                    ; 
 5782 A:ed46  a9 30                              lda #("0"&%01111111)     ; IN CASE (FAC)=0
 5783 A:ed48  a6 9d                              ldx MS_Z_FAC                ; NUMBER=0?
 5784 A:ed4a  d0 03                              bne AS_L_FOUT_1_2                ; NO, (FAC) NOT ZERO
 5785 A:ed4c  4c 57 ee                           jmp AS_FOUT_4                ; YES, FINISHED
 5786 A:ed4f                                    ; --------------------------------
 5787 A:ed4f  a9 00                    AS_L_FOUT_1_2 lda #0          ; STARTING VALUE FOR TMPEXP
 5788 A:ed51  e0 80                              cpx #$80             ; ANY INTEGER PART?
 5789 A:ed53  f0 02                              beq AS_L_FOUT_1_3                ; NO, BTWN L_FOUT_1_5 AND L_FOUT_1_999999999
 5790 A:ed55  b0 09                              bcs AS_L_FOUT_1_4                ; YES
 5791 A:ed57                                    ; --------------------------------
 5792 A:ed57  a9 14                    AS_L_FOUT_1_3 lda #<AS_CON_BILLION           ; MULTIPLY BY 1E9
 5793 A:ed59  a0 ed                              ldy #>AS_CON_BILLION              ; TO GIVE ADJUSTMENT A HEAD START
 5794 A:ed5b  20 7f e9                           jsr AS_FMULT                ; 
 5795 A:ed5e  a9 f7                              lda #$0100-9       ; EXPONENT ADJUSTMENT
 5796 A:ed60  85 99                    AS_L_FOUT_1_4 sta AS_TMPEXP             ; 0 OR -9
 5797 A:ed62                                    ; --------------------------------
 5798 A:ed62                                    ; ADJUST UNTIL 1E8 <= (FAC) <1E9
 5799 A:ed62                                    ; --------------------------------
 5800 A:ed62  a9 0f                    AS_L_FOUT_1_5 lda #<AS_CON_999999999
 5801 A:ed64  a0 ed                              ldy #>AS_CON_999999999
 5802 A:ed66  20 b2 eb                           jsr AS_FCOMP                ; COMPARE TO 1E9-1
 5803 A:ed69  f0 1e                              beq AS_L_FOUT_1_10                ; (FAC) = 1E9-1
 5804 A:ed6b  10 12                              bpl AS_L_FOUT_1_8                ; TOO LARGE, DIVIDE BY TEN
 5805 A:ed6d  a9 0a                    AS_L_FOUT_1_6 lda #<AS_CON_99999999P9           ; COMPARE TO 1E8-L_FOUT_1_1
 5806 A:ed6f  a0 ed                              ldy #>AS_CON_99999999P9
 5807 A:ed71  20 b2 eb                           jsr AS_FCOMP                ; COMPARE TO 1E8-L_FOUT_1_1
 5808 A:ed74  f0 02                              beq AS_L_FOUT_1_7                ; (FAC) = 1E8-L_FOUT_1_1
 5809 A:ed76  10 0e                              bpl AS_L_FOUT_1_9                ; IN RANGE, ADJUSTMENT FINISHED
 5810 A:ed78  20 39 ea                 AS_L_FOUT_1_7 jsr AS_MUL10             ; TOO SMALL, MULTIPLY BY TEN
 5811 A:ed7b  c6 99                              dec AS_TMPEXP                ; KEEP TRACK OF MULTIPLIES
 5812 A:ed7d  d0 ee                              bne AS_L_FOUT_1_6                ; ...ALWAYS
 5813 A:ed7f  20 55 ea                 AS_L_FOUT_1_8 jsr AS_DIV10             ; TOO LARGE, DIVIDE BY TEN
 5814 A:ed82  e6 99                              inc AS_TMPEXP                ; KEEP TRACK OF DIVISIONS
 5815 A:ed84  d0 dc                              bne AS_L_FOUT_1_5                ; ...ALWAYS
 5816 A:ed86                                    ; --------------------------------
 5817 A:ed86  20 a0 e7                 AS_L_FOUT_1_9 jsr AS_FADDH             ; ROUND ADJUSTED RESULT
 5818 A:ed89  20 f2 eb                 AS_L_FOUT_1_10 jsr AS_QINT             ; CONVERT ADJUSTED VALUE TO 32-BIT INTEGER
 5819 A:ed8c                                    ; --------------------------------
 5820 A:ed8c                                    ; FAC+1...FAC+4 IS NOW IN INTEGER FORM
 5821 A:ed8c                                    ; WITH POWER OF TEN ADJUSTMENT IN TMPEXP
 5822 A:ed8c                                    ; 
 5823 A:ed8c                                    ; IF -10 < TMPEXP > 1, PRINT IN DECIMAL FORM
 5824 A:ed8c                                    ; OTHERWISE, PRINT IN EXPONENTIAL FORM
 5825 A:ed8c                                    ; --------------------------------
 5826 A:ed8c  a2 01                    AS_FOUT_2 ldx #1          ; ASSUME 1 DIGIT BEFORE "."
 5827 A:ed8e  a5 99                              lda AS_TMPEXP                ; CHECK RANGE
 5828 A:ed90  18                                 clc                    ; 
 5829 A:ed91  69 0a                              adc #10             ; 
 5830 A:ed93  30 09                              bmi AS_L_FOUT_2_1                ; < .01, USE EXPONENTIAL FORM
 5831 A:ed95  c9 0b                              cmp #11             ; 
 5832 A:ed97  b0 06                              bcs AS_L_FOUT_2_2                ; >= 1E10, USE EXPONENTIAL FORM
 5833 A:ed99  69 ff                              adc #$ff             ; LESS 1 GIVES INDEX FOR "."
 5834 A:ed9b  aa                                 tax                    ; 
 5835 A:ed9c  a9 02                              lda #2             ; SET REMAINING EXPONENT = 0
 5836 A:ed9e  38                       AS_L_FOUT_2_1 sec                 ; COMPUTE REMAINING EXPONENT
 5837 A:ed9f  e9 02                    AS_L_FOUT_2_2 sbc #2          ; 
 5838 A:eda1  85 9a                              sta MS_Z_TENEXP                ; VALUE FOR "E+XX" OR "E-XX"
 5839 A:eda3  86 99                              stx AS_TMPEXP                ; INDEX FOR DECIMAL POINT
 5840 A:eda5  8a                                 txa                    ; SEE IF "." COMES FIRST
 5841 A:eda6  f0 02                              beq AS_L_FOUT_2_3                ; YES
 5842 A:eda8  10 13                              bpl AS_L_FOUT_2_5                ; NO, LATER
 5843 A:edaa  a4 ad                    AS_L_FOUT_2_3 ldy MS_Z_STRNG2             ; GET INDEX INTO STRING BEING BUILT
 5844 A:edac  a9 2e                              lda #("."&%01111111)     ; STORE A DECIMAL POINT
 5845 A:edae  c8                                 iny                    ; 
 5846 A:edaf  99 ff 00                           sta AS_STACK-1,Y                   ; 
 5847 A:edb2  8a                                 txa                    ; SEE IF NEED ".0"
 5848 A:edb3  f0 06                              beq AS_L_FOUT_2_4                ; NO
 5849 A:edb5  a9 30                              lda #("0"&%01111111)     ; YES, STORE "0"
 5850 A:edb7  c8                                 iny                    ; 
 5851 A:edb8  99 ff 00                           sta AS_STACK-1,Y                   ; 
 5852 A:edbb  84 ad                    AS_L_FOUT_2_4 sty MS_Z_STRNG2             ; SAVE OUTPUT INDEX AGAIN
 5853 A:edbd                                    ; --------------------------------
 5854 A:edbd                                    ; NOW DIVIDE BY POWERS OF TEN TO GET SUCCESSIVE DIGITS
 5855 A:edbd                                    ; --------------------------------
 5856 A:edbd  a0 00                    AS_L_FOUT_2_5 ldy #0          ; INDEX TO TABLE OF POWERS OF TEN
 5857 A:edbf  a2 80                              ldx #$80             ; STARTING VALUE FOR DIGIT WITH DIRECTION
 5858 A:edc1  a5 a1                    AS_L_FOUT_2_6 lda MS_Z_FAC+4       ; START BY ADDING -100000000 UNTIL
 5859 A:edc3  18                                 clc                    ; OVERSHOOT.  THEN ADD +10000000,
 5860 A:edc4  79 6c ee                           adc AS_DECTBL+3,Y                  ; THEN ADD -1000000, THEN ADD
 5861 A:edc7  85 a1                              sta MS_Z_FAC+4          ; +100000, AND SO ON.
 5862 A:edc9  a5 a0                              lda MS_Z_FAC+3          ; THE # OF TIMES EACH POWER IS ADDED
 5863 A:edcb  79 6b ee                           adc AS_DECTBL+2,Y                  ; IS 1 MORE THAN CORRESPONDING DIGIT
 5864 A:edce  85 a0                              sta MS_Z_FAC+3
 5865 A:edd0  a5 9f                              lda MS_Z_FAC+2
 5866 A:edd2  79 6a ee                           adc AS_DECTBL+1,Y
 5867 A:edd5  85 9f                              sta MS_Z_FAC+2
 5868 A:edd7  a5 9e                              lda MS_Z_FAC+1
 5869 A:edd9  79 69 ee                           adc AS_DECTBL,Y
 5870 A:eddc  85 9e                              sta MS_Z_FAC+1
 5871 A:edde  e8                                 inx                    ; COUNT THE ADD
 5872 A:eddf  b0 04                              bcs AS_L_FOUT_2_7                ; IF C=1 AND X NEGATIVE, KEEP ADDING
 5873 A:ede1  10 de                              bpl AS_L_FOUT_2_6                ; IF C=0 AND X POSITIVE, KEEP ADDING
 5874 A:ede3  30 02                              bmi AS_L_FOUT_2_8                ; IF C=0 AND X NEGATIVE, WE OVERSHOT
 5875 A:ede5  30 da                    AS_L_FOUT_2_7 bmi AS_L_FOUT_2_6             ; IF C=1 AND X POSITIVE, WE OVERSHOT
 5876 A:ede7  8a                       AS_L_FOUT_2_8 txa                 ; OVERSHOT, SO MAKE X INTO A DIGIT
 5877 A:ede8  90 04                              bcc AS_L_FOUT_2_9                ; HOW DEPENDS ON DIRECTION WE WERE GOING
 5878 A:edea  49 ff                              eor #$ff             ; DIGIT = 9-X
 5879 A:edec  69 0a                              adc #10             ; 
 5880 A:edee  69 2f                    AS_L_FOUT_2_9 adc #("0"&%01111111)-1; MAKE DIGIT INTO ASCII
 5881 A:edf0  c8                                 iny                    ; ADVANCE TO NEXT SMALLER POWER OF TEN
 5882 A:edf1  c8                                 iny                    ; 
 5883 A:edf2  c8                                 iny                    ; 
 5884 A:edf3  c8                                 iny                    ; 
 5885 A:edf4  84 83                              sty MS_Z_VARPNT                ; SAVE PNTR TO POWERS
 5886 A:edf6  a4 ad                              ldy MS_Z_STRNG2                ; GET OUTPUT PNTR
 5887 A:edf8  c8                                 iny                    ; STORE THE DIGIT
 5888 A:edf9  aa                                 tax                    ; SAVE DIGIT, HI-BIT IS DIRECTION
 5889 A:edfa  29 7f                              and #$7f             ; MAKE SURE MON_COLOR...$39 FOR STRING
 5890 A:edfc  99 ff 00                           sta AS_STACK-1,Y                   ; 
 5891 A:edff  c6 99                              dec AS_TMPEXP                ; COUNT THE DIGIT
 5892 A:ee01  d0 06                              bne AS_L_FOUT_2_10                ; NOT TIME FOR "." YET
 5893 A:ee03  a9 2e                              lda #("."&%01111111)     ; TIME, SO STORE THE DECIMAL POINT
 5894 A:ee05  c8                                 iny                    ; 
 5895 A:ee06  99 ff 00                           sta AS_STACK-1,Y                   ; 
 5896 A:ee09  84 ad                    AS_L_FOUT_2_10 sty MS_Z_STRNG2             ; SAVE OUTPUT PNTR AGAIN
 5897 A:ee0b  a4 83                              ldy MS_Z_VARPNT                ; GET PNTR TO POWERS
 5898 A:ee0d  8a                                 txa                    ; GET DIGIT WITH HI-BIT = DIRECTION
 5899 A:ee0e  49 ff                              eor #$ff             ; CHANGE DIRECTION
 5900 A:ee10  29 80                              and #$80             ; $00 IF ADDING, $80 IF SUBTRACTING
 5901 A:ee12  aa                                 tax 
 5902 A:ee13  c0 24                              cpy #AS_DECTBL_END-AS_DECTBL
 5903 A:ee15  d0 aa                              bne AS_L_FOUT_2_6                ; NOT FINISHED YET
 5904 A:ee17                                    ; --------------------------------
 5905 A:ee17                                    ; NINE DIGITS HAVE BEEN STORED IN STRING.  NOW LOOK
 5906 A:ee17                                    ; BACK AND LOP OFF TRAILING ZEROES AND A TRAILING
 5907 A:ee17                                    ; DECIMAL POINT.
 5908 A:ee17                                    ; --------------------------------
 5909 A:ee17  a4 ad                    AS_FOUT_3 ldy MS_Z_STRNG2             ; POINTS AT LAST STORED CHAR
 5910 A:ee19  b9 ff 00                 AS_L_FOUT_3_1 lda AS_STACK-1,Y                   ; SEE IF LOPPABLE
 5911 A:ee1c  88                                 dey                    ; 
 5912 A:ee1d  c9 30                              cmp #("0"&%01111111)     ; SUPPRESS TRAILING ZEROES
 5913 A:ee1f  f0 f8                              beq AS_L_FOUT_3_1                ; YES, KEEP LOOPING
 5914 A:ee21  c9 2e                              cmp #("."&%01111111)     ; SUPPRESS TRAILING DECIMAL POINT
 5915 A:ee23  f0 01                              beq AS_L_FOUT_3_2                ; ".", SO WRITE OVER IT
 5916 A:ee25  c8                                 iny                    ; NOT ".", SO INCLUDE IN STRING AGAIN
 5917 A:ee26  a9 2b                    AS_L_FOUT_3_2 lda #("+"&%01111111)  ; PREPARE FOR POSITIVE EXPONENT "E+XX"
 5918 A:ee28  a6 9a                              ldx MS_Z_TENEXP                ; SEE IF ANY E-VALUE
 5919 A:ee2a  f0 2e                              beq AS_FOUT_5                ; NO, JUST MARK END OF STRING
 5920 A:ee2c  10 08                              bpl AS_L_FOUT_3_3                ; YES, AND IT IS POSITIVE
 5921 A:ee2e  a9 00                              lda #0             ; YES, AND IT IS NEGATIVE
 5922 A:ee30  38                                 sec                    ; COMPLEMENT THE VALUE
 5923 A:ee31  e5 9a                              sbc MS_Z_TENEXP                ; 
 5924 A:ee33  aa                                 tax                    ; GET MAGNITUDE IN X
 5925 A:ee34  a9 2d                              lda #("-"&%01111111)     ; E SIGN
 5926 A:ee36  99 01 01                 AS_L_FOUT_3_3 sta AS_STACK+1,Y                   ; STORE SIGN IN STRING
 5927 A:ee39  a9 45                              lda #("E"&%01111111)     ; STORE "E" IN STRING BEFORE SIGN
 5928 A:ee3b  99 00 01                           sta AS_STACK,Y                     ; 
 5929 A:ee3e  8a                                 txa                    ; EXPONENT MAGNITUDE IN A-REG
 5930 A:ee3f  a2 2f                              ldx #("0"&%01111111)-1; SEED FOR EXPONENT DIGIT
 5931 A:ee41  38                                 sec                    ; CONVERT TO DECIMAL
 5932 A:ee42  e8                       AS_L_FOUT_3_4 inx                 ; COUNT THE SUBTRACTION
 5933 A:ee43  e9 0a                              sbc #10             ; TEN'S DIGIT
 5934 A:ee45  b0 fb                              bcs AS_L_FOUT_3_4                ; MORE TENS TO SUBTRACT
 5935 A:ee47  69 3a                              adc #("0"&%01111111)+10; CONVERT REMAINDER TO ONE'S DIGIT
 5936 A:ee49  99 03 01                           sta AS_STACK+3,Y                   ; STORE ONE'S DIGIT
 5937 A:ee4c  8a                                 txa                    ; 
 5938 A:ee4d  99 02 01                           sta AS_STACK+2,Y                   ; STORE TEN'S DIGIT
 5939 A:ee50  a9 00                              lda #0             ; MARK END OF STRING WITH $00
 5940 A:ee52  99 04 01                           sta AS_STACK+4,Y                   ; 
 5941 A:ee55  f0 08                              beq AS_FOUT_6                ; ...ALWAYS
 5942 A:ee57  99 ff 00                 AS_FOUT_4 sta AS_STACK-1,Y                   ; STORE "0" IN ASCII
 5943 A:ee5a  a9 00                    AS_FOUT_5 lda #0          ; STORE $00 ON END OF STRING
 5944 A:ee5c  99 00 01                           sta AS_STACK,Y                     ; 
 5945 A:ee5f  a9 00                    AS_FOUT_6 lda #<AS_STACK           ; POINT Y,A AT BEGINNING OF STRING
 5946 A:ee61  a0 01                              ldy #>AS_STACK              ; (STR$ STARTED STRING AT STACK-1, BUT
 5947 A:ee63  60                                 rts                    ; STR$ DOESN'T USE Y,A ANYWAY.)
 5948 A:ee64                                    ; --------------------------------

 5950 A:ee64  80 00 00 00 00           AS_CON_HALF .byt $80,$00,$00,$00,$00; FP CONSTANT 0L_CON_HALF_5
 5951 A:ee69                                    ; --------------------------------
 5952 A:ee69                                    ; POWERS OF 10 FROM 1E8 DOWN TO 1,
 5953 A:ee69                                    ; AS 32-BIT INTEGERS, WITH ALTERNATING SIGNS
 5954 A:ee69                                    ; --------------------------------

 5956 A:ee69  fa 0a 1f 00              AS_DECTBL .byt $fa,$0a,$1f,$00; -100000000
 5957 A:ee6d  00 98 96 80                        .byt $00,$98,$96,$80; 10000000
 5958 A:ee71  ff f0 bd c0                        .byt $ff,$f0,$bd,$c0; -1000000
 5959 A:ee75  00 01 86 a0                        .byt $00,$01,$86,$a0; 100000
 5960 A:ee79  ff ff d8 f0                        .byt $ff,$ff,$d8,$f0; -10000
 5961 A:ee7d  00 00 03 e8                        .byt $00,$00,$03,$e8; 1000
 5962 A:ee81  ff ff ff 9c                        .byt $ff,$ff,$ff,$9c; -100
 5963 A:ee85  00 00 00 0a                        .byt $00,$00,$00,$0a; 10
 5964 A:ee89  ff ff ff ff                        .byt $ff,$ff,$ff,$ff; -1
 5965 A:ee8d                           AS_DECTBL_END 
 5966 A:ee8d                                    ; --------------------------------
 5967 A:ee8d                                    ; --------------------------------
 5968 A:ee8d                                    ; "SQR" FUNCTION
 5969 A:ee8d                                    ; 
 5970 A:ee8d                                    ; <<< UNFORTUNATELY, RATHER THAN A NEWTON-RAPHSON >>>
 5971 A:ee8d                                    ; <<< ITERATION, APPLESOFT USES EXPONENTIATION    >>>
 5972 A:ee8d                                    ; <<< SQR(X) = X^L_DECTBL_END_5                               >>>
 5973 A:ee8d                                    ; --------------------------------
 5974 A:ee8d  20 63 eb                 MS_SQR    jsr AS_COPY_FAC_TO_ARG_ROUNDED
 5975 A:ee90  a9 64                              lda #<AS_CON_HALF              ; SET UP POWER OF 0L_SQR_5
 5976 A:ee92  a0 ee                              ldy #>AS_CON_HALF
 5977 A:ee94  20 f9 ea                           jsr AS_LOAD_FAC_FROM_YA
 5978 A:ee97                                    ; --------------------------------
 5979 A:ee97                                    ; EXPONENTIATION OPERATION
 5980 A:ee97                                    ; 
 5981 A:ee97                                    ; ARG ^ FAC  =  EXP( LOG(ARG) * FAC )
 5982 A:ee97                                    ; --------------------------------
 5983 A:ee97  f0 70                    MS_FPWRT  beq MS_EXP             ; IF FAC=0, ARG^FAC=EXP(0)
 5984 A:ee99  a5 a5                              lda MS_Z_ARGEXP                ; IF ARG=0, ARG^FAC=0
 5985 A:ee9b  d0 03                              bne AS_L_FPWRT_1                ; NEITHER IS ZERO
 5986 A:ee9d  4c 50 e8                           jmp AS_STA_IN_FAC_SIGN_AND_EXP                ; SET FAC = 0
 5987 A:eea0  a2 8a                    AS_L_FPWRT_1 ldx #MS_Z_GRBPNT            ; SAVE FAC IN TEMP3
 5988 A:eea2  a0 00                              ldy #0
 5989 A:eea4  20 2b eb                           jsr AS_STORE_FACDB_YX_ROUNDED
 5990 A:eea7  a5 aa                              lda MS_Z_ARGSGN                ; NORMALLY, ARG MUST BE POSITIVE
 5991 A:eea9  10 0f                              bpl AS_L_FPWRT_2                ; IT IS POSITIVE, SO ALL IS WELL
 5992 A:eeab  20 23 ec                           jsr MS_INT                ; NEGATIVE, BUT OK IF INTEGRAL POWER
 5993 A:eeae  a9 8a                              lda #MS_Z_GRBPNT               ; SEE IF INT(FAC)=FAC
 5994 A:eeb0  a0 00                              ldy #0             ; 
 5995 A:eeb2  20 b2 eb                           jsr AS_FCOMP                ; IS IT AN INTEGER POWER?
 5996 A:eeb5  d0 03                              bne AS_L_FPWRT_2                ; NOT INTEGRAL,  WILL CAUSE ERROR LATER
 5997 A:eeb7  98                                 tya                    ; MAKE ARG SIGN + AS IT IS MOVED TO FAC
 5998 A:eeb8  a4 0d                              ldy MS_Z_CHARAC                ; INTEGRAL, SO ALLOW NEGATIVE ARG
 5999 A:eeba  20 55 eb                 AS_L_FPWRT_2 jsr AS_MFA             ; MOVE ARGUMENT TO FAC
 6000 A:eebd  98                                 tya                    ; SAVE FLAG FOR NEGATIVE ARG (0=+)
 6001 A:eebe  48                                 pha                    ; 
 6002 A:eebf  20 41 e9                           jsr MS_LOG                ; GET LOG(ARG)
 6003 A:eec2  a9 8a                              lda #MS_Z_GRBPNT               ; MULTIPLY BY POWER
 6004 A:eec4  a0 00                              ldy #0             ; 
 6005 A:eec6  20 7f e9                           jsr AS_FMULT                ; 
 6006 A:eec9  20 09 ef                           jsr MS_EXP                ; E ^ LOG(FAC)
 6007 A:eecc  68                                 pla                    ; GET FLAG FOR NEGATIVE ARG
 6008 A:eecd  4a                                 lsr                    ; <<<LSR,BCC COULD BE MERELY BPL>>>
 6009 A:eece  90 0a                              bcc AS_RTS_18                ; NOT NEGATIVE, FINISHED
 6010 A:eed0                                    ; NEGATIVE ARG, SO NEGATE RESULT
 6011 A:eed0                                    ; --------------------------------
 6012 A:eed0                                    ; NEGATE VALUE IN FAC
 6013 A:eed0                                    ; --------------------------------
 6014 A:eed0  a5 9d                    MS_NEGOP  lda MS_Z_FAC             ; IF FAC=0, NO NEED TO COMPLEMENT
 6015 A:eed2  f0 06                              beq AS_RTS_18                ; YES, FAC=0
 6016 A:eed4  a5 a2                              lda MS_Z_FACSGN                ; NO, SO TOGGLE SIGN
 6017 A:eed6  49 ff                              eor #$ff
 6018 A:eed8  85 a2                              sta MS_Z_FACSGN
 6019 A:eeda  60                       AS_RTS_18 rts 
 6020 A:eedb                                    ; --------------------------------

 6022 A:eedb  81 38 aa 3b 29           AS_CON_LOG_E .byt $81,$38,$aa,$3b,$29; LOG(E) TO BASE 2
 6023 A:eee0                                    ; --------------------------------
 6024 A:eee0  07                       AS_POLY_EXP .byt 7           ; ( # OF TERMS IN POLYNOMIAL) - 1
 6025 A:eee1  71 34 58 3e 56                     .byt $71,$34,$58,$3e,$56; (LOG(2)^7)/8!
 6026 A:eee6  74 16 7e b3 1b                     .byt $74,$16,$7e,$b3,$1b; (LOG(2)^6)/7!
 6027 A:eeeb  77 2f ee e3 85                     .byt $77,$2f,$ee,$e3,$85; (LOG(2)^5)/6!
 6028 A:eef0  7a 1d 84 1c 2a                     .byt $7a,$1d,$84,$1c,$2a; (LOG(2)^4)/5!
 6029 A:eef5  7c 63 59 58 0a                     .byt $7c,$63,$59,$58,$0a; (LOG(2)^3)/4!
 6030 A:eefa  7e 75 fd e7 c6                     .byt $7e,$75,$fd,$e7,$c6; (LOG(2)^2)/3!
 6031 A:eeff  80 31 72 18 10                     .byt $80,$31,$72,$18,$10; LOG(2)/2!
 6032 A:ef04  81 00 00 00 00                     .byt $81,$00,$00,$00,$00; 1
 6033 A:ef09                                    ; --------------------------------
 6034 A:ef09                                    ; "EXP" FUNCTION
 6035 A:ef09                                    ; 
 6036 A:ef09                                    ; FAC = E ^ FAC
 6037 A:ef09                                    ; --------------------------------
 6038 A:ef09  a9 db                    MS_EXP    lda #<AS_CON_LOG_E           ; CONVERT TO POWER OF TWO PROBLEM
 6039 A:ef0b  a0 ee                              ldy #>AS_CON_LOG_E              ; E^X = 2^(LOG2(E)*X)
 6040 A:ef0d  20 7f e9                           jsr AS_FMULT                ; 
 6041 A:ef10  a5 ac                              lda MS_Z_FACOV                ; NON-STANDARD ROUNDING HERE
 6042 A:ef12  69 50                              adc #$50             ; ROUND UP IF EXTENSION > $AF
 6043 A:ef14  90 03                              bcc AS_L_EXP_1                ; NO, DON'T ROUND UP
 6044 A:ef16  20 7a eb                           jsr AS_INCREMENT_MANTISSA
 6045 A:ef19  85 92                    AS_L_EXP_1 sta MS_Z_OLDOV             ; STRANGE VALUE
 6046 A:ef1b  20 66 eb                           jsr AS_MAF                ; COPY FAC INTO ARG
 6047 A:ef1e  a5 9d                              lda MS_Z_FAC                ; MAXIMUM EXPONENT IS < 128
 6048 A:ef20  c9 88                              cmp #$88             ; WITHIN RANGE?
 6049 A:ef22  90 03                              bcc AS_L_EXP_3                ; YES
 6050 A:ef24  20 2b ea                 AS_L_EXP_2 jsr AS_OUTOFRNG             ; OVERFLOW IF +, RETURN 0.0 IF -
 6051 A:ef27  20 23 ec                 AS_L_EXP_3 jsr MS_INT             ; GET INT(FAC)
 6052 A:ef2a  a5 0d                              lda MS_Z_CHARAC                ; THIS IS THE INETGRAL PART OF THE POWER
 6053 A:ef2c  18                                 clc                    ; ADD TO EXPONENT BIAS + 1
 6054 A:ef2d  69 81                              adc #$81             ; 
 6055 A:ef2f  f0 f3                              beq AS_L_EXP_2                ; OVERFLOW
 6056 A:ef31  38                                 sec                    ; BACK OFF TO NORMAL BIAS
 6057 A:ef32  e9 01                              sbc #1             ; 
 6058 A:ef34  48                                 pha                    ; SAVE EXPONENT
 6059 A:ef35                                    ; --------------------------------
 6060 A:ef35  a2 05                              ldx #5             ; SWAP ARG AND FAC
 6061 A:ef37  b5 a5                    AS_L_EXP_4 lda MS_Z_ARGEXP,X                       ; <<< WHY SWAP? IT IS DOING      >>>
 6062 A:ef39  b4 9d                              ldy MS_Z_FAC,X                       ; <<< -(A-B) WHEN (B-A) IS THE   >>>
 6063 A:ef3b  95 9d                              sta MS_Z_FAC,X                       ; <<< SAME THING!                >>>
 6064 A:ef3d  94 a5                              sty MS_Z_ARGEXP,X
 6065 A:ef3f  ca                                 dex 
 6066 A:ef40  10 f5                              bpl AS_L_EXP_4
 6067 A:ef42  a5 92                              lda MS_Z_OLDOV
 6068 A:ef44  85 ac                              sta MS_Z_FACOV
 6069 A:ef46  20 aa e7                           jsr MS_FSUBT                ; POWER-INT(POWER) --> FRACTIONAL PART
 6070 A:ef49  20 d0 ee                           jsr MS_NEGOP
 6071 A:ef4c  a9 e0                              lda #<AS_POLY_EXP
 6072 A:ef4e  a0 ee                              ldy #>AS_POLY_EXP
 6073 A:ef50  20 72 ef                           jsr AS_POLYNOMIAL                ; COMPUTE F(X) ON FRACTIONAL PART
 6074 A:ef53  a9 00                              lda #0
 6075 A:ef55  85 ab                              sta MS_Z_ARISGN
 6076 A:ef57  68                                 pla                    ; GET EXPONENT
 6077 A:ef58  20 10 ea                           jsr AS_ADD_EXPONENTS_1
 6078 A:ef5b  60                                 rts                    ; <<< WASTED BYTE HERE, COULD HAVE >>>
 6079 A:ef5c                                    ; <<< JUST USED "JMP ADD.EXPO..."  >>>
 6080 A:ef5c                                    ; --------------------------------
 6081 A:ef5c                                    ; ODD POLYNOMIAL SUBROUTINE
 6082 A:ef5c                                    ; 
 6083 A:ef5c                                    ; F(X) = X * P(X^2)
 6084 A:ef5c                                    ; 
 6085 A:ef5c                                    ; WHERE:  X IS VALUE IN FAC
 6086 A:ef5c                                    ; Y,A POINTS AT COEFFICIENT TABLE
 6087 A:ef5c                                    ; FIRST BYTE OF COEFF. TABLE IS N
 6088 A:ef5c                                    ; COEFFICIENTS FOLLOW, HIGHEST POWER FIRST
 6089 A:ef5c                                    ; 
 6090 A:ef5c                                    ; P(X^2) COMPUTED USING NORMAL POLYNOMIAL SUBROUTINE
 6091 A:ef5c                                    ; 
 6092 A:ef5c                                    ; --------------------------------
 6093 A:ef5c                           AS_POLYNOMIAL_ODD 
 6094 A:ef5c  85 ad                              sta MS_Z_POLYPT                ; SAVE ADDRESS OF COEFFICIENT TABLE
 6095 A:ef5e  84 ae                              sty MS_Z_POLYPT+1
 6096 A:ef60  20 21 eb                           jsr AS_STORE_FAC_IN_TEMP1_ROUNDED
 6097 A:ef63  a9 93                              lda #MS_Z_TEMPF1               ; Y=0 ALREADY, SO Y,A POINTS AT TEMP1
 6098 A:ef65  20 7f e9                           jsr AS_FMULT                ; FORM X^2
 6099 A:ef68  20 76 ef                           jsr AS_SERMAIN                ; DO SERIES IN X^2
 6100 A:ef6b  a9 93                              lda #<MS_Z_TEMPF1              ; GET X AGAIN
 6101 A:ef6d  a0 00                              ldy #>MS_Z_TEMPF1              ; 
 6102 A:ef6f  4c 7f e9                           jmp AS_FMULT                ; MULTIPLY X BY P(X^2) AND EXIT
 6103 A:ef72                                    ; --------------------------------
 6104 A:ef72                                    ; NORMAL POLYNOMIAL SUBROUTINE
 6105 A:ef72                                    ; 
 6106 A:ef72                                    ; P(X) = C(0)*X^N + C(1)*X^(N-1) + ... + C(N)
 6107 A:ef72                                    ; 
 6108 A:ef72                                    ; WHERE:  X IS VALUE IN FAC
 6109 A:ef72                                    ; Y,A POINTS AT COEFFICIENT TABLE
 6110 A:ef72                                    ; FIRST BYTE OF COEFF. TABLE IS N
 6111 A:ef72                                    ; COEFFICIENTS FOLLOW, HIGHEST POWER FIRST
 6112 A:ef72                                    ; 
 6113 A:ef72                                    ; --------------------------------
 6114 A:ef72                           AS_POLYNOMIAL 
 6115 A:ef72  85 ad                              sta MS_Z_POLYPT                ; POINTER TO COEFFICIENT TABLE
 6116 A:ef74  84 ae                              sty MS_Z_POLYPT+1
 6117 A:ef76                                    ; --------------------------------
 6118 A:ef76                           AS_SERMAIN 
 6119 A:ef76  20 1e eb                           jsr AS_STORE_FAC_IN_TEMP2_ROUNDED
 6120 A:ef79  b1 ad                              lda (MS_Z_POLYPT),Y                  ; GET N
 6121 A:ef7b  85 a3                              sta MS_Z_DEGREE                ; SAVE N
 6122 A:ef7d  a4 ad                              ldy MS_Z_POLYPT                ; BUMP PNTR TO HIGHEST COEFFICIENT
 6123 A:ef7f  c8                                 iny                    ; AND GET PNTR INTO Y,A
 6124 A:ef80  98                                 tya 
 6125 A:ef81  d0 02                              bne AS_L_SERMAIN_1
 6126 A:ef83  e6 ae                              inc MS_Z_POLYPT+1
 6127 A:ef85  85 ad                    AS_L_SERMAIN_1 sta MS_Z_POLYPT
 6128 A:ef87  a4 ae                              ldy MS_Z_POLYPT+1
 6129 A:ef89  20 7f e9                 AS_L_SERMAIN_2 jsr AS_FMULT             ; ACCUMULATE SERIES TERMS
 6130 A:ef8c  a5 ad                              lda MS_Z_POLYPT                ; BUMP PNTR TO NEXT COEFFICIENT
 6131 A:ef8e  a4 ae                              ldy MS_Z_POLYPT+1
 6132 A:ef90  18                                 clc 
 6133 A:ef91  69 05                              adc #5
 6134 A:ef93  90 01                              bcc AS_L_SERMAIN_3
 6135 A:ef95  c8                                 iny 
 6136 A:ef96  85 ad                    AS_L_SERMAIN_3 sta MS_Z_POLYPT
 6137 A:ef98  84 ae                              sty MS_Z_POLYPT+1
 6138 A:ef9a  20 be e7                           jsr AS_FADD                ; ADD NEXT COEFFICIENT
 6139 A:ef9d  a9 98                              lda #MS_Z_TEMPF2               ; POINT AT X AGAIN
 6140 A:ef9f  a0 00                              ldy #0             ; 
 6141 A:efa1  c6 a3                              dec MS_Z_DEGREE                ; IF SERIES NOT FINISHED,
 6142 A:efa3  d0 e4                              bne AS_L_SERMAIN_2                ; THEN ADD ANOTHER TERM
 6143 A:efa5  60                       AS_RTS_19 rts                 ; FINISHED
 6144 A:efa6                                    ; --------------------------------

 6146 A:efa6  98 35 44 7a              AS_CON_RND_1 .byt $98,$35,$44,$7a; <<< THESE ARE MISSING ONE BYTE >>>
 6147 A:efaa  68 28 b1 46              AS_CON_RND_2 .byt $68,$28,$b1,$46; <<< FOR FP VALUES              >>>
 6148 A:efae                                    ; --------------------------------
 6149 A:efae                                    ; "RND" FUNCTION
 6150 A:efae                                    ; --------------------------------
 6151 A:efae  20 82 eb                 MS_RND    jsr AS_SIGN             ; REDUCE ARGUMENT TO -1, 0, OR +1
 6152 A:efb1  aa                                 tax                    ; SAVE ARGUMENT
 6153 A:efb2  30 18                              bmi AS_L_RND_1                ; = -1, USE CURRENT ARGUMENT FOR SEED
 6154 A:efb4  a9 c9                              lda #<MS_Z_RNDX              ; USE CURRENT SEED
 6155 A:efb6  a0 00                              ldy #>MS_Z_RNDX
 6156 A:efb8  20 f9 ea                           jsr AS_LOAD_FAC_FROM_YA
 6157 A:efbb  8a                                 txa                    ; RECALL SIGN OF ARGUMENT
 6158 A:efbc  f0 e7                              beq AS_RTS_19                ; =0, RETURN SEED UNCHANGED
 6159 A:efbe  a9 a6                              lda #<AS_CON_RND_1              ; VERY POOR RND ALGORITHM
 6160 A:efc0  a0 ef                              ldy #>AS_CON_RND_1
 6161 A:efc2  20 7f e9                           jsr AS_FMULT
 6162 A:efc5  a9 aa                              lda #<AS_CON_RND_2              ; ALSO, CONSTANTS ARE TRUNCATED
 6163 A:efc7  a0 ef                              ldy #>AS_CON_RND_2              ; <<<THIS DOES NOTHING, DUE TO >>>
 6164 A:efc9                                    ; <<<SMALL EXPONENT            >>>
 6165 A:efc9  20 be e7                           jsr AS_FADD
 6166 A:efcc  a6 a1                    AS_L_RND_1 ldx MS_Z_FAC+4       ; SHUFFLE HI AND LO BYTES
 6167 A:efce  a5 9e                              lda MS_Z_FAC+1          ; TO SUPPOSEDLY MAKE IT MORE RANDOM
 6168 A:efd0  85 a1                              sta MS_Z_FAC+4          ; 
 6169 A:efd2  86 9e                              stx MS_Z_FAC+1          ; 
 6170 A:efd4  a9 00                              lda #0             ; MAKE IT POSITIVE
 6171 A:efd6  85 a2                              sta MS_Z_FACSGN                ; 
 6172 A:efd8  a5 9d                              lda MS_Z_FAC                ; A SOMEWHAT RANDOM EXTENSION
 6173 A:efda  85 ac                              sta MS_Z_FACOV
 6174 A:efdc  a9 80                              lda #$80             ; EXPONENT TO MAKE VALUE < 1.0
 6175 A:efde  85 9d                              sta MS_Z_FAC
 6176 A:efe0  20 2e e8                           jsr AS_NORMALIZE_FAC_2
 6177 A:efe3  a2 c9                              ldx #<MS_Z_RNDX              ; MOVE FAC TO RND SEED
 6178 A:efe5  a0 00                              ldy #>MS_Z_RNDX
 6179 A:efe7  4c 2b eb                 AS_GO_MOVMF jmp AS_STORE_FACDB_YX_ROUNDED
 6180 A:efea                                    ; --------------------------------
 6181 A:efea                                    ; --------------------------------
 6182 A:efea                                    ; "COS" FUNCTION
 6183 A:efea                                    ; --------------------------------
 6184 A:efea  a9 66                    MS_COS    lda #<AS_CON_PI_HALF           ; COS(X)=SIN(X + PI/2)
 6185 A:efec  a0 f0                              ldy #>AS_CON_PI_HALF
 6186 A:efee  20 be e7                           jsr AS_FADD
 6187 A:eff1                                    ; --------------------------------
 6188 A:eff1                                    ; "SIN" FUNCTION
 6189 A:eff1                                    ; --------------------------------
 6190 A:eff1  20 63 eb                 MS_SIN    jsr AS_COPY_FAC_TO_ARG_ROUNDED
 6191 A:eff4  a9 6b                              lda #<AS_CON_PI_DOUB              ; REMOVE MULTIPLES OF 2*PI
 6192 A:eff6  a0 f0                              ldy #>AS_CON_PI_DOUB              ; BY DIVIDING AND SAVING
 6193 A:eff8  a6 aa                              ldx MS_Z_ARGSGN                ; THE FRACTIONAL PART
 6194 A:effa  20 5e ea                           jsr AS_DIV                ; USE SIGN OF ARGUMENT
 6195 A:effd  20 63 eb                           jsr AS_COPY_FAC_TO_ARG_ROUNDED
 6196 A:f000  20 23 ec                           jsr MS_INT                ; TAKE INTEGER PART
 6197 A:f003  a9 00                              lda #0             ; <<< WASTED LINES, BECAUSE FSUBT >>>
 6198 A:f005  85 ab                              sta MS_Z_ARISGN                ; <<< CHANGES SGNCPR AGAIN        >>>
 6199 A:f007  20 aa e7                           jsr MS_FSUBT                ; SUBTRACT TO GET FRACTIONAL PART
 6200 A:f00a                                    ; --------------------------------
 6201 A:f00a                                    ; (FAC) = ANGLE AS A FRACTION OF A FULL CIRCLE
 6202 A:f00a                                    ; 
 6203 A:f00a                                    ; NOW FOLD THE RANGE INTO A QUARTER CIRCLE
 6204 A:f00a                                    ; 
 6205 A:f00a                                    ; <<< THERE ARE MUCH SIMPLER WAYS TO DO THIS >>>
 6206 A:f00a                                    ; --------------------------------
 6207 A:f00a  a9 70                              lda #<AS_QUARTER              ; 1/4 - FRACTION MAKES
 6208 A:f00c  a0 f0                              ldy #>AS_QUARTER              ; -3/4 <= FRACTION < 1/4
 6209 A:f00e  20 a7 e7                           jsr AS_FSUB                ; 
 6210 A:f011  a5 a2                              lda MS_Z_FACSGN                ; TEST SIGN OF RESULT
 6211 A:f013  48                                 pha                    ; SAVE SIGN FOR LATER UNFOLDING
 6212 A:f014  10 0d                              bpl AS_SIN_1                ; ALREADY 0...1/4
 6213 A:f016  20 a0 e7                           jsr AS_FADDH                ; ADD 1/2 TO SHIFT TO -1/4...1/2
 6214 A:f019  a5 a2                              lda MS_Z_FACSGN                ; TEST SIGN
 6215 A:f01b  30 09                              bmi AS_SIN_2                ; -1/4...0
 6216 A:f01d                                    ; 0...1/2
 6217 A:f01d  a5 16                              lda MS_Z_TANSGN                ; SIGNFLG INITIALIZED = 0 IN "TAN"
 6218 A:f01f  49 ff                              eor #$ff             ; FUNCTION
 6219 A:f021  85 16                              sta MS_Z_TANSGN                ; "TAN" IS ONLY USER OF SIGNFLG TOO
 6220 A:f023                                    ; --------------------------------
 6221 A:f023                                    ; IF FALL THRU, RANGE IS 0...1/2
 6222 A:f023                                    ; IF BRANCH HERE, RANGE IS 0...1/4
 6223 A:f023                                    ; --------------------------------
 6224 A:f023  20 d0 ee                 AS_SIN_1  jsr MS_NEGOP
 6225 A:f026                                    ; --------------------------------
 6226 A:f026                                    ; IF FALL THRU, RANGE IS -1/2...0
 6227 A:f026                                    ; IF BRANCH HERE, RANGE IS -1/4...0
 6228 A:f026                                    ; --------------------------------
 6229 A:f026  a9 70                    AS_SIN_2  lda #<AS_QUARTER           ; ADD 1/4 TO SHIFT RANGE
 6230 A:f028  a0 f0                              ldy #>AS_QUARTER              ; TO -1/4...1/4
 6231 A:f02a  20 be e7                           jsr AS_FADD                ; 
 6232 A:f02d  68                                 pla                    ; GET SAVED SIGN FROM ABOVE
 6233 A:f02e  10 03                              bpl AS_L_SIN_2_1                ; 
 6234 A:f030  20 d0 ee                           jsr MS_NEGOP                ; MAKE RANGE 0...1/4
 6235 A:f033  a9 75                    AS_L_SIN_2_1 lda #<AS_POLY_SIN           ; DO STANDARD SIN SERIES
 6236 A:f035  a0 f0                              ldy #>AS_POLY_SIN              ; 
 6237 A:f037  4c 5c ef                           jmp AS_POLYNOMIAL_ODD                ; 
 6238 A:f03a                                    ; --------------------------------
 6239 A:f03a                                    ; "TAN" FUNCTION
 6240 A:f03a                                    ; 
 6241 A:f03a                                    ; COMPUTE TAN(X) = SIN(X) / COS(X)
 6242 A:f03a                                    ; --------------------------------
 6243 A:f03a  20 21 eb                 MS_TAN    jsr AS_STORE_FAC_IN_TEMP1_ROUNDED
 6244 A:f03d  a9 00                              lda #0             ; SIGNFLG WILL BE TOGGLED IF 2ND OR 3RD
 6245 A:f03f  85 16                              sta MS_Z_TANSGN                ; QUADRANT
 6246 A:f041  20 f1 ef                           jsr MS_SIN                ; GET SIN(X)
 6247 A:f044  a2 8a                              ldx #<MS_Z_GRBPNT              ; SAVE SIN(X) IN TEMP3
 6248 A:f046  a0 00                              ldy #>MS_Z_GRBPNT              ; 
 6249 A:f048  20 e7 ef                           jsr AS_GO_MOVMF                ; <<<FUNNY WAY TO CALL MOVMF! >>>
 6250 A:f04b  a9 93                              lda #<MS_Z_TEMPF1              ; RETRIEVE X
 6251 A:f04d  a0 00                              ldy #>MS_Z_TEMPF1              ; 
 6252 A:f04f  20 f9 ea                           jsr AS_LOAD_FAC_FROM_YA
 6253 A:f052  a9 00                              lda #0             ; AND COMPUTE COS(X)
 6254 A:f054  85 a2                              sta MS_Z_FACSGN                ; 
 6255 A:f056  a5 16                              lda MS_Z_TANSGN                ; 
 6256 A:f058  20 62 f0                           jsr AS_TAN_1                ; WEIRD & DANGEROUS WAY TO GET INTO SIN
 6257 A:f05b  a9 8a                              lda #<MS_Z_GRBPNT              ; NOW FORM SIN/COS
 6258 A:f05d  a0 00                              ldy #>MS_Z_GRBPNT              ; 
 6259 A:f05f  4c 66 ea                           jmp AS_FDIV                ; 
 6260 A:f062                                    ; --------------------------------
 6261 A:f062  48                       AS_TAN_1  pha                 ; SHAME, SHAME!
 6262 A:f063  4c 23 f0                           jmp AS_SIN_1
 6263 A:f066                                    ; --------------------------------

 6265 A:f066  81 49 0f da a2           AS_CON_PI_HALF .byt $81,$49,$0f,$da,$a2
 6266 A:f06b  83 49 0f da a2           AS_CON_PI_DOUB .byt $83,$49,$0f,$da,$a2
 6267 A:f070  7f 00 00 00 00           AS_QUARTER .byt $7f,$00,$00,$00,$00
 6268 A:f075                                    ; --------------------------------
 6269 A:f075  05                       AS_POLY_SIN .byt 5           ; POWER OF POLYNOMIAL
 6270 A:f076  84 e6 1a 2d 1b                     .byt $84,$e6,$1a,$2d,$1b; (2PI)^11/11!
 6271 A:f07b  86 28 07 fb f8                     .byt $86,$28,$07,$fb,$f8; (2PI)^9/9!
 6272 A:f080  87 99 68 89 01                     .byt $87,$99,$68,$89,$01; (2PI)^7/7!
 6273 A:f085  87 23 35 df e1                     .byt $87,$23,$35,$df,$e1; (2PI)^5/5!
 6274 A:f08a  86 a5 5d e7 28                     .byt $86,$a5,$5d,$e7,$28; (2PI)^3/3!
 6275 A:f08f  83 49 0f da a2                     .byt $83,$49,$0f,$da,$a2; 2PI

 6279 A:f094                                    ; --------------------------------
 6280 A:f094                                    ; <<< NEXT TEN BYTES ARE NEVER REFERENCED >>>
 6281 A:f094                                    ; OBFUSCATED "MICROSOFT!" BY BILL GATES
 6282 A:f094                                    ; (REVERSED, HIGH BIT SET, XOR 7)
 6283 A:f094                                    ; --------------------------------

 6288 A:f094  a6                                 .byt ("!"|%10000000)^7
 6289 A:f095  d3                                 .byt ("T"|%10000000)^7
 6290 A:f096  c1                                 .byt ("F"|%10000000)^7
 6291 A:f097  c8                                 .byt ("O"|%10000000)^7
 6292 A:f098  d4                                 .byt ("S"|%10000000)^7
 6293 A:f099  c8                                 .byt ("O"|%10000000)^7
 6294 A:f09a  d5                                 .byt ("R"|%10000000)^7
 6295 A:f09b  c4                                 .byt ("C"|%10000000)^7
 6296 A:f09c  ce                                 .byt ("I"|%10000000)^7
 6297 A:f09d  ca                                 .byt ("M"|%10000000)^7

 6304 A:f09e                                    ; --------------------------------
 6305 A:f09e                                    ; "ATN" FUNCTION
 6306 A:f09e                                    ; --------------------------------
 6307 A:f09e  a5 a2                    MS_ATN    lda MS_Z_FACSGN             ; FOLD THE ARGUMENT RANGE FIRST
 6308 A:f0a0  48                                 pha                    ; SAVE SIGN FOR LATER UNFOLDING
 6309 A:f0a1  10 03                              bpl AS_L_ATN_1                ; .GE. 0
 6310 A:f0a3  20 d0 ee                           jsr MS_NEGOP                ; .LT. 0, SO COMPLEMENT
 6311 A:f0a6  a5 9d                    AS_L_ATN_1 lda MS_Z_FAC             ; IF .GE. 1, FORM RECIPROCAL
 6312 A:f0a8  48                                 pha                    ; SAVE FOR LATER UNFOLDING
 6313 A:f0a9  c9 81                              cmp #$81             ; (EXPONENT FOR .GE. 1
 6314 A:f0ab  90 07                              bcc AS_L_ATN_2                ; X < 1
 6315 A:f0ad  a9 13                              lda #<MS_FONE              ; FORM 1/X
 6316 A:f0af  a0 e9                              ldy #>MS_FONE
 6317 A:f0b1  20 66 ea                           jsr AS_FDIV
 6318 A:f0b4                                    ; --------------------------------
 6319 A:f0b4                                    ; 0 <= X <= 1
 6320 A:f0b4                                    ; 0 <= ATN(X) <= PI/8
 6321 A:f0b4                                    ; --------------------------------
 6322 A:f0b4  a9 ce                    AS_L_ATN_2 lda #<AS_POLY_ATN           ; COMPUTE POLYNOMIAL APPROXIMATION
 6323 A:f0b6  a0 f0                              ldy #>AS_POLY_ATN
 6324 A:f0b8  20 5c ef                           jsr AS_POLYNOMIAL_ODD
 6325 A:f0bb  68                                 pla                    ; START TO UNFOLD
 6326 A:f0bc  c9 81                              cmp #$81             ; WAS IT .GE. 1?
 6327 A:f0be  90 07                              bcc AS_L_ATN_3                ; NO
 6328 A:f0c0  a9 66                              lda #<AS_CON_PI_HALF              ; YES, SUBTRACT FROM PI/2
 6329 A:f0c2  a0 f0                              ldy #>AS_CON_PI_HALF              ; 
 6330 A:f0c4  20 a7 e7                           jsr AS_FSUB                ; 
 6331 A:f0c7  68                       AS_L_ATN_3 pla                 ; WAS IT NEGATIVE?
 6332 A:f0c8  10 03                              bpl AS_RTS_20                ; NO
 6333 A:f0ca  4c d0 ee                           jmp MS_NEGOP                ; YES, COMPLEMENT
 6334 A:f0cd  60                       AS_RTS_20 rts 
 6335 A:f0ce                                    ; --------------------------------
 6336 A:f0ce  0b                       AS_POLY_ATN .byt 11           ; POWER OF POLYNOMIAL
 6337 A:f0cf  76 b3 83 bd d3                     .byt $76,$b3,$83,$bd,$d3
 6338 A:f0d4  79 1e f4 a6 f5                     .byt $79,$1e,$f4,$a6,$f5
 6339 A:f0d9  7b 83 fc b0 10                     .byt $7b,$83,$fc,$b0,$10
 6340 A:f0de  7c 0c 1f 67 ca                     .byt $7c,$0c,$1f,$67,$ca
 6341 A:f0e3  7c de 53 cb c1                     .byt $7c,$de,$53,$cb,$c1
 6342 A:f0e8  7d 14 64 70 4c                     .byt $7d,$14,$64,$70,$4c
 6343 A:f0ed  7d b7 ea 51 7a                     .byt $7d,$b7,$ea,$51,$7a
 6344 A:f0f2  7d 63 30 88 7e                     .byt $7d,$63,$30,$88,$7e
 6345 A:f0f7  7e 92 44 99 3a                     .byt $7e,$92,$44,$99,$3a
 6346 A:f0fc  7e 4c cc 91 c7                     .byt $7e,$4c,$cc,$91,$c7
 6347 A:f101  7f aa aa aa 13                     .byt $7f,$aa,$aa,$aa,$13
 6348 A:f106  81 00 00 00 00                     .byt $81,$00,$00,$00,$00
 6349 A:f10b                                    ; --------------------------------
 6350 A:f10b                                    ; GENERIC COPY OF CHRGET SUBROUTINE, WHICH
 6351 A:f10b                                    ; IS COPIED INTO $00B1...$00C8 DURING INITIALIZATION
 6352 A:f10b                                    ; 
 6353 A:f10b                                    ; CORNELIS BONGERS DESCRIBED SEVERAL IMPROVEMENTS
 6354 A:f10b                                    ; TO CHRGET IN MICRO MAGAZINE OR CALL A.P.P.L.E.
 6355 A:f10b                                    ; (I DON'T REMEMBER WHICH OR EXACTLY WHEN)
 6356 A:f10b                                    ; --------------------------------
 6357 A:f10b                           AS_GENERIC_CHRGET 
 6358 A:f10b  e6 b8                              inc MS_Z_TXTPTR
 6359 A:f10d  d0 02                              bne AS_L_GENERIC_CHRGET_1
 6360 A:f10f  e6 b9                              inc MS_Z_TXTPTR+1
 6361 A:f111  ad 60 ea                 AS_L_GENERIC_CHRGET_1 lda $ea60           ; <<< ACTUAL ADDRESS FILLED IN LATER >>>
 6362 A:f114  c9 3a                              cmp #(":"&%01111111)     ; EOS, ALSO TOP OF NUMERIC RANGE
 6363 A:f116  b0 0a                              bcs AS_L_GENERIC_CHRGET_2                ; NOT NUMBER, MIGHT BE EOS
 6364 A:f118  c9 20                              cmp #(" "&%01111111)     ; IGNORE BLANKS
 6365 A:f11a  f0 ef                              beq AS_GENERIC_CHRGET
 6366 A:f11c  38                                 sec                    ; TEST FOR NUMERIC RANGE IN WAY THAT
 6367 A:f11d  e9 30                              sbc #("0"&%01111111)     ; CLEARS CARRY IF CHAR IS DIGIT
 6368 A:f11f  38                                 sec                    ; AND LEAVES CHAR IN A-REG
 6369 A:f120  e9 d0                              sbc #$d0
 6370 A:f122  60                       AS_L_GENERIC_CHRGET_2 rts 
 6371 A:f123                                    ; --------------------------------
 6372 A:f123                                    ; INITIAL VALUE FOR RANDOM NUMBER, ALSO COPIED
 6373 A:f123                                    ; IN ALONG WITH CHRGET, BUT ERRONEOUSLY:
 6374 A:f123                                    ; <<< THE LAST BYTE IS NOT COPIED >>>
 6375 A:f123                                    ; --------------------------------

 6377 A:f123  80 4f c7 52 58                     .byt $80,$4f,$c7,$52,$58; APPROX. = L_GENERIC_CHRGET_811635157
 6378 A:f128                           AS_GENERIC_END 
 6379 A:f128                                    ; --------------------------------
 6380 A:f128                           AS_COLD_START 
 6381 A:f128  a2 ff                              ldx #$ff             ; SET DIRECT MODE FLAG
 6382 A:f12a  86 76                              stx MS_Z_CURLIN+1          ; 
 6383 A:f12c  a2 fb                              ldx #$fb             ; SET STACK POINTER, LEAVING ROOM FOR
 6384 A:f12e  9a                                 txs                    ; LINE BUFFER DURING PARSING
 6385 A:f12f  a9 28                              lda #<AS_COLD_START              ; SET RESTART TO COLD.START
 6386 A:f131  a0 f1                              ldy #>AS_COLD_START              ; UNTIL COLDSTART IS COMPLETED
 6387 A:f133  85 01                              sta MS_Z_START+1          ; 
 6388 A:f135  84 02                              sty MS_Z_START+2          ; 
 6389 A:f137  85 04                              sta MS_Z_RDYJSR+1          ; ALSO SECOND USER VECTOR...
 6390 A:f139  84 05                              sty MS_Z_RDYJSR+2          ; ..WE SIMPLY MUST FINISH COLD.START!
 6391 A:f13b  20 73 f2                           jsr AS_NORMAL                ; SET NORMAL DISPLAY MODE
 6392 A:f13e  a9 4c                              lda #$4c             ; "JMP" OPCODE FOR 4 VECTORS
 6393 A:f140  85 00                              sta MS_Z_START                ; WARM START
 6394 A:f142  85 03                              sta MS_Z_RDYJSR                ; ANYONE EVER USE THIS ONE?
 6395 A:f144  85 90                              sta MS_Z_JMPER                ; USED BY FUNCTIONS (JSR JMPADRS)
 6396 A:f146  85 0a                    AS_L_USR1 sta MS_Z_USRPOK             ; "USR" FUNCTION VECTOR
 6397 A:f148  a9 99                              lda #<AS_IQERR              ; POINT "USR" TO ILLEGAL QUANTITY
 6398 A:f14a  a0 e1                              ldy #>AS_IQERR              ; ERROR, UNTIL USER SETS IT UP
 6399 A:f14c  85 0b                              sta MS_Z_USRPOK+1
 6400 A:f14e  84 0c                              sty MS_Z_USRPOK+2
 6401 A:f150                           AS_L_USR2                  ; --------------------------------
 6402 A:f150                                    ; MOVE GENERIC CHRGET AND RANDOM SEED INTO PLACE
 6403 A:f150                                    ; 
 6404 A:f150                                    ; <<< NOTE THAT LOOP VALUE IS WRONG!          >>>
 6405 A:f150                                    ; <<< THE LAST BYTE OF THE RANDOM SEED IS NOT >>>
 6406 A:f150                                    ; <<< COPIED INTO PAGE ZERO!                  >>>
 6407 A:f150                                    ; --------------------------------
 6408 A:f150  a2 1c                              ldx #AS_GENERIC_END-AS_GENERIC_CHRGET-1
 6409 A:f152  bd 0a f1                 AS_L_COLD_START_1 lda AS_GENERIC_CHRGET-1,X
 6410 A:f155  95 b0                              sta MS_Z_CHRGET-1,X
 6411 A:f157  86 f1                              stx AS_SPEEDZ                ; ON LAST PASS STORES $01)
 6412 A:f159  ca                                 dex 
 6413 A:f15a  d0 f6                              bne AS_L_COLD_START_1
 6414 A:f15c                                    ; --------------------------------
 6415 A:f15c  86 f2                              stx AS_TRCFLG                ; X=0, TURN OFF TRACING
 6416 A:f15e  8a                                 txa                    ; A=0
 6417 A:f15f  85 a4                              sta MS_Z_BITS
 6418 A:f161  85 54                              sta MS_Z_LASTPT+1
 6419 A:f163  48                                 pha                    ; PUT $00 ON STACK (WHAT FOR?)
 6420 A:f164  a9 03                              lda #3             ; SET LENGTH OF TEMP. STRING DESCRIPTORS
 6421 A:f166  85 8f                              sta MS_Z_FOUR6                ; FOR GARBAGE COLLECTION SUBROUTINE
 6422 A:f168  20 fb da                           jsr MS_CRDO                ; PRINT <RETURN>
 6423 A:f16b  a9 01                              lda #1             ; SET UP FAKE FORWARD LINK
 6424 A:f16d  8d fd 01                           sta AS_INPUT_BUFFER-3
 6425 A:f170  8d fc 01                           sta AS_INPUT_BUFFER-4
 6426 A:f173  a2 55                              ldx #MS_Z_TEMPST               ; INIT INDEX TO TEMP STRING DESCRIPTORS
 6427 A:f175  86 52                              stx MS_Z_TEMPPT
 6428 A:f177                                    ; --------------------------------
 6429 A:f177                                    ; FIND HIGH END OF RAM
 6430 A:f177                                    ; --------------------------------
 6431 A:f177  a9 00                              lda #<$0800            ; SET UP POINTER TO LOW END OF RAM
 6432 A:f179  a0 08                              ldy #>$0800
 6433 A:f17b  85 50                              sta MS_Z_LINNUM
 6434 A:f17d  84 51                              sty MS_Z_LINNUM+1
 6435 A:f17f  a0 00                              ldy #0
 6436 A:f181  e6 51                    AS_L_COLD_START_2 inc MS_Z_LINNUM+1       ; TEST FIRST BYTE OF EACH PAGE
 6437 A:f183  b1 50                              lda (MS_Z_LINNUM),Y                  ; BY COMPLEMENTING IT AND WATCHING
 6438 A:f185  49 ff                              eor #$ff             ; IT CHANGE THE SAME WAY
 6439 A:f187  91 50                              sta (MS_Z_LINNUM),Y                  ; 
 6440 A:f189  d1 50                              cmp (MS_Z_LINNUM),Y                  ; ROM OR EMPTY SOCKETS WON'T TRACK
 6441 A:f18b  d0 08                              bne AS_L_COLD_START_3                ; NOT RAM HERE
 6442 A:f18d  49 ff                              eor #$ff             ; RESTORE ORIGINAL VALUE
 6443 A:f18f  91 50                              sta (MS_Z_LINNUM),Y                  ; 
 6444 A:f191  d1 50                              cmp (MS_Z_LINNUM),Y                  ; DID IT TRACK AGAIN?
 6445 A:f193  f0 ec                              beq AS_L_COLD_START_2                ; YES, STILL IN RAM
 6446 A:f195  a4 50                    AS_L_COLD_START_3 ldy MS_Z_LINNUM             ; NO, END OF RAM
 6447 A:f197  a5 51                              lda MS_Z_LINNUM+1          ; 
 6448 A:f199  29 f0                              and #$f0             ; FORCE A MULTIPLE OF 4096 BYTES
 6449 A:f19b  84 73                              sty MS_Z_MEMSIZ                ; (BAD RAM MAY HAVE YIELDED NON-MULTIPLE)
 6450 A:f19d  85 74                              sta MS_Z_MEMSIZ+1          ; 
 6451 A:f19f  84 6f                              sty MS_Z_FRETOP                ; SET HIMEM AND BOTTOM OF STRINGS
 6452 A:f1a1  85 70                              sta MS_Z_FRETOP+1          ; 
 6453 A:f1a3  a2 00                              ldx #<$0800            ; SET PROGRAM POINTER TO $0800
 6454 A:f1a5  a0 08                              ldy #>$0800            ; 
 6455 A:f1a7  86 67                              stx MS_Z_TXTTAB                ; 
 6456 A:f1a9  84 68                              sty MS_Z_TXTTAB+1          ; 
 6457 A:f1ab  a0 00                              ldy #0             ; TURN OFF SEMI-SECRET LOCK FLAG
 6458 A:f1ad  84 d6                              sty AS_LOCK                ; 
 6459 A:f1af  98                                 tya                    ; A=0 TOO
 6460 A:f1b0  91 67                              sta (MS_Z_TXTTAB),Y                  ; FIRST BYTE IN PROGRAM SPACE = 0
 6461 A:f1b2  e6 67                              inc MS_Z_TXTTAB                ; ADVANCE PAST THE $00
 6462 A:f1b4  d0 02                              bne AS_L_COLD_START_4                ; 
 6463 A:f1b6  e6 68                              inc MS_Z_TXTTAB+1          ; 
 6464 A:f1b8  a5 67                    AS_L_COLD_START_4 lda MS_Z_TXTTAB             ; 
 6465 A:f1ba  a4 68                              ldy MS_Z_TXTTAB+1          ; 
 6466 A:f1bc  20 e3 d3                           jsr MS_REASON                ; SET REST OF POINTERS UP
 6467 A:f1bf  20 4b d6                           jsr MS_SCRTCH                ; MORE POINTERS
 6468 A:f1c2  a9 3a                              lda #<AS_STROUT              ; PUT CORRECT ADDRESSES IN TWO
 6469 A:f1c4  a0 db                              ldy #>AS_STROUT              ; USER VECTORS
 6470 A:f1c6  85 04                              sta MS_Z_RDYJSR+1
 6471 A:f1c8  84 05                              sty MS_Z_RDYJSR+2
 6472 A:f1ca  a9 3c                              lda #<MS_MAIN
 6473 A:f1cc  a0 d4                              ldy #>MS_MAIN
 6474 A:f1ce  85 01                              sta MS_Z_START+1
 6475 A:f1d0  84 02                              sty MS_Z_START+2
 6476 A:f1d2  6c 01 00                           jmp (MS_Z_START+1)        ; SILLY, WHY NOT JUST "JMP RESTART"
 6477 A:f1d5                                    ; --------------------------------
 6478 A:f1d5                                    ; --------------------------------
 6479 A:f1d5                                    ; "CALL" STATEMENT
 6480 A:f1d5                                    ; 
 6481 A:f1d5                                    ; EFFECTIVELY PERFORMS A "JSR" TO THE SPECIFIED
 6482 A:f1d5                                    ; ADDRESS, WITH THE FOLLOWING REGISTER CONTENTS:
 6483 A:f1d5                                    ; (A,Y) = CALL ADDRESS
 6484 A:f1d5                                    ; (X)   = $9D
 6485 A:f1d5                                    ; 
 6486 A:f1d5                                    ; THE CALLED ROUTINE CAN RETURN WITH "RTS",
 6487 A:f1d5                                    ; AND APPLESOFT WILL CONTINUE WITH THE NEXT
 6488 A:f1d5                                    ; STATEMENT.
 6489 A:f1d5                                    ; --------------------------------
 6490 A:f1d5  20 67 dd                 AS_CALL   jsr AS_FRMNUM             ; EVALUATE EXPRESSION FOR CALL ADDRESS
 6491 A:f1d8  20 52 e7                           jsr AS_GETADR                ; CONVERT EXPRESSION TO 16-BIT INTEGER
 6492 A:f1db  6c 50 00                           jmp (MS_Z_LINNUM)              ; IN LINNUM, AND JUMP THERE.
 6493 A:f1de                                    ; --------------------------------
 6494 A:f1de                                    ; "IN#" STATEMENT
 6495 A:f1de                                    ; 
 6496 A:f1de                                    ; NOTE:  NO CHECK FOR VALID SLOT #, AS LONG
 6497 A:f1de                                    ; AS VALUE IS < 256 IT IS ACCEPTED.
 6498 A:f1de                                    ; MONITOR MASKS VALUE TO 4 BITS (0-15).
 6499 A:f1de                                    ; --------------------------------
 6500 A:f1de                           AS_IN_NUMBER 
 6501 A:f1de  20 f8 e6                           jsr AS_GETBYT                ; GET SLOT NUMBER IN X-REG
 6502 A:f1e1  8a                                 txa                    ; MONITOR WILL INSTALL IN VECTOR
 6503 A:f1e2  4c 8b fe                           jmp MON_INPORT                ; AT $38,39.
 6504 A:f1e5                                    ; --------------------------------
 6505 A:f1e5                                    ; "PR#" STATEMENT
 6506 A:f1e5                                    ; 
 6507 A:f1e5                                    ; NOTE:  NO CHECK FOR VALID SLOT #, AS LONG
 6508 A:f1e5                                    ; AS VALUE IS < 256 IT IS ACCEPTED.
 6509 A:f1e5                                    ; MONITOR MASKS VALUE TO 4 BITS (0-15).
 6510 A:f1e5                                    ; --------------------------------
 6511 A:f1e5                           AS_PR_NUMBER 
 6512 A:f1e5  20 f8 e6                           jsr AS_GETBYT                ; GET SLOT NUMBER IN X-REG
 6513 A:f1e8  8a                                 txa                    ; MONITOR WILL INSTALL IN VECTOR
 6514 A:f1e9  4c 95 fe                           jmp MON_OUTPORT                ; AT $36,37
 6515 A:f1ec                                    ; --------------------------------
 6516 A:f1ec                                    ; GET TWO VALUES < 48, WITH COMMA SEPARATOR
 6517 A:f1ec                                    ; 
 6518 A:f1ec                                    ; CALLED FOR "PLOT X,Y"
 6519 A:f1ec                                    ; AND "HLIN A,B AT Y"
 6520 A:f1ec                                    ; AND "VLIN A,B AT X"
 6521 A:f1ec                                    ; 
 6522 A:f1ec                                    ; --------------------------------
 6523 A:f1ec                           AS_PLOTFNS 
 6524 A:f1ec  20 f8 e6                           jsr AS_GETBYT                ; GET FIRST VALUE IN X-REG
 6525 A:f1ef  e0 30                              cpx #48             ; MUST BE < 48
 6526 A:f1f1  b0 13                              bcs AS_GOERR                ; TOO LARGE
 6527 A:f1f3  86 f0                              stx AS_FIRST                ; SAVE FIRST VALUE
 6528 A:f1f5  a9 2c                              lda #(","&%01111111)     ; MUST HAVE A COMMA
 6529 A:f1f7  20 c0 de                           jsr AS_SYNCHR                ; 
 6530 A:f1fa  20 f8 e6                           jsr AS_GETBYT                ; GET SECOND VALUE IN X-REG
 6531 A:f1fd  e0 30                              cpx #48             ; MUST BE < 48
 6532 A:f1ff  b0 05                              bcs AS_GOERR                ; TOO LARGE
 6533 A:f201  86 2c                              stx MON_H2                ; SAVE SECOND VALUE
 6534 A:f203  86 2d                              stx MON_V2                ; 
 6535 A:f205  60                                 rts                    ; SECOND VALUE STILL IN X-REG
 6536 A:f206                                    ; --------------------------------
 6537 A:f206  4c 99 e1                 AS_GOERR  jmp AS_IQERR             ; ILLEGAL QUANTITY ERROR
 6538 A:f209                                    ; --------------------------------
 6539 A:f209                                    ; GET "A,B AT C" VALUES FOR "HLIN" AND "VLIN"
 6540 A:f209                                    ; 
 6541 A:f209                                    ; PUT SMALLER OF (A,B) IN FIRST,
 6542 A:f209                                    ; AND LARGER  OF (A,B) IN H2 AND V2.
 6543 A:f209                                    ; RETURN WITH (X) = C-VALUE.
 6544 A:f209                                    ; --------------------------------
 6545 A:f209                           AS_LINCOOR 
 6546 A:f209  20 ec f1                           jsr AS_PLOTFNS                ; GET A,B VALUES
 6547 A:f20c  e4 f0                              cpx AS_FIRST                ; IS A < B?
 6548 A:f20e  b0 08                              bcs AS_L_LINCOOR_1                ; YES, IN RIGHT ORDER
 6549 A:f210  a5 f0                              lda AS_FIRST                ; NO, INTERCHANGE THEM
 6550 A:f212  85 2c                              sta MON_H2                ; 
 6551 A:f214  85 2d                              sta MON_V2                ; 
 6552 A:f216  86 f0                              stx AS_FIRST                ; 
 6553 A:f218  a9 c5                    AS_L_LINCOOR_1 lda #AS_TOKENDB            ; MUST HAVE "AT" NEXT
 6554 A:f21a  20 c0 de                           jsr AS_SYNCHR                ; 
 6555 A:f21d  20 f8 e6                           jsr AS_GETBYT                ; GET C-VALUE IN X-REG
 6556 A:f220  e0 30                              cpx #48             ; MUST BE < 48
 6557 A:f222  b0 e2                              bcs AS_GOERR                ; TOO LARGE
 6558 A:f224  60                                 rts                    ; C-VALUE IN X-REG
 6559 A:f225                                    ; --------------------------------
 6560 A:f225                                    ; "PLOT" STATEMENT
 6561 A:f225                                    ; --------------------------------
 6562 A:f225  20 ec f1                 AS_PLOT   jsr AS_PLOTFNS             ; GET X,Y VALUES
 6563 A:f228  8a                                 txa                    ; Y-COORD TO A-REG FOR MONITOR
 6564 A:f229  a4 f0                              ldy AS_FIRST                ; X-COORD TO Y-YEG FOR MONITOR
 6565 A:f22b  c0 28                              cpy #40             ; X-COORD MUST BE < 40
 6566 A:f22d  b0 d7                              bcs AS_GOERR                ; X-COORD IS TOO LARGE
 6567 A:f22f  4c 00 f8                           jmp MON_PLOT                ; PLOT!
 6568 A:f232                                    ; --------------------------------
 6569 A:f232                                    ; "HLIN" STATEMENT
 6570 A:f232                                    ; --------------------------------
 6571 A:f232  20 09 f2                 AS_HLIN   jsr AS_LINCOOR             ; GET "A,B AT C"
 6572 A:f235  8a                                 txa                    ; Y-COORD IN A-REG
 6573 A:f236  a4 2c                              ldy MON_H2                ; RIGHT END OF LINE
 6574 A:f238  c0 28                              cpy #40             ; MUST BE < 40
 6575 A:f23a  b0 ca                              bcs AS_GOERR                ; TOO LARGE
 6576 A:f23c  a4 f0                              ldy AS_FIRST                ; LEFT END OF LINE IN Y-REG
 6577 A:f23e  4c 19 f8                           jmp MON_HLINE                ; LET MONITOR DRAW LINE
 6578 A:f241                                    ; --------------------------------
 6579 A:f241                                    ; "VLIN" STATEMENT
 6580 A:f241                                    ; --------------------------------
 6581 A:f241  20 09 f2                 AS_VLIN   jsr AS_LINCOOR             ; GET "A,B AT C"
 6582 A:f244  8a                                 txa                    ; X-COORD IN Y-REG
 6583 A:f245  a8                                 tay                    ; 
 6584 A:f246  c0 28                              cpy #40             ; X-COORD MUST BE < 40
 6585 A:f248  b0 bc                              bcs AS_GOERR                ; TOO LARGE
 6586 A:f24a  a5 f0                              lda AS_FIRST                ; TOP END OF LINE IN A-REG
 6587 A:f24c  4c 28 f8                           jmp MON_VLINE                ; LET MONITOR DRAW LINE
 6588 A:f24f                                    ; --------------------------------
 6589 A:f24f                                    ; "COLOR=" STATEMENT
 6590 A:f24f                                    ; --------------------------------
 6591 A:f24f  20 f8 e6                 AS_COLOR  jsr AS_GETBYT             ; GET COLOR VALUE IN X-REG
 6592 A:f252  8a                                 txa                    ; 
 6593 A:f253  4c 64 f8                           jmp MON_SETCOL                ; LET MONITOR STORE COLOR
 6594 A:f256                                    ; --------------------------------
 6595 A:f256                                    ; "VTAB" STATEMENT
 6596 A:f256                                    ; --------------------------------
 6597 A:f256  20 f8 e6                 AS_VTAB   jsr AS_GETBYT             ; GET LINE # IN X-REG
 6598 A:f259  ca                                 dex                    ; CONVERT TO ZERO BASE
 6599 A:f25a  8a                                 txa                    ; 
 6600 A:f25b  c9 18                              cmp #24             ; MUST BE 0-23
 6601 A:f25d  b0 a7                              bcs AS_GOERR                ; TOO LARGE, OR WAS "VTAB 0"
 6602 A:f25f  4c 5b fb                           jmp MON_TABV                ; LET MONITOR COMPUTE BASE
 6603 A:f262                                    ; --------------------------------
 6604 A:f262                                    ; "SPEED=" STATEMENT
 6605 A:f262                                    ; --------------------------------
 6606 A:f262  20 f8 e6                 AS_SPEED  jsr AS_GETBYT             ; GET SPEED SETTING IN X-REG
 6607 A:f265  8a                                 txa                    ; SPEEDZ = $100-SPEED
 6608 A:f266  49 ff                              eor #$ff             ; SO "SPEED=255" IS FASTEST
 6609 A:f268  aa                                 tax                    ; 
 6610 A:f269  e8                                 inx                    ; 
 6611 A:f26a  86 f1                              stx AS_SPEEDZ                ; 
 6612 A:f26c  60                                 rts                    ; 
 6613 A:f26d                                    ; --------------------------------
 6614 A:f26d                                    ; "TRACE" STATEMENT
 6615 A:f26d                                    ; SET SIGN BIT IN TRCFLG
 6616 A:f26d                                    ; --------------------------------
 6617 A:f26d  38                       AS_TRACE  sec                 ; 
 6618 A:f26e  90                                 .byt $90              ; FAKE BCC TO SKIP NEXT OPCODE
 6619 A:f26f                                    ; --------------------------------
 6620 A:f26f                                    ; "NOTRACE" STATEMENT
 6621 A:f26f                                    ; CLEAR SIGN BIT IN TRCFLG
 6622 A:f26f                                    ; --------------------------------
 6623 A:f26f                           AS_NOTRACE                  ; 
 6624 A:f26f  18                                 clc                    ; 
 6625 A:f270  66 f2                              ror AS_TRCFLG                ; SHIFT CARRY INTO TRCFLG
 6626 A:f272  60                                 rts                    ; 
 6627 A:f273                                    ; --------------------------------
 6628 A:f273                                    ; "NORMAL" STATEMENT
 6629 A:f273                                    ; --------------------------------
 6630 A:f273  a9 ff                    AS_NORMAL lda #$ff          ; SET INVFLG = $FF
 6631 A:f275  d0 02                              bne AS_N_I_                ; AND FLASH.BIT = $00
 6632 A:f277                                    ; --------------------------------
 6633 A:f277                                    ; "INVERSE" STATEMENT
 6634 A:f277                                    ; --------------------------------
 6635 A:f277                           AS_INVERSE                  ; 
 6636 A:f277  a9 3f                              lda #$3f             ; SET INVFLG = $3F
 6637 A:f279  a2 00                    AS_N_I_   ldx #0          ; AND FLASH.BIT = $00
 6638 A:f27b  85 32                    AS_N_I_F_ sta MON_INVFLG
 6639 A:f27d  86 f3                              stx AS_FLASH_BIT
 6640 A:f27f  60                                 rts 
 6641 A:f280                                    ; --------------------------------
 6642 A:f280                                    ; "FLASH" STATEMENT
 6643 A:f280                                    ; --------------------------------
 6644 A:f280  a9 7f                    AS_FLASH  lda #$7f          ; SET INVFLG = $7F
 6645 A:f282  a2 40                              ldx #$40             ; AND FLASH.BIT = $40
 6646 A:f284  d0 f5                              bne AS_N_I_F_                ; ...ALWAYS
 6647 A:f286                                    ; --------------------------------
 6648 A:f286                                    ; "HIMEM:" STATEMENT
 6649 A:f286                                    ; --------------------------------
 6650 A:f286  20 67 dd                 AS_HIMEM  jsr AS_FRMNUM             ; GET VALUE SPECIFIED FOR HIMEM
 6651 A:f289  20 52 e7                           jsr AS_GETADR                ; AS 16-BIT INTEGER
 6652 A:f28c  a5 50                              lda MS_Z_LINNUM                ; MUST BE ABOVE VARIABLES AND ARRAYS
 6653 A:f28e  c5 6d                              cmp MS_Z_STREND                ; 
 6654 A:f290  a5 51                              lda MS_Z_LINNUM+1          ; 
 6655 A:f292  e5 6e                              sbc MS_Z_STREND+1          ; 
 6656 A:f294  b0 03                              bcs AS_SETHI                ; IT IS ABOVE THEM
 6657 A:f296  4c 10 d4                 AS_JMM    jmp MS_OMERR             ; NOT ENOUGH MEMORY
 6658 A:f299  a5 50                    AS_SETHI  lda MS_Z_LINNUM             ; STORE NEW HIMEM: VALUE
 6659 A:f29b  85 73                              sta MS_Z_MEMSIZ                ; 
 6660 A:f29d  85 6f                              sta MS_Z_FRETOP                ; <<<NOTE THAT "HIMEM:" DOES NOT>>>
 6661 A:f29f  a5 51                              lda MS_Z_LINNUM+1          ; <<<CLEAR STRING VARIABLES.    >>>
 6662 A:f2a1  85 74                              sta MS_Z_MEMSIZ+1          ; <<<THIS COULD BE DISASTROUS.  >>>
 6663 A:f2a3  85 70                              sta MS_Z_FRETOP+1          ; 
 6664 A:f2a5  60                                 rts                    ; 
 6665 A:f2a6                                    ; --------------------------------
 6666 A:f2a6                                    ; "LOMEM:" STATEMENT
 6667 A:f2a6                                    ; --------------------------------
 6668 A:f2a6  20 67 dd                 AS_LOMEM  jsr AS_FRMNUM             ; GET VALUE SPECIFIED FOR LOMEM
 6669 A:f2a9  20 52 e7                           jsr AS_GETADR                ; AS 16-BIT INTEGER IN LINNUM
 6670 A:f2ac  a5 50                              lda MS_Z_LINNUM                ; MUST BE BELOW HIMEM
 6671 A:f2ae  c5 73                              cmp MS_Z_MEMSIZ                ; 
 6672 A:f2b0  a5 51                              lda MS_Z_LINNUM+1          ; 
 6673 A:f2b2  e5 74                              sbc MS_Z_MEMSIZ+1          ; 
 6674 A:f2b4  b0 e0                              bcs AS_JMM                ; ABOVE HIMEM, MEMORY ERROR
 6675 A:f2b6  a5 50                              lda MS_Z_LINNUM                ; MUST BE ABOVE PROGRAM
 6676 A:f2b8  c5 69                              cmp MS_Z_VARTAB                ; 
 6677 A:f2ba  a5 51                              lda MS_Z_LINNUM+1          ; 
 6678 A:f2bc  e5 6a                              sbc MS_Z_VARTAB+1          ; 
 6679 A:f2be  90 d6                              bcc AS_JMM                ; NOT ABOVE PROGRAM, ERROR
 6680 A:f2c0  a5 50                              lda MS_Z_LINNUM                ; STORE NEW LOMEM VALUE
 6681 A:f2c2  85 69                              sta MS_Z_VARTAB                ; 
 6682 A:f2c4  a5 51                              lda MS_Z_LINNUM+1          ; 
 6683 A:f2c6  85 6a                              sta MS_Z_VARTAB+1          ; 
 6684 A:f2c8  4c 6c d6                           jmp MS_CLEARC                ; LOMEM CLEARS VARIABLES AND ARRAYS
 6685 A:f2cb                                    ; --------------------------------
 6686 A:f2cb                                    ; "ON ERR GO TO" STATEMENT
 6687 A:f2cb                                    ; --------------------------------
 6688 A:f2cb  a9 ab                    AS_ONERR  lda #MS_GOTOTK            ; MUST BE "GOTO" NEXT
 6689 A:f2cd  20 c0 de                           jsr AS_SYNCHR
 6690 A:f2d0  a5 b8                              lda MS_Z_TXTPTR                ; SAVE TXTPTR FOR HANDLERR
 6691 A:f2d2  85 f4                              sta AS_TXTPSV                ; 
 6692 A:f2d4  a5 b9                              lda MS_Z_TXTPTR+1          ; 
 6693 A:f2d6  85 f5                              sta AS_TXTPSV+1          ; 
 6694 A:f2d8  38                                 sec                    ; SET SIGN BIT OF ERRFLG
 6695 A:f2d9  66 d8                              ror AS_ERRFLG                ; 
 6696 A:f2db  a5 75                              lda MS_Z_CURLIN                ; SAVE LINE # OF CURRENT LINE
 6697 A:f2dd  85 f6                              sta AS_CURLSV                ; 
 6698 A:f2df  a5 76                              lda MS_Z_CURLIN+1          ; 
 6699 A:f2e1  85 f7                              sta AS_CURLSV+1          ; 
 6700 A:f2e3  20 a6 d9                           jsr AS_REMN                ; IGNORE REST OF LINE <<<WHY?>>>
 6701 A:f2e6  4c 98 d9                           jmp AS_ADDON                ; CONTINUE PROGRAM
 6702 A:f2e9                                    ; --------------------------------
 6703 A:f2e9                                    ; ROUTINE TO HANDLE ERRORS IF ONERR GOTO ACTIVE
 6704 A:f2e9                                    ; --------------------------------
 6705 A:f2e9                           AS_HANDLERR                  ; 
 6706 A:f2e9  86 de                              stx AS_ERRNUM                ; SAVE ERROR CODE NUMBER
 6707 A:f2eb  a6 f8                              ldx AS_REMSTK                ; GET STACK PNTR SAVED AT NEWSTT
 6708 A:f2ed  86 df                              stx AS_ERRSTK                ; REMEMBER IT
 6709 A:f2ef                                    ; <<<COULD ALSO HAVE DONE TXS  >>>
 6710 A:f2ef                                    ; <<<HERE; SEE ONERR CORRECTION>>>
 6711 A:f2ef                                    ; <<<IN APPLESOFT MANUAL.      >>>
 6712 A:f2ef  a5 75                              lda MS_Z_CURLIN                ; GET LINE # OF OFFENDING STATEMENT
 6713 A:f2f1  85 da                              sta AS_ERRLIN                ; SO USER CAN SEE IT IF DESIRED
 6714 A:f2f3  a5 76                              lda MS_Z_CURLIN+1          ; 
 6715 A:f2f5  85 db                              sta AS_ERRLIN+1          ; 
 6716 A:f2f7  a5 79                              lda MS_Z_OLDTXT                ; ALSO THE POSITION IN THE LINE
 6717 A:f2f9  85 dc                              sta AS_ERRPOS                ; IN CASE USER WANTS TO "RESUME"
 6718 A:f2fb  a5 7a                              lda MS_Z_OLDTXT+1          ; 
 6719 A:f2fd  85 dd                              sta AS_ERRPOS+1          ; 
 6720 A:f2ff  a5 f4                              lda AS_TXTPSV                ; SET UP TXTPTR TO READ TARGET LINE #
 6721 A:f301  85 b8                              sta MS_Z_TXTPTR                ; IN "ON ERR GO TO XXXX"
 6722 A:f303  a5 f5                              lda AS_TXTPSV+1          ; 
 6723 A:f305  85 b9                              sta MS_Z_TXTPTR+1          ; 
 6724 A:f307  a5 f6                              lda AS_CURLSV                ; 
 6725 A:f309  85 75                              sta MS_Z_CURLIN                ; LINE # OF "ON ERR" STATEMENT
 6726 A:f30b  a5 f7                              lda AS_CURLSV+1          ; 
 6727 A:f30d  85 76                              sta MS_Z_CURLIN+1          ; 
 6728 A:f30f  20 b7 00                           jsr MS_Z_CHRGOT                ; START CONVERSION
 6729 A:f312  20 3e d9                           jsr MS_GOTO                ; GOTO SPECIFIED ONERR LINE
 6730 A:f315  4c d2 d7                           jmp AS_NEWSTT                ; 
 6731 A:f318                                    ; --------------------------------
 6732 A:f318                                    ; "RESUME" STATEMENT
 6733 A:f318                                    ; --------------------------------
 6734 A:f318  a5 da                    AS_RESUME lda AS_ERRLIN             ; RESTORE LINE # AND TXTPTR
 6735 A:f31a  85 75                              sta MS_Z_CURLIN                ; TO RE-TRY OFFENDING LINE
 6736 A:f31c  a5 db                              lda AS_ERRLIN+1          ; 
 6737 A:f31e  85 76                              sta MS_Z_CURLIN+1          ; 
 6738 A:f320  a5 dc                              lda AS_ERRPOS                ; 
 6739 A:f322  85 b8                              sta MS_Z_TXTPTR                ; 
 6740 A:f324  a5 dd                              lda AS_ERRPOS+1          ; 
 6741 A:f326  85 b9                              sta MS_Z_TXTPTR+1          ; 
 6742 A:f328                                    ; <<< ONERR CORRECTION IN MANUAL IS EASILY >>>
 6743 A:f328                                    ; <<< BY "CALL -3288", WHICH IS $F328 HERE >>>
 6744 A:f328  a6 df                              ldx AS_ERRSTK                ; RETRIEVE STACK PNTR AS IT WAS
 6745 A:f32a  9a                                 txs                    ; BEFORE STATEMENT SCANNED
 6746 A:f32b  4c d2 d7                           jmp AS_NEWSTT                ; DO STATEMENT AGAIN
 6747 A:f32e                                    ; --------------------------------
 6748 A:f32e  4c c9 de                 AS_JSYN   jmp AS_SYNERR             ; 
 6749 A:f331                                    ; --------------------------------
 6750 A:f331                                    ; "DEL" STATEMENT
 6751 A:f331                                    ; --------------------------------
 6752 A:f331  b0 fb                    AS_DEL    bcs AS_JSYN             ; ERROR IF # NOT SPECIFIED
 6753 A:f333  a6 af                              ldx AS_PRGEND                ; 
 6754 A:f335  86 69                              stx MS_Z_VARTAB                ; 
 6755 A:f337  a6 b0                              ldx AS_PRGEND+1          ; 
 6756 A:f339  86 6a                              stx MS_Z_VARTAB+1          ; 
 6757 A:f33b  20 0c da                           jsr MS_LINGET                ; GET BEGINNING OF RANGE
 6758 A:f33e  20 1a d6                           jsr MS_FNDLIN                ; FIND THIS LINE OR NEXT
 6759 A:f341  a5 9b                              lda MS_Z_LOWTR                ; UPPER PORTION OF PROGRAM WILL
 6760 A:f343  85 60                              sta AS_DEST                ; BE MOVED DOWN TO HERE
 6761 A:f345  a5 9c                              lda MS_Z_LOWTR+1          ; 
 6762 A:f347  85 61                              sta AS_DEST+1          ; 
 6763 A:f349  a9 2c                              lda #(","&%01111111)     ; MUST HAVE A COMMA NEXT
 6764 A:f34b  20 c0 de                           jsr AS_SYNCHR                ; 
 6765 A:f34e  20 0c da                           jsr MS_LINGET                ; GET END RANGE
 6766 A:f351                                    ; (DOES NOTHING IF END RANGE
 6767 A:f351                                    ; IS NOT SPECIFIED)
 6768 A:f351  e6 50                              inc MS_Z_LINNUM                ; POINT ONE PAST IT
 6769 A:f353  d0 02                              bne AS_L_DEL_1                ; 
 6770 A:f355  e6 51                              inc MS_Z_LINNUM+1          ; 
 6771 A:f357  20 1a d6                 AS_L_DEL_1 jsr MS_FNDLIN             ; FIND START LINE AFTER SPECIFIED LINE
 6772 A:f35a  a5 9b                              lda MS_Z_LOWTR                ; WHICH IS BEGINNING OF PORTION
 6773 A:f35c  c5 60                              cmp AS_DEST                ; TO BE MOVED DOWN
 6774 A:f35e  a5 9c                              lda MS_Z_LOWTR+1          ; IT MUST BE ABOVE THE TARGET
 6775 A:f360  e5 61                              sbc AS_DEST+1          ; 
 6776 A:f362  b0 01                              bcs AS_L_DEL_2                ; IT IS OKAY
 6777 A:f364  60                                 rts                    ; NOTHING TO DELETE
 6778 A:f365  a0 00                    AS_L_DEL_2 ldy #0          ; MOVE UPPER PORTION DOWN NOW
 6779 A:f367  b1 9b                    AS_L_DEL_3 lda (MS_Z_LOWTR),Y                   ; SOURCE . . .
 6780 A:f369  91 60                              sta (AS_DEST),Y                    ; ...TO DESTINATION
 6781 A:f36b  e6 9b                              inc MS_Z_LOWTR                ; BUMP SOURCE PNTR
 6782 A:f36d  d0 02                              bne AS_L_DEL_4                ; 
 6783 A:f36f  e6 9c                              inc MS_Z_LOWTR+1          ; 
 6784 A:f371  e6 60                    AS_L_DEL_4 inc AS_DEST             ; BUMP DESTINATION PNTR
 6785 A:f373  d0 02                              bne AS_L_DEL_5                ; 
 6786 A:f375  e6 61                              inc AS_DEST+1          ; 
 6787 A:f377  a5 69                    AS_L_DEL_5 lda MS_Z_VARTAB             ; REACHED END OF PROGRAM YET?
 6788 A:f379  c5 9b                              cmp MS_Z_LOWTR                ; 
 6789 A:f37b  a5 6a                              lda MS_Z_VARTAB+1          ; 
 6790 A:f37d  e5 9c                              sbc MS_Z_LOWTR+1          ; 
 6791 A:f37f  b0 e6                              bcs AS_L_DEL_3                ; NO, KEEP MOVING
 6792 A:f381  a6 61                              ldx AS_DEST+1          ; STORE NEW END OF PROGRAM
 6793 A:f383  a4 60                              ldy AS_DEST                ; MUST SUBTRACT 1 FIRST
 6794 A:f385  d0 01                              bne AS_L_DEL_6                ; 
 6795 A:f387  ca                                 dex                    ; 
 6796 A:f388  88                       AS_L_DEL_6 dey                 ; 
 6797 A:f389  86 6a                              stx MS_Z_VARTAB+1          ; 
 6798 A:f38b  84 69                              sty MS_Z_VARTAB                ; 
 6799 A:f38d  4c f2 d4                           jmp AS_FIX_LINKS                ; RESET LINKS AFTER A DELETE
 6800 A:f390                                    ; --------------------------------
 6801 A:f390                                    ; "GR" STATEMENT
 6802 A:f390                                    ; --------------------------------
 6803 A:f390  ad 56 c0                 AS_GR     lda AS_SW_LORES
 6804 A:f393  ad 53 c0                           lda AS_SW_MIXSET
 6805 A:f396  4c 40 fb                           jmp MON_SETGR
 6806 A:f399                                    ; --------------------------------
 6807 A:f399                                    ; "TEXT" STATEMENT
 6808 A:f399                                    ; --------------------------------
 6809 A:f399  ad 54 c0                 AS_TEXT   lda AS_SW_LOWSCR             ; JMP $FB36 WOULD HAVE
 6810 A:f39c  4c 39 fb                           jmp MON_SETTXT                ; DONE BOTH OF THESE
 6811 A:f39f                                    ; <<<       BETTER CODE WOULD BE:   >>>
 6812 A:f39f                                    ; <<<  LDA SW.MIXSET                >>>
 6813 A:f39f                                    ; <<<  JMP $FB33                    >>>
 6814 A:f39f                                    ; --------------------------------
 6815 A:f39f                                    ; "STORE" STATEMENT
 6816 A:f39f                                    ; --------------------------------
 6817 A:f39f  20 d9 f7                 AS_STORE  jsr AS_GETARYPT             ; GET ADDRESS OF ARRAY TO BE SAVED
 6818 A:f3a2  a0 03                              ldy #3             ; FORWARD OFFSET - 1 IS SIZE OF
 6819 A:f3a4  b1 9b                              lda (MS_Z_LOWTR),Y                   ; THIS ARRAY
 6820 A:f3a6  aa                                 tax 
 6821 A:f3a7  88                                 dey 
 6822 A:f3a8  b1 9b                              lda (MS_Z_LOWTR),Y
 6823 A:f3aa  e9 01                              sbc #1
 6824 A:f3ac  b0 01                              bcs AS_L_STORE_1
 6825 A:f3ae  ca                                 dex 
 6826 A:f3af  85 50                    AS_L_STORE_1 sta MS_Z_LINNUM
 6827 A:f3b1  86 51                              stx MS_Z_LINNUM+1
 6828 A:f3b3  20 cd fe                           jsr MON_WRITE
 6829 A:f3b6  20 bc f7                           jsr AS_TAPEPNT
 6830 A:f3b9  4c cd fe                           jmp MON_WRITE
 6831 A:f3bc                                    ; --------------------------------
 6832 A:f3bc                                    ; "RECALL" STATEMENT
 6833 A:f3bc                                    ; --------------------------------
 6834 A:f3bc  20 d9 f7                 AS_RECALL jsr AS_GETARYPT             ; FIND ARRAY IN MEMORY
 6835 A:f3bf  20 fd fe                           jsr MON_READ                ; READ HEADER
 6836 A:f3c2  a0 02                              ldy #2             ; MAKE SURE THE NEW DATA FITS
 6837 A:f3c4  b1 9b                              lda (MS_Z_LOWTR),Y                   ; 
 6838 A:f3c6  c5 50                              cmp MS_Z_LINNUM                ; 
 6839 A:f3c8  c8                                 iny                    ; 
 6840 A:f3c9  b1 9b                              lda (MS_Z_LOWTR),Y                   ; 
 6841 A:f3cb  e5 51                              sbc MS_Z_LINNUM+1          ; 
 6842 A:f3cd  b0 03                              bcs AS_L_RECALL_1                ; IT FITS
 6843 A:f3cf  4c 10 d4                           jmp MS_OMERR                ; DOESN'T FIT
 6844 A:f3d2  20 bc f7                 AS_L_RECALL_1 jsr AS_TAPEPNT             ; READ THE DATA
 6845 A:f3d5  4c fd fe                           jmp MON_READ                ; 
 6846 A:f3d8                                    ; --------------------------------
 6847 A:f3d8                                    ; "HGR" AND "HGR2" STATEMENTS
 6848 A:f3d8                                    ; --------------------------------
 6849 A:f3d8  2c 55 c0                 AS_HGR2   bit AS_SW_HISCR             ; SELECT PAGE 2 ($4000-5FFF)
 6850 A:f3db  2c 52 c0                           bit AS_SW_MIXCLR                ; DEFAULT TO FULL SCREEN
 6851 A:f3de  a9 40                              lda #>$4000            ; SET STARTING PAGE FOR HIRES
 6852 A:f3e0  d0 08                              bne AS_SETHPG                ; ...ALWAYS
 6853 A:f3e2  a9 20                    AS_HGR    lda #>$2000         ; SET STARTING PAGE FOR HIRES
 6854 A:f3e4  2c 54 c0                           bit AS_SW_LOWSCR                ; SELECT PAGE 1 ($2000-3FFF)
 6855 A:f3e7  2c 53 c0                           bit AS_SW_MIXSET                ; DEFAULT TO MIXED SCREEN
 6856 A:f3ea  85 e6                    AS_SETHPG sta AS_HGR_PAGE             ; BASE PAGE OF HIRES BUFFER
 6857 A:f3ec  ad 57 c0                           lda AS_SW_HIRES                ; TURN ON HIRES
 6858 A:f3ef  ad 50 c0                           lda AS_SW_TXTCLR                ; TURN ON GRAPHICS
 6859 A:f3f2                                    ; --------------------------------
 6860 A:f3f2                                    ; CLEAR SCREEN
 6861 A:f3f2                                    ; --------------------------------
 6862 A:f3f2  a9 00                    AS_HCLR   lda #0          ; SET FOR BLACK BACKGROUND
 6863 A:f3f4  85 1c                              sta AS_HGR_BITS
 6864 A:f3f6                                    ; --------------------------------
 6865 A:f3f6                                    ; FILL SCREEN WITH (HGR.BITS)
 6866 A:f3f6                                    ; --------------------------------
 6867 A:f3f6  a5 e6                    AS_BKGND  lda AS_HGR_PAGE             ; PUT BUFFER ADDRESS IN HGR.SHAPE
 6868 A:f3f8  85 1b                              sta AS_HGR_SHAPE+1
 6869 A:f3fa  a0 00                              ldy #0
 6870 A:f3fc  84 1a                              sty AS_HGR_SHAPE
 6871 A:f3fe  a5 1c                    AS_L_BKGND_1 lda AS_HGR_BITS             ; COLOR BYTE
 6872 A:f400  91 1a                              sta (AS_HGR_SHAPE),Y               ; CLEAR HIRES TO HGR.BITS
 6873 A:f402  20 7e f4                           jsr AS_COLOR_SHIFT                ; CORRECT FOR COLOR SHIFT
 6874 A:f405  c8                                 iny                    ; (SLOWS CLEAR BY FACTOR OF 2)
 6875 A:f406  d0 f6                              bne AS_L_BKGND_1
 6876 A:f408  e6 1b                              inc AS_HGR_SHAPE+1
 6877 A:f40a  a5 1b                              lda AS_HGR_SHAPE+1
 6878 A:f40c  29 1f                              and #$1f             ; DONE?  ($40 OR$60)
 6879 A:f40e  d0 ee                              bne AS_L_BKGND_1                ; NO
 6880 A:f410  60                                 rts                    ; YES, RETURN
 6881 A:f411                                    ; --------------------------------
 6882 A:f411                                    ; SET THE HIRES CURSOR POSITION
 6883 A:f411                                    ; 
 6884 A:f411                                    ; (Y,X) = HORIZONTAL COORDINATE  (0-279)
 6885 A:f411                                    ; (A)   = VERTICAL COORDINATE    (0-191)
 6886 A:f411                                    ; --------------------------------
 6887 A:f411  85 e2                    AS_HPOSN  sta AS_HGR_Y             ; SAVE Y- AND X-POSITIONS
 6888 A:f413  86 e0                              stx AS_HGR_X                ; 
 6889 A:f415  84 e1                              sty AS_HGR_X+1          ; 
 6890 A:f417  48                                 pha                    ; Y-POS ALSO ON STACK
 6891 A:f418  29 c0                              and #$c0             ; CALCULATE BASE ADDRESS FOR Y-POS
 6892 A:f41a  85 26                              sta MON_GBASL                ; FOR Y=ABCDEFGH
 6893 A:f41c  4a                                 lsr                    ; GBASL=ABAB0000
 6894 A:f41d  4a                                 lsr                    ; 
 6895 A:f41e  05 26                              ora MON_GBASL                ; 
 6896 A:f420  85 26                              sta MON_GBASL                ; 
 6897 A:f422  68                                 pla                    ; (A)      (GBASH)   (GBASL)
 6898 A:f423  85 27                              sta MON_GBASH                ; ?-ABCDEFGH  ABCDEFGH  ABAB0000
 6899 A:f425  0a                                 asl                    ; A-BCDEFGH0  ABCDEFGH  ABAB0000
 6900 A:f426  0a                                 asl                    ; B-CDEFGH00  ABCDEFGH  ABAB0000
 6901 A:f427  0a                                 asl                    ; C-DEFGH000  ABCDEFGH  ABAB0000
 6902 A:f428  26 27                              rol MON_GBASH                ; A-DEFGH000  BCDEFGHC  ABAB0000
 6903 A:f42a  0a                                 asl                    ; D-EFGH0000  BCDEFGHC  ABAB0000
 6904 A:f42b  26 27                              rol MON_GBASH                ; B-EFGH0000  CDEFGHCD  ABAB0000
 6905 A:f42d  0a                                 asl                    ; E-FGH00000  CDEFGHCD  ABAB0000
 6906 A:f42e  66 26                              ror MON_GBASL                ; 0-FGH00000  CDEFGHCD  EABAB000
 6907 A:f430  a5 27                              lda MON_GBASH                ; 0-CDEFGHCD  CDEFGHCD  EABAB000
 6908 A:f432  29 1f                              and #$1f             ; 0-000FGHCD  CDEFGHCD  EABAB000
 6909 A:f434  05 e6                              ora AS_HGR_PAGE                ; 0-PPPFGHCD  CDEFGHCD  EABAB000
 6910 A:f436  85 27                              sta MON_GBASH                ; 0-PPPFGHCD  PPPFGHCD  EABAB000
 6911 A:f438  8a                                 txa                    ; DIVIDE X-POS BY 7 FOR INDEX FROM BASE
 6912 A:f439  c0 00                              cpy #0             ; IS X-POS < 256?
 6913 A:f43b  f0 05                              beq AS_L_HPOSN_2                ; YES
 6914 A:f43d  a0 23                              ldy #35             ; NO: 256/7 = 36 REM 4
 6915 A:f43f                                    ; CARRY=1, SO ADC #4 IS TOO LARGE;
 6916 A:f43f                                    ; HOWEVER, ADC #4 CLEARS CARRY
 6917 A:f43f                                    ; WHICH MAKES SBC #7 ONLY -6
 6918 A:f43f                                    ; BALANCING IT OUT.
 6919 A:f43f  69 04                              adc #4             ; FOLLOWING INY MAKES Y=36
 6920 A:f441  c8                       AS_L_HPOSN_1 iny 
 6921 A:f442  e9 07                    AS_L_HPOSN_2 sbc #7
 6922 A:f444  b0 fb                              bcs AS_L_HPOSN_1
 6923 A:f446  84 e5                              sty AS_HGR_HORIZ                ; HORIZONTAL INDEX
 6924 A:f448  aa                                 tax                    ; USE REMAINDER-7 TO LOOK UP THE
 6925 A:f449  bd b9 f4                           lda AS_MSKTBL-$0100+7,X             ; BIT MASK
 6926 A:f44c  85 30                              sta MON_HMASK
 6927 A:f44e  98                                 tya                    ; QUOTIENT GIVES BYTE INDEX
 6928 A:f44f  4a                                 lsr                    ; ODD OR EVEN COLUMN?
 6929 A:f450  a5 e4                              lda AS_HGR_COLOR                ; IF ON ODD BYTE (CARRY SET)
 6930 A:f452  85 1c                              sta AS_HGR_BITS                ; THEN ROTATE BITS
 6931 A:f454  b0 28                              bcs AS_COLOR_SHIFT                ; ODD COLUMN
 6932 A:f456  60                                 rts                    ; EVEN COLUMN
 6933 A:f457                                    ; --------------------------------
 6934 A:f457                                    ; PLOT A DOT
 6935 A:f457                                    ; 
 6936 A:f457                                    ; (Y,X) = HORIZONTAL POSITION
 6937 A:f457                                    ; (A)   = VERTICAL POSITION
 6938 A:f457                                    ; --------------------------------
 6939 A:f457  20 11 f4                 AS_HPLOT0 jsr AS_HPOSN
 6940 A:f45a  a5 1c                              lda AS_HGR_BITS                ; CALCULATE BIT POSN IN GBAS,
 6941 A:f45c  51 26                              eor (MON_GBASL),Y               ; HGR.HORIZ, AND HMASK FROM
 6942 A:f45e  25 30                              and MON_HMASK                ; Y-COOR IN A-REG,
 6943 A:f460  51 26                              eor (MON_GBASL),Y               ; X-COOR IN X,Y REGS.
 6944 A:f462  91 26                              sta (MON_GBASL),Y               ; FOR ANY 1-BITS, SUBSTITUTE
 6945 A:f464  60                                 rts                    ; CORRESPONDING BIT OF HGR.BITS
 6946 A:f465                                    ; --------------------------------
 6947 A:f465                                    ; MOVE LEFT OR RIGHT ONE PIXEL
 6948 A:f465                                    ; 
 6949 A:f465                                    ; IF STATUS IS +, MOVE RIGHT; IF -, MOVE LEFT
 6950 A:f465                                    ; IF ALREADY AT LEFT OR RIGHT EDGE, WRAP AROUND
 6951 A:f465                                    ; 
 6952 A:f465                                    ; REMEMBER BITS IN HI-RES BYTE ARE BACKWARDS ORDER:
 6953 A:f465                                    ; BYTE N   BYTE N+1
 6954 A:f465                                    ; S7654321   SEDCBA98
 6955 A:f465                                    ; --------------------------------
 6956 A:f465                           AS_MOVE_LEFT_OR_RIGHT 
 6957 A:f465  10 23                              bpl AS_MOVE_RIGHT                ; + MOVE RIGHT, - MOVE LEFT
 6958 A:f467  a5 30                              lda MON_HMASK                ; MOVE LEFT ONE PIXEL
 6959 A:f469  4a                                 lsr                    ; SHIFT MASK RIGHT, MOVES DOT LEFT
 6960 A:f46a  b0 05                              bcs AS_LR_2                ; ...DOT MOVED TO NEXT BYTE
 6961 A:f46c  49 c0                              eor #$c0             ; MOVE SIGN BIT BACK WHERE IT WAS
 6962 A:f46e  85 30                    AS_LR_1   sta MON_HMASK             ; NEW MASK VALUE
 6963 A:f470  60                                 rts                    ; 
 6964 A:f471  88                       AS_LR_2   dey                 ; MOVED TO NEXT BYTE, SO DECR INDEX
 6965 A:f472  10 02                              bpl AS_LR_3                ; STILL NOT PAST EDGE
 6966 A:f474  a0 27                              ldy #39             ; OFF LEFT EDGE, SO WRAP AROUND SCREEN
 6967 A:f476  a9 c0                    AS_LR_3   lda #$c0          ; NEW HMASK, RIGHTMOST BIT ON SCREEN
 6968 A:f478  85 30                    AS_LR_4   sta MON_HMASK             ; NEW MASK AND INDEX
 6969 A:f47a  84 e5                              sty AS_HGR_HORIZ                ; 
 6970 A:f47c  a5 1c                              lda AS_HGR_BITS                ; ALSO NEED TO ROTATE COLOR
 6971 A:f47e                                    ; --------------------------------
 6972 A:f47e                           AS_COLOR_SHIFT 
 6973 A:f47e  0a                                 asl                    ; ROTATE LOW-ORDER 7 BITS
 6974 A:f47f  c9 c0                              cmp #$c0             ; OF HGR.BITS ONE BIT POSN.
 6975 A:f481  10 06                              bpl AS_L_COLOR_SHIFT_1
 6976 A:f483  a5 1c                              lda AS_HGR_BITS
 6977 A:f485  49 7f                              eor #$7f
 6978 A:f487  85 1c                              sta AS_HGR_BITS
 6979 A:f489  60                       AS_L_COLOR_SHIFT_1 rts 
 6980 A:f48a                                    ; --------------------------------
 6981 A:f48a                                    ; MOVE RIGHT ONE PIXEL
 6982 A:f48a                                    ; IF ALREADY AT RIGHT EDGE, WRAP AROUND
 6983 A:f48a                                    ; --------------------------------
 6984 A:f48a                           AS_MOVE_RIGHT 
 6985 A:f48a  a5 30                              lda MON_HMASK
 6986 A:f48c  0a                                 asl                    ; SHIFTING BYTE LEFT MOVES PIXEL RIGHT
 6987 A:f48d  49 80                              eor #$80             ; 
 6988 A:f48f                                    ; ORIGINAL:  C0 A0 90 88 84 82 81
 6989 A:f48f                                    ; SHIFTED:   80 40 20 10 08 02 01
 6990 A:f48f                                    ; EOR #$80:  00 C0 A0 90 88 84 82
 6991 A:f48f  30 dd                              bmi AS_LR_1                ; FINISHED
 6992 A:f491  a9 81                              lda #$81             ; NEW MASK VALUE
 6993 A:f493  c8                                 iny                    ; MOVE TO NEXT BYTE RIGHT
 6994 A:f494  c0 28                              cpy #40             ; UNLESS THAT IS TOO FAR
 6995 A:f496  90 e0                              bcc AS_LR_4                ; NOT TOO FAR
 6996 A:f498  a0 00                              ldy #0             ; TOO FAR, SO WRAP AROUND
 6997 A:f49a  b0 dc                              bcs AS_LR_4                ; ...ALWAYS
 6998 A:f49c                                    ; --------------------------------
 6999 A:f49c                                    ; --------------------------------
 7000 A:f49c                                    ; "XDRAW" ONE BIT
 7001 A:f49c                                    ; --------------------------------
 7002 A:f49c  18                       AS_LRUDX1 clc                 ; C=0 MEANS NO 90 DEGREE ROTATION
 7003 A:f49d  a5 d1                    AS_LRUDX2 lda AS_HGR_DX+1       ; C=1 MEANS ROTATE 90 DEGREES
 7004 A:f49f  29 04                              and #4             ; IF BIT2=0 THEN DON'T PLOT
 7005 A:f4a1  f0 25                              beq AS_LRUD4                ; YES, DO NOT PLOT
 7006 A:f4a3  a9 7f                              lda #$7f             ; NO, LOOK AT WHAT IS ALREADY THERE
 7007 A:f4a5  25 30                              and MON_HMASK
 7008 A:f4a7  31 26                              and (MON_GBASL),Y               ; SCREEN BIT = 1?
 7009 A:f4a9  d0 19                              bne AS_LRUD3                ; YES, GO CLEAR IT
 7010 A:f4ab  e6 ea                              inc AS_HGR_COLLISIONS                ; NO, COUNT THE COLLISION
 7011 A:f4ad  a9 7f                              lda #$7f             ; AND TURN THE BIT ON
 7012 A:f4af  25 30                              and MON_HMASK                ; 
 7013 A:f4b1  10 11                              bpl AS_LRUD3                ; ...ALWAYS
 7014 A:f4b3                                    ; --------------------------------
 7015 A:f4b3                                    ; "DRAW" ONE BIT
 7016 A:f4b3                                    ; --------------------------------
 7017 A:f4b3  18                       AS_LRUD1  clc                 ; C=0 MEANS NO 90 DEGREE ROTATION
 7018 A:f4b4  a5 d1                    AS_LRUD2  lda AS_HGR_DX+1       ; C=1 MEANS ROTATE
 7019 A:f4b6  29 04                              and #4             ; IF BIT2=0 THEN DO NOT PLOT
 7020 A:f4b8  f0 0e                              beq AS_LRUD4                ; DO NOT PLOT
 7021 A:f4ba  b1 26                              lda (MON_GBASL),Y
 7022 A:f4bc  45 1c                              eor AS_HGR_BITS                ; 1'S WHERE ANY BITS NOT IN COLOR
 7023 A:f4be  25 30                              and MON_HMASK                ; LOOK AT JUST THIS BIT POSITION
 7024 A:f4c0  d0 02                              bne AS_LRUD3                ; THE BIT WAS ZERO, SO PLOT IT
 7025 A:f4c2  e6 ea                              inc AS_HGR_COLLISIONS                ; BIT IS ALREADY 1; COUNT COLLSN
 7026 A:f4c4                                    ; --------------------------------
 7027 A:f4c4                                    ; TOGGLE BIT ON SCREEN WITH (A)
 7028 A:f4c4                                    ; --------------------------------
 7029 A:f4c4  51 26                    AS_LRUD3  eor (MON_GBASL),Y
 7030 A:f4c6  91 26                              sta (MON_GBASL),Y
 7031 A:f4c8                                    ; --------------------------------
 7032 A:f4c8                                    ; DETERMINE WHERE NEXT POINT WILL BE, AND MOVE THERE
 7033 A:f4c8                                    ; C=0 IF NO 90 DEGREE ROTATION
 7034 A:f4c8                                    ; C=1 ROTATES 90 DEGREES
 7035 A:f4c8                                    ; --------------------------------
 7036 A:f4c8  a5 d1                    AS_LRUD4  lda AS_HGR_DX+1       ; CALCULATE THE DIRECTION TO MOVE
 7037 A:f4ca  65 d3                              adc AS_HGR_QUADRANT
 7038 A:f4cc  29 03                              and #3             ; WRAP AROUND THE CIRCLE
 7039 A:f4ce                                    AS_CON_03=*-1         ; (( A CONSTANT ))
 7040 A:f4ce                                    ; 
 7041 A:f4ce                                    ; 00 -- UP
 7042 A:f4ce                                    ; 01 -- DOWN
 7043 A:f4ce                                    ; 10 -- RIGHT
 7044 A:f4ce                                    ; 11 -- LEFT
 7045 A:f4ce                                    ; 
 7046 A:f4ce  c9 02                              cmp #2             ; C=0 IF 0 OR 1, C=1 IF 2 OR 3
 7047 A:f4d0  6a                                 ror                    ; PUT C INTO SIGN, ODD/EVEN INTO C
 7048 A:f4d1  b0 92                              bcs AS_MOVE_LEFT_OR_RIGHT
 7049 A:f4d3                                    ; --------------------------------
 7050 A:f4d3                           AS_MOVE_UP_OR_DOWN 
 7051 A:f4d3  30 30                              bmi AS_MOVE_DOWN                ; SIGN FOR UP/DOWN SELECT_
 7052 A:f4d5                                    ; --------------------------------
 7053 A:f4d5                                    ; MOVE UP ONE PIXEL
 7054 A:f4d5                                    ; IF ALREADY AT TOP, GO TO BOTTOM
 7055 A:f4d5                                    ; 
 7056 A:f4d5                                    ; REMEMBER:  Y-COORD   GBASH     GBASL
 7057 A:f4d5                                    ; ABCDEFGH  PPPFGHCD  EABAB000
 7058 A:f4d5                                    ; --------------------------------
 7059 A:f4d5  18                                 clc                    ; MOVE UP
 7060 A:f4d6  a5 27                              lda MON_GBASH                ; CALC. BASE ADDRESS OF PREV. LINE
 7061 A:f4d8  2c b9 f5                           bit AS_CON_1C                ; LOOK AT BITS 000FGH00 IN GBASH
 7062 A:f4db  d0 22                              bne AS_L_MOVE_UP_OR_DOWN_5                ; SIMPLE, JUST FGH=FGH-1
 7063 A:f4dd                                    ; GBASH=PPP000CD, GBASL=EABAB000
 7064 A:f4dd  06 26                              asl MON_GBASL                ; WHAT IS "E"?
 7065 A:f4df  b0 1a                              bcs AS_L_MOVE_UP_OR_DOWN_3                ; E=1, THEN EFGH=EFGH-1
 7066 A:f4e1  2c cd f4                           bit AS_CON_03                ; LOOK AT 000000CD IN GBASH
 7067 A:f4e4  f0 05                              beq AS_L_MOVE_UP_OR_DOWN_1                ; Y-POS IS AB000000 FORM
 7068 A:f4e6  69 1f                              adc #$1f             ; CD <> 0, SO CDEFGH=CDEFGH-1
 7069 A:f4e8  38                                 sec                    ; 
 7070 A:f4e9  b0 12                              bcs AS_L_MOVE_UP_OR_DOWN_4                ; ...ALWAYS
 7071 A:f4eb  69 23                    AS_L_MOVE_UP_OR_DOWN_1 adc #$23          ; ENOUGH TO MAKE GBASH=PPP11111 LATER
 7072 A:f4ed  48                                 pha                    ; SAVE FOR LATER
 7073 A:f4ee  a5 26                              lda MON_GBASL                ; GBASL IS NOW ABAB0000 (AB=00,01,10)
 7074 A:f4f0  69 b0                              adc #$b0             ; 0000+1011=1011 AND CARRY CLEAR
 7075 A:f4f2                                    ; OR 0101+1011=0000 AND CARRY SET
 7076 A:f4f2                                    ; OR 1010+1011=0101 AND CARRY SET
 7077 A:f4f2  b0 02                              bcs AS_L_MOVE_UP_OR_DOWN_2                ; NO WRAP-AROUND NEEDED
 7078 A:f4f4  69 f0                              adc #$f0             ; CHANGE 1011 TO 1010 (WRAP-AROUND)
 7079 A:f4f6  85 26                    AS_L_MOVE_UP_OR_DOWN_2 sta MON_GBASL             ; FORM IS NOW STILL ABAB0000
 7080 A:f4f8  68                                 pla                    ; PARTIALLY MODIFIED GBASH
 7081 A:f4f9  b0 02                              bcs AS_L_MOVE_UP_OR_DOWN_4                ; ...ALWAYS
 7082 A:f4fb  69 1f                    AS_L_MOVE_UP_OR_DOWN_3 adc #$1f          ; 
 7083 A:f4fd  66 26                    AS_L_MOVE_UP_OR_DOWN_4 ror MON_GBASL             ; SHIFT IN E, TO GET EABAB000 FORM
 7084 A:f4ff  69 fc                    AS_L_MOVE_UP_OR_DOWN_5 adc #$fc          ; FINISH GBASH MODS
 7085 A:f501  85 27                    AS_UD_1   sta MON_GBASH             ; 
 7086 A:f503  60                                 rts 
 7087 A:f504                                    ; --------------------------------
 7088 A:f504  18                                 clc                    ; <<<NEVER USED>>>
 7089 A:f505                                    ; --------------------------------
 7090 A:f505                                    ; MOVE DOWN ONE PIXEL
 7091 A:f505                                    ; IF ALREADY AT BOTTOM, GO TO TOP
 7092 A:f505                                    ; 
 7093 A:f505                                    ; REMEMBER:  Y-COORD   GBASH     GBASL
 7094 A:f505                                    ; ABCDEFGH  PPPFGHCD  EABAB000
 7095 A:f505                                    ; --------------------------------
 7096 A:f505                           AS_MOVE_DOWN 
 7097 A:f505  a5 27                              lda MON_GBASH                ; TRY IT FIRST, BY FGH=FGH+1
 7098 A:f507  69 04                              adc #4             ; GBASH = PPPFGHCD
 7099 A:f509                                    AS_CON_04=*-1         ; (( CONSTANT ))
 7100 A:f509  2c b9 f5                           bit AS_CON_1C                ; IS FGH FIELD NOW ZERO?
 7101 A:f50c  d0 f3                              bne AS_UD_1                ; NO, SO WE ARE FINISHED
 7102 A:f50e                                    ; YES, RIPPLE THE CARRY AS HIGH
 7103 A:f50e                                    ; AS NECESSARY
 7104 A:f50e  06 26                              asl MON_GBASL                ; LOOK AT "E" BIT
 7105 A:f510  90 18                              bcc AS_L_CON_04_2                ; NOW ZERO; MAKE IT 1 AND LEAVE
 7106 A:f512  69 e0                              adc #$e0             ; CARRY = 1, SO ADDS $E1
 7107 A:f514  18                                 clc                    ; IS "CD" NOT ZERO?
 7108 A:f515  2c 08 f5                           bit AS_CON_04                ; TESTS BIT 2 FOR CARRY OUT OF "CD"
 7109 A:f518  f0 12                              beq AS_L_CON_04_3                ; NO CARRY, FINISHED
 7110 A:f51a                                    ; INCREMENT "AB" THEN
 7111 A:f51a                                    ; 0000 --> 0101
 7112 A:f51a                                    ; 0101 --> 1010
 7113 A:f51a                                    ; 1010 --> WRAP AROUND TO LINE 0
 7114 A:f51a  a5 26                              lda MON_GBASL                ; 0000  0101  1010
 7115 A:f51c  69 50                              adc #$50             ; 0101  1010  1111
 7116 A:f51e  49 f0                              eor #$f0             ; 1010  0101  0000
 7117 A:f520  f0 02                              beq AS_L_CON_04_1                ; 
 7118 A:f522  49 f0                              eor #$f0             ; 0101  1010
 7119 A:f524  85 26                    AS_L_CON_04_1 sta MON_GBASL             ; NEW ABAB0000
 7120 A:f526  a5 e6                              lda AS_HGR_PAGE                ; WRAP AROUND TO LINE ZERO OF GROUP
 7121 A:f528  90 02                              bcc AS_L_CON_04_3                ; ...ALWAYS
 7122 A:f52a  69 e0                    AS_L_CON_04_2 adc #$e0
 7123 A:f52c  66 26                    AS_L_CON_04_3 ror MON_GBASL
 7124 A:f52e  90 d1                              bcc AS_UD_1                ; ...ALWAYS
 7125 A:f530                                    ; --------------------------------
 7126 A:f530                                    ; HLINRL IS NEVER CALLED BY APPLESOFT
 7127 A:f530                                    ; 
 7128 A:f530                                    ; ENTER WITH:  (A,X) = DX FROM CURRENT POINT
 7129 A:f530                                    ; (Y)   = DY FROM CURRENT POINT
 7130 A:f530                                    ; --------------------------------
 7131 A:f530  48                       AS_HLINRL pha                 ; SAVE (A)
 7132 A:f531  a9 00                              lda #0             ; CLEAR CURRENT POINT SO HGLIN WILL
 7133 A:f533  85 e0                              sta AS_HGR_X                ; ACT RELATIVELY
 7134 A:f535  85 e1                              sta AS_HGR_X+1          ; 
 7135 A:f537  85 e2                              sta AS_HGR_Y                ; 
 7136 A:f539  68                                 pla                    ; RESTORE (A)
 7137 A:f53a                                    ; --------------------------------
 7138 A:f53a                                    ; DRAW LINE FROM LAST PLOTTED POINT TO (A,X),(Y)
 7139 A:f53a                                    ; 
 7140 A:f53a                                    ; ENTER WITH:  (A,X) = X OF TARGET POINT
 7141 A:f53a                                    ; (Y)   = Y OF TARGET POINT
 7142 A:f53a                                    ; --------------------------------
 7143 A:f53a  48                       AS_HGLIN  pha                 ; COMPUTE DX = X- X0
 7144 A:f53b  38                                 sec 
 7145 A:f53c  e5 e0                              sbc AS_HGR_X
 7146 A:f53e  48                                 pha 
 7147 A:f53f  8a                                 txa 
 7148 A:f540  e5 e1                              sbc AS_HGR_X+1
 7149 A:f542  85 d3                              sta AS_HGR_QUADRANT                ; SAVE DX SIGN (+ = RIGHT, - = LEFT)
 7150 A:f544  b0 0a                              bcs AS_L_HGLIN_1                ; NOW FIND ABS (DX)
 7151 A:f546  68                                 pla                    ; FORMS 2'S COMPLEMENT
 7152 A:f547  49 ff                              eor #$ff
 7153 A:f549  69 01                              adc #1
 7154 A:f54b  48                                 pha 
 7155 A:f54c  a9 00                              lda #0
 7156 A:f54e  e5 d3                              sbc AS_HGR_QUADRANT
 7157 A:f550  85 d1                    AS_L_HGLIN_1 sta AS_HGR_DX+1
 7158 A:f552  85 d5                              sta AS_HGR_E+1          ; INIT HGR.E TO ABS(X-X0)
 7159 A:f554  68                                 pla 
 7160 A:f555  85 d0                              sta AS_HGR_DX
 7161 A:f557  85 d4                              sta AS_HGR_E
 7162 A:f559  68                                 pla 
 7163 A:f55a  85 e0                              sta AS_HGR_X                ; TARGET X POINT
 7164 A:f55c  86 e1                              stx AS_HGR_X+1          ; 
 7165 A:f55e  98                                 tya                    ; TARGET Y POINT
 7166 A:f55f  18                                 clc                    ; COMPUTE DY = Y-HGR.Y
 7167 A:f560  e5 e2                              sbc AS_HGR_Y                ; AND SAVE -ABS(Y-HGR.Y)-1 IN HGR.DY
 7168 A:f562  90 04                              bcc AS_L_HGLIN_2                ; (SO + MEANS UP, - MEANS DOWN)
 7169 A:f564  49 ff                              eor #$ff             ; 2'S COMPLEMENT OF DY
 7170 A:f566  69 fe                              adc #$fe             ; 
 7171 A:f568  85 d2                    AS_L_HGLIN_2 sta AS_HGR_DY             ; 
 7172 A:f56a  84 e2                              sty AS_HGR_Y                ; TARGET Y POINT
 7173 A:f56c  66 d3                              ror AS_HGR_QUADRANT                ; SHIFT Y-DIRECTION INTO QUADRANT
 7174 A:f56e  38                                 sec                    ; COUNT = DX -(-DY) = # OF DOTS NEEDED
 7175 A:f56f  e5 d0                              sbc AS_HGR_DX                ; 
 7176 A:f571  aa                                 tax                    ; COUNTL IS IN X-REG
 7177 A:f572  a9 ff                              lda #$ff
 7178 A:f574  e5 d1                              sbc AS_HGR_DX+1
 7179 A:f576  85 1d                              sta AS_HGR_COUNT
 7180 A:f578  a4 e5                              ldy AS_HGR_HORIZ                ; HORIZONTAL INDEX
 7181 A:f57a  b0 05                              bcs AS_MOVEX2                ; ...ALWAYS
 7182 A:f57c                                    ; --------------------------------
 7183 A:f57c                                    ; MOVE LEFT OR RIGHT ONE PIXEL
 7184 A:f57c                                    ; (A) BIT 6 HAS DIRECTION
 7185 A:f57c                                    ; --------------------------------
 7186 A:f57c  0a                       AS_MOVEX  asl                 ; PUT BIT 6 INTO SIGN POSITION
 7187 A:f57d  20 65 f4                           jsr AS_MOVE_LEFT_OR_RIGHT
 7188 A:f580  38                                 sec 
 7189 A:f581                                    ; --------------------------------
 7190 A:f581                                    ; DRAW LINE NOW
 7191 A:f581                                    ; --------------------------------
 7192 A:f581  a5 d4                    AS_MOVEX2 lda AS_HGR_E             ; CARRY IS SET
 7193 A:f583  65 d2                              adc AS_HGR_DY                ; E = E-DELTY
 7194 A:f585  85 d4                              sta AS_HGR_E                ; NOTE: DY IS (-DELTA Y)-1
 7195 A:f587  a5 d5                              lda AS_HGR_E+1          ; CARRY CLR IF HGR.E GOES NEGATIVE
 7196 A:f589  e9 00                              sbc #0
 7197 A:f58b  85 d5                    AS_L_MOVEX2_1 sta AS_HGR_E+1
 7198 A:f58d  b1 26                              lda (MON_GBASL),Y
 7199 A:f58f  45 1c                              eor AS_HGR_BITS                ; PLOT A DOT
 7200 A:f591  25 30                              and MON_HMASK
 7201 A:f593  51 26                              eor (MON_GBASL),Y
 7202 A:f595  91 26                              sta (MON_GBASL),Y
 7203 A:f597  e8                                 inx                    ; FINISHED ALL THE DOTS?
 7204 A:f598  d0 04                              bne AS_L_MOVEX2_2                ; NO
 7205 A:f59a  e6 1d                              inc AS_HGR_COUNT                ; TEST REST OF COUNT
 7206 A:f59c  f0 62                              beq AS_RTS_22                ; YES, FINISHED.
 7207 A:f59e  a5 d3                    AS_L_MOVEX2_2 lda AS_HGR_QUADRANT             ; TEST DIRECTION
 7208 A:f5a0  b0 da                              bcs AS_MOVEX                ; NEXT MOVE IS IN THE X DIRECTION
 7209 A:f5a2  20 d3 f4                           jsr AS_MOVE_UP_OR_DOWN                ; IF CLR, NEG, MOVE
 7210 A:f5a5  18                                 clc                    ; E = E+DX
 7211 A:f5a6  a5 d4                              lda AS_HGR_E
 7212 A:f5a8  65 d0                              adc AS_HGR_DX
 7213 A:f5aa  85 d4                              sta AS_HGR_E
 7214 A:f5ac  a5 d5                              lda AS_HGR_E+1
 7215 A:f5ae  65 d1                              adc AS_HGR_DX+1
 7216 A:f5b0  50 d9                              bvc AS_L_MOVEX2_1                ; ...ALWAYS
 7217 A:f5b2                                    ; --------------------------------

 7220 A:f5b2  81                       AS_MSKTBL .byt %10000001
 7221 A:f5b3  82                                 .byt %10000010
 7222 A:f5b4  84                                 .byt %10000100
 7223 A:f5b5  88                                 .byt %10001000
 7224 A:f5b6  90                                 .byt %10010000
 7225 A:f5b7  a0                                 .byt %10100000
 7226 A:f5b8  c0                                 .byt %11000000
 7227 A:f5b9                                    ; --------------------------------
 7228 A:f5b9  1c                       AS_CON_1C .byt %00011100           ; MASK FOR "FGH" BITS
 7229 A:f5ba                                    ; --------------------------------

 7231 A:f5ba                                    ; --------------------------------
 7232 A:f5ba                                    ; TABLE OF COS(90*X/16 DEGREES)*$100 - 1
 7233 A:f5ba                                    ; WITH ONE BYTE PRECISION, X=0 TO 16:
 7234 A:f5ba                                    ; --------------------------------
 7235 A:f5ba  ff fe fa f4 ec e1 d4 c5  AS_COSINE_TABLE .byt $ff,$fe,$fa,$f4,$ec,$e1,$d4,$c5
 7236 A:f5c2  b4 a1 8d 78 61 49 31 18            .byt $b4,$a1,$8d,$78,$61,$49,$31,$18
 7237 A:f5ca  ff                                 .byt $ff
 7238 A:f5cb                                    ; --------------------------------
 7239 A:f5cb                                    ; HFIND -- CALCULATES CURRENT POSITION OF HI-RES CURSOR
 7240 A:f5cb                                    ; (NOT CALLED BY ANY APPLESOFT ROUTINE)
 7241 A:f5cb                                    ; 
 7242 A:f5cb                                    ; CALCULATE Y-COORD FROM GBASL,H
 7243 A:f5cb                                    ; AND X-COORD FROM HORIZ AND HMASK
 7244 A:f5cb                                    ; --------------------------------
 7245 A:f5cb  a5 26                    AS_HFIND  lda MON_GBASL             ; GBASL = EABAB000
 7246 A:f5cd  0a                                 asl                    ; E INTO CARRY
 7247 A:f5ce  a5 27                              lda MON_GBASH                ; GBASH = PPPFGHCD
 7248 A:f5d0  29 03                              and #3             ; 000000CD
 7249 A:f5d2  2a                                 rol                    ; 00000CDE
 7250 A:f5d3  05 26                              ora MON_GBASL                ; EABABCDE
 7251 A:f5d5  0a                                 asl                    ; ABABCDE0
 7252 A:f5d6  0a                                 asl                    ; BABCDE00
 7253 A:f5d7  0a                                 asl                    ; ABCDE000
 7254 A:f5d8  85 e2                              sta AS_HGR_Y                ; ALL BUT FGH
 7255 A:f5da  a5 27                              lda MON_GBASH                ; PPPFGHCD
 7256 A:f5dc  4a                                 lsr                    ; 0PPPFGHC
 7257 A:f5dd  4a                                 lsr                    ; 00PPPFGH
 7258 A:f5de  29 07                              and #7             ; 00000FGH
 7259 A:f5e0  05 e2                              ora AS_HGR_Y                ; ABCDEFGH
 7260 A:f5e2  85 e2                              sta AS_HGR_Y                ; THAT TAKES CARE OF Y-COORDINATE!
 7261 A:f5e4  a5 e5                              lda AS_HGR_HORIZ                ; X = 7*HORIZ + BIT POS. IN HMASK
 7262 A:f5e6  0a                                 asl                    ; MULTIPLY BY 7
 7263 A:f5e7  65 e5                              adc AS_HGR_HORIZ                ; 3* SO FAR
 7264 A:f5e9  0a                                 asl                    ; 6*
 7265 A:f5ea  aa                                 tax                    ; SINCE 7* MIGHT NOT FIT IN 1 BYTE,
 7266 A:f5eb                                    ; WAIT TILL LATER FOR LAST ADD
 7267 A:f5eb  ca                                 dex                    ; 
 7268 A:f5ec  a5 30                              lda MON_HMASK                ; NOW FIND BIT POSITION IN HMASK
 7269 A:f5ee  29 7f                              and #$7f             ; ONLY LOOK AT LOW SEVEN
 7270 A:f5f0  e8                       AS_L_HFIND_1 inx                 ; COUNT A SHIFT
 7271 A:f5f1  4a                                 lsr                    ; 
 7272 A:f5f2  d0 fc                              bne AS_L_HFIND_1                ; STILL IN THERE
 7273 A:f5f4  85 e1                              sta AS_HGR_X+1          ; ZERO TO HI-BYTE
 7274 A:f5f6  8a                                 txa                    ; 6*HORIZ+LOG2(HMASK)
 7275 A:f5f7  18                                 clc                    ; ADD HORIZ ONE MORE TIME
 7276 A:f5f8  65 e5                              adc AS_HGR_HORIZ                ; 7*HORIZ+LOG2(HMASK)
 7277 A:f5fa  90 02                              bcc AS_L_HFIND_2                ; UPPER BYTE = 0
 7278 A:f5fc  e6 e1                              inc AS_HGR_X+1          ; UPPER BYTE = 1
 7279 A:f5fe  85 e0                    AS_L_HFIND_2 sta AS_HGR_X             ; STORE LOWER BYTE
 7280 A:f600  60                       AS_RTS_22 rts 
 7281 A:f601                                    ; --------------------------------
 7282 A:f601                                    ; DRAW A SHAPE
 7283 A:f601                                    ; 
 7284 A:f601                                    ; (Y,X) = SHAPE STARTING ADDRESS
 7285 A:f601                                    ; (A)   = ROTATION (0-3F)
 7286 A:f601                                    ; --------------------------------
 7287 A:f601                                    ; APPLESOFT DOES NOT CALL DRAW0
 7288 A:f601                                    ; --------------------------------
 7289 A:f601  86 1a                    AS_DRAW0  stx AS_HGR_SHAPE             ; SAVE SHAPE ADDRESS
 7290 A:f603  84 1b                              sty AS_HGR_SHAPE+1
 7291 A:f605                                    ; --------------------------------
 7292 A:f605                                    ; APPLESOFT ENTERS HERE
 7293 A:f605                                    ; --------------------------------
 7294 A:f605  aa                       AS_DRAW1  tax                 ; SAVE ROTATION (0-$3F)
 7295 A:f606  4a                                 lsr                    ; DIVIDE ROTATION BY 16 TO GET
 7296 A:f607  4a                                 lsr                    ; QUADRANT (0=UP, 1=RT, 2=DWN, 3=LFT)
 7297 A:f608  4a                                 lsr 
 7298 A:f609  4a                                 lsr 
 7299 A:f60a  85 d3                              sta AS_HGR_QUADRANT
 7300 A:f60c  8a                                 txa                    ; USE LOW 4 BITS OF ROTATION TO INDEX
 7301 A:f60d  29 0f                              and #$0f             ; THE TRIG TABLE
 7302 A:f60f  aa                                 tax 
 7303 A:f610  bc ba f5                           ldy AS_COSINE_TABLE,X              ; SAVE COSINE IN HGR.DX
 7304 A:f613  84 d0                              sty AS_HGR_DX                ; 
 7305 A:f615  49 0f                              eor #$0f             ; AND SINE IN DY
 7306 A:f617  aa                                 tax 
 7307 A:f618  bc bb f5                           ldy AS_COSINE_TABLE+1,X
 7308 A:f61b  c8                                 iny 
 7309 A:f61c  84 d2                              sty AS_HGR_DY
 7310 A:f61e  a4 e5                              ldy AS_HGR_HORIZ                ; INDEX FROM GBASL,H TO BYTE WE'RE IN
 7311 A:f620  a2 00                              ldx #0
 7312 A:f622  86 ea                              stx AS_HGR_COLLISIONS                ; CLEAR COLLISION COUNTER
 7313 A:f624  a1 1a                              lda (AS_HGR_SHAPE,X)               ; GET FIRST BYTE OF SHAPE DEFN
 7314 A:f626  85 d1                    AS_L_DRAW1_1 sta AS_HGR_DX+1       ; KEEP SHAPE BYTE IN HGR.DX+1
 7315 A:f628  a2 80                              ldx #$80             ; INITIAL VALUES FOR FRACTIONAL VECTORS
 7316 A:f62a  86 d4                              stx AS_HGR_E                ; L_DRAW1_5 IN COSINE COMPONENT
 7317 A:f62c  86 d5                              stx AS_HGR_E+1          ; L_DRAW1_5 IN SINE COMPONENT
 7318 A:f62e  a6 e7                              ldx AS_HGR_SCALE                ; SCALE FACTOR
 7319 A:f630  a5 d4                    AS_L_DRAW1_2 lda AS_HGR_E             ; ADD COSINE VALUE TO X-VALUE
 7320 A:f632  38                                 sec                    ; IF >= 1, THEN DRAW
 7321 A:f633  65 d0                              adc AS_HGR_DX                ; 
 7322 A:f635  85 d4                              sta AS_HGR_E                ; ONLY SAVE FRACTIONAL PART
 7323 A:f637  90 04                              bcc AS_L_DRAW1_3                ; NO INTEGRAL PART
 7324 A:f639  20 b3 f4                           jsr AS_LRUD1                ; TIME TO PLOT COSINE COMPONENT
 7325 A:f63c  18                                 clc                    ; 
 7326 A:f63d  a5 d5                    AS_L_DRAW1_3 lda AS_HGR_E+1       ; ADD SINE VALUE TO Y-VALUE
 7327 A:f63f  65 d2                              adc AS_HGR_DY                ; IF >= 1, THEN DRAW
 7328 A:f641  85 d5                              sta AS_HGR_E+1          ; ONLY SAVE FRACTIONAL PART
 7329 A:f643  90 03                              bcc AS_L_DRAW1_4                ; NO INTEGRAL PART
 7330 A:f645  20 b4 f4                           jsr AS_LRUD2                ; TIME TO PLOT SINE COMPONENT
 7331 A:f648  ca                       AS_L_DRAW1_4 dex                 ; LOOP ON SCALE FACTOR.
 7332 A:f649  d0 e5                              bne AS_L_DRAW1_2                ; STILL ON SAME SHAPE ITEM
 7333 A:f64b  a5 d1                              lda AS_HGR_DX+1          ; GET NEXT SHAPE ITEM
 7334 A:f64d  4a                                 lsr                    ; NEXT 3 BIT VECTOR
 7335 A:f64e  4a                                 lsr                    ; 
 7336 A:f64f  4a                                 lsr                    ; 
 7337 A:f650  d0 d4                              bne AS_L_DRAW1_1                ; MORE IN THIS SHAPE BYTE
 7338 A:f652  e6 1a                              inc AS_HGR_SHAPE                ; GO TO NEXT SHAPE BYTE
 7339 A:f654  d0 02                              bne AS_L_DRAW1_5
 7340 A:f656  e6 1b                              inc AS_HGR_SHAPE+1
 7341 A:f658  a1 1a                    AS_L_DRAW1_5 lda (AS_HGR_SHAPE,X)               ; NEXT BYTE OF SHAPE DEFINITION
 7342 A:f65a  d0 ca                              bne AS_L_DRAW1_1                ; PROCESS IF NOT ZERO
 7343 A:f65c  60                                 rts                    ; FINISHED
 7344 A:f65d                                    ; --------------------------------
 7345 A:f65d                                    ; XDRAW A SHAPE (SAME AS DRAW, EXCEPT TOGGLES SCREEN)
 7346 A:f65d                                    ; 
 7347 A:f65d                                    ; (Y,X) = SHAPE STARTING ADDRESS
 7348 A:f65d                                    ; (A)   = ROTATION (0-3F)
 7349 A:f65d                                    ; --------------------------------
 7350 A:f65d                                    ; APPLESOFT DOES NOT CALL XDRAW0
 7351 A:f65d                                    ; --------------------------------
 7352 A:f65d  86 1a                    AS_XDRAW0 stx AS_HGR_SHAPE             ; SAVE SHAPE ADDRESS
 7353 A:f65f  84 1b                              sty AS_HGR_SHAPE+1
 7354 A:f661                                    ; --------------------------------
 7355 A:f661                                    ; APPLESOFT ENTERS HERE
 7356 A:f661                                    ; --------------------------------
 7357 A:f661  aa                       AS_XDRAW1 tax                 ; SAVE ROTATION (0-$3F)
 7358 A:f662  4a                                 lsr                    ; DIVIDE ROTATION BY 16 TO GET
 7359 A:f663  4a                                 lsr                    ; QUADRANT (0=UP, 1=RT, 2=DWN, 3=LFT)
 7360 A:f664  4a                                 lsr 
 7361 A:f665  4a                                 lsr 
 7362 A:f666  85 d3                              sta AS_HGR_QUADRANT
 7363 A:f668  8a                                 txa                    ; USE LOW 4 BITS OF ROTATION TO INDEX
 7364 A:f669  29 0f                              and #$0f             ; THE TRIG TABLE
 7365 A:f66b  aa                                 tax 
 7366 A:f66c  bc ba f5                           ldy AS_COSINE_TABLE,X              ; SAVE COSINE IN HGR.DX
 7367 A:f66f  84 d0                              sty AS_HGR_DX                ; 
 7368 A:f671  49 0f                              eor #$0f             ; AND SINE IN DY
 7369 A:f673  aa                                 tax 
 7370 A:f674  bc bb f5                           ldy AS_COSINE_TABLE+1,X
 7371 A:f677  c8                                 iny 
 7372 A:f678  84 d2                              sty AS_HGR_DY
 7373 A:f67a  a4 e5                              ldy AS_HGR_HORIZ                ; INDEX FROM GBASL,H TO BYTE WE'RE IN
 7374 A:f67c  a2 00                              ldx #0
 7375 A:f67e  86 ea                              stx AS_HGR_COLLISIONS                ; CLEAR COLLISION COUNTER
 7376 A:f680  a1 1a                              lda (AS_HGR_SHAPE,X)               ; GET FIRST BYTE OF SHAPE DEFN
 7377 A:f682  85 d1                    AS_L_XDRAW1_1 sta AS_HGR_DX+1       ; KEEP SHAPE BYTE IN HGR.DX+1
 7378 A:f684  a2 80                              ldx #$80             ; INITIAL VALUES FOR FRACTIONAL VECTORS
 7379 A:f686  86 d4                              stx AS_HGR_E                ; L_XDRAW1_5 IN COSINE COMPONENT
 7380 A:f688  86 d5                              stx AS_HGR_E+1          ; L_XDRAW1_5 IN SINE COMPONENT
 7381 A:f68a  a6 e7                              ldx AS_HGR_SCALE                ; SCALE FACTOR
 7382 A:f68c  a5 d4                    AS_L_XDRAW1_2 lda AS_HGR_E             ; ADD COSINE VALUE TO X-VALUE
 7383 A:f68e  38                                 sec                    ; IF >= 1, THEN DRAW
 7384 A:f68f  65 d0                              adc AS_HGR_DX                ; 
 7385 A:f691  85 d4                              sta AS_HGR_E                ; ONLY SAVE FRACTIONAL PART
 7386 A:f693  90 04                              bcc AS_L_XDRAW1_3                ; NO INTEGRAL PART
 7387 A:f695  20 9c f4                           jsr AS_LRUDX1                ; TIME TO PLOT COSINE COMPONENT
 7388 A:f698  18                                 clc                    ; 
 7389 A:f699  a5 d5                    AS_L_XDRAW1_3 lda AS_HGR_E+1       ; ADD SINE VALUE TO Y-VALUE
 7390 A:f69b  65 d2                              adc AS_HGR_DY                ; IF >= 1, THEN DRAW
 7391 A:f69d  85 d5                              sta AS_HGR_E+1          ; ONLY SAVE FRACTIONAL PART
 7392 A:f69f  90 03                              bcc AS_L_XDRAW1_4                ; NO INTEGRAL PART
 7393 A:f6a1  20 9d f4                           jsr AS_LRUDX2                ; TIME TO PLOT SINE COMPONENT
 7394 A:f6a4  ca                       AS_L_XDRAW1_4 dex                 ; LOOP ON SCALE FACTOR.
 7395 A:f6a5  d0 e5                              bne AS_L_XDRAW1_2                ; STILL ON SAME SHAPE ITEM
 7396 A:f6a7  a5 d1                              lda AS_HGR_DX+1          ; GET NEXT SHAPE ITEM
 7397 A:f6a9  4a                                 lsr                    ; NEXT 3 BIT VECTOR
 7398 A:f6aa  4a                                 lsr                    ; 
 7399 A:f6ab  4a                                 lsr                    ; 
 7400 A:f6ac  d0 d4                              bne AS_L_XDRAW1_1                ; MORE IN THIS SHAPE BYTE
 7401 A:f6ae  e6 1a                              inc AS_HGR_SHAPE                ; GO TO NEXT SHAPE BYTE
 7402 A:f6b0  d0 02                              bne AS_L_XDRAW1_5
 7403 A:f6b2  e6 1b                              inc AS_HGR_SHAPE+1
 7404 A:f6b4  a1 1a                    AS_L_XDRAW1_5 lda (AS_HGR_SHAPE,X)               ; NEXT BYTE OF SHAPE DEFINITION
 7405 A:f6b6  d0 ca                              bne AS_L_XDRAW1_1                ; PROCESS IF NOT ZERO
 7406 A:f6b8  60                                 rts                    ; FINISHED
 7407 A:f6b9                                    ; --------------------------------
 7408 A:f6b9                                    ; GET HI-RES PLOTTING COORDINATES (0-279,0-191) FROM
 7409 A:f6b9                                    ; TXTPTR.  LEAVE REGISTERS SET UP FOR HPOSN:
 7410 A:f6b9                                    ; (Y,X)=X-COORD
 7411 A:f6b9                                    ; (A)  =Y-COORD
 7412 A:f6b9                                    ; --------------------------------
 7413 A:f6b9  20 67 dd                 AS_HFNS   jsr AS_FRMNUM             ; EVALUATE EXPRESSION, MUST BE NUMERIC
 7414 A:f6bc  20 52 e7                           jsr AS_GETADR                ; CONVERT TO 2-BYTE INTEGER IN LINNUM
 7415 A:f6bf  a4 51                              ldy MS_Z_LINNUM+1          ; GET HORIZ COOR IN X,Y
 7416 A:f6c1  a6 50                              ldx MS_Z_LINNUM                ; 
 7417 A:f6c3  c0 01                              cpy #>280            ; MAKE SURE IT IS < 280
 7418 A:f6c5  90 06                              bcc AS_L_HFNS_1                ; IN RANGE
 7419 A:f6c7  d0 1d                              bne AS_GGERR                ; 
 7420 A:f6c9  e0 18                              cpx #<280            ; 
 7421 A:f6cb  b0 19                              bcs AS_GGERR                ; 
 7422 A:f6cd  8a                       AS_L_HFNS_1 txa                 ; SAVE HORIZ COOR ON STACK
 7423 A:f6ce  48                                 pha                    ; 
 7424 A:f6cf  98                                 tya                    ; 
 7425 A:f6d0  48                                 pha                    ; 
 7426 A:f6d1  a9 2c                              lda #(","&%01111111)     ; REQUIRE A COMMA
 7427 A:f6d3  20 c0 de                           jsr AS_SYNCHR                ; 
 7428 A:f6d6  20 f8 e6                           jsr AS_GETBYT                ; EVAL EXP TO SINGLE BYTE IN X-REG
 7429 A:f6d9  e0 c0                              cpx #192             ; CHECK FOR RANGE
 7430 A:f6db  b0 09                              bcs AS_GGERR                ; TOO BIG
 7431 A:f6dd  86 9d                              stx MS_Z_FAC                ; SAVE Y-COORD
 7432 A:f6df  68                                 pla                    ; RETRIEVE HORIZONTAL COORDINATE
 7433 A:f6e0  a8                                 tay                    ; 
 7434 A:f6e1  68                                 pla                    ; 
 7435 A:f6e2  aa                                 tax                    ; 
 7436 A:f6e3  a5 9d                              lda MS_Z_FAC                ; AND VERTICAL COORDINATE
 7437 A:f6e5  60                                 rts                    ; 
 7438 A:f6e6                                    ; --------------------------------
 7439 A:f6e6  4c 06 f2                 AS_GGERR  jmp AS_GOERR             ; ILLEGAL QUANTITY ERROR
 7440 A:f6e9                                    ; --------------------------------
 7441 A:f6e9                                    ; "HCOLOR=" STATEMENT
 7442 A:f6e9                                    ; --------------------------------
 7443 A:f6e9  20 f8 e6                 AS_HCOLOR jsr AS_GETBYT             ; EVAL EXP TO SINGLE BYTE IN X
 7444 A:f6ec  e0 08                              cpx #8             ; VALUE MUST BE 0-7
 7445 A:f6ee  b0 f6                              bcs AS_GGERR                ; TOO BIG
 7446 A:f6f0  bd f6 f6                           lda AS_COLORTBL,X                  ; GET COLOR PATTERN
 7447 A:f6f3  85 e4                              sta AS_HGR_COLOR
 7448 A:f6f5  60                       AS_RTS_23 rts 
 7449 A:f6f6                                    ; --------------------------------

 7452 A:f6f6  00                       AS_COLORTBL .byt %00000000
 7453 A:f6f7  2a                                 .byt %00101010
 7454 A:f6f8  55                                 .byt %01010101
 7455 A:f6f9  7f                                 .byt %01111111
 7456 A:f6fa  80                                 .byt %00000000|%10000000
 7457 A:f6fb  aa                                 .byt %00101010|%10000000
 7458 A:f6fc  d5                                 .byt %01010101|%10000000
 7459 A:f6fd  ff                                 .byt %01111111|%10000000

 7461 A:f6fe                                    ; --------------------------------
 7462 A:f6fe                                    ; "HPLOT" STATEMENT
 7463 A:f6fe                                    ; 
 7464 A:f6fe                                    ; HPLOT X,Y
 7465 A:f6fe                                    ; HPLOT TO X,Y
 7466 A:f6fe                                    ; HPLOT X1,Y1 TO X2,Y2
 7467 A:f6fe                                    ; --------------------------------
 7468 A:f6fe  c9 c1                    AS_HPLOT  cmp #MS_TOTK            ; "PLOT TO" FORM?
 7469 A:f700  f0 0d                              beq AS_L_HPLOT_2                ; YES, START FROM CURRENT LOCATION
 7470 A:f702  20 b9 f6                           jsr AS_HFNS                ; NO, GET STARTING POINT OF LINE
 7471 A:f705  20 57 f4                           jsr AS_HPLOT0                ; PLOT THE POINT, AND SET UP FOR
 7472 A:f708                                    ; DRAWING A LINE FROM THAT POINT
 7473 A:f708  20 b7 00                 AS_L_HPLOT_1 jsr MS_Z_CHRGOT             ; CHARACTER AT END OF EXPRESSION
 7474 A:f70b  c9 c1                              cmp #MS_TOTK               ; IS A LINE SPECIFIED?
 7475 A:f70d  d0 e6                              bne AS_RTS_23                ; NO, EXIT
 7476 A:f70f  20 c0 de                 AS_L_HPLOT_2 jsr AS_SYNCHR             ; YES. ADV. TXTPTR (WHY NOT CHRGET)
 7477 A:f712  20 b9 f6                           jsr AS_HFNS                ; GET COORDINATES OF LINE END
 7478 A:f715  84 9d                              sty MS_Z_DSCTMP                ; SET UP FOR LINE
 7479 A:f717  a8                                 tay                    ; 
 7480 A:f718  8a                                 txa                    ; 
 7481 A:f719  a6 9d                              ldx MS_Z_DSCTMP                ; 
 7482 A:f71b  20 3a f5                           jsr AS_HGLIN                ; PLOT LINE
 7483 A:f71e  4c 08 f7                           jmp AS_L_HPLOT_1                ; LOOP TILL NO MORE "TO" PHRASES
 7484 A:f721                                    ; --------------------------------
 7485 A:f721                                    ; "ROT=" STATEMENT
 7486 A:f721                                    ; --------------------------------
 7487 A:f721  20 f8 e6                 AS_ROT    jsr AS_GETBYT             ; EVAL EXP TO A BYTE IN X-REG
 7488 A:f724  86 f9                              stx AS_HGR_ROTATION
 7489 A:f726  60                                 rts 
 7490 A:f727                                    ; --------------------------------
 7491 A:f727                                    ; "SCALE=" STATEMENT
 7492 A:f727                                    ; --------------------------------
 7493 A:f727  20 f8 e6                 AS_SCALE  jsr AS_GETBYT             ; EVAL EXP TO A BYTE IN X-REG
 7494 A:f72a  86 e7                              stx AS_HGR_SCALE
 7495 A:f72c  60                                 rts 
 7496 A:f72d                                    ; --------------------------------
 7497 A:f72d                                    ; SET UP FOR DRAW AND XDRAW
 7498 A:f72d                                    ; --------------------------------
 7499 A:f72d  20 f8 e6                 AS_DRWPNT jsr AS_GETBYT             ; GET SHAPE NUMBER IN X-REG
 7500 A:f730  a5 e8                              lda AS_HGR_SHAPE_PNTR                ; SEARCH FOR THAT SHAPE
 7501 A:f732  85 1a                              sta AS_HGR_SHAPE                ; SET UP PNTR TO BEGINNING OF TABLE
 7502 A:f734  a5 e9                              lda AS_HGR_SHAPE_PNTR+1
 7503 A:f736  85 1b                              sta AS_HGR_SHAPE+1
 7504 A:f738  8a                                 txa 
 7505 A:f739  a2 00                              ldx #0
 7506 A:f73b  c1 1a                              cmp (AS_HGR_SHAPE,X)               ; COMPARE TO # OF SHAPES IN TABLE
 7507 A:f73d  f0 02                              beq AS_L_DRWPNT_1                ; LAST SHAPE IN TABLE
 7508 A:f73f  b0 a5                              bcs AS_GGERR                ; SHAPE # TOO LARGE
 7509 A:f741  0a                       AS_L_DRWPNT_1 asl                 ; DOUBLE SHAPE# TO MAKE AN INDEX
 7510 A:f742  90 03                              bcc AS_L_DRWPNT_2                ; ADD 256 IF SHAPE # > 127
 7511 A:f744  e6 1b                              inc AS_HGR_SHAPE+1
 7512 A:f746  18                                 clc 
 7513 A:f747  a8                       AS_L_DRWPNT_2 tay                 ; USE INDEX TO LOOK UP OFFSET FOR SHAPE
 7514 A:f748  b1 1a                              lda (AS_HGR_SHAPE),Y               ; IN OFFSET TABLE
 7515 A:f74a  65 1a                              adc AS_HGR_SHAPE
 7516 A:f74c  aa                                 tax 
 7517 A:f74d  c8                                 iny 
 7518 A:f74e  b1 1a                              lda (AS_HGR_SHAPE),Y
 7519 A:f750  65 e9                              adc AS_HGR_SHAPE_PNTR+1
 7520 A:f752  85 1b                              sta AS_HGR_SHAPE+1          ; SAVE ADDRESS OF SHAPE
 7521 A:f754  86 1a                              stx AS_HGR_SHAPE
 7522 A:f756  20 b7 00                           jsr MS_Z_CHRGOT                ; IS THERE ANY "AT" PHRASE?
 7523 A:f759  c9 c5                              cmp #AS_TOKENDB               ; 
 7524 A:f75b  d0 09                              bne AS_L_DRWPNT_3                ; NO, DRAW RIGHT WHERE WE ARE
 7525 A:f75d  20 c0 de                           jsr AS_SYNCHR                ; SCAN OVER "AT"
 7526 A:f760  20 b9 f6                           jsr AS_HFNS                ; GET X- AND Y-COORDS TO START DRAWING AT
 7527 A:f763  20 11 f4                           jsr AS_HPOSN                ; SET UP CURSOR THERE
 7528 A:f766  a5 f9                    AS_L_DRWPNT_3 lda AS_HGR_ROTATION             ; ROTATION VALUE
 7529 A:f768  60                                 rts 
 7530 A:f769                                    ; --------------------------------
 7531 A:f769                                    ; "DRAW" STATEMENT
 7532 A:f769                                    ; --------------------------------
 7533 A:f769  20 2d f7                 AS_DRAW   jsr AS_DRWPNT
 7534 A:f76c  4c 05 f6                           jmp AS_DRAW1
 7535 A:f76f                                    ; --------------------------------
 7536 A:f76f                                    ; "XDRAW" STATEMENT
 7537 A:f76f                                    ; --------------------------------
 7538 A:f76f  20 2d f7                 AS_XDRAW  jsr AS_DRWPNT
 7539 A:f772  4c 61 f6                           jmp AS_XDRAW1
 7540 A:f775                                    ; --------------------------------
 7541 A:f775                                    ; "SHLOAD" STATEMENT
 7542 A:f775                                    ; 
 7543 A:f775                                    ; READS A SHAPE TABLE FROM CASSETTE TAPE
 7544 A:f775                                    ; TO A POSITION JUST BELOW HIMEM.
 7545 A:f775                                    ; HIMEM IS THEN MOVED TO JUST BELOW THE TABLE
 7546 A:f775                                    ; --------------------------------
 7547 A:f775  a9 00                    AS_SHLOAD lda #>MS_Z_LINNUM           ; SET UP TO READ TWO BYTES
 7548 A:f777  85 3d                              sta MON_A1H                ; INTO LINNUM,LINNUM+1
 7549 A:f779  85 3f                              sta MON_A2H                ; 
 7550 A:f77b  a0 50                              ldy #MS_Z_LINNUM               ; 
 7551 A:f77d  84 3c                              sty MON_A1L                ; 
 7552 A:f77f  c8                                 iny                    ; LINNUM+1
 7553 A:f780  84 3e                              sty MON_A2L                ; 
 7554 A:f782  20 fd fe                           jsr MON_READ                ; READ TAPE
 7555 A:f785  18                                 clc                    ; SETUP TO READ (LINNUM) BYTES
 7556 A:f786  a5 73                              lda MS_Z_MEMSIZ                ; ENDING AT HIMEM-1
 7557 A:f788  aa                                 tax                    ; 
 7558 A:f789  ca                                 dex                    ; FORMING HIMEM-1
 7559 A:f78a  86 3e                              stx MON_A2L                ; 
 7560 A:f78c  e5 50                              sbc MS_Z_LINNUM                ; FORMING HIMEM-(LINNUM)
 7561 A:f78e  48                                 pha                    ; 
 7562 A:f78f  a5 74                              lda MS_Z_MEMSIZ+1          ; 
 7563 A:f791  a8                                 tay                    ; 
 7564 A:f792  e8                                 inx                    ; SEE IF HIMEM LOW-BYTE WAS ZERO
 7565 A:f793  d0 01                              bne AS_L_SHLOAD_1                ; NO
 7566 A:f795  88                                 dey                    ; YES, HAVE TO DECREMENT HIGH BYTE
 7567 A:f796  84 3f                    AS_L_SHLOAD_1 sty MON_A2H             ; 
 7568 A:f798  e5 51                              sbc MS_Z_LINNUM+1          ; 
 7569 A:f79a  c5 6e                              cmp MS_Z_STREND+1          ; RUNNING INTO VARIABLES?
 7570 A:f79c  90 02                              bcc AS_L_SHLOAD_2                ; YES, OUT OF MEMORY
 7571 A:f79e  d0 03                              bne AS_L_SHLOAD_3                ; NO, STILL ROOM
 7572 A:f7a0  4c 10 d4                 AS_L_SHLOAD_2 jmp MS_OMERR             ; MEM FULL ERR
 7573 A:f7a3  85 74                    AS_L_SHLOAD_3 sta MS_Z_MEMSIZ+1       ; 
 7574 A:f7a5  85 70                              sta MS_Z_FRETOP+1          ; CLEAR STRING SPACE
 7575 A:f7a7  85 3d                              sta MON_A1H                ; (BUT NAMES ARE STILL IN VARTBL!)
 7576 A:f7a9  85 e9                              sta AS_HGR_SHAPE_PNTR+1
 7577 A:f7ab  68                                 pla 
 7578 A:f7ac  85 e8                              sta AS_HGR_SHAPE_PNTR
 7579 A:f7ae  85 73                              sta MS_Z_MEMSIZ
 7580 A:f7b0  85 6f                              sta MS_Z_FRETOP
 7581 A:f7b2  85 3c                              sta MON_A1L
 7582 A:f7b4  20 fa fc                           jsr MON_RD2BIT                ; READ TO TAPE TRANSITIONS
 7583 A:f7b7  a9 03                              lda #3             ; SHORT DELAY FOR INTERMEDIATE HEADER
 7584 A:f7b9  4c 02 ff                           jmp MON_READ2                ; READ SHAPES
 7585 A:f7bc                                    ; --------------------------------
 7586 A:f7bc                                    ; CALLED FROM STORE AND RECALL
 7587 A:f7bc                                    ; --------------------------------
 7588 A:f7bc                           AS_TAPEPNT 
 7589 A:f7bc  18                                 clc 
 7590 A:f7bd  a5 9b                              lda MS_Z_LOWTR
 7591 A:f7bf  65 50                              adc MS_Z_LINNUM
 7592 A:f7c1  85 3e                              sta MON_A2L
 7593 A:f7c3  a5 9c                              lda MS_Z_LOWTR+1
 7594 A:f7c5  65 51                              adc MS_Z_LINNUM+1
 7595 A:f7c7  85 3f                              sta MON_A2H
 7596 A:f7c9  a0 04                              ldy #4
 7597 A:f7cb  b1 9b                              lda (MS_Z_LOWTR),Y
 7598 A:f7cd  20 ef e0                           jsr AS_GETARY2
 7599 A:f7d0  a5 94                              lda MS_Z_HIGHDS
 7600 A:f7d2  85 3c                              sta MON_A1L
 7601 A:f7d4  a5 95                              lda MS_Z_HIGHDS+1
 7602 A:f7d6  85 3d                              sta MON_A1H
 7603 A:f7d8  60                                 rts 
 7604 A:f7d9                                    ; --------------------------------
 7605 A:f7d9                                    ; CALLED FROM STORE AND RECALL
 7606 A:f7d9                                    ; --------------------------------
 7607 A:f7d9                           AS_GETARYPT 
 7608 A:f7d9  a9 40                              lda #$40
 7609 A:f7db  85 14                              sta MS_Z_SUBFLG
 7610 A:f7dd  20 e3 df                           jsr AS_PTRGET
 7611 A:f7e0  a9 00                              lda #0
 7612 A:f7e2  85 14                              sta MS_Z_SUBFLG
 7613 A:f7e4  4c f0 d8                           jmp AS_VARTIO
 7614 A:f7e7                                    ; --------------------------------
 7615 A:f7e7                                    ; "HTAB" STATEMENT
 7616 A:f7e7                                    ; 
 7617 A:f7e7                                    ; NOTE THAT IF WNDLEFT IS NOT 0, HTAB CAN PRINT
 7618 A:f7e7                                    ; OUTSIDE THE SCREEN (EG., IN THE PROGRAM)
 7619 A:f7e7                                    ; --------------------------------
 7620 A:f7e7  20 f8 e6                 AS_HTAB   jsr AS_GETBYT
 7621 A:f7ea  ca                                 dex 
 7622 A:f7eb  8a                                 txa 
 7623 A:f7ec  c9 28                    AS_L_HTAB_1 cmp #40
 7624 A:f7ee  90 0a                              bcc AS_L_HTAB_2
 7625 A:f7f0  e9 28                              sbc #40
 7626 A:f7f2  48                                 pha 
 7627 A:f7f3  20 fb da                           jsr MS_CRDO
 7628 A:f7f6  68                                 pla 
 7629 A:f7f7  4c ec f7                           jmp AS_L_HTAB_1
 7630 A:f7fa  85 24                    AS_L_HTAB_2 sta MON_CH
 7631 A:f7fc  60                                 rts 
 7632 A:f7fd                                    ; --------------------------------
 7633 A:f7fd  cb                                 .byt ("K"|%10000000)
 7634 A:f7fe  d2                                 .byt ("R"|%10000000)
 7635 A:f7ff  d7                                 .byt ("W"|%10000000)
 7636 A:f800                                    ; UNKNOWN
 7637 A:f800                                    ; Source assembly code for the Apple ][ System Monitor

 7746 A:f800                                    MON_LORESHEIGHT=24*2

 7748 A:f800                                    ;-----------------------------------------------------------------------
 7749 A:f800                                    ;
 7750 A:f800                                    ; LO-RES GRAPHICS
 7751 A:f800                                    ;
 7752 A:f800                                    ; Some low-resolution-graphics routines.
 7753 A:f800                                    ;
 7754 A:f800                                    ;-----------------------------------------------------------------------

 7760 A:f800  4a                       MON_PLOT  lsr                 ;Y-COORD/2
 7761 A:f801  08                                 php                    ;SAVE LSB IN CARRY
 7762 A:f802  20 47 f8                           jsr MON_GBASCALC                ;CALC BASE ADR IN GBASL,H
 7763 A:f805  28                                 plp                    ;RESTORE LSB FROM CARRY
 7764 A:f806  a9 0f                              lda #%00001111             ;MASK $0F IF EVEN
 7765 A:f808  90 02                              bcc MON_RTMASK
 7766 A:f80a  69 e0                              adc #%11100000             ;MASK $F0 IF ODD
 7767 A:f80c  85 2e                    MON_RTMASK sta MON_MASK
 7768 A:f80e  b1 26                    MON_PLOT1 lda (MON_GBASL),Y         ;DATA
 7769 A:f810  45 30                              eor MON_COLOR                ; EOR COLOR
 7770 A:f812  25 2e                              and MON_MASK                ;  AND MASK
 7771 A:f814  51 26                              eor (MON_GBASL),Y            ;   EOR DATA
 7772 A:f816  91 26                              sta (MON_GBASL),Y            ;    TO DATA
 7773 A:f818  60                                 rts 

 7775 A:f819  20 00 f8                 MON_HLINE jsr MON_PLOT             ;PLOT SQUARE
 7776 A:f81c  c4 2c                    MON_HLINE1 cpy MON_H2             ;DONE?
 7777 A:f81e  b0 11                              bcs MON_RTS1                ; YES, RETURN
 7778 A:f820  c8                                 iny                    ; NO, INC INDEX (X-COORD)
 7779 A:f821  20 0e f8                           jsr MON_PLOT1                ;PLOT NEXT SQUARE
 7780 A:f824  90 f6                              bcc MON_HLINE1                ;ALWAYS TAKEN
 7781 A:f826  69 01                    MON_VLINEZ adc #1          ;NEXT Y-COORD
 7782 A:f828  48                       MON_VLINE pha                 ; SAVE ON STACK
 7783 A:f829  20 00 f8                           jsr MON_PLOT                ; PLOT SQUARE
 7784 A:f82c  68                                 pla 
 7785 A:f82d  c5 2d                              cmp MON_V2                ;DONE?
 7786 A:f82f  90 f5                              bcc MON_VLINEZ                ; NO, LOOP
 7787 A:f831  60                       MON_RTS1  rts 

 7791 A:f832  a0 2f                    MON_CLRSCR ldy #MON_LORESHEIGHT-1      ;MAX Y, FULL SCRN CLR
 7792 A:f834  d0 02                              bne MON_CLRSC2                ;ALWAYS TAKEN
 7793 A:f836  a0 27                    MON_CLRTOP ldy #40-1    ;MAX Y, TOP SCREEN CLR
 7794 A:f838  84 2d                    MON_CLRSC2 sty MON_V2             ;STORE AS BOTTOM COORD
 7795 A:f83a                                    ; FOR VLINE CALLS
 7796 A:f83a  a0 27                              ldy #40-1       ;RIGHTMOST X-COORD (COLUMN)
 7797 A:f83c  a9 00                    MON_CLRSC3 lda #0          ;TOP COORD FOR VLINE CALLS
 7798 A:f83e  85 30                              sta MON_COLOR                ;CLEAR COLOR (BLACK)
 7799 A:f840  20 28 f8                           jsr MON_VLINE                ;DRAW VLINE
 7800 A:f843  88                                 dey                    ;NEXT LEFTMOST X-COORD
 7801 A:f844  10 f6                              bpl MON_CLRSC3                ;LOOP UNTIL DONE
 7802 A:f846  60                                 rts 

 7806 A:f847  48                       MON_GBASCALC pha                 ;FOR INPUT 000DEFGH
 7807 A:f848  4a                                 lsr 
 7808 A:f849  29 03                              and #%00000011
 7809 A:f84b  09 04                              ora #%00000100             ;  GENERATE GBASH=000001FG
 7810 A:f84d  85 27                              sta MON_GBASH
 7811 A:f84f  68                                 pla                    ;  AND GBASL=HDEDE000
 7812 A:f850  29 18                              and #%00011000
 7813 A:f852  90 02                              bcc MON_GBCALC
 7814 A:f854  69 7f                              adc #$80-1
 7815 A:f856  85 26                    MON_GBCALC sta MON_GBASL
 7816 A:f858  0a                                 asl 
 7817 A:f859  0a                                 asl 
 7818 A:f85a  05 26                              ora MON_GBASL
 7819 A:f85c  85 26                              sta MON_GBASL
 7820 A:f85e  60                                 rts 

 7824 A:f85f  a5 30                    MON1_NXTCOL lda MON_COLOR             ;INCREMENT COLOR BY 3
 7825 A:f861  18                                 clc 
 7826 A:f862  69 03                              adc #3
 7827 A:f864  29 0f                    MON_SETCOL and #%00001111          ;SETS COLOR=17*A MOD 16
 7828 A:f866  85 30                              sta MON_COLOR
 7829 A:f868  0a                                 asl                    ;BOTH HALF BYTES OF COLOR EQUAL
 7830 A:f869  0a                                 asl 
 7831 A:f86a  0a                                 asl 
 7832 A:f86b  0a                                 asl 
 7833 A:f86c  05 30                              ora MON_COLOR
 7834 A:f86e  85 30                              sta MON_COLOR
 7835 A:f870  60                                 rts 

 7839 A:f871  4a                       MON_SCRN  lsr                 ;READ SCREEN Y-COORD/2
 7840 A:f872  08                                 php                    ;SAVE LSB (CARRY)
 7841 A:f873  20 47 f8                           jsr MON_GBASCALC                ;CALC BASE ADDRESS
 7842 A:f876  b1 26                              lda (MON_GBASL),Y            ;GET BYTE
 7843 A:f878  28                                 plp                    ;RESTORE LSB FROM CARRY

 7845 A:f879  90 04                    MON_SCRN2 bcc MON_RTMSKZ             ;IF EVEN, USE LO H
 7846 A:f87b  4a                                 lsr 
 7847 A:f87c  4a                                 lsr 
 7848 A:f87d  4a                                 lsr                    ;SHIFT HIGH HALF BYTE DOWN
 7849 A:f87e  4a                                 lsr 
 7850 A:f87f  29 0f                    MON_RTMSKZ and #%00001111          ;MASK 4-BITS
 7851 A:f881  60                                 rts 

 7959 A:f882                                    ;-----------------------------------------------------------------------
 7960 A:f882                                    ;
 7961 A:f882                                    ; DISASSEMBLER
 7962 A:f882                                    ;
 7963 A:f882                                    ; Handles disassembling 6502 instructions.
 7964 A:f882                                    ;
 7965 A:f882                                    ;-----------------------------------------------------------------------

 7971 A:f882  a6 3a                    MON_INSDS1 ldx $3a           ;PRINT PCL,H
 7972 A:f884  a4 3b                              ldy $3b
 7973 A:f886  20 96 fd                           jsr MON_PRYX2
 7974 A:f889  20 48 f9                           jsr MON_PRBLNK                ;FOLLOWED BY A BLANK
 7975 A:f88c  a1 3a                              lda ($3a,X)          ;GET OP CODE
 7976 A:f88e  a8                       MON_INSDS2 tay 
 7977 A:f88f  4a                                 lsr                    ;EVEN/ODD TEST
 7978 A:f890  90 09                              bcc MON_IEVEN
 7979 A:f892  6a                                 ror                    ;BIT 1 TEST
 7980 A:f893  b0 10                              bcs MON_ERR                ;XXXXXX11 INVALID OP
 7981 A:f895  c9 a2                              cmp #$a2
 7982 A:f897  f0 0c                              beq MON_ERR                ;OPCODE $89 INVALID
 7983 A:f899  29 87                              and #$87             ;MASK BITS
 7984 A:f89b  4a                       MON_IEVEN lsr                 ;LSB INTO CARRY FOR L/R TEST
 7985 A:f89c  aa                                 tax 
 7986 A:f89d  bd 62 f9                           lda MON_FMT1,X              ;GET FORMAT INDEX BYTE
 7987 A:f8a0  20 79 f8                           jsr MON_SCRN2                ;R/L H-BYTE ON CARRY
 7988 A:f8a3  d0 04                              bne MON_GETFMT
 7989 A:f8a5  a0 80                    MON_ERR   ldy #$80          ;SUBSTITUTE $80 FOR INVALID OPS
 7990 A:f8a7  a9 00                              lda #$00             ;SET PRINT FORMAT INDEX TO 0
 7991 A:f8a9  aa                       MON_GETFMT tax 
 7992 A:f8aa  bd a6 f9                           lda MON_FMT2,X              ;INDEX INTO PRINT FORMAT TABLE
 7993 A:f8ad  85 2e                              sta MON_MASK                ;SAVE FOR ADR FIELD FORMATTING
 7994 A:f8af  29 03                              and #$03             ;MASK FOR 2-BIT (LENGTH-1)
 7995 A:f8b1  85 2f                              sta $2f
 7996 A:f8b3  98                                 tya                    ;OPCODE
 7997 A:f8b4  29 8f                              and #$8f             ;MASK FOR 1XXX1010 TEST
 7998 A:f8b6  aa                                 tax                    ; SAVE IT
 7999 A:f8b7  98                                 tya                    ;OPCODE TO A AGAIN
 8000 A:f8b8  a0 03                              ldy #$03
 8001 A:f8ba  e0 8a                              cpx #$8a
 8002 A:f8bc  f0 0b                              beq MON_MNNDX3
 8003 A:f8be  4a                       MON_MNNDX1 lsr 
 8004 A:f8bf  90 08                              bcc MON_MNNDX3                ;FORM INDEX INTO MNEMONIC TABLE
 8005 A:f8c1  4a                                 lsr 
 8006 A:f8c2  4a                       MON_MNNDX2 lsr                 ;1) 1XXX1010->00101XXX
 8007 A:f8c3  09 20                              ora #$20             ;2) XXXYYY01->00111XXX
 8008 A:f8c5  88                                 dey                    ;3) XXXYYY10->00110XXX
 8009 A:f8c6  d0 fa                              bne MON_MNNDX2                ;4) XXXYY100->00100XXX
 8010 A:f8c8  c8                                 iny                    ;5) XXXXX000->000XXXXX
 8011 A:f8c9  88                       MON_MNNDX3 dey 
 8012 A:f8ca  d0 f2                              bne MON_MNNDX1
 8013 A:f8cc  60                                 rts 

 8017 A:f8cd  ff ff ff                           .byt $ff,$ff,$ff

 8021 A:f8d0  20 82 f8                 MON_INSTDSP jsr MON_INSDS1             ;GEN FMT, LEN BYTES
 8022 A:f8d3  48                                 pha                    ;SAVE MNEMONIC TABLE INDEX
 8023 A:f8d4  b1 3a                    MON_PRNTOP lda ($3a),Y
 8024 A:f8d6  20 da fd                           jsr MON_PRBYTE
 8025 A:f8d9  a2 01                              ldx #1             ;PRINT 2 BLANKS
 8026 A:f8db  20 4a f9                 MON_PRNTBL jsr MON_PRBL2
 8027 A:f8de  c4 2f                              cpy $2f              ;PRINT INST (1-3 BYTES)
 8028 A:f8e0  c8                                 iny                    ;IN A 12 CHR FIELD
 8029 A:f8e1  90 f1                              bcc MON_PRNTOP
 8030 A:f8e3  a2 03                              ldx #3             ;CHAR COUNT FOR MNEMONIC PRINT
 8031 A:f8e5  c0 04                              cpy #4
 8032 A:f8e7  90 f2                              bcc MON_PRNTBL
 8033 A:f8e9  68                                 pla                    ;RECOVER MNEMONIC INDEX
 8034 A:f8ea  a8                                 tay 
 8035 A:f8eb  b9 c0 f9                           lda MON_MNEML,Y
 8036 A:f8ee  85 2c                              sta MON_H2                ;FETCH 3-CHAR MNEMONIC
 8037 A:f8f0  b9 00 fa                           lda MON_MNEMR,Y              ;  (PACKED IN 2-BYTES)
 8038 A:f8f3  85 2d                              sta MON_V2
 8039 A:f8f5  a9 00                    MON_NXTCOL lda #0
 8040 A:f8f7  a0 05                              ldy #5
 8041 A:f8f9  06 2d                    MON_PRMN2 asl MON_V2             ;SHIFT 5 BITS OF
 8042 A:f8fb  26 2c                              rol MON_H2                ;  CHARACTER INTO A
 8043 A:f8fd  2a                                 rol                    ;    (CLEARS CARRY)
 8044 A:f8fe  88                                 dey 
 8045 A:f8ff  d0 f8                              bne MON_PRMN2
 8046 A:f901  69 bf                              adc #("?"|%10000000)     ;ADD "?" OFFSET
 8047 A:f903  20 ed fd                           jsr MON_COUT                ;OUTPUT A CHAR OF MNEM
 8048 A:f906  ca                                 dex 
 8049 A:f907  d0 ec                              bne MON_NXTCOL
 8050 A:f909  20 48 f9                           jsr MON_PRBLNK                ;OUTPUT 3 BLANKS
 8051 A:f90c  a4 2f                              ldy $2f
 8052 A:f90e  a2 06                              ldx #6             ;CNT FOR 6 FORMAT BITS
 8053 A:f910  e0 03                    MON_PRADR1 cpx #3
 8054 A:f912  f0 1c                              beq MON_PRADR5                ;IF X=3 THEN ADDR.
 8055 A:f914  06 2e                    MON_PRADR2 asl MON_MASK
 8056 A:f916  90 0e                              bcc MON_PRADR3
 8057 A:f918  bd b3 f9                           lda MON_CHAR1-1,X
 8058 A:f91b  20 ed fd                           jsr MON_COUT
 8059 A:f91e  bd b9 f9                           lda MON_CHAR2-1,X
 8060 A:f921  f0 03                              beq MON_PRADR3
 8061 A:f923  20 ed fd                           jsr MON_COUT
 8062 A:f926  ca                       MON_PRADR3 dex 
 8063 A:f927  d0 e7                              bne MON_PRADR1
 8064 A:f929  60                                 rts 
 8065 A:f92a  88                       MON_PRADR4 dey 
 8066 A:f92b  30 e7                              bmi MON_PRADR2
 8067 A:f92d  20 da fd                           jsr MON_PRBYTE
 8068 A:f930  a5 2e                    MON_PRADR5 lda MON_MASK
 8069 A:f932  c9 e8                              cmp #$e8             ;HANDLE REL ADR MODE
 8070 A:f934  b1 3a                              lda ($3a),Y          ;SPECIAL (PRINT TARGET,
 8071 A:f936  90 f2                              bcc MON_PRADR4                ;  NOT OFFSET)
 8072 A:f938  20 56 f9                 MON_RELADR jsr MON_PCADJ3
 8073 A:f93b  aa                                 tax                    ;PCL,PCH+OFFSET+1 TO A,Y
 8074 A:f93c  e8                                 inx 
 8075 A:f93d  d0 01                              bne MON_PRNTYX                ;+1 TO Y,X
 8076 A:f93f  c8                                 iny 

 8078 A:f940  98                       MON_PRNTYX tya 
 8079 A:f941  20 da fd                 MON_PRNTAX jsr MON_PRBYTE             ;OUTPUT TARGET ADR
 8080 A:f944  8a                       MON_PRNTX txa                 ;  OF BRANCH AND RETURN
 8081 A:f945  4c da fd                           jmp MON_PRBYTE

 8085 A:f948  a2 03                    MON_PRBLNK ldx #3          ;BLANK COUNT
 8086 A:f94a  a9 a0                    MON_PRBL2 lda #(" "|%10000000)  ;LOAD A SPACE
 8087 A:f94c  20 ed fd                 MON_PRBL3 jsr MON_COUT             ;OUTPUT A BLANK
 8088 A:f94f  ca                                 dex 
 8089 A:f950  d0 f8                              bne MON_PRBL2                ;LOOP UNTIL COUNT=0
 8090 A:f952  60                                 rts 

 8094 A:f953  38                       MON_PCADJ sec                 ;0=1-BYTE, 1=2-BYTE
 8095 A:f954  a5 2f                    MON_PCADJ2 lda $2f           ;  2=3-BYTE
 8096 A:f956  a4 3b                    MON_PCADJ3 ldy $3b
 8097 A:f958  aa                                 tax                    ;TEST DISPLACEMENT SIGN
 8098 A:f959  10 01                              bpl MON_PCADJ4                ;  (FOR REL BRANCH)
 8099 A:f95b  88                                 dey                    ;EXTEND NEG BY DEC PCH
 8100 A:f95c  65 3a                    MON_PCADJ4 adc $3a
 8101 A:f95e  90 01                              bcc MON_RTS2                ;PCL+LENGTH(OR DISPL)+1 TO A
 8102 A:f960  c8                                 iny                    ;  CARRY INTO Y (PCH)
 8103 A:f961  60                       MON_RTS2  rts 

 8111 A:f962                                    ; * FMT1 BYTES:    XXXXXXY0 INSTRS
 8112 A:f962                                    ; * IF Y=0         THEN LEFT HALF BYTE
 8113 A:f962                                    ; * IF Y=1         THEN RIGHT HALF BYTE
 8114 A:f962                                    ; *                   (X=INDEX)
 8115 A:f962  04 20 54 30 0d           MON_FMT1  .byt $04,$20,$54,$30,$0d
 8116 A:f967  80 04 90 03 22                     .byt $80,$04,$90,$03,$22
 8117 A:f96c  54 33 0d 80 04                     .byt $54,$33,$0d,$80,$04
 8118 A:f971  90 04 20 54 33                     .byt $90,$04,$20,$54,$33
 8119 A:f976  0d 80 04 90 04                     .byt $0d,$80,$04,$90,$04
 8120 A:f97b  20 54 3b 0d 80                     .byt $20,$54,$3b,$0d,$80
 8121 A:f980  04 90 00 22 44                     .byt $04,$90,$00,$22,$44
 8122 A:f985  33 0d c8 44 00                     .byt $33,$0d,$c8,$44,$00
 8123 A:f98a  11 22 44 33 0d                     .byt $11,$22,$44,$33,$0d
 8124 A:f98f  c8 44 a9 01 22                     .byt $c8,$44,$a9,$01,$22
 8125 A:f994  44 33 0d 80 04                     .byt $44,$33,$0d,$80,$04
 8126 A:f999  90 01 22 44 33                     .byt $90,$01,$22,$44,$33
 8127 A:f99e  0d 80 04 90                        .byt $0d,$80,$04,$90
 8128 A:f9a2  26 31 87 9a                        .byt $26,$31,$87,$9a;$ZZXXXY01 INSTR'S

 8130 A:f9a6  00                       MON_FMT2  .byt $00           ;ERR
 8131 A:f9a7  21                                 .byt $21              ;IMM
 8132 A:f9a8  81                                 .byt $81              ;Z-PAGE
 8133 A:f9a9  82                                 .byt $82              ;ABS
 8134 A:f9aa  00                                 .byt $00              ;IMPLIED
 8135 A:f9ab  00                                 .byt $00              ;ACCUMULATOR
 8136 A:f9ac  59                                 .byt $59              ;(ZPAG,X)
 8137 A:f9ad  4d                                 .byt $4d              ;(ZPAG),Y
 8138 A:f9ae  91                                 .byt $91              ;ZPAG,X
 8139 A:f9af  92                                 .byt $92              ;ABS,X
 8140 A:f9b0  86                                 .byt $86              ;ABS,Y
 8141 A:f9b1  4a                                 .byt $4a              ;(ABS)
 8142 A:f9b2  85                                 .byt $85              ;ZPAG,Y
 8143 A:f9b3  9d                                 .byt $9d              ;RELATIVE
 8144 A:f9b4                           MON_CHAR1 
 8145 A:f9b4  ac                                 .byt (","|%10000000)
 8146 A:f9b5  a9                                 .byt (")"|%10000000)
 8147 A:f9b6  ac                                 .byt (","|%10000000)
 8148 A:f9b7  a3                                 .byt ("#"|%10000000)
 8149 A:f9b8  a8                                 .byt ("("|%10000000)
 8150 A:f9b9  a4                                 .byt ("$"|%10000000)

 8152 A:f9ba  d9                       MON_CHAR2 .byt ("Y"|%10000000)
 8153 A:f9bb  00                                 .byt 0
 8154 A:f9bc  d8                                 .byt ("X"|%10000000)
 8155 A:f9bd  a4                                 .byt ("$"|%10000000)
 8156 A:f9be  a4                                 .byt ("$"|%10000000)

 8158 A:f9bf  00                                 .byt 0

 8162 A:f9c0                                    ; * MNEML IS OF FORM:
 8163 A:f9c0                                    ; *  (A) XXXXX000
 8164 A:f9c0                                    ; *  (B) XXXYY100
 8165 A:f9c0                                    ; *  (C) 1XXX1010
 8166 A:f9c0                                    ; *  (D) XXXYYY10
 8167 A:f9c0                                    ; *  (E) XXXYYY01
 8168 A:f9c0                                    ; *      (X=INDEX)
 8169 A:f9c0  1c 8a 1c 23 5d 8b        MON_MNEML .byt $1c,$8a,$1c,$23,$5d,$8b
 8170 A:f9c6  1b a1 9d 8a 1d 23                  .byt $1b,$a1,$9d,$8a,$1d,$23
 8171 A:f9cc  9d 8b 1d a1 00 29                  .byt $9d,$8b,$1d,$a1,$00,$29
 8172 A:f9d2  19 ae 69 a8 19 23                  .byt $19,$ae,$69,$a8,$19,$23
 8173 A:f9d8  24 53 1b 23 24 53                  .byt $24,$53,$1b,$23,$24,$53
 8174 A:f9de  19 a1                              .byt $19,$a1        ;(A) FORMAT ABOVE

 8176 A:f9e0  00 1a 5b 5b a5 69                  .byt $00,$1a,$5b,$5b,$a5,$69
 8177 A:f9e6  24 24                              .byt $24,$24        ;(B) FORMAT

 8179 A:f9e8  ae ae a8 ad 29 00                  .byt $ae,$ae,$a8,$ad,$29,$00
 8180 A:f9ee  7c 00                              .byt $7c,$00        ;(C) FORMAT

 8182 A:f9f0  15 9c 6d 9c a5 69                  .byt $15,$9c,$6d,$9c,$a5,$69
 8183 A:f9f6  29 53                              .byt $29,$53        ;(D) FORMAT

 8185 A:f9f8  84 13 34 11 a5 69                  .byt $84,$13,$34,$11,$a5,$69
 8186 A:f9fe  23 a0                              .byt $23,$a0        ;(E) FORMAT

 8188 A:fa00  d8 62 5a 48 26 62        MON_MNEMR .byt $d8,$62,$5a,$48,$26,$62
 8189 A:fa06  94 88 54 44 c8 54                  .byt $94,$88,$54,$44,$c8,$54
 8190 A:fa0c  68 44 e8 94 00 b4                  .byt $68,$44,$e8,$94,$00,$b4
 8191 A:fa12  08 84 74 b4 28 6e                  .byt $08,$84,$74,$b4,$28,$6e
 8192 A:fa18  74 f4 cc 4a 72 f2                  .byt $74,$f4,$cc,$4a,$72,$f2
 8193 A:fa1e  a4 8a                              .byt $a4,$8a        ;(A) FORMAT

 8195 A:fa20  00 aa a2 a2 74 74                  .byt $00,$aa,$a2,$a2,$74,$74
 8196 A:fa26  74 72                              .byt $74,$72        ;(B) FORMAT

 8198 A:fa28  44 68 b2 32 b2 00                  .byt $44,$68,$b2,$32,$b2,$00
 8199 A:fa2e  22 00                              .byt $22,$00        ;(C) FORMAT

 8201 A:fa30  1a 1a 26 26 72 72                  .byt $1a,$1a,$26,$26,$72,$72
 8202 A:fa36  88 c8                              .byt $88,$c8        ;(D) FORMAT

 8204 A:fa38  c4 ca 26 48 44 44                  .byt $c4,$ca,$26,$48,$44,$44
 8205 A:fa3e  a2 c8                              .byt $a2,$c8        ;(E) FORMAT

 8314 A:fa40                                    ;-----------------------------------------------------------------------
 8315 A:fa40                                    ;
 8316 A:fa40                                    ; DEBUGGER
 8317 A:fa40                                    ;
 8318 A:fa40                                    ; Handles stepping, register display, IRQ, BRK.
 8319 A:fa40                                    ;
 8320 A:fa40                                    ;-----------------------------------------------------------------------

 8325 A:fa40  85 45                    MON_IRQ   sta $45
 8326 A:fa42  68                                 pla 
 8327 A:fa43  48                                 pha 
 8328 A:fa44  0a                                 asl 
 8329 A:fa45  0a                                 asl 
 8330 A:fa46  0a                                 asl 
 8331 A:fa47  30 03                              bmi MON_BREAK
 8332 A:fa49  6c fe 03                           jmp ($03fe)

 8334 A:fa4c  28                       MON_BREAK plp 
 8335 A:fa4d  20 4c ff                           jsr MON_SAV1
 8336 A:fa50  68                                 pla 
 8337 A:fa51  85 3a                              sta $3a
 8338 A:fa53  68                                 pla 
 8339 A:fa54  85 3b                              sta $3b
 8340 A:fa56  6c f0 03                           jmp ($03f0)
 8341 A:fa59  20 82 f8                 MON_OLDBRK jsr MON_INSDS1
 8342 A:fa5c  20 da fa                           jsr MON_RGDSP1
 8343 A:fa5f  4c 65 ff                           jmp MON_MON

 8345 A:fa62  d8                       MON_RESET2 cld 
 8346 A:fa63  20 84 fe                           jsr MON_SETNORM
 8347 A:fa66  20 2f fb                           jsr MON_INIT
 8348 A:fa69  20 93 fe                           jsr MON_SETVID
 8349 A:fa6c  20 89 fe                           jsr MON_SETKBD
 8350 A:fa6f  ad 58 c0                           lda $c058
 8351 A:fa72  ad 5a c0                           lda $c05a
 8352 A:fa75  ad 5d c0                           lda $c05d
 8353 A:fa78  ad 5f c0                           lda $c05f
 8354 A:fa7b  ad ff cf                           lda $cfff
 8355 A:fa7e  2c 10 c0                           bit $c010
 8356 A:fa81  d8                                 cld 
 8357 A:fa82  20 3a ff                           jsr MON_BELL
 8358 A:fa85  ad f3 03                           lda $03f3
 8359 A:fa88  49 a5                              eor #%10100101
 8360 A:fa8a  cd f4 03                           cmp $03f4
 8361 A:fa8d  d0 17                              bne MON_PWRUP
 8362 A:fa8f  ad f2 03                           lda $03f2
 8363 A:fa92  d0 0f                              bne MON_NOFIX
 8364 A:fa94  a9 e0                              lda #$e0
 8365 A:fa96  cd f3 03                           cmp $03f3
 8366 A:fa99  d0 08                              bne MON_NOFIX
 8367 A:fa9b  a0 03                    MON_FIXSEV ldy #$03
 8368 A:fa9d  8c f2 03                           sty $03f2
 8369 A:faa0  4c 00 e0                           jmp $e000

 8371 A:faa3  6c f2 03                 MON_NOFIX jmp ($03f2)
 8372 A:faa6  20 60 fb                 MON_PWRUP jsr MON_APPLEII
 8373 A:faa9  a2 05                              ldx #$05
 8374 A:faab  bd fc fa                 MON_SETPLP lda MON_PWRCON-1,X
 8375 A:faae  9d ef 03                           sta $03ef,X
 8376 A:fab1  ca                                 dex 
 8377 A:fab2  d0 f7                              bne MON_SETPLP
 8378 A:fab4  a9 c8                              lda #$c8
 8379 A:fab6  86 00                              stx $00
 8380 A:fab8  85 01                              sta $01
 8381 A:faba  a0 07                    MON_SLOOP ldy #$07
 8382 A:fabc  c6 01                              dec $01
 8383 A:fabe  a5 01                              lda $01
 8384 A:fac0  c9 c0                              cmp #$c0
 8385 A:fac2  f0 d7                              beq MON_FIXSEV
 8386 A:fac4  8d f8 07                           sta $07f8
 8387 A:fac7  b1 00                    MON_NXTBYT lda ($00),Y
 8388 A:fac9  d9 01 fb                           cmp MON_DISKID-1,Y
 8389 A:facc  d0 ec                              bne MON_SLOOP
 8390 A:face  88                                 dey 
 8391 A:facf  88                                 dey 
 8392 A:fad0  10 f5                              bpl MON_NXTBYT
 8393 A:fad2  6c 00 00                           jmp ($00)
 8394 A:fad5  ea                                 nop 
 8395 A:fad6  ea                                 nop 

 8404 A:fad7  20 8e fd                 MON_REGDSP jsr MON_CROUT             ;DISPLAY USER REG
 8405 A:fada  a9 45                    MON_RGDSP1 lda #<$45         ;  CONTENTS WITH
 8406 A:fadc  85 40                              sta $40              ;  LABELS
 8407 A:fade  a9 00                              lda #>$45
 8408 A:fae0  85 41                              sta $41
 8409 A:fae2  a2 fb                              ldx #$fb
 8410 A:fae4  a9 a0                    MON_RDSP1 lda #(" "|%10000000)
 8411 A:fae6  20 ed fd                           jsr MON_COUT
 8412 A:fae9  bd 1e fa                           lda MON_RTBL-$fb,X
 8413 A:faec                                    ;LDA   MON_RTBL+$FF05,X

 8415 A:faec  20 ed fd                           jsr MON_COUT
 8416 A:faef  a9 bd                              lda #("="|%10000000)
 8417 A:faf1  20 ed fd                           jsr MON_COUT
 8418 A:faf4  b5 4a                              lda $45+5,X
 8419 A:faf6  20 da fd                           jsr MON_PRBYTE
 8420 A:faf9  e8                                 inx 
 8421 A:fafa  30 e8                              bmi MON_RDSP1
 8422 A:fafc  60                                 rts 

 8430 A:fafd  59 fa                    MON_PWRCON .word MON_OLDBRK
 8431 A:faff  00 e0                              .word AS_BASIC
 8432 A:fb01  45                                 .byt $45
 8433 A:fb02  20 ff 00 ff 03 ff        MON_DISKID .byt $20,$ff,$00,$ff,$03,$ff
 8434 A:fb08  3c                                 .byt $3c
 8435 A:fb09  c1                       MON_TITLE .byt ("A"|%10000000)
 8436 A:fb0a  d0                                 .byt ("P"|%10000000)
 8437 A:fb0b  d0                                 .byt ("P"|%10000000)
 8438 A:fb0c  cc                                 .byt ("L"|%10000000)
 8439 A:fb0d  c5                                 .byt ("E"|%10000000)
 8440 A:fb0e  a0                                 .byt (" "|%10000000)
 8441 A:fb0f  dd                                 .byt ("]"|%10000000)
 8442 A:fb10  db                                 .byt ("["|%10000000)
 8443 A:fb11                           MON_XLTBL 
 8444 A:fb11  c4                                 .byt ("D"|%10000000)
 8445 A:fb12  c2                                 .byt ("B"|%10000000)
 8446 A:fb13  c1                                 .byt ("A"|%10000000)

 8448 A:fb14  ff                                 .byt $ff
 8449 A:fb15  c3                                 .byt ("C"|%10000000)

 8451 A:fb16  ff ff ff                           .byt $ff,$ff,$ff

 8454 A:fb19  c1                       MON_RTBL  .byt ("A"|%10000000)
 8455 A:fb1a  d8                                 .byt ("X"|%10000000)
 8456 A:fb1b  d9                                 .byt ("Y"|%10000000)
 8457 A:fb1c  d0                                 .byt ("P"|%10000000)
 8458 A:fb1d  d3                                 .byt ("S"|%10000000)

 8568 A:fb1e                                    MON_PADDL0=$c064
 8569 A:fb1e                                    MON_PTRIG=$c070

 8571 A:fb1e                                    ;-----------------------------------------------------------------------
 8572 A:fb1e                                    ;
 8573 A:fb1e                                    ; PADDLES
 8574 A:fb1e                                    ;
 8575 A:fb1e                                    ; Handles the paddles.
 8576 A:fb1e                                    ;
 8577 A:fb1e                                    ;-----------------------------------------------------------------------

 8583 A:fb1e  ad 70 c0                 MON_PREAD lda MON_PTRIG             ;TRIGGER PADDLES
 8584 A:fb21  a0 00                              ldy #$00             ;INIT COUNT
 8585 A:fb23  ea                                 nop                    ;COMPENSATE FOR 1ST COUNT
 8586 A:fb24  ea                                 nop 
 8587 A:fb25  bd 64 c0                 MON_PREAD2 lda MON_PADDL0,X           ;COUNT Y-REG EVERY
 8588 A:fb28  10 04                              bpl MON_RTS2D                ;  12 USEC
 8589 A:fb2a  c8                                 iny 
 8590 A:fb2b  d0 f8                              bne MON_PREAD2                ;  EXIT AT 255 MAX
 8591 A:fb2d  88                                 dey 
 8592 A:fb2e  60                       MON_RTS2D rts 

 8701 A:fb2f                                    ;-----------------------------------------------------------------------
 8702 A:fb2f                                    ;
 8703 A:fb2f                                    ; INITIALIZE DISPLAY
 8704 A:fb2f                                    ;
 8705 A:fb2f                                    ; Handles initializing the display.
 8706 A:fb2f                                    ;
 8707 A:fb2f                                    ;-----------------------------------------------------------------------

 8713 A:fb2f                                    MON_TXTCLR=$c050
 8714 A:fb2f                                    MON_TXTSET=$c051
 8715 A:fb2f                                    MON_MIXSET=$c053
 8716 A:fb2f                                    MON_LOWSCR=$c054
 8717 A:fb2f                                    MON_LORES=$c056

 8720 A:fb2f                                    MON_TEXTBOTTOMLINES=4

 8723 A:fb2f  a9 00                    MON_INIT  lda #0          ;CLR STATUS FOR DEBUG
 8724 A:fb31  85 48                              sta $48              ;  SOFTWARE
 8725 A:fb33  ad 56 c0                           lda MON_LORES
 8726 A:fb36  ad 54 c0                           lda MON_LOWSCR                ;INIT VIDEO MODE

 8730 A:fb39  ad 51 c0                 MON_SETTXT lda MON_TXTSET             ;SET FOR TEXT MODE
 8731 A:fb3c  a9 00                              lda #0             ;  FULL SCREEN WINDOW
 8732 A:fb3e  f0 0b                              beq MON_SETWND

 8734 A:fb40  ad 50 c0                 MON_SETGR lda MON_TXTCLR             ;SET FOR GRAPHICS MODE
 8735 A:fb43  ad 53 c0                           lda MON_MIXSET                ;  LOWER 4 LINES AS
 8736 A:fb46  20 36 f8                           jsr MON_CLRTOP                ;  TEXT WINDOW
 8737 A:fb49  a9 14                              lda #24-MON_TEXTBOTTOMLINES

 8741 A:fb4b  85 22                    MON_SETWND sta $22           ;SET FOR 40 COL WINDOW
 8742 A:fb4d  a9 00                              lda #0             ;  TOP IN A-REG,
 8743 A:fb4f  85 20                              sta $20              ;  BTTM AT LINE 24
 8744 A:fb51  a9 28                              lda #40
 8745 A:fb53  85 21                              sta $21
 8746 A:fb55  a9 18                              lda #24
 8747 A:fb57  85 23                              sta $23              ;  VTAB TO ROW 23
 8748 A:fb59  a9 17                              lda #24-1
 8749 A:fb5b  85 25                    MON_TABV  sta $25           ;VTABS TO ROW IN A-REG
 8750 A:fb5d  4c 22 fc                           jmp MON_VTAB

 8872 A:fb60  20 58 fc                 MON_APPLEII jsr MON_HOME
 8873 A:fb63  a0 08                              ldy #$08
 8874 A:fb65  b9 08 fb                 MON_STITLE lda MON_TITLE-1,Y
 8875 A:fb68  99 0e 04                           sta $040e,Y
 8876 A:fb6b  88                                 dey 
 8877 A:fb6c  d0 f7                              bne MON_STITLE
 8878 A:fb6e  60                                 rts 
 8879 A:fb6f  ad f3 03                           lda $03f3
 8880 A:fb72  49 a5                              eor #$a5
 8881 A:fb74  8d f4 03                           sta $03f4
 8882 A:fb77  60                                 rts 
 8883 A:fb78  c9 8d                    MON_VIDWAIT cmp #$8d
 8884 A:fb7a  d0 18                              bne MON_NOWAIT
 8885 A:fb7c  ac 00 c0                           ldy $c000
 8886 A:fb7f  10 13                              bpl MON_NOWAIT
 8887 A:fb81  c0 93                              cpy #$93
 8888 A:fb83  d0 0f                              bne MON_NOWAIT
 8889 A:fb85  2c 10 c0                           bit $c010
 8890 A:fb88  ac 00 c0                 MON_KBDWAIT ldy $c000
 8891 A:fb8b  10 fb                              bpl MON_KBDWAIT
 8892 A:fb8d  c0 83                              cpy #$83
 8893 A:fb8f  f0 03                              beq MON_NOWAIT
 8894 A:fb91  2c 10 c0                           bit $c010
 8895 A:fb94  4c fd fb                 MON_NOWAIT jmp MON_VIDOUT
 8896 A:fb97  38                       MON_ESCOLD sec 
 8897 A:fb98  4c 2c fc                           jmp MON_ESC1
 8898 A:fb9b  a8                       MON_ESCNOW tay 
 8899 A:fb9c  b9 48 fa                           lda MON_XLTBL-$c9,Y        ; TODO
 8900 A:fb9f  20 97 fb                           jsr MON_ESCOLD
 8901 A:fba2  20 0c fd                           jsr MON_RDKEY
 8902 A:fba5  c9 ce                    MON_ESCNEW cmp #$ce
 8903 A:fba7  b0 ee                              bcs MON_ESCOLD
 8904 A:fba9  c9 c9                              cmp #$c9
 8905 A:fbab  90 ea                              bcc MON_ESCOLD
 8906 A:fbad  c9 cc                              cmp #$cc
 8907 A:fbaf  f0 e6                              beq MON_ESCOLD
 8908 A:fbb1  d0 e8                              bne MON_ESCNOW
 8909 A:fbb3  ea                                 nop 
 8910 A:fbb4  ea                                 nop 
 8911 A:fbb5  ea                                 nop 
 8912 A:fbb6  ea                                 nop 
 8913 A:fbb7  ea                                 nop 
 8914 A:fbb8  ea                                 nop 
 8915 A:fbb9  ea                                 nop 
 8916 A:fbba  ea                                 nop 
 8917 A:fbbb  ea                                 nop 
 8918 A:fbbc  ea                                 nop 
 8919 A:fbbd  ea                                 nop 
 8920 A:fbbe  ea                                 nop 
 8921 A:fbbf  ea                                 nop 
 8922 A:fbc0  ea                                 nop 

 9032 A:fbc1                                    MON_ASCBEL=$07|%10000000
 9033 A:fbc1                                    MON_ASCBS=$08|%10000000

 9035 A:fbc1                                    ;-----------------------------------------------------------------------
 9036 A:fbc1                                    ;
 9037 A:fbc1                                    ; DISPLAY AND READ KEYS
 9038 A:fbc1                                    ;
 9039 A:fbc1                                    ; Handles reading keypresses, escape, displaying characters, scrolling,
 9040 A:fbc1                                    ; clearing, etc. (Also includes cassette tape handler.)
 9041 A:fbc1                                    ;
 9042 A:fbc1                                    ;-----------------------------------------------------------------------

 9048 A:fbc1                                    MON_SPKR=$c030

 9052 A:fbc1  48                       MON_BASCALC pha                 ;CALC BASE ADR IN BASL,H
 9053 A:fbc2  4a                                 lsr                    ;  FOR GIVEN LINE NO
 9054 A:fbc3  29 03                              and #%00000011             ;  0<=LINE NO.<=$17
 9055 A:fbc5  09 04                              ora #%00000100             ;ARG=000ABCDE, GENERATE
 9056 A:fbc7  85 29                              sta $29              ;  BASH=000001CD
 9057 A:fbc9  68                                 pla                    ;  AND
 9058 A:fbca  29 18                              and #%00011000             ;  BASL=EABAB000
 9059 A:fbcc  90 02                              bcc MON_BSCLC2
 9060 A:fbce  69 7f                              adc #$80-1
 9061 A:fbd0  85 28                    MON_BSCLC2 sta $28
 9062 A:fbd2  0a                                 asl 
 9063 A:fbd3  0a                                 asl 
 9064 A:fbd4  05 28                              ora $28
 9065 A:fbd6  85 28                              sta $28
 9066 A:fbd8  60                                 rts 

 9070 A:fbd9  c9 87                    MON_BELL1 cmp #MON_ASCBEL            ;BELL CHAR? (CNTRL-G)
 9071 A:fbdb  d0 12                              bne MON_RTS2B                ;  NO, RETURN
 9072 A:fbdd  a9 40                              lda #$40             ;DELAY .01 SECONDS
 9073 A:fbdf  20 a8 fc                           jsr MON_WAIT
 9074 A:fbe2  a0 c0                              ldy #$c0
 9075 A:fbe4  a9 0c                    MON_BELL2 lda #$0c          ;TOGGLE SPEAKER AT
 9076 A:fbe6  20 a8 fc                           jsr MON_WAIT                ;  1 KHZ FOR .1 SEC.
 9077 A:fbe9  ad 30 c0                           lda MON_SPKR
 9078 A:fbec  88                                 dey 
 9079 A:fbed  d0 f5                              bne MON_BELL2
 9080 A:fbef  60                       MON_RTS2B rts 

 9084 A:fbf0  a4 24                    MON_STOADV ldy $24           ;CURSOR H INDEX TO Y-REG
 9085 A:fbf2  91 28                              sta ($28),Y          ;STORE CHAR IN LINE
 9086 A:fbf4  e6 24                    MON_ADVANCE inc $24           ;INCREMENT CURSOR H INDEX
 9087 A:fbf6  a5 24                              lda $24              ;  (MOVE RIGHT)
 9088 A:fbf8  c5 21                              cmp $21              ;BEYOND WINDOW WIDTH?
 9089 A:fbfa  b0 66                              bcs MON_CR                ;  YES CR TO NEXT LINE
 9090 A:fbfc  60                       MON_RTS3  rts                 ;  NO,RETURN

 9092 A:fbfd  c9 a0                    MON_VIDOUT cmp #$a0          ;CONTROL CHAR?
 9093 A:fbff  b0 ef                              bcs MON_STOADV                ;  NO,OUTPUT IT.

 9095 A:fc01  a8                                 tay                    ;INVERSE VIDEO?
 9096 A:fc02  10 ec                              bpl MON_STOADV                ;  YES, OUTPUT IT.

 9098 A:fc04  c9 8d                              cmp #$8d             ;CR?
 9099 A:fc06  f0 5a                              beq MON_CR                ;  YES.
 9100 A:fc08  c9 8a                              cmp #$8a             ;LINE FEED?
 9101 A:fc0a  f0 5a                              beq MON_LF                ;  IF SO, DO IT.
 9102 A:fc0c  c9 88                              cmp #MON_ASCBS               ;BACK SPACE? (CNTRL-H)
 9103 A:fc0e  d0 c9                              bne MON_BELL1                ;  NO, CHECK FOR BELL.

 9105 A:fc10  c6 24                    MON_BS    dec $24           ;DECREMENT CURSOR H INDEX
 9106 A:fc12  10 e8                              bpl MON_RTS3                ;IF POS, OK. ELSE MOVE UP
 9107 A:fc14  a5 21                              lda $21              ;SET CH TO WNDWDTH-1
 9108 A:fc16  85 24                              sta $24
 9109 A:fc18  c6 24                              dec $24              ;(RIGHTMOST SCREEN POS)
 9110 A:fc1a  a5 22                    MON_UP    lda $22           ;CURSOR V INDEX
 9111 A:fc1c  c5 25                              cmp $25
 9112 A:fc1e  b0 0b                              bcs MON_RTS4                ;IF TOP LINE THEN RETURN
 9113 A:fc20  c6 25                              dec $25              ;DEC CURSOR V-INDEX

 9115 A:fc22  a5 25                    MON_VTAB  lda $25           ;GET CURSOR V-INDEX
 9116 A:fc24  20 c1 fb                 MON_VTABZ jsr MON_BASCALC             ;GENERATE BASE ADR
 9117 A:fc27  65 20                              adc $20              ;ADD WINDOW LEFT INDEX
 9118 A:fc29  85 28                              sta $28              ;TO BASL
 9119 A:fc2b  60                       MON_RTS4  rts 

 9126 A:fc2c  49 c0                    MON_ESC1  eor #$c0          ;ESC?
 9127 A:fc2e  f0 28                              beq MON_HOME                ;  IF SO, DO HOME AND CLEAR
 9128 A:fc30  69 fd                              adc #$fd             ;ESC-A OR B CHECK
 9129 A:fc32  90 c0                              bcc MON_ADVANCE                ;  A, ADVANCE
 9130 A:fc34  f0 da                              beq MON_BS                ;  B, BACKSPACE
 9131 A:fc36  69 fd                              adc #$fd             ;ESC-C OR D CHECK
 9132 A:fc38  90 2c                              bcc MON_LF                ;  C, DOWN
 9133 A:fc3a  f0 de                              beq MON_UP                ;  D, GO UP
 9134 A:fc3c  69 fd                              adc #$fd             ;ESC-E OR F CHECK
 9135 A:fc3e  90 5c                              bcc MON_CLREOL                ;  E, CLEAR TO END OF LINE
 9136 A:fc40  d0 e9                              bne MON_RTS4                ;  NOT F, RETURN
 9137 A:fc42                                    ;  F, CLEAR TO END OF PAGE
 9138 A:fc42  a4 24                    MON_CLREOP ldy $24           ;CURSOR H TO Y INDEX
 9139 A:fc44  a5 25                              lda $25              ;CURSOR V TO A-REGISTER
 9140 A:fc46  48                       MON_CLEOP1 pha                 ;SAVE CURRENT LINE ON STK
 9141 A:fc47  20 24 fc                           jsr MON_VTABZ                ;CALC BASE ADDRESS
 9142 A:fc4a  20 9e fc                           jsr MON_CLEOLZ                ;CLEAR TO EOL, SET CARRY
 9143 A:fc4d  a0 00                              ldy #0             ;CLEAR FROM H INDEX=0 FOR REST
 9144 A:fc4f  68                                 pla                    ;INCREMENT CURRENT LINE
 9145 A:fc50  69 00                              adc #0             ;(CARRY IS SET)
 9146 A:fc52  c5 23                              cmp $23              ;DONE TO BOTTOM OF WINDOW?
 9147 A:fc54  90 f0                              bcc MON_CLEOP1                ;  NO, KEEP CLEARING LINES
 9148 A:fc56  b0 ca                              bcs MON_VTAB                ;  YES, TAB TO CURRENT LINE

 9152 A:fc58  a5 22                    MON_HOME  lda $22           ;INIT CURSOR V
 9153 A:fc5a  85 25                              sta $25              ;  AND H-INDICES
 9154 A:fc5c  a0 00                              ldy #0
 9155 A:fc5e  84 24                              sty $24              ;THEN CLEAR TO END OF PAGE
 9156 A:fc60  f0 e4                              beq MON_CLEOP1

 9159 A:fc62  a9 00                    MON_CR    lda #0          ;CURSOR TO LEFT OF INDEX
 9160 A:fc64  85 24                              sta $24              ;(RET CURSOR H=0)
 9161 A:fc66  e6 25                    MON_LF    inc $25           ;INCR CURSOR V(DOWN 1 LINE)
 9162 A:fc68  a5 25                              lda $25
 9163 A:fc6a  c5 23                              cmp $23              ;OFF SCREEN?
 9164 A:fc6c  90 b6                              bcc MON_VTABZ                ;  NO, SET BASE ADDR
 9165 A:fc6e  c6 25                              dec $25              ;DECR CURSOR V (BACK TO BOTTOM)

 9167 A:fc70  a5 22                    MON_SCROLL lda $22           ;START AT TOP OF SCRL WNDW
 9168 A:fc72  48                                 pha 
 9169 A:fc73  20 24 fc                           jsr MON_VTABZ                ;GENERATE BASE ADR
 9170 A:fc76  a5 28                    MON_SCRL1 lda $28           ;COPY BASL,H
 9171 A:fc78  85 2a                              sta $2a              ;  TO BAS2L,H
 9172 A:fc7a  a5 29                              lda $29
 9173 A:fc7c  85 2b                              sta $2b
 9174 A:fc7e  a4 21                              ldy $21              ;INIT Y TO RIGHTMOST INDEX
 9175 A:fc80  88                                 dey                    ;  OF SCROLLING WINDOW
 9176 A:fc81  68                                 pla 
 9177 A:fc82  69 01                              adc #1             ;INCR LINE NUMBER
 9178 A:fc84  c5 23                              cmp $23              ;DONE?
 9179 A:fc86  b0 0d                              bcs MON_SCRL3                ;  YES, FINISH
 9180 A:fc88  48                                 pha 
 9181 A:fc89  20 24 fc                           jsr MON_VTABZ                ;FORM BASL,H (BASE ADDR)
 9182 A:fc8c  b1 28                    MON_SCRL2 lda ($28),Y       ;MOVE A CHR UP ON LINE
 9183 A:fc8e  91 2a                              sta ($2a),Y
 9184 A:fc90  88                                 dey                    ;NEXT CHAR OF LINE
 9185 A:fc91  10 f9                              bpl MON_SCRL2
 9186 A:fc93  30 e1                              bmi MON_SCRL1                ;NEXT LINE (ALWAYS TAKEN)

 9188 A:fc95  a0 00                    MON_SCRL3 ldy #0          ;CLEAR BOTTOM LINE
 9189 A:fc97  20 9e fc                           jsr MON_CLEOLZ                ;GET BASE ADDR FOR BOTTOM LINE
 9190 A:fc9a  b0 86                              bcs MON_VTAB                ;CARRY IS SET
 9191 A:fc9c  a4 24                    MON_CLREOL ldy $24           ;CURSOR H INDEX
 9192 A:fc9e  a9 a0                    MON_CLEOLZ lda #(" "|%10000000)
 9193 A:fca0  91 28                    MON_CLEOL2 sta ($28),Y       ;STORE BLANKS FROM 'HERE'
 9194 A:fca2  c8                                 iny                    ;  TO END OF LINES (WNDWDTH)
 9195 A:fca3  c4 21                              cpy $21
 9196 A:fca5  90 f9                              bcc MON_CLEOL2
 9197 A:fca7  60                                 rts 

 9201 A:fca8  38                       MON_WAIT  sec 
 9202 A:fca9  48                       MON_WAIT2 pha 
 9203 A:fcaa  e9 01                    MON_WAIT3 sbc #1
 9204 A:fcac  d0 fc                              bne MON_WAIT3                ;1.0204 USEC
 9205 A:fcae  68                                 pla                    ;(13+27/2*A+5/2*A*A)
 9206 A:fcaf  e9 01                              sbc #1
 9207 A:fcb1  d0 f6                              bne MON_WAIT2
 9208 A:fcb3  60                                 rts 

 9212 A:fcb4  e6 42                    MON_NXTA4 inc $42           ;INCR 2-BYTE A4
 9213 A:fcb6  d0 02                              bne MON_NXTA1                ;  AND A1
 9214 A:fcb8  e6 43                              inc $43
 9215 A:fcba  a5 3c                    MON_NXTA1 lda $3c           ;INCR 2-BYTE A1.
 9216 A:fcbc  c5 3e                              cmp $3e
 9217 A:fcbe  a5 3d                              lda $3d              ;  AND COMPARE TO A2
 9218 A:fcc0  e5 3f                              sbc $3f
 9219 A:fcc2  e6 3c                              inc $3c              ;  (CARRY SET IF >=)
 9220 A:fcc4  d0 02                              bne MON_RTS4B
 9221 A:fcc6  e6 3d                              inc $3d
 9222 A:fcc8  60                       MON_RTS4B rts 

 9331 A:fcc9                                    MON_TAPEOUT=$c020
 9332 A:fcc9                                    MON_TAPEIN=$c060

 9334 A:fcc9  a0 4b                    MON_HEADR ldy #$4b          ;WRITE A*256 'LONG 1'
 9335 A:fccb  20 db fc                           jsr MON_ZERDLY                ;  HALF CYCLES
 9336 A:fcce  d0 f9                              bne MON_HEADR                ;  (650 USEC EACH)
 9337 A:fcd0  69 fe                              adc #$fe
 9338 A:fcd2  b0 f5                              bcs MON_HEADR                ;THEN A 'SHORT 0'
 9339 A:fcd4  a0 21                              ldy #$21             ;  (400 USEC)
 9340 A:fcd6  20 db fc                 MON_WRBIT jsr MON_ZERDLY             ;WRITE TWO HALF CYCLES
 9341 A:fcd9  c8                                 iny                    ;  OF 250 USEC ('0')
 9342 A:fcda  c8                                 iny                    ;  OR 500 USEC ('0')
 9343 A:fcdb  88                       MON_ZERDLY dey 
 9344 A:fcdc  d0 fd                              bne MON_ZERDLY
 9345 A:fcde  90 05                              bcc MON_WRTAPE                ;Y IS COUNT FOR
 9346 A:fce0  a0 32                              ldy #$32             ;  TIMING LOOP
 9347 A:fce2  88                       MON_ONEDLY dey 
 9348 A:fce3  d0 fd                              bne MON_ONEDLY
 9349 A:fce5  ac 20 c0                 MON_WRTAPE ldy MON_TAPEOUT
 9350 A:fce8  a0 2c                              ldy #$2c
 9351 A:fcea  ca                                 dex 
 9352 A:fceb  60                                 rts 

 9356 A:fcec  a2 08                    MON_RDBYTE ldx #$08          ;8 BITS TO READ
 9357 A:fcee  48                       MON_RDBYT2 pha                 ;READ TWO TRANSITIONS
 9358 A:fcef  20 fa fc                           jsr MON_RD2BIT                ;  (FIND EDGE)
 9359 A:fcf2  68                                 pla 
 9360 A:fcf3  2a                                 rol                    ;NEXT BIT
 9361 A:fcf4  a0 3a                              ldy #$3a             ;COUNT FOR SAMPLES
 9362 A:fcf6  ca                                 dex 
 9363 A:fcf7  d0 f5                              bne MON_RDBYT2
 9364 A:fcf9  60                                 rts 

 9366 A:fcfa  20 fd fc                 MON_RD2BIT jsr MON_RDBIT
 9367 A:fcfd  88                       MON_RDBIT dey                 ;DECR Y UNTIL
 9368 A:fcfe  ad 60 c0                           lda MON_TAPEIN                ; TAPE TRANSITION
 9369 A:fd01  45 2f                              eor $2f
 9370 A:fd03  10 f8                              bpl MON_RDBIT
 9371 A:fd05  45 2f                              eor $2f
 9372 A:fd07  85 2f                              sta $2f
 9373 A:fd09  c0 80                              cpy #$80             ;SET CARRY ON Y
 9374 A:fd0b  60                                 rts 

 9483 A:fd0c                                    MON_KBD=$c000
 9484 A:fd0c                                    MON_KBDSTRB=$c010

 9486 A:fd0c  a4 24                    MON_RDKEY ldy $24
 9487 A:fd0e  b1 28                              lda ($28),Y          ;SET SCREEN TO FLASH
 9488 A:fd10  48                                 pha 
 9489 A:fd11  29 3f                              and #$3f
 9490 A:fd13  09 40                              ora #$40
 9491 A:fd15  91 28                              sta ($28),Y
 9492 A:fd17  68                                 pla 

 9494 A:fd18  6c 38 00                           jmp ($38)            ;GO TO USER KEY-IN
 9495 A:fd1b  e6 4e                    MON_KEYIN inc $4e
 9496 A:fd1d  d0 02                              bne MON_KEYIN2                ;INCR RND NUMBER
 9497 A:fd1f  e6 4f                              inc $4f
 9498 A:fd21  2c 00 c0                 MON_KEYIN2 bit MON_KBD             ;KEY DOWN?
 9499 A:fd24  10 f5                              bpl MON_KEYIN                ;  LOOP
 9500 A:fd26  91 28                              sta ($28),Y          ;REPLACE FLASHING SCREEN
 9501 A:fd28  ad 00 c0                           lda MON_KBD                ;GET KEYCODE
 9502 A:fd2b  2c 10 c0                           bit MON_KBDSTRB                ;CLR KEY STROBE
 9503 A:fd2e  60                                 rts 

 9507 A:fd2f  20 0c fd                 MON_ESC   jsr MON_RDKEY             ;GET KEYCODE

 9509 A:fd32  20 a5 fb                           jsr MON_ESCNEW

 9512 A:fd35  20 0c fd                 MON_RDCHAR jsr MON_RDKEY             ;READ KEY
 9513 A:fd38  c9 9b                              cmp #$9b             ;ESC?
 9514 A:fd3a  f0 f3                              beq MON_ESC                ;  YES, DON'T RETURN
 9515 A:fd3c  60                                 rts 

 9522 A:fd3d  a5 32                    MON_NOTCR lda $32
 9523 A:fd3f  48                                 pha 
 9524 A:fd40  a9 ff                              lda #$ff
 9525 A:fd42  85 32                              sta $32              ;ECHO USER LINE
 9526 A:fd44  bd 00 02                           lda $0200,X            ;  NON INVERSE
 9527 A:fd47  20 ed fd                           jsr MON_COUT
 9528 A:fd4a  68                                 pla 
 9529 A:fd4b  85 32                              sta $32

 9531 A:fd4d  bd 00 02                           lda $0200,X
 9532 A:fd50  c9 88                              cmp #$88             ;CHECK FOR EDIT KEYS
 9533 A:fd52  f0 1d                              beq MON_BCKSPC                ;  BS, CTRL-X
 9534 A:fd54  c9 98                              cmp #$98
 9535 A:fd56  f0 0a                              beq MON_CANCEL
 9536 A:fd58  e0 f8                              cpx #$f8             ;MARGIN?
 9537 A:fd5a  90 03                              bcc MON_NOTCR1
 9538 A:fd5c  20 3a ff                           jsr MON_BELL                ;  YES, SOUND BELL
 9539 A:fd5f  e8                       MON_NOTCR1 inx                 ;ADVANCE INPUT INDEX
 9540 A:fd60  d0 13                              bne MON_NXTCHAR

 9542 A:fd62  a9 dc                    MON_CANCEL lda #("\"|%10000000)  ;BACKSLASH AFTER CANCELLED LINE
 9543 A:fd64  20 ed fd                           jsr MON_COUT
 9544 A:fd67  20 8e fd                 MON_GETLNZ jsr MON_CROUT             ;OUTPUT CR

 9546 A:fd6a  a5 33                    MON_GETLN lda $33
 9547 A:fd6c  20 ed fd                           jsr MON_COUT                ;OUTPUT PROMPT CHAR
 9548 A:fd6f  a2 01                              ldx #$01             ;INIT INPUT INDEX
 9549 A:fd71  8a                       MON_BCKSPC txa                 ;  WILL BACKSPACE TO 0
 9550 A:fd72  f0 f3                              beq MON_GETLNZ
 9551 A:fd74  ca                                 dex 

 9553 A:fd75  20 35 fd                 MON_NXTCHAR jsr MON_RDCHAR
 9554 A:fd78  c9 95                    MON_NXTCHAR1 cmp #$95          ;USE SCREEN CHAR
 9555 A:fd7a  d0 02                              bne MON_CAPTST                ;  FOR CTRL-U
 9556 A:fd7c  b1 28                              lda ($28),Y
 9557 A:fd7e  c9 e0                    MON_CAPTST cmp #$e0
 9558 A:fd80  90 02                              bcc MON_ADDINP                ;CONVERT TO CAPS
 9559 A:fd82  29 df                              and #$df
 9560 A:fd84  9d 00 02                 MON_ADDINP sta $0200,X         ;ADD TO INPUT BUF
 9561 A:fd87  c9 8d                              cmp #$8d
 9562 A:fd89  d0 b2                              bne MON_NOTCR
 9563 A:fd8b  20 9c fc                           jsr MON_CLREOL                ;CLR TO EOL IF CR

 9672 A:fd8e                                    ;-----------------------------------------------------------------------
 9673 A:fd8e                                    ;
 9674 A:fd8e                                    ; MONITOR COMMANDS
 9675 A:fd8e                                    ;
 9676 A:fd8e                                    ; Handles monitor commands, such as L (list) and G (go).
 9677 A:fd8e                                    ;
 9678 A:fd8e                                    ;-----------------------------------------------------------------------

 9680 A:fd8e                                    MON_IOADR=$c000

 9682 A:fd8e                                    ; ASCII
 9683 A:fd8e                                    MON_CTRL_B=$02|%10000000
 9684 A:fd8e                                    MON_CTRL_C=$03|%10000000
 9685 A:fd8e                                    MON_CTRL_E=$05|%10000000
 9686 A:fd8e                                    MON_CTRL_K=$0b|%10000000
 9687 A:fd8e                                    MON_CTRL_P=$10|%10000000
 9688 A:fd8e                                    MON_CTRL_Y=$19|%10000000

 9692 A:fd8e  a9 8d                    MON_CROUT lda #$8d
 9693 A:fd90  d0 5b                              bne MON_COUT
 9694 A:fd92  a4 3d                    MON_PRA1  ldy $3d           ;PRINT CR,A1 IN HEX
 9695 A:fd94  a6 3c                              ldx $3c
 9696 A:fd96  20 8e fd                 MON_PRYX2 jsr MON_CROUT
 9697 A:fd99  20 40 f9                           jsr MON_PRNTYX
 9698 A:fd9c  a0 00                              ldy #$00
 9699 A:fd9e  a9 ad                              lda #("-"|%10000000)     ;PRINT '-'
 9700 A:fda0  4c ed fd                           jmp MON_COUT

 9707 A:fda3  a5 3c                    MON_XAM8  lda $3c
 9708 A:fda5  09 07                              ora #%00000111             ;SET TO FINISH AT
 9709 A:fda7  85 3e                              sta $3e              ;  MOD 8=7
 9710 A:fda9  a5 3d                              lda $3d
 9711 A:fdab  85 3f                              sta $3f
 9712 A:fdad  a5 3c                    MON_MODSCHK lda $3c
 9713 A:fdaf  29 07                              and #%00000111
 9714 A:fdb1  d0 03                              bne MON_DATAOUT
 9715 A:fdb3  20 92 fd                 MON_XAM   jsr MON_PRA1
 9716 A:fdb6  a9 a0                    MON_DATAOUT lda #(" "|%10000000)
 9717 A:fdb8  20 ed fd                           jsr MON_COUT                ;OUTPUT BLANK
 9718 A:fdbb  b1 3c                              lda ($3c),Y
 9719 A:fdbd  20 da fd                           jsr MON_PRBYTE                ;OUTPUT BYTE IN HEX
 9720 A:fdc0  20 ba fc                           jsr MON_NXTA1
 9721 A:fdc3  90 e8                              bcc MON_MODSCHK                ;CHECK IF TIME TO,
 9722 A:fdc5  60                       MON_RTS4C rts                 ;  PRINT ADDR

 9724 A:fdc6  4a                       MON_XAMPM lsr                 ;DETERMINE IF MON
 9725 A:fdc7  90 ea                              bcc MON_XAM                ;  MODE IS XAM
 9726 A:fdc9  4a                                 lsr                    ;  ADD, OR SUB
 9727 A:fdca  4a                                 lsr 
 9728 A:fdcb  a5 3e                              lda $3e
 9729 A:fdcd  90 02                              bcc MON_ADD
 9730 A:fdcf  49 ff                              eor #$ff             ;SUB: FORM 2S COMPLEMENT
 9731 A:fdd1  65 3c                    MON_ADD   adc $3c
 9732 A:fdd3  48                                 pha 
 9733 A:fdd4  a9 bd                              lda #("="|%10000000)
 9734 A:fdd6  20 ed fd                           jsr MON_COUT                ;PRINT =, THEN RESULT
 9735 A:fdd9  68                                 pla 

 9741 A:fdda  48                       MON_PRBYTE pha                 ;PRINT BYTE AS 2 HEX
 9742 A:fddb  4a                                 lsr                    ;  DIGITS, DESTROYS A-REG
 9743 A:fddc  4a                                 lsr 
 9744 A:fddd  4a                                 lsr 
 9745 A:fdde  4a                                 lsr 
 9746 A:fddf  20 e5 fd                           jsr MON_PRHEXZ
 9747 A:fde2  68                                 pla 
 9748 A:fde3  29 0f                    MON_PRHEX and #%00001111          ;PRINT HEX DIG IN A-REG
 9749 A:fde5  09 b0                    MON_PRHEXZ ora #("0"|%10000000)  ;  LSB'S
 9750 A:fde7  c9 ba                              cmp #("9"|%10000000)+1
 9751 A:fde9  90 02                              bcc MON_COUT
 9752 A:fdeb  69 06                              adc #$06

 9756 A:fded  6c 36 00                 MON_COUT  jmp ($36)         ;VECTOR TO USER OUTPUT ROUTINE
 9757 A:fdf0  c9 a0                    MON_COUT1 cmp #(" "|%10000000)
 9758 A:fdf2  90 02                              bcc MON_COUTZ                ;DONT OUTPUT CTRLS INVERSE
 9759 A:fdf4  25 32                              and $32              ;MASK WITH INVERSE FLAG
 9760 A:fdf6  84 35                    MON_COUTZ sty $35           ;SAV Y-REG
 9761 A:fdf8  48                                 pha                    ;SAV A-REG

 9763 A:fdf9  20 78 fb                           jsr MON_VIDWAIT

 9765 A:fdfc  68                                 pla                    ;RESTORE A-REG
 9766 A:fdfd  a4 35                              ldy $35              ;  AND Y-REG
 9767 A:fdff  60                                 rts                    ;  THEN RETURN

 9771 A:fe00  c6 34                    MON_BL1   dec $34
 9772 A:fe02  f0 9f                              beq MON_XAM8

 9774 A:fe04  ca                       MON_BLANK dex                 ;BLANK TO MON
 9775 A:fe05  d0 16                              bne MON_SETMDZ                ;AFTER BLANK

 9777 A:fe07  c9 ba                              cmp #$ba             ;DATA STORE MODE?
 9778 A:fe09  d0 bb                              bne MON_XAMPM                ;  NO, XAM, ADD, OR SUB
 9779 A:fe0b  85 31                    MON_STOR  sta $31           ;KEEP IN STORE MODE
 9780 A:fe0d  a5 3e                              lda $3e
 9781 A:fe0f  91 40                              sta ($40),Y          ;STORE AS LOW BYTE AS (A3)
 9782 A:fe11  e6 40                              inc $40
 9783 A:fe13  d0 02                              bne MON_RTS5                ;INCR A3, RETURN
 9784 A:fe15  e6 41                              inc $41
 9785 A:fe17  60                       MON_RTS5  rts 

 9787 A:fe18  a4 34                    MON_SETMODE ldy $34           ;SAVE CONVERTED :, +,
 9788 A:fe1a  b9 ff 01                           lda $0200-1,Y      ;  -, . AS MODE.
 9789 A:fe1d  85 31                    MON_SETMDZ sta $31
 9790 A:fe1f  60                                 rts 

 9792 A:fe20  a2 01                    MON_LT    ldx #$01
 9793 A:fe22  b5 3e                    MON_LT2   lda $3e,X         ;COPY A2 (2 BYTES) TO
 9794 A:fe24  95 42                              sta $42,X            ;  A4 AND A5
 9795 A:fe26  95 44                              sta $44,X
 9796 A:fe28  ca                                 dex 
 9797 A:fe29  10 f7                              bpl MON_LT2
 9798 A:fe2b  60                                 rts 

 9800 A:fe2c  b1 3c                    MON_MOVE  lda ($3c),Y       ;MOVE (A1 TO A2) TO
 9801 A:fe2e  91 42                              sta ($42),Y          ;  (A4)
 9802 A:fe30  20 b4 fc                           jsr MON_NXTA4
 9803 A:fe33  90 f7                              bcc MON_MOVE
 9804 A:fe35  60                                 rts 

 9806 A:fe36  b1 3c                    MON_VFY   lda ($3c),Y       ;VERIFY (A1 TO A2) WITH
 9807 A:fe38  d1 42                              cmp ($42),Y          ;  (A4)
 9808 A:fe3a  f0 1c                              beq MON_VFYOK
 9809 A:fe3c  20 92 fd                           jsr MON_PRA1
 9810 A:fe3f  b1 3c                              lda ($3c),Y
 9811 A:fe41  20 da fd                           jsr MON_PRBYTE
 9812 A:fe44  a9 a0                              lda #(" "|%10000000)
 9813 A:fe46  20 ed fd                           jsr MON_COUT
 9814 A:fe49  a9 a8                              lda #("("|%10000000)
 9815 A:fe4b  20 ed fd                           jsr MON_COUT
 9816 A:fe4e  b1 42                              lda ($42),Y
 9817 A:fe50  20 da fd                           jsr MON_PRBYTE
 9818 A:fe53  a9 a9                              lda #(")"|%10000000)
 9819 A:fe55  20 ed fd                           jsr MON_COUT
 9820 A:fe58  20 b4 fc                 MON_VFYOK jsr MON_NXTA4
 9821 A:fe5b  90 d9                              bcc MON_VFY
 9822 A:fe5d  60                                 rts 

 9824 A:fe5e  20 75 fe                 MON_LIST1 jsr MON_A1PC             ;MOVE A1 (2 BYTES) TO
 9825 A:fe61  a9 14                              lda #24-4       ;  PC IF SPECD AND
 9826 A:fe63  48                       MON_LIST2 pha                 ;  DISEMBLE 20 INSTRS
 9827 A:fe64  20 d0 f8                           jsr MON_INSTDSP
 9828 A:fe67  20 53 f9                           jsr MON_PCADJ                ;ADJUST PC EACH INSTR
 9829 A:fe6a  85 3a                              sta $3a
 9830 A:fe6c  84 3b                              sty $3b
 9831 A:fe6e  68                                 pla 
 9832 A:fe6f  38                                 sec 
 9833 A:fe70  e9 01                              sbc #1             ;NEXT OF 20 INSTRS
 9834 A:fe72  d0 ef                              bne MON_LIST2
 9835 A:fe74  60                                 rts 

 9837 A:fe75  8a                       MON_A1PC  txa                 ;IF USER SPECD ADR
 9838 A:fe76  f0 07                              beq MON_A1PCRTS                ;  COPY FROM A1 TO PC
 9839 A:fe78  b5 3c                    MON_A1PCLP lda $3c,X
 9840 A:fe7a  95 3a                              sta $3a,X
 9841 A:fe7c  ca                                 dex 
 9842 A:fe7d  10 f9                              bpl MON_A1PCLP
 9843 A:fe7f  60                       MON_A1PCRTS rts 

 9845 A:fe80  a0 3f                    MON_SETINV ldy #$3f          ;SET FOR INVERSE VID
 9846 A:fe82  d0 02                              bne MON_SETIFLG                ; VIA COUT1
 9847 A:fe84  a0 ff                    MON_SETNORM ldy #$ff          ;SET FOR NORMAL VID
 9848 A:fe86  84 32                    MON_SETIFLG sty $32
 9849 A:fe88  60                                 rts 

 9851 A:fe89  a9 00                    MON_SETKBD lda #$00          ;SIMULATE PORT #0 INPUT (IN#0)
 9852 A:fe8b  85 3e                    MON_INPORT sta $3e           ;  SPECIFIED (KEYIN ROUTINE)
 9853 A:fe8d  a2 38                    MON_INPRT ldx #$38
 9854 A:fe8f  a0 1b                              ldy #<MON_KEYIN
 9855 A:fe91  d0 08                              bne MON_IOPRT
 9856 A:fe93  a9 00                    MON_SETVID lda #$00          ;SIMULATE PORT #0 OUTPUT (PR#0)
 9857 A:fe95  85 3e                    MON_OUTPORT sta $3e           ;  SPECIFIED (COUT1 ROUTINE)
 9858 A:fe97  a2 36                    MON_OUTPRT ldx #$36
 9859 A:fe99  a0 f0                              ldy #<MON_COUT1
 9860 A:fe9b  a5 3e                    MON_IOPRT lda $3e           ;SET RAM IN/OUT VECTORS
 9861 A:fe9d  29 0f                              and #%00001111
 9862 A:fe9f  f0 06                              beq MON_IOPRT1
 9863 A:fea1  09 c0                              ora #>MON_IOADR
 9864 A:fea3  a0 00                              ldy #$00
 9865 A:fea5  f0 02                              beq MON_IOPRT2
 9866 A:fea7  a9 fd                    MON_IOPRT1 lda #>MON_COUT1
 9867 A:fea9  94 00                    MON_IOPRT2 sty $00,X
 9868 A:feab  95 01                              sta $01,X
 9869 A:fead  60                                 rts 

 9871 A:feae  ea                                 nop 
 9872 A:feaf  ea                                 nop 

 9874 A:feb0  4c 00 e0                 MON_XBASIC jmp $e000           ;TO BASIC WITH SCRATCH

 9876 A:feb3  4c 03 e0                 MON_BASCONT jmp $e003           ;CONTINUE BASIC

 9878 A:feb6  20 75 fe                 MON_GO    jsr MON_A1PC             ;ADR TO PC IF SPECD
 9879 A:feb9  20 3f ff                           jsr MON_RESTORE                ;RESTORE META REGS
 9880 A:febc  6c 3a 00                           jmp ($3a)            ;GO TO USER SUBR

 9882 A:febf  4c d7 fa                 MON_REGZ  jmp MON_REGDSP             ;TO REG DISPLAY

 9884 A:fec2                           MON_TRACE 

 9886 A:fec2  60                                 rts 
 9887 A:fec3  ea                                 nop 
 9888 A:fec4  60                                 rts 
 9889 A:fec5  ea                       MON_STEPZ nop 
 9890 A:fec6  ea                                 nop 
 9891 A:fec7  ea                                 nop 
 9892 A:fec8  ea                                 nop 
 9893 A:fec9  ea                                 nop 

 9896 A:feca  4c f8 03                 MON_USR   jmp $03f8           ;TO USR SUBR AT USRADR

 9900 A:fecd  a9 40                    MON_WRITE lda #$40
 9901 A:fecf  20 c9 fc                           jsr MON_HEADR                ;WRITE 10-SEC HEADER
 9902 A:fed2  a0 27                              ldy #$27
 9903 A:fed4  a2 00                    MON_WR1   ldx #$00
 9904 A:fed6  41 3c                              eor ($3c,X)
 9905 A:fed8  48                                 pha 
 9906 A:fed9  a1 3c                              lda ($3c,X)
 9907 A:fedb  20 ed fe                           jsr MON_WRBYTE
 9908 A:fede  20 ba fc                           jsr MON_NXTA1
 9909 A:fee1  a0 1d                              ldy #$1d
 9910 A:fee3  68                                 pla 
 9911 A:fee4  90 ee                              bcc MON_WR1
 9912 A:fee6  a0 22                              ldy #$22
 9913 A:fee8  20 ed fe                           jsr MON_WRBYTE
 9914 A:feeb  f0 4d                              beq MON_BELL
 9915 A:feed  a2 10                    MON_WRBYTE ldx #$10
 9916 A:feef  0a                       MON_WRBYT2 asl 
 9917 A:fef0  20 d6 fc                           jsr MON_WRBIT
 9918 A:fef3  d0 fa                              bne MON_WRBYT2
 9919 A:fef5  60                                 rts 

 9923 A:fef6  20 00 fe                 MON_CRMON jsr MON_BL1             ;HANDLE A CR AS BLANK
 9924 A:fef9  68                                 pla                    ;  THEN POP STACK
 9925 A:fefa  68                                 pla                    ;  AND RTN TO MON
 9926 A:fefb  d0 6c                              bne MON_MONZ

 9933 A:fefd  20 fa fc                 MON_READ  jsr MON_RD2BIT             ;FIND TAPEIN EDGE
 9934 A:ff00  a9 16                              lda #$16
 9935 A:ff02  20 c9 fc                 MON_READ2 jsr MON_HEADR             ;DELAY 3.5 SECONDS
 9936 A:ff05  85 2e                              sta MON_MASK                ;INIT CHKSUM=$FF
 9937 A:ff07  20 fa fc                           jsr MON_RD2BIT                ;FIND TAPEIN EDGE
 9938 A:ff0a  a0 24                    MON_RD2   ldy #$24          ;LOOK FOR SYNC BIT
 9939 A:ff0c  20 fd fc                           jsr MON_RDBIT                ;  (SHORT 0)
 9940 A:ff0f  b0 f9                              bcs MON_RD2                ;  LOOP UNTIL FOUND
 9941 A:ff11  20 fd fc                           jsr MON_RDBIT                ;SKIP SECOND SYNC H-CYCLE
 9942 A:ff14  a0 3b                              ldy #$3b             ;INDEX FOR 0/1 TEST
 9943 A:ff16  20 ec fc                 MON_RD3   jsr MON_RDBYTE             ;READ A BYTE
 9944 A:ff19  81 3c                              sta ($3c,X)          ;STORE AT (A1)
 9945 A:ff1b  45 2e                              eor MON_MASK
 9946 A:ff1d  85 2e                              sta MON_MASK                ;UPDATE RUNNING CHKSUM
 9947 A:ff1f  20 ba fc                           jsr MON_NXTA1                ;INC A1, COMPARE TO A2
 9948 A:ff22  a0 35                              ldy #$35             ;COMPENSATE 0/1 INDEX
 9949 A:ff24  90 f0                              bcc MON_RD3                ;LOOP UNTIL DONE
 9950 A:ff26  20 ec fc                           jsr MON_RDBYTE                ;READ CHKSUM BYTE
 9951 A:ff29  c5 2e                              cmp MON_MASK
 9952 A:ff2b  f0 0d                              beq MON_BELL                ;GOOD, SOUND BELL AND RETURN
 9953 A:ff2d  a9 c5                    MON_PRERR lda #("E"|%10000000)
 9954 A:ff2f  20 ed fd                           jsr MON_COUT                ;PRINT "ERR", THEN BELL
 9955 A:ff32  a9 d2                              lda #("R"|%10000000)
 9956 A:ff34  20 ed fd                           jsr MON_COUT
 9957 A:ff37  20 ed fd                           jsr MON_COUT

 9959 A:ff3a  a9 87                    MON_BELL  lda #$87          ;OUTPUT BELL AND RETURN
 9960 A:ff3c  4c ed fd                           jmp MON_COUT

 9969 A:ff3f  a5 48                    MON_RESTORE lda $48           ;RESTORE 6502 REG CONTENTS
 9970 A:ff41  48                                 pha                    ;  USED BY DEBUG SOFTWARE
 9971 A:ff42  a5 45                              lda $45
 9972 A:ff44  a6 46                    MON_RESTR1 ldx $46
 9973 A:ff46  a4 47                              ldy $47
 9974 A:ff48  28                                 plp 
 9975 A:ff49  60                                 rts 
 9976 A:ff4a  85 45                    MON_SAVE  sta $45           ;SAVE 6502 REG CONTENTS
 9977 A:ff4c  86 46                    MON_SAV1  stx $46
 9978 A:ff4e  84 47                              sty $47
 9979 A:ff50  08                                 php 
 9980 A:ff51  68                                 pla 
 9981 A:ff52  85 48                              sta $48
 9982 A:ff54  ba                                 tsx 
 9983 A:ff55  86 49                              stx $49
 9984 A:ff57  d8                                 cld 
 9985 A:ff58  60                                 rts 

 9989 A:ff59  20 84 fe                 MON_RESET jsr MON_SETNORM             ;NORMAL
 9990 A:ff5c  20 2f fb                           jsr MON_INIT                ;
 9991 A:ff5f  20 93 fe                           jsr MON_SETVID                ;PR#0
 9992 A:ff62  20 89 fe                           jsr MON_SETKBD                ;IN#0
 9993 A:ff65  d8                       MON_MON   cld                 ;MUST SET HEX MODE!
 9994 A:ff66  20 3a ff                           jsr MON_BELL
 9995 A:ff69  a9 aa                    MON_MONZ  lda #$aa          ;* PROMPT FOR MON
 9996 A:ff6b  85 33                              sta $33
 9997 A:ff6d  20 67 fd                           jsr MON_GETLNZ                ;READ A LINE
 9998 A:ff70  20 c7 ff                           jsr MON_ZMODE                ;CLEAR MON MODE, SCAN IDX
 9999 A:ff73  20 a7 ff                 MON_NXTITM jsr MON_GETNUM             ;GET ITEM, NON-HEX
 10000 A:ff76  84 34                              sty $34              ;  CHAR IN A-REG
 10001 A:ff78  a0 17                              ldy #$17             ;  X-REG=0 IF NO HEX INPUT
 10002 A:ff7a  88                       MON_CHRSRCH dey 
 10003 A:ff7b  30 e8                              bmi MON_MON                ;NOT FOUND, GO TO MON
 10004 A:ff7d  d9 cc ff                           cmp MON_CHRTBL,Y              ;FIND CMND CHAR IN TEL
 10005 A:ff80  d0 f8                              bne MON_CHRSRCH
 10006 A:ff82  20 be ff                           jsr MON_TOSUB                ;FOUND, CALL CORRESPONDING
 10007 A:ff85  a4 34                              ldy $34              ;  SUBROUTINE
 10008 A:ff87  4c 73 ff                           jmp MON_NXTITM

 10012 A:ff8a  a2 03                    MON_DIG   ldx #$03
 10013 A:ff8c  0a                                 asl 
 10014 A:ff8d  0a                                 asl                    ;GOT HEX DIG,
 10015 A:ff8e  0a                                 asl                    ;  SHIFT INTO A2
 10016 A:ff8f  0a                                 asl 
 10017 A:ff90  0a                       MON_NXTBIT asl 
 10018 A:ff91  26 3e                              rol $3e
 10019 A:ff93  26 3f                              rol $3f
 10020 A:ff95  ca                                 dex                    ;LEAVE X=$FF IF DIG
 10021 A:ff96  10 f8                              bpl MON_NXTBIT
 10022 A:ff98  a5 31                    MON_NXTBAS lda $31
 10023 A:ff9a  d0 06                              bne MON_NXTBS2                ;IF MODE IS ZERO
 10024 A:ff9c  b5 3f                              lda $3f,X            ; THEN COPY A2 TO
 10025 A:ff9e  95 3d                              sta $3d,X            ; A1 AND A3
 10026 A:ffa0  95 41                              sta $41,X
 10027 A:ffa2  e8                       MON_NXTBS2 inx 
 10028 A:ffa3  f0 f3                              beq MON_NXTBAS
 10029 A:ffa5  d0 06                              bne MON_NXTCHR

 10031 A:ffa7  a2 00                    MON_GETNUM ldx #$00          ;CLEAR A2
 10032 A:ffa9  86 3e                              stx $3e
 10033 A:ffab  86 3f                              stx $3f
 10034 A:ffad  b9 00 02                 MON_NXTCHR lda $0200,Y         ;GET CHAR
 10035 A:ffb0  c8                                 iny 
 10036 A:ffb1  49 b0                              eor #$b0
 10037 A:ffb3  c9 0a                              cmp #$0a
 10038 A:ffb5  90 d3                              bcc MON_DIG                ;IF HEX DIG, THEN
 10039 A:ffb7  69 88                              adc #$88
 10040 A:ffb9  c9 fa                              cmp #$fa
 10041 A:ffbb  b0 cd                              bcs MON_DIG
 10042 A:ffbd  60                                 rts 

 10045 A:ffbe  a9 fe                    MON_TOSUB lda #>MON_GO           ;PUSH HIGH-ORDER
 10046 A:ffc0  48                                 pha                    ;  SUBR ADR ON STK
 10047 A:ffc1  b9 e3 ff                           lda MON_SUBTBL,Y              ;PUSH LOW-ORDER
 10048 A:ffc4  48                                 pha                    ;  SUBR ADR ON STK
 10049 A:ffc5  a5 31                              lda $31
 10050 A:ffc7  a0 00                    MON_ZMODE ldy #$00          ;CLR MODE, OLD MODE
 10051 A:ffc9  84 31                              sty $31              ;  TO A-REG
 10052 A:ffcb  60                                 rts                    ; GO TO SUBR VIA RTS

 10055 A:ffcc                                    ;DEFINE F(CHR) <(CHR^$B0+$89)

 10058 A:ffcc  bc                       MON_CHRTBL .byt <((MON_CTRL_C^$b0)+$89)
 10059 A:ffcd  b2                                 .byt <((MON_CTRL_Y^$b0)+$89)
 10060 A:ffce  be                                 .byt <((MON_CTRL_E^$b0)+$89)

 10063 A:ffcf  b2                                 .byt <((MON_CTRL_Y^$b0)+$89)

 10066 A:ffd0  ef                                 .byt <((("V"|%10000000)^$b0)+$89)
 10067 A:ffd1  c4                                 .byt <((MON_CTRL_K^$b0)+$89)

 10070 A:ffd2  b2                                 .byt <((MON_CTRL_Y^$b0)+$89)

 10073 A:ffd3  a9                                 .byt <((MON_CTRL_P^$b0)+$89)
 10074 A:ffd4  bb                                 .byt <((MON_CTRL_B^$b0)+$89)
 10075 A:ffd5  a6                                 .byt <((("-"|%10000000)^$b0)+$89)
 10076 A:ffd6  a4                                 .byt <((("+"|%10000000)^$b0)+$89)
 10077 A:ffd7  06                                 .byt <((("M"|%10000000)^$b0)+$89)
 10078 A:ffd8  95                                 .byt <((("<"|%10000000)^$b0)+$89)
 10079 A:ffd9  07                                 .byt <((("N"|%10000000)^$b0)+$89)
 10080 A:ffda  02                                 .byt <((("I"|%10000000)^$b0)+$89)
 10081 A:ffdb  05                                 .byt <((("L"|%10000000)^$b0)+$89)
 10082 A:ffdc  f0                                 .byt <((("W"|%10000000)^$b0)+$89)
 10083 A:ffdd  00                                 .byt <((("G"|%10000000)^$b0)+$89)
 10084 A:ffde  eb                                 .byt <((("R"|%10000000)^$b0)+$89)
 10085 A:ffdf  93                                 .byt <(((":"|%10000000)^$b0)+$89)
 10086 A:ffe0  a7                                 .byt <((("."|%10000000)^$b0)+$89)
 10087 A:ffe1  c6                                 .byt <(($8d^$b0)+$89)
 10088 A:ffe2  99                                 .byt <(((" "|%10000000)^$b0)+$89)

 10090 A:ffe3  b2                       MON_SUBTBL .byt <MON_BASCONT-1
 10091 A:ffe4  c9                                 .byt <MON_USR-1
 10092 A:ffe5  be                                 .byt <MON_REGZ-1
 10093 A:ffe6  c1                                 .byt <MON_TRACE-1
 10094 A:ffe7  35                                 .byt <MON_VFY-1
 10095 A:ffe8  8c                                 .byt <MON_INPRT-1
 10096 A:ffe9  c4                                 .byt <MON_STEPZ-1
 10097 A:ffea  96                                 .byt <MON_OUTPRT-1
 10098 A:ffeb  af                                 .byt <MON_XBASIC-1
 10099 A:ffec  17                                 .byt <MON_SETMODE-1
 10100 A:ffed  17                                 .byt <MON_SETMODE-1
 10101 A:ffee  2b                                 .byt <MON_MOVE-1
 10102 A:ffef  1f                                 .byt <MON_LT-1
 10103 A:fff0  83                                 .byt <MON_SETNORM-1
 10104 A:fff1  7f                                 .byt <MON_SETINV-1
 10105 A:fff2  5d                                 .byt <MON_LIST1-1
 10106 A:fff3  cc                                 .byt <MON_WRITE-1
 10107 A:fff4  b5                                 .byt <MON_GO-1
 10108 A:fff5  fc                                 .byt <MON_READ-1
 10109 A:fff6  17                                 .byt <MON_SETMODE-1
 10110 A:fff7  17                                 .byt <MON_SETMODE-1
 10111 A:fff8  f5                                 .byt <MON_CRMON-1
 10112 A:fff9  03                                 .byt <MON_BLANK-1

 10222 A:fffa  fb 03                    MON_M6502VEC .word $03fb           ;NMI VECTOR

 10224 A:fffc  62 fa                              .word MON_RESET2                ;RESET VECTOR

 10226 A:fffe  40 fa                              .word MON_IRQ                ;IRQ VECTOR
