ca65 V2.18 - Ubuntu 2.19-1
Main file   : /bigdata/KAI/projects/M6502asm/examples/converted/m6502_ca65.asm
Current file: /bigdata/KAI/projects/M6502asm/examples/converted/m6502_ca65.asm

000000r 1               REALIO .set 4
000000r 1               INTPRC .set 1
000000r 1               ADDPRC .set 1
000000r 1               LNGERR .set 1
000000r 1               TIME .set 1
000000r 1               EXTIO .set 1
000000r 1               DISKO .set 1
000000r 1               NULCMD .set 0
000000r 1               GETCMD .set 1
000000r 1               RORSW .set 1
000000r 1               ROMSW .set 1
000000r 1               CLMWID .set 10
000000r 1               LONGI .set 1
000000r 1               STKEND .set 507
000000r 1               .define BUF BUFPAG*256
000000r 1               BUFPAG .set 2
000000r 1               LINLEN .set 40
000000r 1               BUFLEN .set 240
000000r 1               ROMLOC .set 53248
000000r 1               KIMROM .set 0
000000r 1               RAMLOC .set 2048
000000r 1               linlen .set 40
000000r 1               CQOPEN .set 65472
000000r 1               CQCLOS .set 65475
000000r 1               CQOIN .set 65478
000000r 1               CQOOUT .set 65481
000000r 1               CQCCHN .set 65484
000000r 1               CQINCH .set 64780
000000r 1               OUTCH .set 65005
000000r 1               CQLOAD .set 65493
000000r 1               CQSAVE .set 65496
000000r 1               CQVERF .set 65499
000000r 1               CQSYS .set 65502
000000r 1               CZGETL .set 64780
000000r 1               CQCALL .set 65511
000000r 1               CQTIMR .set 141
000000r 1               CQSTAT .set 150
000000r 1               CQHTIM .set 59460
000000r 1               PI .set 255
000000r 1               CQINLN .set 64871
000000r 1               CQPRMP .set 51
000000r 1               CQCOUT .set 65229
000000r 1               CQCSIN .set 65277
000000r 1               NUMLEV .set 23
000000r 1               STRSIZ .set 3
000000r 1               NUMTMP .set 3
000000r 1               CONTW .set 15
000000r 1               Q .set 233
000000r 1               ENDTK .set 127
000000r 1               FORTK .set 127
000000r 1               DATATK .set 127
000000r 1               GOTOTK .set 127
000000r 1               GOSUTK .set 127
000000r 1               REMTK .set 127
000000r 1               PRINTK .set 127
000000r 1               SCRATK .set 127
000000r 1               TABTK .set 128
000000r 1               TOTK .set 128
000000r 1               FNTK .set 128
000000r 1               SPCTK .set 129
000000r 1               THENTK .set 129
000000r 1               NOTTK .set 129
000000r 1               STEPTK .set 129
000000r 1               PLUSTK .set 129
000000r 1               MINUTK .set 129
000000r 1               GREATK .set 130
000000r 1               EQULTK .set 130
000000r 1               LESSTK .set 131
000000r 1               ONEFUN .set 131
000000r 1               LASNUM .set 131
000000r 1               GOTK .set 131
000000r 1               ERRNF .set 0
000000r 1               ERRSN .set 16
000000r 1               ERRRG .set 22
000000r 1               ERROD .set 42
000000r 1               ERRFC .set 53
000000r 1               ERROV .set 69
000000r 1               ERROM .set 77
000000r 1               ERRUS .set 90
000000r 1               ERRBS .set 107
000000r 1               ERRDD .set 120
000000r 1               ERRDV0 .set 133
000000r 1               ERRID .set 149
000000r 1               ERRTM .set 163
000000r 1               ERRLS .set 176
000000r 1               ERRBD .set 191
000000r 1               ERRST .set 200
000000r 1               ERRCN .set 219
000000r 1               ERRUF .set 233
000000r 1               FORSIZ .set 18
000000r 1               BUFOFS .set 512
000000r 1               NCMPOS .set 30
000000r 1               .define INTEGR CHARAC
000000r 1               .define KIMY DIMFLG
000000r 1               .define GARBFL DORES
000000r 1               .define INDEX INDEX1
000000r 1               .define ADDEND RESMO
000000r 1               .define POKER LINNUM
000000r 1               .define FDECPT VARPNT
000000r 1               .define LSTPNT FORPNT
000000r 1               .define ANDMSK FORPNT
000000r 1               .define EORMSK FORPNT+1
000000r 1               .define VARTXT OPPTR
000000r 1               .define DOMASK TANSGN
000000r 1               .define GRBPNT DEFPNT
000000r 1               .define SIZE JMPER+1
000000r 1               .define OLDOV JMPER+2
000000r 1               .define TEMPF3 DEFPNT
000000r 1               .define ARYPNT HIGHDS
000000r 1               .define GRBTOP LOWTR
000000r 1               .define DECCNT LOWDS
000000r 1               .define TENEXP LOWDS+1
000000r 1               .define DPTFLG LOWTR
000000r 1               .define EXPSGN LOWTR+1
000000r 1               .define DEGREE SGNFLG
000000r 1               .define DSCTMP FAC
000000r 1               .define INDICE FACMO
000000r 1               .define STRNG1 ARISGN
000000r 1               .define BUFPTR FBUFPT
000000r 1               .define STRNG2 FBUFPT
000000r 1               .define POLYPT FBUFPT
000000r 1               .define CURTOL FBUFPT
000000r 1               .define TXTPTR CHRGOT+1
000000r 1               .define ZSTORD STORDO
000000r 1               ; TITLE	BASIC M6502 8K VER 1.1 BY MICRO-SOFT
000000r 1               ; SEARCH	M6502
000000r 1               ; SALL
000000r 1               ; RADIX 10 ;THROUGHOUT ALL BUT MATH-PAK.
000000r 1               
000000r 1               _Z: ;STARTING POINT FOR M6502 SIMULATOR
000000r 1               .org 0 ;START OFF AT LOCATION ZERO.
000000  1               ; SUBTTL	SWITCHES,MACROS.
000000  1               
000000  1               ;5=STM
000000  1               REALIO .set 4
000000  1               ;4=APPLE.
000000  1               ;3=COMMODORE.
000000  1               ;2=OSI
000000  1               ;1=MOS TECH,KIM
000000  1               ;0=PDP-10 SIMULATING 6502
000000  1               ;INTEGER ARRAYS.
000000  1               INTPRC .set 1
000000  1               ;FOR ADDITIONAL PRECISION.
000000  1               ADDPRC .set 1
000000  1               ;LONG ERROR MESSAGES.
000000  1               LNGERR .set 0
000000  1               ;CAPABILITY TO SET AND READ A CLK.
000000  1               TIME .set 0
000000  1               ;EXTERNAL I/O.
000000  1               EXTIO .set 0
000000  1               ;SAVE AND LOAD COMMANDS
000000  1               DISKO .set 0
000000  1               ;FOR THE "NULL" COMMAND
000000  1               NULCMD .set 1
000000  1               GETCMD .set 1
000000  1               RORSW .set 1
000000  1               ;TELLS IF THIS IS ON ROM.
000000  1               ROMSW .set 1
000000  1               CLMWID .set 14
000000  1               ;LONG INITIALIZATION SWITCH.
000000  1               LONGI .set 1
000000  1               STKEND .set 511
000000  1               .undef BUF
000000  1               .define BUF BUFPAG*256
000000  1               BUFPAG .set 0
000000  1               ;TERMINAL LINE LENGTH.
000000  1               LINLEN .set 72
000000  1               ;INPUT BUFFER SIZE.
000000  1               BUFLEN .set 72
000000  1               ;ADDRESS OF START OF PURE SEGMENT.
000000  1               ROMLOC .set 8192
000000  1               KIMROM .set 1
000000  1               .if ROMSW = 0
000000  1               KIMROM .set 0
000000  1               .endif
000000  1               .if REALIO-1 <> 0
000000  1               KIMROM .set 0
000000  1               .endif
000000  1               .if ROMSW <> 0
000000  1               
000000  1               RAMLOC .set 16384
000000  1               .if REALIO = 0
000000  1               ROMLOC .set 8192
000000  1               RAMLOC .set 768
000000  1               .endif
000000  1               .endif
000000  1               .if REALIO-3 = 0
000000  1               
000000  1               DISKO .set 1
000000  1               RAMLOC .set 1024
000000  1               ROMLOC .set 49152
000000  1               NULCMD .set 0
000000  1               GETCMD .set 1
000000  1               LINLEN .set 40
000000  1               BUFLEN .set 81
000000  1               CQOPEN .set 65472
000000  1               CQCLOS .set 65475
000000  1               CQOIN .set 65478
000000  1               CQOOUT .set 65481
000000  1               CQCCHN .set 65484
000000  1               CQINCH .set 65487
000000  1               OUTCH .set 65490
000000  1               CQLOAD .set 65493
000000  1               CQSAVE .set 65496
000000  1               CQVERF .set 65499
000000  1               CQSYS .set 65502
000000  1               CZGETL .set 65508
000000  1               CQCALL .set 65511
000000  1               CQTIMR .set 141
000000  1               .undef BUF
000000  1               .define BUF BUFPAG*256
000000  1               BUFPAG .set 2
000000  1               STKEND .set 507
000000  1               CQSTAT .set 150
000000  1               CQHTIM .set 59460
000000  1               EXTIO .set 1
000000  1               TIME .set 1
000000  1               GETCMD .set 1
000000  1               CLMWID .set 10
000000  1               PI .set 255
000000  1               ROMSW .set 1
000000  1               RORSW .set 1
000000  1               .endif
000000  1               .if REALIO-1 = 0
000000  1               GETCMD .set 1
000000  1               DISKO .set 1
000000  1               OUTCH .set 7840
000000  1               ROMLOC .set 8192
000000  1               RORSW .set 0
000000  1               CZGETL .set 7770
000000  1               .endif
000000  1               .if REALIO-2 = 0
000000  1               
000000  1               RORSW .set 0
000000  1               RAMLOC .set 512
000000  1               .if ROMSW <> 0
000000  1               
000000  1               RORSW .set 0
000000  1               RAMLOC .set 32768
000000  1               .endif
000000  1               OUTCH .set 65035
000000  1               .endif
000000  1               .if REALIO-4 = 0
000000  1               
000000  1               LNGERR .set 1
000000  1               DISKO .set 1
000000  1               RORSW .set 1
000000  1               NULCMD .set 0
000000  1               GETCMD .set 1
000000  1               CQINLN .set 64871
000000  1               CQPRMP .set 51
000000  1               CQINCH .set 64780
000000  1               CQCOUT .set 65229
000000  1               CQCSIN .set 65277
000000  1               .undef BUF
000000  1               .define BUF BUFPAG*256
000000  1               BUFPAG .set 2
000000  1               ROMLOC .set 53248
000000  1               RAMLOC .set 2048
000000  1               OUTCH .set 65005
000000  1               CZGETL .set 64780
000000  1               LINLEN .set 40
000000  1               BUFLEN .set 240
000000  1               RORSW .set 1
000000  1               STKEND .set 507
000000  1               .endif
000000  1               .if RORSW = 0
000000  1               
000000  1               ; DEFINE ROR (shadowed; using opcode)
000000  1               .endif
000000  1               
000000  1               ; DEFINE ACRLF
000000  1               ; DEFINE SYNCHK
000000  1               ; DEFINE DT
000000  1               ; DEFINE LDWD
000000  1               ; DEFINE LDWDI
000000  1               ; DEFINE LDWX
000000  1               ; DEFINE LDWXI
000000  1               ; DEFINE LDXY
000000  1               ; DEFINE LDXYI
000000  1               ; DEFINE STWD
000000  1               ; DEFINE STWX
000000  1               ; DEFINE STXY
000000  1               ; DEFINE CLR
000000  1               ; DEFINE COM
000000  1               ; DEFINE PULWD
000000  1               ; DEFINE PSHWD
000000  1               ; DEFINE JEQ
000000  1               ; DEFINE JNE
000000  1               ; DEFINE BCCA
000000  1               ; DEFINE BCSA
000000  1               ; DEFINE BEQA
000000  1               ; DEFINE BNEA
000000  1               ; DEFINE BMIA
000000  1               ; DEFINE BPLA
000000  1               ; DEFINE BVCA
000000  1               ; DEFINE BVSA
000000  1               ; DEFINE INCW
000000  1               ; DEFINE SKIP1
000000  1               ; DEFINE SKIP2
000000  1               .if 1
000000  1               
000000  1               .if REALIO = 0
000000  1               ; PRINTX/SIMULATE/
000000  1               .endif
000000  1               .if REALIO-1 = 0
000000  1               ; PRINTX KIM
000000  1               .endif
000000  1               .if REALIO-2 = 0
000000  1               ; PRINTX OSI
000000  1               .endif
000000  1               .if REALIO-3 = 0
000000  1               ; PRINTX COMMODORE
000000  1               .endif
000000  1               .if REALIO-4 = 0
000000  1               ; PRINTX APPLE
000000  1               .endif
000000  1               .if REALIO-5 = 0
000000  1               ; PRINTX STM
000000  1               .endif
000000  1               .if ADDPRC <> 0
000000  1               ; PRINTX ADDITIONAL PRECISION
000000  1               .endif
000000  1               .if INTPRC <> 0
000000  1               ; PRINTX INTEGER ARRAYS
000000  1               .endif
000000  1               .if LNGERR <> 0
000000  1               ; PRINTX LONG ERRORS
000000  1               .endif
000000  1               .if DISKO <> 0
000000  1               ; PRINTX SAVE AND LOAD
000000  1               .endif
000000  1               .if ROMSW = 0
000000  1               ; PRINTX RAM
000000  1               .endif
000000  1               .if ROMSW <> 0
000000  1               ; PRINTX ROM
000000  1               .endif
000000  1               .if RORSW = 0
000000  1               ; PRINTX NO ROR
000000  1               .endif
000000  1               .if RORSW <> 0
000000  1               ; PRINTX ROR ASSUMED
000000  1               .endif
000000  1               .endif
000000  1               ; PAGE
000000  1               ; SUBTTL	INTRODUCTION AND COMPILATION PARAMETERS.
000000  1               ; COMMENT *
000000  1               ;
000000  1               ; --------- ---- -- ---------
000000  1               ; COPYRIGHT 1976 BY MICROSOFT
000000  1               ; --------- ---- -- ---------
000000  1               ; 7/27/78 FIXED BUG WHERE FOR VARIABLE AT BYTE FF MATCHED RETURN SEARCHING
000000  1               ; 	FOR GOSUB ENTRY ON STACK IN FNDFOR CALL BY CHANGING STA FORPNT
000000  1               ; 	TO STA FORPNT+1. THIS IS A SERIOUS BUG IN ALL VERSIONS.
000000  1               ; 7/27/78 FIXED BUG AT NEWSTT UNDER IFN BUFPAG WHEN CHECK OF CURLIN
000000  1               ; 	WAS DONE BEFORE CURLIN SET UP SO INPUT RETRIES OF FIRST STATEMENT
000000  1               ; 	WAS GIVING SYNTAX ERROR INSTEAD OF REDO FROM START (CODE WAS 12/1/77 FIX)
000000  1               ; 7/1/78	SAVED A FEW BYTES IN INIT FOR COMMODORE (14)
000000  1               ; 7/1/78 FIXED BUG WHERE REPLACING A LINE OVERFLOWING MEMORY LEFT LINKS
000000  1               ; 	IN A BAD STATE. (CODE AT NODEL AND FINI) BUG#4
000000  1               ; 7/1/78 FIXED BUG WHERE GARBAGE COLLECTION NEVER(!) COLLECTS TEMPS
000000  1               ; 	(STY GRBPNT  AT FNDVAR, LDA GRBPNT ORA GRBPNT+1 AT GRBPAS)
000000  1               ; 	THIS WAS COMMODORE BUG #2
000000  1               ; 7/1/78 FIXED BUG WHERE DELETE/INSERT OF LINE COULD CAUSE A GARBAGE COLLECTION WITH BAD VARTAB IF OUT OF MEMORY
000000  1               ; 	 (LDWD MEMSIZ STWD FRETOP=JSR RUNC CLC ALSO AT NODEL)
000000  1               ; 3/9/78 EDIT TO FIX COMMO TRMPOS AND CHANGE LEFT$ AND RIGHT$ TO ALLOW A SECOND ARGUMENT OF 0 AND RETURN A NULL STRING
000000  1               ; 2/25/78 FIXED BUG THAT INPFLG WAS SET WRONG WHEN BUFPAG.NE.0
000000  1               ; 	INCREASED NUMLEV FROM 19 TO 23
000000  1               ; 2/11/78 DISALLOWED SPACES IN RESERVED WORDS. PUT IN SPECIAL CHECK FOR "GO TO"
000000  1               ; 2/11/78 FIXED BUG WHERE ROUNDING OF THE FAC BEFORE PUSHING COULD CAUSE A STRING POINTER
000000  1               ; 	IN THE FAC TO BE INCREMENTED
000000  1               ; 1/24/78 fixed problem where user defined function undefined check fix was smashing error number in [x]
000000  1               ; 12/1/77 FIXED PROBLEM WHERE PEEK WAS SMASHING (POKER) CAUSING POKE OF PEEK TO FAIL
000000  1               ; 12/1/77 FIXED PROBLEM WHERE PROBLEM WITH VARTXT=LINNUM=BUF-2 CAUSING BUF-1 COMMA TO DISAPPEAR
000000  1               ; 12/1/77 FIXED BUFPAG.NE.0 PROBLEM AT NEWSTT AND STOP : CODE WAS STILL
000000  1               ; 	ASSUMING TXTPTR+1.EQ.0 IFF STATEMENT WAS DIRECT
000000  1               ; *
000000  1               ;NUMBER OF STACK LEVELS RESERVED
000000  1               NUMLEV .set 23
000000  1               ;BY AN EXPLICIT CALL TO "GETSTK".
000000  1               ;# OF LOCS PER STRING DESCRIPTOR.
000000  1               STRSIZ .set 3
000000  1               ;NUMBER OF STRING TEMPORARIES.
000000  1               NUMTMP .set 3
000000  1               ;CHARACTER TO SUPPRESS OUTPUT.
000000  1               CONTW .set 15
000000  1               
000000  1               ; PAGE
000000  1               ; SUBTTL	SOME EXPLANATION.
000000  1               ; COMMENT *
000000  1               ;
000000  1               ; M6502 BASIC CONFIGURES BASIC AS FOLLOWS
000000  1               ;
000000  1               ; LOW LOCATIONS
000000  1               ; 	PAGE	ZERO
000000  1               ;
000000  1               ; 		STARTUP:
000000  1               ; 		INITIALLY A JMP TO INITIALIZATION CODE BUT
000000  1               ; 		CHANGED TO A JMP TO "READY".
000000  1               ; 		RESTARTING THE MACHINE AT LOC 0 DURING PROGRAM
000000  1               ; 		EXECUTION CAN LEAVE THINGS MESSED UP.
000000  1               ;
000000  1               ; 		LOC OF FAC TO INTEGER AND INTEGER TO FAC
000000  1               ; 		ROUTINES.
000000  1               ;
000000  1               ; 		"DIRECT" MEMORY:
000000  1               ; 		THESE ARE THE MOST COMMONLY USED LOCATIONS.
000000  1               ; 		THEY HOLD BOOKKEEPING INFO AND ALL OTHER
000000  1               ; 		FREQUENTLY USED INFORMATION.
000000  1               ; 		ALL TEMPORARIES, FLAGS, POINTERS, THE BUFFER AREA,
000000  1               ; 		THE FLOATING ACCUMULATOR, AND ANYTHING ELSE THAT
000000  1               ; 		IS USED TO STORE A CHANGING VALUE SHOULD BE LOCATED
000000  1               ; 		IN THIS AREA. CARE MUST BE MADE IN MOVING LOCATIONS
000000  1               ; 		IN THIS AREA SINCE THE JUXTAPOSITION OF TWO LOCATIONS
000000  1               ; 		IS OFTEN DEPENDED UPON.
000000  1               ;
000000  1               ; 		STILL IN RAM WE HAVE THE BEGINNING OF THE "CHRGET"
000000  1               ; 		SUBROUTINE. IT IS HERE SO [TXTPTR] CAN BE THE
000000  1               ; 		EXTENDED ADDRESS OF A LOAD INSTRUCTION.
000000  1               ; 		THIS SAVES HAVING TO BOTHER ANY REGISTERS.
000000  1               ;
000000  1               ; 	PAGE	ONE
000000  1               ; 		THE STACK.
000000  1               ;
000000  1               ; 	STORAGE PAGE TWO AND ON
000000  1               ; 		IN RAM VERSIONS THESE DATA STRUCTURES COME AT THE
000000  1               ; 		END OF BASIC. IN ROM VERSON THEY ARE AT RAMLOC WHICH
000000  1               ; 		CAN EITHER BE ABOVE OR BELOW ROMLOC, WHICH IS WHERE
000000  1               ; 		BASIC ITSELF RESIDES.
000000  1               ;
000000  1               ; 				A ZERO.
000000  1               ; 		[TXTTAB]	POINTER TO NEXT LINE'S POINTER.
000000  1               ; 				LINE # OF THIS LINE (2 BYTES).
000000  1               ; 				CHARACTERS ON THIS LINE.
000000  1               ; 				ZERO.
000000  1               ; 				POINTER AT NEXT LINE'S POINTER
000000  1               ; 					(POINTED TO BY THE ABOVE POINTER).
000000  1               ; 				... REPEATS ...
000000  1               ; 		LAST LINE:	POINTER AT ZERO POINTER.
000000  1               ; 				LINE # OF THIS LINE.
000000  1               ; 				CHARACTERS ON THIS LINE.
000000  1               ; 				ZERO.
000000  1               ; 				DOUBLE ZERO (POINTED TO BY THE ABOVE POINTER).
000000  1               ; 		[VARTAB]	SIMPLE VARIABLES. 6 BYTES PER VALUE.
000000  1               ; 				2 BYTES GIVE THE NAME, 4 BYTES THE VALUE.
000000  1               ; 				... REPEATS ...
000000  1               ; 		[ARYTAB]	ARRAY VARIABLES. 2 BYTES NAME, 2 BYTE
000000  1               ; 				LENGTH, NUMBER OF DIMENSIONS , EXTENT OF
000000  1               ; 				EACH DIMENSION (2BYTES/), VALUES
000000  1               ; 				... REPEATS ...
000000  1               ; 		[STREND]	FREE SPACE.
000000  1               ; 				... REPEATS ...
000000  1               ; 		[FRETOP]	STRING SPACE IN USE.
000000  1               ; 				... REPEATS ...
000000  1               ; 		[MEMSIZ]	HIGHEST MACHINE LOCATION.
000000  1               ; 				UNUSED EXCEPT BY THE VAL FUNCTION.
000000  1               ;
000000  1               ; 		ROM -- CONSTANTS AND CODE.
000000  1               ;
000000  1               ; 	FUNCTION DISPATCH ADDRESSES (AT ROMLOC)
000000  1               ; 		"FUNDSP" CONTAINS THE ADDRESSES OF THE
000000  1               ; 		FUNCTION ROUTINES IN THE ORDER OF THE
000000  1               ; 		FUNCTION NAMES IN THE CRUNCH LIST.
000000  1               ; 		THE FUNCTIONS THAT TAKE MORE THAN ONE ARGUMENT
000000  1               ; 		ARE AT THE END. SEE THE EXPLANATION AT "ISFUN".
000000  1               ;
000000  1               ; 	THE OPERATOR LIST
000000  1               ; 		THE "OPTAB" LIST CONTAINS AN OPERATOR'S PRECEDENCE
000000  1               ; 		FOLLOWED BY THE ADDRESS OF THE ROUTINE TO PERFORM
000000  1               ; 		THE OPERATION. THE INDEX INTO THE
000000  1               ; 		OPERATOR LIST IS MADE BY SUBTRACTING OFF THE CRUNCH VALUE
000000  1               ; 		OF THE LOWEST NUMBERED OPERATOR. THE ORDER
000000  1               ; 		OF OPERATORS IN THE CRUNCH LIST AND IN "OPTAB" IS IDENTICAL.
000000  1               ; 		THE PRECEDENCES ARE ARBITRARY EXCEPT FOR THEIR
000000  1               ; 		COMPARATIVE SIZES. NOTE THAT THE PRECEDENCE FOR
000000  1               ; 		UNARY OPERATORS SUCH AS "NOT" AND NEGATION ARE
000000  1               ; 		SETUP SPECIALLY WITHOUT USING THE LIST.
000000  1               ;
000000  1               ; 	THE RESERVED WORD OR CRUNCH LIST
000000  1               ; 		WHEN A COMMAND OR PROGRAM LINE IS TYPED IN
000000  1               ; 		IT IS STORED IN "BUF". AS SOON AS THE WHOLE LINE
000000  1               ; 		HAS BEEN TYPED IN ("INLIN" RETURNS) "CRUNCH" IS
000000  1               ; 		CALLED TO CONVERT ALL RESERVED WORDS TO THEIR
000000  1               ; 		CRUNCHED VALUES. THIS REDUCES THE SIZE OF THE
000000  1               ; 		PROGRAM AND SPEEDS UP EXECUTION BY ALLOWING
000000  1               ; 		LIST DISPATCHES TO PERFORM FUNCTIONS, STATEMENTS,
000000  1               ; 		AND OPERATIONS. THIS IS BECAUSE ALL THE STATEMENT
000000  1               ; 		NAMES ARE STORED CONSECUTIVELY IN THE CRUNCH LIST.
000000  1               ; 		WHEN A MATCH IS FOUND BETWEEN A STRING
000000  1               ; 		OF CHARACTERS AND A WORD IN THE CRUNCH LIST
000000  1               ; 		THE ENTIRE TEXT OF THE MATCHED WORD IS TAKEN OUT OF
000000  1               ; 		THE INPUT LINE AND A RESERVED WORD TOKEN IS PUT
000000  1               ; 		IN ITS PLACE. A RESERVED WORD TOKEN IS ALWAYS EQUAL
000000  1               ; 		TO OCTAL 200 PLUS THE POSITION OF THE MATCHED WORD
000000  1               ; 		IN THE CRUNCH LIST.
000000  1               ;
000000  1               ; 	STATEMENT DISPATCH ADDRESSES
000000  1               ; 		WHEN A STATEMENT IS TO BE EXECUTED, THE FIRST
000000  1               ; 		CHARACTER OF THE STATEMENT IS EXAMINED
000000  1               ; 		TO SEE IF IT IS LESS THAN THE RESERVED
000000  1               ; 		WORD TOKEN FOR THE LOWEST NUMBERED STATEMENT NAME.
000000  1               ; 		IF SO, THE "LET" CODE IS CALLED TO
000000  1               ; 		TREAT THE STATEMENT AS AN ASSIGNMENT STATEMENT.
000000  1               ; 		OTHERWISE A CHECK IS MADE TO MAKE SURE THE
000000  1               ; 		RESERVED WORD NUMBER IS NOT TOO LARGE TO BE A
000000  1               ; 		STATEMENT TYPE NUMBER. IF NOT THE ADDRESS
000000  1               ; 		TO DISPATCH TO IS FETCHED FROM "STMDSP" (THE STATEMENT
000000  1               ; 		DISPATCH LIST) USING THE RESERVED WORD
000000  1               ; 		NUMBER FOR THE STATEMENT TO CALCULATE AN INDEX INTO
000000  1               ; 		THE LIST.
000000  1               ;
000000  1               ; 	ERROR MESSAGES
000000  1               ; 		WHEN AN ERROR CONDITION IS DETECTED,
000000  1               ; 		[ACCX] MUST BE SET UP TO INDICATE WHICH ERROR
000000  1               ; 		MESSAGE IS APPROPRIATE AND A BRANCH MUST BE MADE
000000  1               ; 		TO "ERROR". THE STACK WILL BE RESET AND ALL
000000  1               ; 		PROGRAM CONTEXT WILL BE LOST. VARIABLES
000000  1               ; 		VALUES AND THE ACTUAL PROGRAM REMAIN INTACT.
000000  1               ; 		ONLY THE VALUE OF [ACCX] IS IMPORTANT WHEN
000000  1               ; 		THE BRANCH IS MADE TO ERROR. [ACCX] IS USED AS AN
000000  1               ; 		INDEX INTO "ERRTAB" WHICH GIVES THE TWO
000000  1               ; 		CHARACTER ERROR MESSAGE THAT WILL BE PRINTED ON THE
000000  1               ; 		USER'S TERMINAL.
000000  1               ;
000000  1               ;
000000  1               ; 	TEXTUAL MESSAGES
000000  1               ; 		CONSTANT MESSAGES ARE STORED HERE. UNLESS
000000  1               ; 		THE CODE TO CHECK IF A STRING MUST BE COPIED
000000  1               ; 		IS CHANGED THESE STRINGS MUST BE STORED ABOVE
000000  1               ; 		PAGE ZERO, OR ELSE THEY WILL BE COPIED BEFORE
000000  1               ; 		THEY ARE PRINTED.
000000  1               ;
000000  1               ; 	FNDFOR
000000  1               ; 		MOST SMALL ROUTINES ARE FAIRLY SIMPLE
000000  1               ; 		AND ARE DOCUMENTED IN PLACE. "FNDFOR" IS
000000  1               ; 		USED FOR FINDING "FOR" ENTRIES ON
000000  1               ; 		THE STACK. WHENEVER A "FOR" IS EXECUTED, A
000000  1               ; 		16-BYTE ENTRY IS PUSHED ONTO THE STACK.
000000  1               ; 		BEFORE THIS IS DONE, HOWEVER, A CHECK
000000  1               ; 		MUST BE MADE TO SEE IF THERE
000000  1               ; 		ARE ANY "FOR" ENTRIES ALREADY ON THE STACK
000000  1               ; 		FOR THE SAME LOOP VARIABLE. IF SO, THAT "FOR" ENTRY
000000  1               ; 		AND ALL OTHER "FOR" ENTRIES THAT WERE MADE AFTER IT
000000  1               ; 		ARE ELIMINATED FROM THE STACK. THIS IS SO A
000000  1               ; 		PROGRAM THAT JUMPS OUT OF THE MIDDLE
000000  1               ; 		OF A "FOR" LOOP AND THEN RESTARTS THE LOOP AGAIN
000000  1               ; 		AND AGAIN WON'T USE UP 18 BYTES OF STACK
000000  1               ; 		SPACE EVERY TIME. THE "NEXT" CODE ALSO
000000  1               ; 		CALLS "FNDFOR" TO SEARCH FOR A "FOR" ENTRY WITH
000000  1               ; 		THE LOOP VARIABLE IN
000000  1               ; 		THE "NEXT". AT WHATEVER POINT A MATCH IS FOUND
000000  1               ; 		THE STACK IS RESET. IF NO MATCH IS FOUND A
000000  1               ; 		"NEXT WITHOUT FOR"  ERROR OCCURS. GOSUB EXECUTION
000000  1               ; 		ALSO PUTS A 5-BYTE ENTRY ON STACK.
000000  1               ; 		WHEN A RETURN IS EXECUTED "FNDFOR" IS
000000  1               ; 		CALLED WITH A VARIABLE POINTER THAT CAN'T
000000  1               ; 		BE MATCHED. WHEN "FNDFOR" HAS RUN
000000  1               ; 		THROUGH ALL THE "FOR" ENTRIES ON THE STACK
000000  1               ; 		IT RETURNS AND THE RETURN CODE MAKES
000000  1               ; 		SURE THE ENTRY THAT WAS STOPPED
000000  1               ; 		ON IS A GOSUB ENTRY. THIS ASSURES THAT
000000  1               ; 		IF YOU GOSUB TO A SECTION OF CODE
000000  1               ; 		IN WHICH A FOR LOOP IS ENTERED BUT NEVER
000000  1               ; 		EXITED THE RETURN WILL STILL BE
000000  1               ; 		ABLE TO FIND THE MOST RECENT
000000  1               ; 		GOSUB ENTRY. THE "RETURN" CODE ELIMINATES THE
000000  1               ; 		"GOSUB" ENTRY AND ALL "FOR" ENTRIES MADE AFTER
000000  1               ; 		THE GOSUB ENTRY.
000000  1               ;
000000  1               ; 	NON-RUNTIME STUFF
000000  1               ; 		THE CODE TO INPUT A LINE, CRUNCH IT, GIVE ERRORS,
000000  1               ; 		FIND A SPECIFIC LINE IN THE PROGRAM,
000000  1               ; 		PERFORM A "NEW", "CLEAR", AND "LIST" ARE
000000  1               ; 		ALL IN THIS AREA. GIVEN THE EXPLANATION OF
000000  1               ; 		PROGRAM STORAGE SET FORTH ABOVE, THESE ARE
000000  1               ; 		ALL STRAIGHTFORWARD.
000000  1               ;
000000  1               ; 	NEWSTT
000000  1               ; 		WHENEVER A STATEMENT FINISHES EXECUTION IT
000000  1               ; 		DOES A "RTS" WHICH TAKES
000000  1               ; 		EXECUTION BACK TO "NEWSTT". STATEMENTS THAT
000000  1               ; 		CREATE OR LOOK AT SEMI-PERMANENT STACK ENTRIES
000000  1               ; 		MUST GET RID OF THE RETURN ADDRESS OF "NEWSTT" AND
000000  1               ; 		JMP TO "NEWSTT" WHEN DONE. "NEWSTT" ALWAYS
000000  1               ; 		CHRGETS THE FIRST CHARACTER AFTER THE STATEMENT
000000  1               ; 		NAME BEFORE DISPATCHING. WHEN RETURNING
000000  1               ; 		BACK TO "NEWSTT" THE ONLY THING THAT
000000  1               ; 		MUST BE SET UP IS THE TEXT POINTER IN
000000  1               ; 		"TXTPTR". "NEWSTT" WILL CHECK TO MAKE SURE
000000  1               ; 		"TXTPTR" IS POINTING TO A STATEMENT TERMINATOR.
000000  1               ; 		IF A STATEMENT SHOULDN'T BE PERFORMED UNLESS
000000  1               ; 		IT IS PROPERLY FORMATTED (I.E. "NEW") IT CAN
000000  1               ; 		SIMPLY DO A RETURN AFTER READING ALL OF
000000  1               ; 		ITS ARGUMENTS. SINCE THE ZERO FLAG
000000  1               ; 		BEING OFF INDICATES THERE IS NOT
000000  1               ; 		A STATEMENT TERMINATOR "NEWSTT" WILL
000000  1               ; 		DO THE JMP TO THE "SYNTAX ERROR"
000000  1               ; 		ROUTINE. IF A STATEMENT SHOULD BE STARTED
000000  1               ; 		OVER IT CAN DO LDWD OLDTXT, STWD TXTPTR RTS SINCE THE TEXT PNTR
000000  1               ; 		AT "NEWSTT" IS ALWAYS STORED IN "OLDTXT".
000000  1               ; 		THE ^C CODE STORES [CURLIN] (THE
000000  1               ; 		CURRENT LINE NUMBER) IN "OLDLIN" SINCE THE ^C CHECK
000000  1               ; 		IS MADE BEFORE THE STATEMENT POINTED TO IS
000000  1               ; 		EXECUTED. "STOP" AND "END" STORE THE TEXT POINTER
000000  1               ; 		FROM "TXTPTR", WHICH POINTS AT THEIR TERMINATING
000000  1               ; 		CHARACTER, IN "OLDTXT".
000000  1               ;
000000  1               ; 	STATEMENT CODE
000000  1               ; 		THE INDIVIDUAL STATEMENT CODE COMES
000000  1               ; 		NEXT. THE APPROACH USED IN EXECUTING EACH
000000  1               ; 		STATEMENT IS DOCUMENTED IN THE STATEMENT CODE
000000  1               ; 		ITSELF.
000000  1               ;
000000  1               ; 	FRMEVL, THE FORMULA EVALUATOR
000000  1               ; 		GIVEN A TEXT POINTER POINTING TO THE STARTING
000000  1               ; 		CHARACTER OF A FORMULA, "FRMEVL"
000000  1               ; 		EVALUATES THE FORMULA AND LEAVES
000000  1               ; 		THE VALUE IN THE FLOATING ACCUMULATOR (FAC).
000000  1               ; 		"TXTPTR" IS RETURNED POINTING TO THE FIRST CHARACTER
000000  1               ; 		THAT COULD NOT BE INTERPRETED AS PART OF THE
000000  1               ; 		FORMULA. THE ALGORITHM USES THE STACK
000000  1               ; 		TO STORE TEMPORARY RESULTS:
000000  1               ;
000000  1               ; 			0. PUT A DUMMY PRECEDENCE OF ZERO ON
000000  1               ; 				THE STACK.
000000  1               ; 			1. READ LEXEME (CONSTANT,FUNCTION,
000000  1               ; 				VARIABLE,FORMULA IN PARENS)
000000  1               ; 				AND TAKE THE LAST PRECEDENCE VALUE
000000  1               ; 				OFF THE STACK.
000000  1               ; 			2. SEE IF THE NEXT CHARACTER IS AN OPERATOR.
000000  1               ; 				IF NOT, CHECK PREVIOUS ONE. THIS MAY CAUSE
000000  1               ; 				OPERATOR APPLICATION OR AN ACTUAL
000000  1               ; 				RETURN FROM "FRMEVL".
000000  1               ; 			3. IF IT IS, SEE WHAT PRECEDENCE IT HAS
000000  1               ; 				AND COMPARE IT TO THE PRECEDENCE
000000  1               ; 				OF THE LAST OPERATOR ON THE STACK.
000000  1               ; 			4. IF = OR LESS REMEMBER THE OPERATOR
000000  1               ; 				POINTER OF THIS OPERATOR
000000  1               ; 				AND BRANCH TO "QCHNUM" TO CAUSE
000000  1               ; 				APPLICATION OF THE LAST OPERATOR.
000000  1               ; 				EVENTUALLY RETURN TO STEP 2
000000  1               ; 				BY RETURNING TO JUST AFTER "DOPREC".
000000  1               ; 			5. IF GREATER PUT THE LAST PRECEDENCE
000000  1               ; 				BACK ON, SAVE THE OPERATOR ADDRESS,
000000  1               ; 				CURRENT TEMPORARY RESULT,
000000  1               ; 				AND PRECEDENCE AND RETURN TO STEP 1.
000000  1               ;
000000  1               ; 		RELATIONAL OPERATORS ARE ALL HANDLED THROUGH
000000  1               ; 		A COMMON ROUTINE. SPECIAL
000000  1               ; 		CARE IS TAKEN TO DETECT TYPE MISMATCHES SUCH AS 3+'F'.
000000  1               ;
000000  1               ; 	EVAL -- THE ROUTINE TO READ A LEXEME
000000  1               ; 		"EVAL" CHECKS FOR THE DIFFERENT TYPES OF
000000  1               ; 		ENTITIES IT IS SUPPOSED TO DETECT.
000000  1               ; 		LEADING PLUSES ARE IGNORED,
000000  1               ; 		DIGITS AND '.' CAUSE "FIN" (FLOATING INPUT)
000000  1               ; 		TO BE CALLED. FUNCTION NAMES CAUSE THE
000000  1               ; 		FORMULA INSIDE THE PARENTHESES TO BE EVALUATED
000000  1               ; 		AND THE FUNCTION ROUTINE TO BE CALLED. VARIABLE
000000  1               ; 		NAMES CAUSE "PTRGET" TO BE CALLED TO GET A POINTER
000000  1               ; 		TO THE VALUE, AND THEN THE VALUE IS PUT INTO
000000  1               ; 		THE FAC. AN OPEN PARENTHESIS CAUSES "FRMEVL"
000000  1               ; 		TO BE CALLED (RECURSIVELY), AND THE ')' TO
000000  1               ; 		BE CHECKED FOR. UNARY OPERATORS (NOT AND
000000  1               ; 		NEGATION)  PUT THEIR PRECEDENCE ON THE STACK
000000  1               ; 		AND ENTER FORMULA EVALUATION AT STEP 1, SO
000000  1               ; 		THAT EVERYTHING UP TO AN OPERATOR GREATER THAN
000000  1               ; 		THEIR PRECEDENCE OR THE END OF THE FORMULA
000000  1               ; 		WILL BE EVALUATED.
000000  1               ;
000000  1               ; 	DIMENSION AND VARIABLE SEARCHING
000000  1               ; 		SPACE IS ALLOCATED FOR VARIABLES AS THEY ARE
000000  1               ; 		ENCOUNTERED. THUS "DIM" STATEMENTS MUST BE
000000  1               ; 		EXECUTED TO HAVE EFFECT. 6 BYTES ARE ALLOCATED
000000  1               ; 		FOR EACH SIMPLE VARIABLE, WHETHER IT IS A STRING,
000000  1               ; 		NUMBER OR USER DEFINED FUNCTION. THE FIRST TWO
000000  1               ; 		BYTES GIVE THE NAME OF THE VARIABLE AND THE LAST FOUR
000000  1               ; 		GIVE ITS VALUE. [VARTAB] GIVES THE FIRST LOCATION
000000  1               ; 		WHERE A SIMPLE VARIABLE NAME IS FOUND AND [ARYTAB]
000000  1               ; 		GIVES THE LOCATION TO STOP SEARCHING FOR SIMPLE
000000  1               ; 		VARIABLES. A "FOR" ENTRY HAS A TEXT POINTER
000000  1               ; 		AND A POINTER TO A VARIABLE VALUE SO NEITHER
000000  1               ; 		THE PROGRAM OR THE SIMPLE VARIABLES CAN BE
000000  1               ; 		MOVED WHILE THERE ARE ACTIVE "FOR" ENTRIES ON THE STACK.
000000  1               ; 		USER DEFINED FUNCTION VALUES ALSO CONTAIN
000000  1               ; 		POINTERS INTO SIMPLE VARIABLE SPACE SO NO USER-DEFINED
000000  1               ; 		FUNCTION VALUES CAN BE RETAINED IF SIMPLE VARIABLES
000000  1               ; 		ARE MOVED. ADDING A SIMPLE VARIABLE IS JUST
000000  1               ; 		ADDING SIX TO [ARYTAB] AND [STREND], BLOCK TRANSFERING
000000  1               ; 		THE ARRAY VARIABLES UP BY SIX AND MAKING SURE THE
000000  1               ; 		NEW [STREND] IS NOT TOO CLOSE TO THE STRINGS.
000000  1               ; 		THIS MOVEMENT OF ARRAY VARIABLES MEANS
000000  1               ; 		THAT NO POINTER TO AN ARRAY WILL STAY VALID WHEN
000000  1               ; 		NEW SIMPLE VARIABLES CAN BE ENCOUNTERED. THIS IS
000000  1               ; 		WHY ARRAY VARIABLES ARE NOT ALLOWED FOR "FOR"
000000  1               ; 		LOOP VARIABLES. SETTING UP A NEW ARRAY VARIABLE
000000  1               ; 		MERELY INVOLVES BUILDING THE DESCRIPTOR,
000000  1               ; 		UPDATING [STREND], AND MAKING SURE THERE IS
000000  1               ; 		STILL ENOUGH ROOM BETWEEN [STREND] AND STRING SPACE.
000000  1               ; 		"PTRGET", THE ROUTINE WHICH RETURNS A POINTER
000000  1               ; 		TO A VARIABLE VALUE, HAS TWO IMPORTANT FLAGS. ONE IS
000000  1               ; 		"DIMFLG" WHICH INDICATES WHETHER "DIM" CALLED "PTRGET"
000000  1               ; 		OR NOT. IF SO, NO PRIOR ENTRY FOR THE VARIABLE IN
000000  1               ; 		QUESTION SHOULD BE FOUND, AND THE INDEX INDICATES
000000  1               ; 		HOW MUCH SPACE TO SET ASIDE. SIMPLE VARIABLES CAN
000000  1               ; 		BE "DIMENSIONED", BUT THE ONLY EFFECT WILL BE TO
000000  1               ; 		SET ASIDE SPACE FOR THE VARIABLE IF IT HASN'T BEEN
000000  1               ; 		ENCOUNTERED YET. THE OTHER IMPORTANT FLAG IS "SUBFLG"
000000  1               ; 		WHICH INDICATES WHETHER A SUBSCRIPTED VARIABLE SHOULD BE
000000  1               ; 		ALLOWED IN THE CURRENT CONTEXT. IF [SUBFLG] IS NON-ZERO
000000  1               ; 		THE OPEN PARENTHESIS FOR A SUBSCRIPTED VARIABLE
000000  1               ; 		WILL NOT BE SCANNED BY "PTRGET", AND "PTRGET" WILL RETURN
000000  1               ; 		WITH A TEXT POINTER POINTING TO THE '(', IF
000000  1               ; 		THERE WAS ONE.
000000  1               ; 	STRINGS
000000  1               ; 		IN THE VARIABLE TABLES STRINGS ARE STORED JUST LIKE
000000  1               ; 		NUMERIC VARIABLES. SIMPLE STRINGS HAVE THREE VALUE
000000  1               ; 		BYTES WHICH ARE INITIALIZED TO ALL ZEROS (WHICH
000000  1               ; 		REPRESENTS THE NULL STRING). THE ONLY DIFFERENCE
000000  1               ; 		IN HANDLING IS THAT WHEN "PTRGET" SEES A '$' AFTER THE
000000  1               ; 		NAME OF A VARIABLE, "PTRGET" SETS [VALTYP]
000000  1               ; 		TO NEGATIVE ONE AND TURNS
000000  1               ; 		ON THE MSB (MOST-SIGNIFIGANT-BIT) OF THE VALUE OF
000000  1               ; 		THE FIRST CHARACTER OF THE VARIABLE NAME.
000000  1               ; 		HAVING THIS BIT ON IN THE NAME OF THE VARIABLE ENSURES
000000  1               ; 		THAT THE SEARCH ROUTINE WILL NOT MATCH
000000  1               ; 		'A' WITH 'A$' OR 'A$' WITH 'A'. THE MEANING OF
000000  1               ; 		THE THREE VALUE BYTES ARE:
000000  1               ; 			LOW
000000  1               ; 				LENGTH OF THE STRING
000000  1               ; 				LOW 8 BITS
000000  1               ; 				HIGH 8 BITS  OF THE ADDRESS
000000  1               ; 					OF THE CHARACTERS IN THE
000000  1               ; 					STRING IF LENGTH.NE.0.
000000  1               ; 					MEANINGLESS OTHERWISE.
000000  1               ; 			HIGH
000000  1               ; 		THE VALUE OF A STRING VARIABLE (THESE 3 BYTES)
000000  1               ; 		IS CALLED THE STRING DESCRIPTOR TO DISTINGUISH
000000  1               ; 		IT FROM THE ACTUAL STRING DATA. WHENEVER A
000000  1               ; 		STRING CONSTANT IS ENCOUNTERED IN A FORMULA OR AS
000000  1               ; 		PART OF AN INPUT STRING, OR AS PART OF DATA, "STRLIT"
000000  1               ; 		IS CALLED, CAUSING A DESCRIPTOR TO BE BUILT FOR
000000  1               ; 		THE STRING. WHEN ASSIGNMENT IS MADE TO A STRING POINTING INTO
000000  1               ; 		"BUF" THE VALUE IS COPIED INTO STRING SPACE SINCE [BUF]
000000  1               ; 		IS ALWAYS CHANGING.
000000  1               ;
000000  1               ; 		STRING FUNCTIONS AND THE ONE STRING OPERATOR '+'
000000  1               ; 		ALWAYS RETURN THEIR VALUES IN STRING SPACE.
000000  1               ; 		ASSIGNING A STRING A CONSTANT VALUE IN A PROGRAM
000000  1               ; 		THROUGH A "READ" OR ASSIGNMENT STATEMENT
000000  1               ; 		WILL NOT USE ANY STRING SPACE SINCE
000000  1               ; 		THE STRING DESCRIPTOR  WILL POINT INTO THE
000000  1               ; 		PROGRAM ITSELF. IN GENERAL, COPYING IS DONE
000000  1               ; 		WHEN A STRING VALUE IS IN "BUF", OR IT IS IN STRING
000000  1               ; 		SPACE AND THERE IS AN ACTIVE POINTER TO IT.
000000  1               ; 		THUS F$=G$ WILL CAUSE COPYING IF G$ HAS ITS
000000  1               ; 		STRING DATA IN STRING SPACE. F$=CHR$(7)
000000  1               ; 		WILL USE ONE BYTE OF STRING SPACE TO STORE THE
000000  1               ; 		NEW ONE CHARACTER STRING CREATED BY "CHR$", BUT
000000  1               ; 		THE ASSIGNMENT ITSELF WILL CAUSE NO COPYING SINCE
000000  1               ; 		THE ONLY POINTER AT THE NEW STRING IS A
000000  1               ; 		TEMPORARY DESCRIPTOR CREATED BY "FRMEVL" WHICH WILL
000000  1               ; 		GO AWAY AS SOON AS THE ASSIGNMENT IS DONE.
000000  1               ; 		IT IS THE NATURE OF GARBAGE COLLECTION THAT
000000  1               ; 		DISALLOWS HAVING TWO STRING DESCRIPTORS POINT TO THE SAME
000000  1               ; 		AREA IN STRING SPACE. STRING FUNCTIONS AND OPERATORS
000000  1               ; 		MUST PROCEED AS FOLLOWS:
000000  1               ; 			1) FIGURE OUT THE LENGTH OF THEIR RESULT.
000000  1               ;
000000  1               ; 			2) CALL "GETSPA" TO FIND SPACE FOR THEIR
000000  1               ; 			RESULT. THE ARGUMENTS TO THE FUNCTION
000000  1               ; 			OR OPERATOR MAY CHANGE SINCE GARBAGE COLLECTION
000000  1               ; 			MAY BE INVOKED. THE ONLY THING THAT CAN
000000  1               ; 			BE SAVED DURING THE CALL TO "GETSPA" IS A POINTER
000000  1               ; 			TO THE DESCRIPTORS OF THE ARGUMENTS.
000000  1               ; 			3) CONSTRUCT THE RESULT DESCRIPTOR IN "DSCTMP".
000000  1               ; 			"GETSPA" RETURNS THE LOCATION OF THE AVAILABLE
000000  1               ; 			SPACE.
000000  1               ; 			4) CREATE THE NEW VALUE BY COPYING PARTS
000000  1               ; 			OF THE ARGUMENTS OR WHATEVER.
000000  1               ; 			5) FREE UP THE ARGUMENTS BY CALLING "FRETMP".
000000  1               ; 			6) JUMP TO "PUTNEW" TO GET THE DESCRIPTOR IN
000000  1               ; 			"DSCTMP" TRANSFERRED INTO A NEW STRING TEMPORARY.
000000  1               ;
000000  1               ; 		THE REASON FOR STRING TEMPORARIES IS THAT GARBAGE
000000  1               ; 		COLLECTION HAS TO KNOW ABOUT ALL ACTIVE STRING DESCRIPTORS
000000  1               ; 		SO IT KNOWS WHAT IS AND ISN'T IN USE. STRING TEMPORARIES ARE
000000  1               ; 		USED TO STORE THE DESCRIPTORS OF STRING EXPRESSIONS.
000000  1               ;
000000  1               ; 		INSTEAD OF HAVING AN ACTUAL VALUE STORED IN THE
000000  1               ; 		FAC, AND HAVING THE VALUE OF A TEMPORARY RESULT
000000  1               ; 		BEING SAVED ON THE STACK, AS HAPPENS WITH NUMERIC
000000  1               ; 		VARIABLES, STRINGS HAVE THE POINTER TO A STRING DESCRIPTOR
000000  1               ; 		STORED IN THE FAC, AND IT IS THIS POINTER
000000  1               ; 		THAT GETS SAVED ON THE STACK BY FORMULA EVALUATION.
000000  1               ; 		STRING FUNCTIONS CANNOT FREE THEIR ARGUMENTS UP RIGHT
000000  1               ; 		AWAY SINCE "GETSPA" MAY FORCE
000000  1               ; 		GARBAGE COLLECTION AND THE ARGUMENT STRINGS
000000  1               ; 		MAY BE OVER-WRITTEN SINCE GARBAGE COLLECTION
000000  1               ; 		WILL NOT BE ABLE TO FIND AN ACTIVE POINTER TO
000000  1               ; 		THEM. FUNCTION AND OPERATOR RESULTS ARE BUILT IN
000000  1               ; 		"DSCTMP" SINCE STRING TEMPORARIES ARE ALLOCATED
000000  1               ; 		(PUTNEW) AND DEALLOCATED (FRETMP) IN A FIFO ORDERING
000000  1               ; 		(I.E. A STACK) SO THE NEW TEMPORARY CANNOT
000000  1               ; 		BE SET UP UNTIL THE OLD ONE(S) ARE FREED. TRYING
000000  1               ; 		TO BUILD A RESULT IN A TEMPORARY AFTER
000000  1               ; 		FREEING UP THE ARGUMENT TEMPORARIES COULD RESULT
000000  1               ; 		IN ONE OF THE ARGUMENT TEMPORARIES BEING OVERWRITTEN
000000  1               ; 		TOO SOON BY THE NEW RESULT.
000000  1               ;
000000  1               ; 		STRING SPACE IS ALLOCATED AT THE VERY TOP
000000  1               ; 		OF MEMORY. "MEMSIZ" POINTS BEYOND THE LAST LOCATION OF
000000  1               ; 		STRING SPACE. STRINGS ARE STORED IN HIGH LOCATIONS
000000  1               ; 		FIRST. WHENEVER STRING SPACE IS ALLOCATED (GETSPA).
000000  1               ; 		[FRETOP], WHICH IS INITIALIZED TO [MEMSIZ], IS UPDATED
000000  1               ; 		TO GIVE THE HIGHEST LOCATION IN STRING SPACE
000000  1               ; 		THAT IS NOT IN USE. THE RESULT IS THAT
000000  1               ; 		[FRETOP] GETS SMALLER AND SMALLER, UNTIL SOME
000000  1               ; 		ALLOCATION WOULD MAKE [FRETOP] LESS THAN OR EQUAL TO
000000  1               ; 		[STREND]. THIS MEANS STRING SPACE HAS RUN INTO THE
000000  1               ; 		THE ARRAYS AND THAT GARBAGE COLLECTION MUST BE CALLED.
000000  1               ;
000000  1               ; 		GARBAGE COLLECTION:
000000  1               ; 			0. [MINPTR]=[STREND] [FRETOP]=[MEMSIZ]
000000  1               ; 			1. [REMMIN]=0
000000  1               ; 			2. FOR EACH STRING DESCRIPTOR
000000  1               ; 			(TEMPORARIES, SIMPLE STRINGS, STRING ARRAYS)
000000  1               ; 			IF THE STRING IS NOT NULL AND ITS POINTER IS
000000  1               ; 			.GT.MINPTR AND .LT.FRETOP,
000000  1               ; 			[MINPTR]=THIS STRING DESCRIPTOR'S POINTER,
000000  1               ; 			[REMMIN]=POINTER AT THIS STRING DESCRIPTOR.
000000  1               ; 			END.
000000  1               ; 			3. IF REMMIN.NE.0 (WE FOUND AN UNCOLLECTED STRING),
000000  1               ; 			BLOCK TRANSFER THE STRING DATA POINTED
000000  1               ; 			TO IN THE STRING DESCRIPTOR POINTED TO BY "REMMIN"
000000  1               ; 			SO THAT THE LAST BYTE OF STRING DATA IS AT
000000  1               ; 			[FRETOP]. UPDATE [FRETOP] SO THAT IT
000000  1               ; 			POINTS TO THE LOCATION JUST BELOW THE ONE
000000  1               ; 			THE STRING DATA WAS MOVED INTO. UPDATE
000000  1               ; 			THE POINTER IN THE DESCRIPTOR SO IT POINTS
000000  1               ; 			TO THE NEW LOCATION OF THE STRING DATA.
000000  1               ; 			GO TO STEP 1.
000000  1               ;
000000  1               ; 		AFTER CALLING GARBAGE COLLECTION "GETSPA" AGAIN CHECKS
000000  1               ; 		TO SEE IF [ACCA] CHARACTERS ARE AVAILABLE BETWEEN
000000  1               ; 		[STREND] AND [FRETOP]; IF NOT, AN "OUT OF STRING"
000000  1               ; 		ERROR IS INVOKED.
000000  1               ;
000000  1               ; 	MATH PACKAGE
000000  1               ; 		THE MATH PACKAGE CONTAINS FLOATING INPUT (FIN),
000000  1               ; 		FLOATING OUTPUT (FOUT), FLOATING COMPARE (FCOMP)
000000  1               ; 		... AND ALL THE NUMERIC OPERATORS AND FUNCTIONS.
000000  1               ; 		THE FORMATS, CONVENTIONS AND ENTRY POINTS ARE ALL
000000  1               ; 		DESCRIBED IN THE MATH PACKAGE ITSELF.
000000  1               ;
000000  1               ; 	INIT -- THE INITIALIZATION ROUTINE
000000  1               ; 		THE AMOUNT OF MEMORY,
000000  1               ; 		TERMINAL WIDTH, AND WHICH FUNCTIONS TO BE RETAINED
000000  1               ; 		ARE ASCERTAINED FROM THE USER. A ZERO IS PUT DOWN
000000  1               ; 		AT THE FIRST LOCATION NOT USED BY THE MATH-PACKAGE
000000  1               ; 		AND [TXTTAB] IS SET UP TO POINT AT THE NEXT LOCATION.
000000  1               ; 		THIS DETERMINES WHERE PROGRAM STORAGE WILL START.
000000  1               ; 		SPECIAL CHECKS ARE MADE TO MAKE SURE
000000  1               ; 		ALL QUESTIONS IN "INIT" ARE ANSWERED REASONABLY, SINCE
000000  1               ; 		ONCE "INIT" FINISHES, THE LOCATIONS IT USES ARE
000000  1               ; 		USED FOR PROGRAM STORAGE. THE LAST THING "INIT" DOES IS
000000  1               ; 		CHANGE LOCATION ZERO TO BE A JUMP TO "READY" INSTEAD
000000  1               ; 		OF "INIT". ONCE THIS IS DONE THERE IS NO WAY TO RESTART
000000  1               ; 		"INIT".
000000  1               ; HIGH LOCATIONS
000000  1               ;
000000  1               ; *
000000  1               ; PAGE
000000  1               ; SUBTTL	PAGE ZERO.
000000  1               .if REALIO-3 <> 0
000000  1               
000000  1  4C CF EF     START: JMP INIT
000003  1               
000003  1               
000003  1               
000003  1  4C CF EF     RDYJSR: JMP INIT
000006  1               
000006  1  AE DF        ADRAYI: .word AYINT
000008  1               
000008  1               
000008  1  84 E1        ADRGAY: .word GIVAYF
00000A  1               .endif
00000A  1               ;ROUTINE TO CONVERT [Y,A] TO A FLOATING
00000A  1               ;POINT NUMBER IN THE FAC.
00000A  1               .if ROMSW <> 0
00000A  1               
00000A  1  4C 3A E0     USRPOK: JMP FCERR
00000D  1               .endif
00000D  1               ;
00000D  1               ; THIS IS THE "VOLATILE" STORAGE AREA AND NONE OF IT
00000D  1               ; CAN BE KEPT IN ROM. ANY CONSTANTS IN THIS AREA CANNOT
00000D  1               ; BE KEPT IN A ROM, BUT MUST BE LOADED IN BY THE
00000D  1               ; PROGRAM INSTRUCTIONS IN ROM.
00000D  1               ;
00000D  1               ; --- GENERAL RAM ---:
00000D  1  xx           CHARAC: .res 1 ;A DELIMITING CHARACTER.
00000E  1               ;A ONE-BYTE INTEGER FROM "QINT".
00000E  1               .undef INTEGR
00000E  1               .define INTEGR CHARAC
00000E  1  xx           ENDCHR: .res 1 ;THE OTHER DELIMITING CHARACTER.
00000F  1  xx           COUNT: .res 1 ;A GENERAL COUNTER.
000010  1               
000010  1               ; --- FLAGS ---:
000010  1  xx           DIMFLG: .res 1 ;IN GETTING A POINTER TO A VARIABLE
000011  1               ;IT IS IMPORTANT TO REMEMBER WHETHER IT
000011  1               ;IS BEING DONE FOR "DIM" OR NOT.
000011  1               ;DIMFLG AND VALTYP MUST BE
000011  1               ;CONSECUTIVE LOCATIONS.
000011  1               ;PLACE TO PRESERVE Y DURING OUT.
000011  1               .undef KIMY
000011  1               .define KIMY DIMFLG
000011  1  xx           VALTYP: .res 1 ;THE TYPE INDICATOR.
000012  1               ;0=NUMERIC 1=STRING.
000012  1               .if INTPRC <> 0
000012  1               
000012  1  xx           INTFLG: .res 1
000013  1               .endif
000013  1  xx           DORES: .res 1 ;WHETHER CAN OR CAN'T CRUNCH RES'D WORDS.
000014  1               ;TURNED ON WHEN "DATA"
000014  1               ;BEING SCANNED BY CRUNCH SO UNQUOTED
000014  1               ;STRINGS WON'T BE CRUNCHED.
000014  1               ;WHETHER TO DO GARBAGE COLLECTION.
000014  1               .undef GARBFL
000014  1               .define GARBFL DORES
000014  1  xx           SUBFLG: .res 1 ;FLAG WHETHER SUB'D VARIABLE ALLOWED.
000015  1               ;"FOR" AND USER-DEFINED FUNCTION
000015  1               ;POINTER FETCHING TURN
000015  1               ;THIS ON BEFORE CALLING "PTRGET"
000015  1               ;SO ARRAYS WON'T BE DETECTED.
000015  1               ;"STKINI" AND "PTRGET" CLEAR IT.
000015  1               ;ALSO DISALLOWS INTEGERS THERE.
000015  1  xx           INPFLG: .res 1 ;FLAGS WHETHER WE ARE DOING "INPUT"
000016  1               ;OR "READ".
000016  1  xx           TANSGN: .res 1 ;USED IN DETERMINING SIGN OF TANGENT.
000017  1               .if REALIO <> 0
000017  1               
000017  1  xx           CNTWFL: .res 1
000018  1               .endif
000018  1               ;NON-ZERO MEANS SUPPRESS.
000018  1               ;RESET BY "INPUT", READY AND ERRORS.
000018  1               ;COMPLEMENTED BY INPUT OF ^O.
000018  1               
000018  1               .if REALIO-4 = 0
000018  1               .org 80
000050  1               .endif
000050  1               ; --- RAM DEALING WITH TERMINAL HANDLING ---:
000050  1               .if EXTIO <> 0
000050  1               
000050  1               CHANNL: .res 1
000050  1               .endif
000050  1               .if NULCMD <> 0
000050  1               
000050  1               NULCNT: .byte 0
000050  1               .endif
000050  1               .if REALIO-3 <> 0
000050  1               
000050  1  xx           TRMPOS: .res 1
000051  1               .endif
000051  1  28           LINWID: .byte LINLEN ;LENGTH OF LINE (WIDTH).
000052  1  1E           NCMWID: .byte NCMPOS ;POSITION BEYOND WHICH THERE ARE
000053  1               ;NO MORE FIELDS.
000053  1  00           LINNUM: .byte 0 ;LOCATION TO STORE LINE NUMBER BEFORE BUF
000054  1               ;SO THAT "BLTUC" CAN STORE IT ALL AWAY AT ONCE.
000054  1  2C           .byte 44 ;A COMMA (PRELOAD OR FROM ROM)
000055  1               ;USED BY INPUT STATEMENT SINCE THE
000055  1               ;DATA POINTER ALWAYS STARTS ON A
000055  1               ;COMMA OR TERMINATOR.
000055  1               .if BUFPAG = 0
000055  1               
000055  1               .undef BUF
000055  1               BUF: .res BUFLEN
000055  1               .endif
000055  1               ;DIRECT STATEMENTS EXECUTE OUT OF
000055  1               ;HERE. REMEMBER "INPUT" SMASHES BUF.
000055  1               ;MUST BE ON PAGE ZERO
000055  1               ;OR ASSIGNMENT OF STRING
000055  1               ;VALUES IN DIRECT STATEMENTS WON'T COPY
000055  1               ;INTO STRING SPACE -- WHICH IT MUST.
000055  1               ;N.B. TWO NONZERO BYTES MUST PRECEDE "BUFLNM".
000055  1               
000055  1               ; --- STORAGE FOR TEMPORARY THINGS ---:
000055  1  xx           TEMPPT: .res 1 ;POINTER AT FIRST FREE TEMP DESCRIPTOR.
000056  1               ;INITIALIZED TO POINT TO TEMPST.
000056  1  xx xx        LASTPT: .res 2 ;POINTER TO LAST-USED STRING TEMPORARY.
000058  1  xx xx xx xx  TEMPST: .res STRSIZ*NUMTMP ;STORAGE FOR NUMTMP TEMP DESCRIPTORS.
00005C  1  xx xx xx xx  
000060  1  xx           
000061  1  xx xx        INDEX1: .res 2 ;INDEXES.
000063  1               .undef INDEX
000063  1               .define INDEX INDEX1
000063  1  xx xx        INDEX2: .res 2
000065  1  xx           RESHO: .res 1 ;RESULT OF MULTIPLIER AND DIVIDER.
000066  1               .if ADDPRC <> 0
000066  1               
000066  1  xx           RESMOH: .res 1
000067  1               .endif
000067  1  xx           RESMO: .res 1
000068  1  xx           RESLO: .res 1
000069  1               ;TEMPORARY USED BY "UMULT".
000069  1               .undef ADDEND
000069  1               .define ADDEND RESMO
000069  1  00           .byte 0 ;OVERFLOW FOR RES.
00006A  1               
00006A  1               ; --- POINTERS INTO DYNAMIC DATA STRUCTURES ---;
00006A  1  xx xx        TXTTAB: .res 2 ;POINTER TO BEGINNING OF TEXT.
00006C  1               ;DOESN'T CHANGE AFTER BEING
00006C  1               ;SETUP BY "INIT".
00006C  1  xx xx        VARTAB: .res 2 ;POINTER TO START OF SIMPLE
00006E  1               ;VARIABLE SPACE.
00006E  1               ;UPDATED WHENEVER THE SIZE OF THE
00006E  1               ;PROGRAM CHANGES, SET TO [TXTTAB]
00006E  1               ;BY "SCRATCH" ("NEW").
00006E  1  xx xx        ARYTAB: .res 2 ;POINTER TO BEGINNING OF ARRAY
000070  1               ;TABLE.
000070  1               ;INCREMENTED BY 6 WHENEVER
000070  1               ;A NEW SIMPLE VARIABLE IS FOUND, AND
000070  1               ;SET TO [VARTAB] BY "CLEARC".
000070  1  xx xx        STREND: .res 2 ;END OF STORAGE IN USE.
000072  1               ;INCREASED WHENEVER A NEW ARRAY
000072  1               ;OR SIMPLE VARIABLE IS ENCOUNTERED.
000072  1               ;SET TO [VARTAB] BY "CLEARC".
000072  1  xx xx        FRETOP: .res 2 ;TOP OF STRING FREE SPACE.
000074  1  xx xx        FRESPC: .res 2 ;POINTER TO NEW STRING.
000076  1  xx xx        MEMSIZ: .res 2 ;HIGHEST LOCATION IN MEMORY.
000078  1               
000078  1               ; --- LINE NUMBERS AND TEXTUAL POINTERS ---:
000078  1  xx xx        CURLIN: .res 2 ;CURRENT LINE #.
00007A  1               ;SET TO 0,255 FOR DIRECT STATEMENTS.
00007A  1  xx xx        OLDLIN: .res 2 ;OLD LINE NUMBER (SETUP BY ^C,"STOP"
00007C  1               ;OR "END" IN A PROGRAM).
00007C  1               ;SET UP LOCATION USED BY POKE.
00007C  1               .undef POKER
00007C  1               .define POKER LINNUM
00007C  1               ;TEMPORARY FOR INPUT AND READ CODE
00007C  1  xx xx        OLDTXT: .res 2 ;OLD TEXT POINTER.
00007E  1               ;POINTS AT STATEMENT TO BE EXEC'D NEXT.
00007E  1  xx xx        DATLIN: .res 2 ;DATA LINE # -- REMEMBER FOR ERRORS.
000080  1  xx xx        DATPTR: .res 2 ;POINTER TO DATA. INITIALIZED TO POINT
000082  1               ;AT THE ZERO IN FRONT OF [TXTTAB]
000082  1               ;BY "RESTORE" WHICH IS CALLED BY "CLEARC".
000082  1               ;UPDATED BY EXECUTION OF A "READ".
000082  1  xx xx        INPPTR: .res 2 ;THIS REMEMBERS WHERE INPUT IS COMING FROM.
000084  1               
000084  1               ; --- STUFF USED IN EVALUATIONS ---:
000084  1  xx xx        VARNAM: .res 2 ;VARIABLE'S NAME IS STORED HERE.
000086  1  xx xx        VARPNT: .res 2 ;POINTER TO VARIABLE IN MEMORY.
000088  1               ;POINTER INTO POWER OF TENS OF "FOUT".
000088  1               .undef FDECPT
000088  1               .define FDECPT VARPNT
000088  1  xx xx        FORPNT: .res 2 ;A VARIABLE'S POINTER FOR "FOR" LOOPS
00008A  1               ;AND "LET" STATEMENTS.
00008A  1               ;PNTR TO LIST STRING.
00008A  1               .undef LSTPNT
00008A  1               .define LSTPNT FORPNT
00008A  1               ;THE MASK USED BY WAIT FOR ANDING.
00008A  1               .undef ANDMSK
00008A  1               .define ANDMSK FORPNT
00008A  1               ;THE MASK FOR EORING IN WAIT.
00008A  1               .undef EORMSK
00008A  1               .define EORMSK FORPNT+1
00008A  1  xx xx        OPPTR: .res 2 ;POINTER TO CURRENT OP'S ENTRY IN "OPTAB".
00008C  1               ;POINTER INTO LIST OF VARIABLES.
00008C  1               .undef VARTXT
00008C  1               .define VARTXT OPPTR
00008C  1  xx           OPMASK: .res 1 ;MASK CREATED BY CURRENT OPERATOR.
00008D  1               ;MASK IN USE BY RELATION OPERATIONS.
00008D  1               .undef DOMASK
00008D  1               .define DOMASK TANSGN
00008D  1  xx xx        DEFPNT: .res 2 ;POINTER USED IN FUNCTION DEFINITION.
00008F  1               ;ANOTHER USED IN GARBAGE COLLECTION.
00008F  1               .undef GRBPNT
00008F  1               .define GRBPNT DEFPNT
00008F  1  xx xx        DSCPNT: .res 2 ;POINTER TO A STRING DESCRIPTOR.
000091  1               .if ADDPRC <> 0
000091  1  xx           .res 1
000092  1               .endif
000092  1  03           FOUR6: .byte STRSIZ ;VARIABLE CONSTANT USED BY GARB COLLECT.
000093  1               
000093  1               ; --- ET CETERA ---:
000093  1  4C 60 EA     JMPER: JMP 60000
000096  1               .undef SIZE
000096  1               .define SIZE JMPER+1
000096  1               ;THE OLD OVERFLOW.
000096  1               .undef OLDOV
000096  1               .define OLDOV JMPER+2
000096  1               ;A THIRD FAC TEMPORARY (4 BYTES).
000096  1               .undef TEMPF3
000096  1               .define TEMPF3 DEFPNT
000096  1               TEMPF1:
000096  1               .if ADDPRC <> 0
000096  1  00           .byte 0
000097  1               .endif
000097  1  xx xx        HIGHDS: .res 2 ;DESINATION OF HIGHEST ELEMENT IN BLT.
000099  1  xx xx        HIGHTR: .res 2 ;SOURCE OF HIGHEST ELEMENT TO MOVE.
00009B  1               TEMPF2:
00009B  1               .if ADDPRC <> 0
00009B  1  00           .byte 0
00009C  1               .endif
00009C  1  xx xx        LOWDS: .res 2 ;LOCATION OF LAST BYTE TRANSFERRED INTO.
00009E  1  xx xx        LOWTR: .res 2 ;LAST THING TO MOVE IN BLT.
0000A0  1               ;A POINTER USED IN ARRAY BUILDING.
0000A0  1               .undef ARYPNT
0000A0  1               .define ARYPNT HIGHDS
0000A0  1               ;A POINTER USED IN GARBAGE COLLECTION.
0000A0  1               .undef GRBTOP
0000A0  1               .define GRBTOP LOWTR
0000A0  1               ;NUMBER OF PLACES BEFORE DECIMAL POINT.
0000A0  1               .undef DECCNT
0000A0  1               .define DECCNT LOWDS
0000A0  1               ;HAS A DPT BEEN INPUT?
0000A0  1               .undef TENEXP
0000A0  1               .define TENEXP LOWDS+1
0000A0  1               ;BASE TEN EXPONENT.
0000A0  1               .undef DPTFLG
0000A0  1               .define DPTFLG LOWTR
0000A0  1               ;SIGN OF BASE TEN EXPONENT.
0000A0  1               .undef EXPSGN
0000A0  1               .define EXPSGN LOWTR+1
0000A0  1               
0000A0  1               ; --- THE FLOATING ACCUMULATOR ---:
0000A0  1               FAC:
0000A0  1  00           FACEXP: .byte 0
0000A1  1  00           FACHO: .byte 0 ;MOST SIGNIFICANT BYTE OF MANTISSA.
0000A2  1               .if ADDPRC <> 0
0000A2  1               
0000A2  1  00           FACMOH: .byte 0
0000A3  1               .endif
0000A3  1  00           FACMO: .byte 0 ;MIDDLE ORDER OF MANTISSA.
0000A4  1  00           FACLO: .byte 0 ;LEAST SIG BYTE OF MANTISSA.
0000A5  1  00           FACSGN: .byte 0 ;SIGN OF FAC (0 OR -1) WHEN UNPACKED.
0000A6  1  00           SGNFLG: .byte 0 ;SIGN OF FAC IS PRESERVED BERE BY "FIN".
0000A7  1               ;A COUNT USED BY POLYNOMIALS.
0000A7  1               .undef DEGREE
0000A7  1               .define DEGREE SGNFLG
0000A7  1               ;THIS IS WHERE TEMP DESCS ARE BUILT.
0000A7  1               .undef DSCTMP
0000A7  1               .define DSCTMP FAC
0000A7  1               ;INDICE IS SET UP HERE BY "QINT".
0000A7  1               .undef INDICE
0000A7  1               .define INDICE FACMO
0000A7  1  00           BITS: .byte 0 ;SOMETHING FOR "SHIFTR" TO USE.
0000A8  1               
0000A8  1               ; --- THE FLOATING ARGUMENT (UNPACKED) ---:
0000A8  1  00           ARGEXP: .byte 0
0000A9  1  00           ARGHO: .byte 0
0000AA  1               .if ADDPRC <> 0
0000AA  1  00           ARGMOH: .byte 0
0000AB  1               .endif
0000AB  1  00           ARGMO: .byte 0
0000AC  1  00           ARGLO: .byte 0
0000AD  1  00           ARGSGN: .byte 0
0000AE  1               
0000AE  1  00           ARISGN: .byte 0 ;A SIGN REFLECTING THE RESULT.
0000AF  1  00           FACOV: .byte 0 ;OVERFLOW BYTE OF THE FAC.
0000B0  1               ;POINTER TO A STRING OR DESCRIPTOR.
0000B0  1               .undef STRNG1
0000B0  1               .define STRNG1 ARISGN
0000B0  1               
0000B0  1  xx xx        FBUFPT: .res 2 ;POINTER INTO FBUFFR USED BY FOUT.
0000B2  1               ;POINTER TO BUF USED BY "CRUNCH".
0000B2  1               .undef BUFPTR
0000B2  1               .define BUFPTR FBUFPT
0000B2  1               ;POINTER TO STRING OR DESC.
0000B2  1               .undef STRNG2
0000B2  1               .define STRNG2 FBUFPT
0000B2  1               ;POINTER INTO POLYNOMIAL COEFFICIENTS.
0000B2  1               .undef POLYPT
0000B2  1               .define POLYPT FBUFPT
0000B2  1               ;ABSOLUTE LINEAR INDEX IS FORMED HERE.
0000B2  1               .undef CURTOL
0000B2  1               .define CURTOL FBUFPT
0000B2  1               ; PAGE
0000B2  1               ; SUBTTL	RAM CODE.
0000B2  1               ; THIS CODE GETS CHANGED THROUGHOUT EXECUTION.
0000B2  1               ; IT IS MADE TO BE FAST THIS WAY.
0000B2  1               ; ALSO, [X] AND [Y] ARE NOT DISTURBED
0000B2  1               ;
0000B2  1               ; "CHRGET" USING [TXTPTR] AS THE CURRENT TEXT PNTR
0000B2  1               ; FETCHES A NEW CHARACTER INTO ACCA AFTER INCREMENTING [TXTPTR]
0000B2  1               ; AND SETS CONDITION CODES ACCORDING TO WHAT'S IN ACCA.
0000B2  1               ;	NOT C=	NUMERIC	  ('0' THRU '9')
0000B2  1               ;	Z=	':' OR END-OF-LINE (A NULL)
0000B2  1               ;
0000B2  1               ; [ACCA] = NEW CHAR.
0000B2  1               ; [TXTPTR]=[TXTPTR]+1
0000B2  1               ;
0000B2  1               ; THE FOLLOWING EXISTS IN ROM IF ROM EXISTS AND IS LOADED
0000B2  1               ; DOWN HERE BY INIT. OTHERWISE IT IS JUST LOADED INTO THIS
0000B2  1               ; RAM LIKE ALL THE REST OF RAM IS LOADED.
0000B2  1               ;
0000B2  1  E6 B9        CHRGET: INC CHRGET+7 ;INCREMENT THE WHOLE TXTPTR.
0000B4  1  D0 02        BNE CHRGOT
0000B6  1  E6 BA        INC CHRGET+8
0000B8  1  AD 60 EA     CHRGOT: LDA 60000 ;A LOAD WITH AN EXT ADDR.
0000BB  1               .undef TXTPTR
0000BB  1               .define TXTPTR CHRGOT+1
0000BB  1  C9 20        CMP #' ' ;SKIP SPACES.
0000BD  1  F0 F3        BEQ CHRGET
0000BF  1  C9 3A        QNUM: CMP #':' ;IS IT A ':'?
0000C1  1  B0 06        BCS CHRRTS ;IT IS .GE. ':'
0000C3  1  38           SEC
0000C4  1  E9 30        SBC #'0' ;ALL CHARS .GT. '9' HAVE RET'D SO
0000C6  1  38           SEC
0000C7  1  E9 D0        SBC #256-'0' ;SEE IF NUMERIC.
0000C9  1               ;TURN CARRY ON IF NUMERIC.
0000C9  1               ;ALSO, SETZ IF NULL.
0000C9  1  60           CHRRTS: RTS ;RETURN TO CALLER.
0000CA  1               
0000CA  1  80           RNDX: .byte 128 ;LOADED OR FROM ROM.
0000CB  1  4F           .byte 79 ;THE INITIAL RANDOM NUMBER.
0000CC  1  C7           .byte 199
0000CD  1  52           .byte 82
0000CE  1               .if ADDPRC <> 0
0000CE  1  59           .byte 89
0000CF  1               .endif
0000CF  1               
0000CF  1               .org 255 ;PAGE 1 STUFF COMING UP.
0000FF  1  xx           LOFBUF: .res 1 ;THE LOW FAC BUFFER. COPYABLE.
000100  1               ;---  PAGE ZERO/ONE BOUNDARY ---.
000100  1               ;MUST HAVE 13 CONTIGUOUS BYTES.
000100  1  xx xx xx xx  FBUFFR: .res (3*ADDPRC)+13 ;BUFFER FOR "FOUT".
000104  1  xx xx xx xx  
000108  1  xx xx xx xx  
000110  1               ;ON PAGE 1 SO THAT STRING IS NOT COPIED.
000110  1               
000110  1               ;STACK IS LOCATED HERE. IE FROM THE END OF FBUFFR TO STKEND.
000110  1               ; PAGE
000110  1               ; SUBTTL	DISPATCH TABLES, RESERVED WORDS, AND ERROR TEXTS.
000110  1               
000110  1               .org ROMLOC
00D000  1               
00D000  1  F8 D6        STMDSP: .word END-1
00D002  1  03 D6        .word FOR-1
00D004  1  A0 DB        .word NEXT-1
00D006  1  1D D8        .word DATA-1
00D008  1               .if EXTIO <> 0
00D008  1               
00D008  1               .word INPUTN-1
00D008  1               .endif
00D008  1  59 DA        .word INPUT-1
00D00A  1  89 DE        .word DIM-1
00D00C  1  87 DA        .word READ-1
00D00E  1  CD D8        .word LET-1
00D010  1  C7 D7        .word GOTO-1
00D012  1  9F D7        .word RUN-1
00D014  1  50 D8        .word IF-1
00D016  1  DA D6        .word RESTOR-1
00D018  1  AA D7        .word GOSUB-1
00D01A  1  F4 D7        .word RETURN-1
00D01C  1  63 D8        .word REM-1
00D01E  1  F6 D6        .word STOP-1
00D020  1  73 D8        .word ONGOTO-1
00D022  1               .if NULCMD <> 0
00D022  1               
00D022  1               .word NULL-1
00D022  1               .endif
00D022  1  21 E6        .word FNWAIT-1
00D024  1               .if DISKO <> 0
00D024  1               
00D024  1               .if REALIO-3 = 0
00D024  1               
00D024  1               .word CQLOAD-1
00D024  1               .word CQSAVE-1
00D024  1               .word CQVERF-1
00D024  1               .endif
00D024  1               .if REALIO <> 0
00D024  1               
00D024  1               .if REALIO-2 <> 0
00D024  1               
00D024  1               .if REALIO-3 <> 0
00D024  1               
00D024  1               .if REALIO-5 <> 0
00D024  1               
00D024  1  55 D7        .word LOAD-1
00D026  1  3C D7        .word SAVE-1
00D028  1               .endif
00D028  1               .endif
00D028  1               .endif
00D028  1               .endif
00D028  1               .if REALIO-1 <> 0
00D028  1               
00D028  1               .if REALIO-3 <> 0
00D028  1               
00D028  1               .if REALIO-4 <> 0
00D028  1               
00D028  1               .word 511
00D028  1               .word 511
00D028  1               .endif
00D028  1               .endif
00D028  1               .endif
00D028  1               .endif
00D028  1  A6 E1        .word DEF-1
00D02A  1  18 E6        .word POKE-1
00D02C  1               .if EXTIO <> 0
00D02C  1               
00D02C  1               .word PRINTN-1
00D02C  1               .endif
00D02C  1  5C D9        .word PRINT-1
00D02E  1  22 D7        .word CONT-1
00D030  1               .if REALIO = 0
00D030  1               
00D030  1               .word DDT-1
00D030  1               .endif
00D030  1  74 D5        .word LIST-1
00D032  1  39 D5        .word CLEAR-1
00D034  1               .if EXTIO <> 0
00D034  1               
00D034  1               .word CMD-1
00D034  1               .word CQSYS-1
00D034  1               .word CQOPEN-1
00D034  1               .word CQCLOS-1
00D034  1               .endif
00D034  1               .if GETCMD <> 0
00D034  1               
00D034  1  47 DA        .word GET-1
00D036  1               .endif
00D036  1  1D D5        .word SCRATH-1
00D038  1               
00D038  1  34 EA        FUNDSP: .word SGN
00D03A  1  C7 EA        .word INT
00D03C  1  53 EA        .word ABS
00D03E  1               .if ROMSW = 0
00D03E  1               
00D03E  1               USRLOC: .word FCERR
00D03E  1               .endif
00D03E  1               .if ROMSW <> 0
00D03E  1               
00D03E  1  0A 00        USRLOC: .word USRPOK
00D040  1               .endif
00D040  1  70 E1        .word FRE
00D042  1  91 E1        .word POS
00D044  1  2D ED        .word SQR
00D046  1  4E EE        .word RND
00D048  1  DF E7        .word LOG
00D04A  1  A9 ED        .word EXP
00D04C  1               .if KIMROM <> 0
00D04C  1               
00D04C  1               .repeat 4
00D04C  1               .word FCERR
00D04C  1               .endrepeat
00D04C  1               .endif
00D04C  1               .if KIMROM = 0
00D04C  1               
00D04C  1  8A EE        COSFIX: .word COS
00D04E  1  91 EE        SINFIX: .word SIN
00D050  1  DA EE        TANFIX: .word TAN
00D052  1  3E EF        ATNFIX: .word ATN
00D054  1               .endif
00D054  1  02 E6        .word PEEK
00D056  1  70 E5        .word LEN
00D058  1  59 E2        .word STR
00D05A  1  A1 E5        .word VAL
00D05C  1  7F E5        .word ASC
00D05E  1  E0 E4        .word CHR
00D060  1  F4 E4        .word LEFT
00D062  1  20 E5        .word RIGHT
00D064  1  2B E5        .word MID
00D066  1  79           OPTAB: .byte 121
00D067  1  5E E6        .word FADDT-1
00D069  1  79           .byte 121
00D06A  1  47 E6        .word FSUBT-1
00D06C  1  7B           .byte 123
00D06D  1  1F E8        .word FMULTT-1
00D06F  1  7B           .byte 123
00D070  1  09 E9        .word FDIVT-1
00D072  1  7F           .byte 127
00D073  1  36 ED        .word FPWRT-1
00D075  1  50           .byte 80
00D076  1  F1 DD        .word ANDOP-1
00D078  1  46           .byte 70
00D079  1  EB DD        .word OROP-1
00D07B  1  7D           NEGTAB: .byte 125
00D07C  1  6F ED        .word NEGOP-1
00D07E  1  5A           NOTTAB: .byte 90
00D07F  1  42 DD        .word NOTOP-1
00D081  1  64           PTDORL: .byte 100 ;PRECEDENCE.
00D082  1  1E DE        .word DOREL-1 ;OPERATOR ADDRESS.
00D084  1               ;
00D084  1               ; TOKENS FOR RESERVED WORDS ALWAYS HAVE THE MOST
00D084  1               ; SIGNIFICANT BIT ON.
00D084  1               ; THE LIST OF RESERVED WORDS:
00D084  1               ;
00D084  1               Q .set 127
00D084  1               ; DEFINE DCI
00D084  1  45 4E C4     RESLST: .byte 'E', 'N', 'D'|$80
00D087  1               ENDTK .set 127
00D087  1  46 4F D2     .byte 'F', 'O', 'R'|$80
00D08A  1               FORTK .set 127
00D08A  1  4E 45 58 D4  .byte 'N', 'E', 'X', 'T'|$80
00D08E  1  44 41 54 C1  .byte 'D', 'A', 'T', 'A'|$80
00D092  1               DATATK .set 127
00D092  1               .if EXTIO <> 0
00D092  1               
00D092  1               .byte 'I', 'N', 'P', 'U', 'T', '#'|$80
00D092  1               .endif
00D092  1  49 4E 50 55  .byte 'I', 'N', 'P', 'U', 'T'|$80
00D096  1  D4           
00D097  1  44 49 CD     .byte 'D', 'I', 'M'|$80
00D09A  1  52 45 41 C4  .byte 'R', 'E', 'A', 'D'|$80
00D09E  1  4C 45 D4     .byte 'L', 'E', 'T'|$80
00D0A1  1  47 4F 54 CF  .byte 'G', 'O', 'T', 'O'|$80
00D0A5  1               GOTOTK .set 127
00D0A5  1  52 55 CE     .byte 'R', 'U', 'N'|$80
00D0A8  1  49 C6        .byte 'I', 'F'|$80
00D0AA  1  52 45 53 54  .byte 'R', 'E', 'S', 'T', 'O', 'R', 'E'|$80
00D0AE  1  4F 52 C5     
00D0B1  1  47 4F 53 55  .byte 'G', 'O', 'S', 'U', 'B'|$80
00D0B5  1  C2           
00D0B6  1               GOSUTK .set 127
00D0B6  1  52 45 54 55  .byte 'R', 'E', 'T', 'U', 'R', 'N'|$80
00D0BA  1  52 CE        
00D0BC  1  52 45 CD     .byte 'R', 'E', 'M'|$80
00D0BF  1               REMTK .set 127
00D0BF  1  53 54 4F D0  .byte 'S', 'T', 'O', 'P'|$80
00D0C3  1  4F CE        .byte 'O', 'N'|$80
00D0C5  1               .if NULCMD <> 0
00D0C5  1               
00D0C5  1               .byte 'N', 'U', 'L', 'L'|$80
00D0C5  1               .endif
00D0C5  1  57 41 49 D4  .byte 'W', 'A', 'I', 'T'|$80
00D0C9  1               .if DISKO <> 0
00D0C9  1               
00D0C9  1  4C 4F 41 C4  .byte 'L', 'O', 'A', 'D'|$80
00D0CD  1  53 41 56 C5  .byte 'S', 'A', 'V', 'E'|$80
00D0D1  1               .if REALIO-3 = 0
00D0D1  1               
00D0D1  1               .byte 'V', 'E', 'R', 'I', 'F', 'Y'|$80
00D0D1  1               .endif
00D0D1  1               .endif
00D0D1  1  44 45 C6     .byte 'D', 'E', 'F'|$80
00D0D4  1  50 4F 4B C5  .byte 'P', 'O', 'K', 'E'|$80
00D0D8  1               .if EXTIO <> 0
00D0D8  1               
00D0D8  1               .byte 'P', 'R', 'I', 'N', 'T', '#'|$80
00D0D8  1               .endif
00D0D8  1  50 52 49 4E  .byte 'P', 'R', 'I', 'N', 'T'|$80
00D0DC  1  D4           
00D0DD  1               PRINTK .set 127
00D0DD  1  43 4F 4E D4  .byte 'C', 'O', 'N', 'T'|$80
00D0E1  1               .if REALIO = 0
00D0E1  1               
00D0E1  1               .byte 'D', 'D', 'T'|$80
00D0E1  1               .endif
00D0E1  1  4C 49 53 D4  .byte 'L', 'I', 'S', 'T'|$80
00D0E5  1               .if REALIO-3 <> 0
00D0E5  1               
00D0E5  1  43 4C 45 41  .byte 'C', 'L', 'E', 'A', 'R'|$80
00D0E9  1  D2           
00D0EA  1               .endif
00D0EA  1               .if REALIO-3 = 0
00D0EA  1               
00D0EA  1               .byte 'C', 'L', 'R'|$80
00D0EA  1               .endif
00D0EA  1               .if EXTIO <> 0
00D0EA  1               
00D0EA  1               .byte 'C', 'M', 'D'|$80
00D0EA  1               .byte 'S', 'Y', 'S'|$80
00D0EA  1               .byte 'O', 'P', 'E', 'N'|$80
00D0EA  1               .byte 'C', 'L', 'O', 'S', 'E'|$80
00D0EA  1               .endif
00D0EA  1               .if GETCMD <> 0
00D0EA  1               
00D0EA  1  47 45 D4     .byte 'G', 'E', 'T'|$80
00D0ED  1               .endif
00D0ED  1  4E 45 D7     .byte 'N', 'E', 'W'|$80
00D0F0  1               SCRATK .set 127
00D0F0  1               ; END OF COMMAND LIST.
00D0F0  1  54           .byte 'T'
00D0F1  1  41           .byte 'A'
00D0F2  1  42           .byte 'B'
00D0F3  1  A8           .byte '('+128
00D0F4  1               Q .set 128
00D0F4  1               TABTK .set 128
00D0F4  1  54 CF        .byte 'T', 'O'|$80
00D0F6  1               TOTK .set 128
00D0F6  1  46 CE        .byte 'F', 'N'|$80
00D0F8  1               FNTK .set 128
00D0F8  1  53           .byte 'S'
00D0F9  1  50           .byte 'P'
00D0FA  1  43           .byte 'C'
00D0FB  1  A8           .byte '('+128 ;MACRO DOESNT LIKE ('S IN ARGUMENTS.
00D0FC  1               Q .set 129
00D0FC  1               SPCTK .set 129
00D0FC  1  54 48 45 CE  .byte 'T', 'H', 'E', 'N'|$80
00D100  1               THENTK .set 129
00D100  1  4E 4F D4     .byte 'N', 'O', 'T'|$80
00D103  1               NOTTK .set 129
00D103  1  53 54 45 D0  .byte 'S', 'T', 'E', 'P'|$80
00D107  1               STEPTK .set 129
00D107  1  AB           .byte '+'|$80
00D108  1               PLUSTK .set 129
00D108  1  AD           .byte '-'|$80
00D109  1               MINUTK .set 129
00D109  1  AA           .byte '*'|$80
00D10A  1  AF           .byte '/'|$80
00D10B  1  DE           .byte '^'|$80
00D10C  1  41 4E C4     .byte 'A', 'N', 'D'|$80
00D10F  1  4F D2        .byte 'O', 'R'|$80
00D111  1  BE           .byte 190 ;A GREATER THAN SIGN
00D112  1               Q .set 130
00D112  1               GREATK .set 130
00D112  1  BD           .byte '='|$80
00D113  1               EQULTK .set 130
00D113  1  BC           .byte 188
00D114  1               ;A LESS THAN SIGN
00D114  1               Q .set 131
00D114  1               LESSTK .set 131
00D114  1               ;
00D114  1               ; NOTE DANGER OF ONE RESERVED WORD BEING A PART
00D114  1               ; OF ANOTHER:
00D114  1               ; IE . . IF 2 GREATER THAN F OR T=5 THEN...
00D114  1               ; WILL NOT WORK!!! SINCE "FOR" WILL BE CRUNCHED!!
00D114  1               ; IN ANY CASE MAKE SURE THE SMALLER WORD APPEARS
00D114  1               ; SECOND IN THE RESERVED WORD TABLE ("INP" AND "INPUT")
00D114  1               ; ANOTHER EXAMPLE: IF T OR Q THEN ... "TO" IS CRUNCHED
00D114  1               ;
00D114  1  53 47 CE     .byte 'S', 'G', 'N'|$80
00D117  1               ONEFUN .set 131
00D117  1  49 4E D4     .byte 'I', 'N', 'T'|$80
00D11A  1  41 42 D3     .byte 'A', 'B', 'S'|$80
00D11D  1  55 53 D2     .byte 'U', 'S', 'R'|$80
00D120  1  46 52 C5     .byte 'F', 'R', 'E'|$80
00D123  1  50 4F D3     .byte 'P', 'O', 'S'|$80
00D126  1  53 51 D2     .byte 'S', 'Q', 'R'|$80
00D129  1  52 4E C4     .byte 'R', 'N', 'D'|$80
00D12C  1  4C 4F C7     .byte 'L', 'O', 'G'|$80
00D12F  1  45 58 D0     .byte 'E', 'X', 'P'|$80
00D132  1  43 4F D3     .byte 'C', 'O', 'S'|$80
00D135  1  53 49 CE     .byte 'S', 'I', 'N'|$80
00D138  1  54 41 CE     .byte 'T', 'A', 'N'|$80
00D13B  1  41 54 CE     .byte 'A', 'T', 'N'|$80
00D13E  1  50 45 45 CB  .byte 'P', 'E', 'E', 'K'|$80
00D142  1  4C 45 CE     .byte 'L', 'E', 'N'|$80
00D145  1  53 54 52 A4  .byte 'S', 'T', 'R', '$'|$80
00D149  1  56 41 CC     .byte 'V', 'A', 'L'|$80
00D14C  1  41 53 C3     .byte 'A', 'S', 'C'|$80
00D14F  1  43 48 52 A4  .byte 'C', 'H', 'R', '$'|$80
00D153  1               ;NUMBER OF LAST FUNCTION
00D153  1               LASNUM .set 131
00D153  1               ;THAT TAKES ONE ARG
00D153  1  4C 45 46 54  .byte 'L', 'E', 'F', 'T', '$'|$80
00D157  1  A4           
00D158  1  52 49 47 48  .byte 'R', 'I', 'G', 'H', 'T', '$'|$80
00D15C  1  54 A4        
00D15E  1  4D 49 44 A4  .byte 'M', 'I', 'D', '$'|$80
00D162  1  47 CF        .byte 'G', 'O'|$80
00D164  1               GOTK .set 131
00D164  1  00           .byte 0 ;MARKS END OF RESERVED WORD LIST
00D165  1               
00D165  1               .if LNGERR = 0
00D165  1               
00D165  1               Q .set -2
00D165  1               ; DEFINE DCE
00D165  1               ERRTAB:
00D165  1               Q .set 0
00D165  1               .byte 'N', 'F'|$80
00D165  1               ERRNF .set 0
00D165  1               Q .set 2
00D165  1               .byte 'S', 'N'|$80
00D165  1               ERRSN .set 2
00D165  1               Q .set 4
00D165  1               .byte 'R', 'G'|$80
00D165  1               ERRRG .set 4
00D165  1               Q .set 6
00D165  1               .byte 'O', 'D'|$80
00D165  1               ERROD .set 6
00D165  1               Q .set 8
00D165  1               .byte 'F', 'C'|$80
00D165  1               ERRFC .set 8
00D165  1               Q .set 10
00D165  1               .byte 'O', 'V'|$80
00D165  1               ERROV .set 10
00D165  1               Q .set 12
00D165  1               .byte 'O', 'M'|$80
00D165  1               ERROM .set 12
00D165  1               Q .set 14
00D165  1               .byte 'U', 'S'|$80
00D165  1               ERRUS .set 14
00D165  1               Q .set 16
00D165  1               .byte 'B', 'S'|$80
00D165  1               ERRBS .set 16
00D165  1               Q .set 18
00D165  1               .byte 'D', 'D'|$80
00D165  1               ERRDD .set 18
00D165  1               Q .set 20
00D165  1               .byte '/', '0'|$80
00D165  1               ERRDV0 .set 20
00D165  1               Q .set 22
00D165  1               .byte 'I', 'D'|$80
00D165  1               ERRID .set 22
00D165  1               Q .set 24
00D165  1               .byte 'T', 'M'|$80
00D165  1               ERRTM .set 24
00D165  1               Q .set 26
00D165  1               .byte 'L', 'S'|$80
00D165  1               ERRLS .set 26
00D165  1               .if EXTIO <> 0
00D165  1               
00D165  1               Q .set 28
00D165  1               .byte 'F', 'D'|$80
00D165  1               ERRBD .set 28
00D165  1               .endif
00D165  1               Q .set 30
00D165  1               .byte 'S', 'T'|$80
00D165  1               ERRST .set 30
00D165  1               Q .set 32
00D165  1               .byte 'C', 'N'|$80
00D165  1               ERRCN .set 32
00D165  1               Q .set 34
00D165  1               .byte 'U', 'F'|$80
00D165  1               ERRUF .set 34
00D165  1               .endif
00D165  1               
00D165  1               .if LNGERR <> 0
00D165  1               
00D165  1               Q .set 0
00D165  1               
00D165  1               
00D165  1  4E 45 58 54  ERRTAB: .byte 'N', 'E', 'X', 'T', ' ', 'W', 'I', 'T', 'H', 'O', 'U', 'T', ' ', 'F', 'O', 'R'|$80
00D169  1  20 57 49 54  
00D16D  1  48 4F 55 54  
00D175  1               ERRNF .set 0
00D175  1               Q .set 16
00D175  1  53 59 4E 54  .byte 'S', 'Y', 'N', 'T', 'A', 'X'|$80
00D179  1  41 D8        
00D17B  1               ERRSN .set 16
00D17B  1               Q .set 22
00D17B  1  52 45 54 55  .byte 'R', 'E', 'T', 'U', 'R', 'N', ' ', 'W', 'I', 'T', 'H', 'O', 'U', 'T', ' ', 'G', 'O', 'S', 'U', 'B'|$80
00D17F  1  52 4E 20 57  
00D183  1  49 54 48 4F  
00D18F  1               ERRRG .set 22
00D18F  1               Q .set 42
00D18F  1  4F 55 54 20  .byte 'O', 'U', 'T', ' ', 'O', 'F', ' ', 'D', 'A', 'T', 'A'|$80
00D193  1  4F 46 20 44  
00D197  1  41 54 C1     
00D19A  1               ERROD .set 42
00D19A  1               Q .set 53
00D19A  1  49 4C 4C 45  .byte 'I', 'L', 'L', 'E', 'G', 'A', 'L', ' ', 'Q', 'U', 'A', 'N', 'T', 'I', 'T', 'Y'|$80
00D19E  1  47 41 4C 20  
00D1A2  1  51 55 41 4E  
00D1AA  1               ERRFC .set 53
00D1AA  1               Q .set 69
00D1AA  1  4F 56 45 52  .byte 'O', 'V', 'E', 'R', 'F', 'L', 'O', 'W'|$80
00D1AE  1  46 4C 4F D7  
00D1B2  1               ERROV .set 69
00D1B2  1               Q .set 77
00D1B2  1  4F 55 54 20  .byte 'O', 'U', 'T', ' ', 'O', 'F', ' ', 'M', 'E', 'M', 'O', 'R', 'Y'|$80
00D1B6  1  4F 46 20 4D  
00D1BA  1  45 4D 4F 52  
00D1BF  1               ERROM .set 77
00D1BF  1               Q .set 90
00D1BF  1  55 4E 44 45  .byte 'U', 'N', 'D', 'E', 'F', 39, 'D', ' ', 'S', 'T', 'A', 'T', 'E', 'M', 'E', 'N', 'T'|$80
00D1C3  1  46 27 44 20  
00D1C7  1  53 54 41 54  
00D1D0  1               ERRUS .set 90
00D1D0  1               Q .set 107
00D1D0  1  42 41 44 20  .byte 'B', 'A', 'D', ' ', 'S', 'U', 'B', 'S', 'C', 'R', 'I', 'P', 'T'|$80
00D1D4  1  53 55 42 53  
00D1D8  1  43 52 49 50  
00D1DD  1               ERRBS .set 107
00D1DD  1               Q .set 120
00D1DD  1  52 45 44 49  .byte 'R', 'E', 'D', 'I', 'M', 39, 'D', ' ', 'A', 'R', 'R', 'A', 'Y'|$80
00D1E1  1  4D 27 44 20  
00D1E5  1  41 52 52 41  
00D1EA  1               ERRDD .set 120
00D1EA  1               Q .set 133
00D1EA  1  44 49 56 49  .byte 'D', 'I', 'V', 'I', 'S', 'I', 'O', 'N', ' ', 'B', 'Y', ' ', 'Z', 'E', 'R', 'O'|$80
00D1EE  1  53 49 4F 4E  
00D1F2  1  20 42 59 20  
00D1FA  1               ERRDV0 .set 133
00D1FA  1               Q .set 149
00D1FA  1  49 4C 4C 45  .byte 'I', 'L', 'L', 'E', 'G', 'A', 'L', ' ', 'D', 'I', 'R', 'E', 'C', 'T'|$80
00D1FE  1  47 41 4C 20  
00D202  1  44 49 52 45  
00D208  1               ERRID .set 149
00D208  1               Q .set 163
00D208  1  54 59 50 45  .byte 'T', 'Y', 'P', 'E', ' ', 'M', 'I', 'S', 'M', 'A', 'T', 'C', 'H'|$80
00D20C  1  20 4D 49 53  
00D210  1  4D 41 54 43  
00D215  1               ERRTM .set 163
00D215  1               Q .set 176
00D215  1  53 54 52 49  .byte 'S', 'T', 'R', 'I', 'N', 'G', ' ', 'T', 'O', 'O', ' ', 'L', 'O', 'N', 'G'|$80
00D219  1  4E 47 20 54  
00D21D  1  4F 4F 20 4C  
00D224  1               ERRLS .set 176
00D224  1               Q .set 191
00D224  1               .if EXTIO <> 0
00D224  1               
00D224  1               .byte 'F', 'I', 'L', 'E', ' ', 'D', 'A', 'T', 'A'|$80
00D224  1               ERRBD .set 191
00D224  1               Q .set 200
00D224  1               .endif
00D224  1  46 4F 52 4D  .byte 'F', 'O', 'R', 'M', 'U', 'L', 'A', ' ', 'T', 'O', 'O', ' ', 'C', 'O', 'M', 'P', 'L', 'E', 'X'|$80
00D228  1  55 4C 41 20  
00D22C  1  54 4F 4F 20  
00D237  1               ERRST .set 200
00D237  1               Q .set 219
00D237  1  43 41 4E 27  .byte 'C', 'A', 'N', 39, 'T', ' ', 'C', 'O', 'N', 'T', 'I', 'N', 'U', 'E'|$80
00D23B  1  54 20 43 4F  
00D23F  1  4E 54 49 4E  
00D245  1               ERRCN .set 219
00D245  1               Q .set 233
00D245  1  55 4E 44 45  .byte 'U', 'N', 'D', 'E', 'F', 39, 'D', ' ', 'F', 'U', 'N', 'C', 'T', 'I', 'O', 'N'|$80
00D249  1  46 27 44 20  
00D24D  1  46 55 4E 43  
00D255  1               ERRUF .set 233
00D255  1               .endif
00D255  1               
00D255  1               ;
00D255  1               ; NEEDED FOR MESSAGES IN ALL VERSIONS.
00D255  1               ;
00D255  1  20 45 52 52  ERR: .byte " ERROR"
00D259  1  4F 52        
00D25B  1  00           .byte 0
00D25C  1  20 49 4E 20  INTXT: .byte " IN "
00D260  1  00           .byte 0
00D261  1               REDDY:
00D261  1  0D           .byte 13
00D262  1  0A           .byte 10
00D263  1               .if REALIO-3 = 0
00D263  1               
00D263  1               .byte "READY."
00D263  1               .endif
00D263  1               .if REALIO-3 <> 0
00D263  1               
00D263  1  4F 4B        .byte "OK"
00D265  1               .endif
00D265  1               
00D265  1  0D           .byte 13
00D266  1  0A           .byte 10
00D267  1  00           .byte 0
00D268  1               BRKTXT:
00D268  1  0D           .byte 13
00D269  1  0A           .byte 10
00D26A  1  42 52 45 41  .byte "BREAK"
00D26E  1  4B           
00D26F  1  00           .byte 0
00D270  1               ; PAGE
00D270  1               ; SUBTTL	GENERAL STORAGE MANAGEMENT ROUTINES.
00D270  1               ;
00D270  1               ; FIND A "FOR" ENTRY ON THE STACK VIA "VARPNT".
00D270  1               ;
00D270  1               FORSIZ .set 18
00D270  1  BA           FNDFOR: TSX ;LOAD XREG WITH STK PNTR.
00D271  1  E8           INX
00D272  1  E8           INX
00D273  1  E8           INX
00D274  1  E8           INX
00D275  1  BD 01 01     FFLOOP: LDA 257,X ;GET STACK ENTRY.
00D278  1  C9 7F        CMP #FORTK ;IS IT A "FOR" TOKEN?
00D27A  1  D0 21        BNE FFRTS ;NO, NO "FOR" LOOPS WITH THIS PNTR.
00D27C  1  A5 89        LDA FORPNT+1 ;GET HIGH.
00D27E  1  D0 0A        BNE CMPFOR
00D280  1  BD 02 01     LDA 258,X ;PNTR IS ZERO, SO ASSUME THIS ONE.
00D283  1  85 88        STA FORPNT
00D285  1  BD 03 01     LDA 259,X
00D288  1  85 89        STA FORPNT+1
00D28A  1  DD 03 01     CMPFOR: CMP 259,X
00D28D  1  D0 07        BNE ADDFRS ;NOT THIS ONE.
00D28F  1  A5 88        LDA FORPNT ;GET DOWN.
00D291  1  DD 02 01     CMP 258,X
00D294  1  F0 07        BEQ FFRTS ;WE GOT IT! WE GOT IT!
00D296  1  8A           ADDFRS: TXA
00D297  1  18           CLC ;ADD 16 TO X.
00D298  1  69 12        ADC #FORSIZ
00D29A  1  AA           TAX ;RESULT BACK INTO X.
00D29B  1  D0 D8        BNE FFLOOP
00D29D  1  60           FFRTS: RTS ;RETURN TO CALLER.
00D29E  1               
00D29E  1               ;
00D29E  1               ; THIS IS THE BLOCK TRANSFER ROUTINE.
00D29E  1               ; IT MAKES SPACE BY SHOVING EVERYTHING FORWARD.
00D29E  1               ;
00D29E  1               ; ON ENTRY:
00D29E  1               ; [Y,A]=[HIGHDS]    (FOR REASON).
00D29E  1               ; [HIGHDS]= DESTINATION OF [HIGH ADDRESS].
00D29E  1               ; [LOWTR]= LOWEST ADDR TO BE TRANSFERRED.
00D29E  1               ; [HIGHTR]= HIGHEST ADDR TO BE TRANSFERRED.
00D29E  1               ;
00D29E  1               ; A CHECK IS MADE TO ASCERTAIN THAT A REASONABLE
00D29E  1               ; AMOUNT OF SPACE REMAINS BETWEEN THE BOTTOM
00D29E  1               ; OF THE STRINGS AND THE HIGHEST LOCATION TRANSFERRED INTO.
00D29E  1               ;
00D29E  1               ; ON EXIT:
00D29E  1               ; [LOWTR] ARE UNCHANGED.
00D29E  1               ; [HIGHTR]=[LOWTR]-200 OCTAL.
00D29E  1               ; [HIGHDS]=LOWEST ADDR TRANSFERRED INTO MINUS 200 OCTAL.
00D29E  1               ;
00D29E  1  20 EE D2     BLTU: JSR REASON ;ASCERTAIN THAT STRING SPACE WON'T
00D2A1  1               ;BE OVERRUN.
00D2A1  1               
00D2A1  1  85 70        STA STREND
00D2A3  1  84 71        STY STREND+1
00D2A5  1  38           BLTUC: SEC ;PREPARE TO SUBTRACT.
00D2A6  1  A5 99        LDA HIGHTR
00D2A8  1  E5 9E        SBC LOWTR ;COMPUTE NUMBER OF THINGS TO MOVE.
00D2AA  1  85 61        STA INDEX ;SAVE FOR LATER.
00D2AC  1  A8           TAY
00D2AD  1  A5 9A        LDA HIGHTR+1
00D2AF  1  E5 9F        SBC LOWTR+1
00D2B1  1  AA           TAX ;PUT IT IN A COUNTER REGISTER.
00D2B2  1  E8           INX ;SO THAT COUNTER ALGORITHM WORKS.
00D2B3  1  98           TYA ;SEE IF LOW PART OF COUNT IS ZERO.
00D2B4  1  F0 23        BEQ DECBLT ;YES, GO START MOVING BLOCKS.
00D2B6  1  A5 99        LDA HIGHTR ;NO, MUST MODIFY BASE ADDR.
00D2B8  1  38           SEC
00D2B9  1  E5 61        SBC INDEX ;BORROW IS OFF SINCE [HIGHTR].GT.[LOWTR].
00D2BB  1  85 99        STA HIGHTR ;SAVE MODIFIED BASE ADDR.
00D2BD  1  B0 03        BCS BLT1 ;IF NO BORROW, GO SHOVE IT.
00D2BF  1  C6 9A        DEC HIGHTR+1 ;BORROW IMPLIES SUB 1 FROM HIGH ORDER.
00D2C1  1  38           SEC
00D2C2  1  A5 97        BLT1: LDA HIGHDS ;MOD BASE OF DEST ADDR.
00D2C4  1  E5 61        SBC INDEX
00D2C6  1  85 97        STA HIGHDS
00D2C8  1  B0 08        BCS MOREN1 ;NO BORROW.
00D2CA  1  C6 98        DEC HIGHDS+1 ;DECREMENT HIGH ORDER BYTE.
00D2CC  1  90 04        BCC MOREN1 ;ALWAYS SKIP.
00D2CE  1  B1 99        BLTLP: LDA (HIGHTR),Y ;FETCH BYTE TO MOVE
00D2D0  1  91 97        STA (HIGHDS),Y ;MOVE IT IN, MOVE IT OUT.
00D2D2  1  88           MOREN1: DEY
00D2D3  1  D0 F9        BNE BLTLP
00D2D5  1  B1 99        LDA (HIGHTR),Y ;MOVE LAST OF THE BLOCK.
00D2D7  1  91 97        STA (HIGHDS),Y
00D2D9  1  C6 9A        DECBLT: DEC HIGHTR+1
00D2DB  1  C6 98        DEC HIGHDS+1 ;START ON NEW BLOCKS.
00D2DD  1  CA           DEX
00D2DE  1  D0 F2        BNE MOREN1
00D2E0  1  60           RTS ;RETURN TO CALLER.
00D2E1  1               
00D2E1  1               ;
00D2E1  1               ; THIS ROUTINE IS USED TO ASCERTAIN THAT A GIVEN
00D2E1  1               ; NUMBER OF LOCS REMAIN AVAILABLE FOR THE STACK.
00D2E1  1               ;    THE CALL IS:
00D2E1  1               ;	LDAI	NUMBER OF 2-BYTE ENTRIES NEEDED.
00D2E1  1               ;	JSR	GETSTK
00D2E1  1               ;
00D2E1  1               ; THIS ROUTINE MUST BE CALLED BY ANY ROUTINE WHICH PUTS
00D2E1  1               ; AN ARBITRARY AMOUNT OF STUFF ON THE STACK,
00D2E1  1               ; I.E., ANY RECURSIVE ROUTINE LIKE "FRMEVL".
00D2E1  1               ; IT IS ALSO CALLED BY ROUTINES SUCH AS "GOSUB" AND "FOR"
00D2E1  1               ; WHICH MAKE PERMANENT ENTRIES ON THE STACK.
00D2E1  1               ;
00D2E1  1               ; ROUTINES WHICH MERELY USE AND FREE UP THE GUARANTEED
00D2E1  1               ; NUMLEV LOCATIONS NEED NOT CALL THIS.
00D2E1  1               ;
00D2E1  1               ;
00D2E1  1               ; ON EXIT:
00D2E1  1               ;    [A] AND [X] HAVE BEEN MODIFIED.
00D2E1  1               ;
00D2E1  1  0A           GETSTK: ASL ;MULT [A] BY 2. NB, CLEARS C BIT.
00D2E2  1  69 3E        ADC #<((((2*NUMLEV)+3)*ADDPRC)+13) ;MAKE SURE 2*NUMLEV+13 LOCS
00D2E4  1               ;(13 BECAUSE OF FBUFFR)
00D2E4  1  B0 35        BCS OMERR ;WILL REMAIN IN STACK.
00D2E6  1  85 61        STA INDEX
00D2E8  1  BA           TSX ;GET STACKED.
00D2E9  1  E4 61        CPX INDEX ;COMPARE.
00D2EB  1  90 2E        BCC OMERR ;IF STACK.LE.INDEX1, OM.
00D2ED  1  60           RTS
00D2EE  1               
00D2EE  1               ;
00D2EE  1               ; [Y,A] IS A CERTAIN ADDRESS. "REASON" MAKES SURE
00D2EE  1               ; IT IS LESS THAN [FRETOP].
00D2EE  1               ;
00D2EE  1  C4 73        REASON: CPY FRETOP+1
00D2F0  1  90 28        BCC REARTS
00D2F2  1  D0 04        BNE TRYMOR ;GO GARB COLLECT.
00D2F4  1  C5 72        CMP FRETOP
00D2F6  1  90 22        BCC REARTS
00D2F8  1  48           TRYMOR: PHA
00D2F9  1  A2 09        LDX #8+ADDPRC ;IF TEMPF2 HAS ZERO IN BETWEEN.
00D2FB  1  98           TYA
00D2FC  1  48           REASAV: PHA
00D2FD  1  B5 96        LDA HIGHDS-1,X ;SAVE HIGHDS ON STACK.
00D2FF  1  CA           DEX
00D300  1  10 FA        BPL REASAV ;PUT 8 OF THEM ON STK.
00D302  1  20 1A E3     JSR GARBA2 ;GO GARB COLLECT.
00D305  1  A2 F7        LDX #256-8-ADDPRC
00D307  1  68           REASTO: PLA
00D308  1  95 A0        STA HIGHDS+8+ADDPRC,X ;RESTORE AFTER GARB COLLECT.
00D30A  1  E8           INX
00D30B  1  30 FA        BMI REASTO
00D30D  1  68           PLA
00D30E  1  A8           TAY
00D30F  1  68           PLA ;RESTORE A AND Y.
00D310  1  C4 73        CPY FRETOP+1 ;COMPARE HIGHS
00D312  1  90 06        BCC REARTS
00D314  1  D0 05        BNE OMERR ;HIGHER IS BAD.
00D316  1  C5 72        CMP FRETOP ;AND THE LOWS.
00D318  1  B0 01        BCS OMERR
00D31A  1  60           REARTS: RTS
00D31B  1               
00D31B  1               ; PAGE
00D31B  1               ; SUBTTL	ERROR HANDLER, READY, TERMINAL INPUT, COMPACTIFY, NEW, REINIT.
00D31B  1  A2 4D        OMERR: LDX #ERROM
00D31D  1               ERROR:
00D31D  1               .if REALIO <> 0
00D31D  1               
00D31D  1  46 17        LSR CNTWFL
00D31F  1               .endif
00D31F  1               .if EXTIO <> 0
00D31F  1               
00D31F  1               LDA CHANNL
00D31F  1               BEQ ERRCRD
00D31F  1               JSR CQCCHN
00D31F  1               LDA #0
00D31F  1               STA CHANNL
00D31F  1               .endif
00D31F  1  20 95 D9     ERRCRD: JSR CRDO ;OUTPUT CRLF.
00D322  1  20 02 DA     JSR OUTQST ;PRINT A QUESTION MARK
00D325  1               .if LNGERR = 0
00D325  1               
00D325  1               LDA ERRTAB,X
00D325  1               JSR OUTDO
00D325  1               LDA ERRTAB+1,X
00D325  1               JSR OUTDO
00D325  1               .endif
00D325  1               .if LNGERR <> 0
00D325  1               
00D325  1  BD 65 D1     GETERR: LDA ERRTAB,X
00D328  1  48           PHA
00D329  1  29 7F        AND #127
00D32B  1  20 04 DA     JSR OUTDO
00D32E  1  E8           INX
00D32F  1  68           PLA
00D330  1  10 F3        BPL GETERR
00D332  1               .endif
00D332  1  20 53 D5     TYPERR: JSR STKINI ;RESET THE STACK AND FLAGS.
00D335  1                ;GET PNTR TO " ERROR".
00D335  1  A9 55        LDA #ERR&255
00D337  1  A0 D2        LDY #ERR/256
00D339  1  20 DF D9     ERRFIN: JSR STROUT ;OUTPUT IT.
00D33C  1  A4 79        LDY CURLIN+1
00D33E  1  C8           INY ;WAS NUMBER 64000?
00D33F  1  F0 03        BEQ READY ;YES, DON'T TYPE LINE NUMBER.
00D341  1  20 BD EB     JSR INPRT
00D344  1               READY:
00D344  1               .if REALIO <> 0
00D344  1               
00D344  1  46 17        LSR CNTWFL
00D346  1               .endif
00D346  1                ;SAY "OK".
00D346  1  A9 61        LDA #REDDY&255
00D348  1  A0 D2        LDY #REDDY/256
00D34A  1               .if REALIO-3 <> 0
00D34A  1               
00D34A  1  20 03 00     JSR RDYJSR
00D34D  1               .endif
00D34D  1               .if REALIO-3 = 0
00D34D  1               
00D34D  1               JSR STROUT
00D34D  1               .endif
00D34D  1  20 2A D4     MAIN: JSR INLIN ;GET A LINE FROM TERMINAL.
00D350  1               
00D350  1  86 B9        STX TXTPTR
00D352  1  84 BA        STY TXTPTR+1
00D354  1  20 B2 00     JSR CHRGET
00D357  1  AA           TAX ;SET ZERO FLAG BASED ON [A]
00D358  1               ;THIS DISTINGUISHES ':' AND 0
00D358  1  F0 F3        BEQ MAIN ;IF BLANK LINE, GET ANOTHER.
00D35A  1  A2 FF        LDX #255 ;SET DIRECT LINE NUMBER.
00D35C  1  86 79        STX CURLIN+1
00D35E  1  90 06        BCC MAIN1 ;IS A LINE NUMBER. NOT DIRECT.
00D360  1  20 63 D4     JSR CRUNCH ;COMPACTIFY.
00D363  1  4C A2 D6     JMP GONE ;EXECUTE IT.
00D366  1  20 94 D8     MAIN1: JSR LINGET ;READ LINE NUMBER INTO "LINNUM".
00D369  1  20 63 D4     JSR CRUNCH
00D36C  1  84 0F        STY COUNT ;RETAIN CHARACTER COUNT.
00D36E  1  20 EF D4     JSR FNDLIN
00D371  1  90 44        BCC NODEL ;NO MATCH, SO DON'T DELETE.
00D373  1  A0 01        LDY #1
00D375  1  B1 9E        LDA (LOWTR),Y
00D377  1  85 62        STA INDEX1+1
00D379  1  A5 6C        LDA VARTAB
00D37B  1  85 61        STA INDEX1
00D37D  1  A5 9F        LDA LOWTR+1 ;SET TRANSFER TO.
00D37F  1  85 64        STA INDEX2+1
00D381  1  A5 9E        LDA LOWTR
00D383  1  88           DEY
00D384  1  F1 9E        SBC (LOWTR),Y ;COMPUTE NEGATIVE LENGTH.
00D386  1  18           CLC
00D387  1  65 6C        ADC VARTAB ;COMPUTE NEW VARTAB.
00D389  1  85 6C        STA VARTAB
00D38B  1  85 63        STA INDEX2 ;SET LOW OF TRANS TO.
00D38D  1  A5 6D        LDA VARTAB+1
00D38F  1  69 FF        ADC #255
00D391  1  85 6D        STA VARTAB+1 ;COMPUTE HIGH OF VARTAB.
00D393  1  E5 9F        SBC LOWTR+1 ;COMPUTE NUMBER OF BLOCKS TO MOVE.
00D395  1  AA           TAX
00D396  1  38           SEC
00D397  1  A5 9E        LDA LOWTR
00D399  1  E5 6C        SBC VARTAB ;COMPUTE OFFSET.
00D39B  1  A8           TAY
00D39C  1  B0 03        BCS QDECT1 ;IF VARTAB.LE.LOWTR,
00D39E  1  E8           INX ;DECR DUE TO CARRY, AND
00D39F  1  C6 64        DEC INDEX2+1 ;DECREMENT STORE SO CARRY WORKS.
00D3A1  1  18           QDECT1: CLC
00D3A2  1  65 61        ADC INDEX1
00D3A4  1  90 03        BCC MLOOP
00D3A6  1  C6 62        DEC INDEX1+1
00D3A8  1  18           CLC ;FOR LATER ADCQ
00D3A9  1  B1 61        MLOOP: LDA (INDEX1),Y
00D3AB  1  91 63        STA (INDEX2),Y
00D3AD  1  C8           INY
00D3AE  1  D0 F9        BNE MLOOP ;BLOCK DONE?
00D3B0  1  E6 62        INC INDEX1+1
00D3B2  1  E6 64        INC INDEX2+1
00D3B4  1  CA           DEX
00D3B5  1  D0 F2        BNE MLOOP ;DO ANOTHER BLOCK. ALWAYS.
00D3B7  1  20 35 D5     NODEL: JSR RUNC ;RESET ALL VARIABLE INFO SO GARBAGE
00D3BA  1               ;COLLECTION CAUSED BY REASON WILL WORK
00D3BA  1  20 FD D3     JSR LNKPRG ;FIX UP THE LINKS
00D3BD  1  AD 00 02     LDA BUF ;SEE IF ANYTHNG THERE
00D3C0  1  F0 8B        BEQ MAIN
00D3C2  1  18           CLC
00D3C3  1  A5 6C        LDA VARTAB
00D3C5  1  85 99        STA HIGHTR ;SETUP HIGHTR.
00D3C7  1  65 0F        ADC COUNT ;ADD LENGTH OF LINE TO INSERT.
00D3C9  1  85 97        STA HIGHDS ;THIS GIVES DEST ADDR.
00D3CB  1  A4 6D        LDY VARTAB+1
00D3CD  1  84 9A        STY HIGHTR+1 ;SAME FOR HIGH ORDERS.
00D3CF  1  90 01        BCC NODELC
00D3D1  1  C8           INY
00D3D2  1  84 98        NODELC: STY HIGHDS+1
00D3D4  1  20 9E D2     JSR BLTU
00D3D7  1               .if BUFPAG <> 0
00D3D7  1               
00D3D7  1               
00D3D7  1  A5 53        LDA LINNUM
00D3D9  1  A4 54        LDY LINNUM+1
00D3DB  1               
00D3DB  1  8D FE 01     STA BUF-2
00D3DE  1  8C FF 01     STY BUF-2+1
00D3E1  1               .endif
00D3E1  1               
00D3E1  1  A5 70        LDA STREND
00D3E3  1  A4 71        LDY STREND+1
00D3E5  1               
00D3E5  1  85 6C        STA VARTAB
00D3E7  1  84 6D        STY VARTAB+1
00D3E9  1  A4 0F        LDY COUNT
00D3EB  1  88           DEY
00D3EC  1  B9 FC 01     STOLOP: LDA BUF-4,Y
00D3EF  1  91 9E        STA (LOWTR),Y
00D3F1  1  88           DEY
00D3F2  1  10 F8        BPL STOLOP
00D3F4  1  20 35 D5     FINI: JSR RUNC ;DO CLEAR & SET UP STACK.
00D3F7  1               ;AND SET [TXTPTR] TO [TXTTAB]-1.
00D3F7  1  20 FD D3     JSR LNKPRG ;FIX UP PROGRAM LINKS
00D3FA  1  4C 4D D3     JMP MAIN
00D3FD  1               LNKPRG: ;SET [INDEX] TO [TXTTAB].
00D3FD  1  A5 6A        LDA TXTTAB
00D3FF  1  A4 6B        LDY TXTTAB+1
00D401  1               
00D401  1  85 61        STA INDEX
00D403  1  84 62        STY INDEX+1
00D405  1  18           CLC
00D406  1               ;
00D406  1               ; CHEAD GOES THROUGH PROGRAM STORAGE AND FIXES
00D406  1               ; UP ALL THE LINKS. THE END OF EACH LINE IS FOUND
00D406  1               ; BY SEARCHING FOR THE ZERO AT THE END.
00D406  1               ; THE DOUBLE ZERO LINK IS USED TO DETECT THE END OF THE PROGRAM.
00D406  1               ;
00D406  1  A0 01        CHEAD: LDY #1
00D408  1  B1 61        LDA (INDEX),Y ;ARRIVED AT DOUBLE ZEROES?
00D40A  1  F0 1D        BEQ LNKRTS
00D40C  1  A0 04        LDY #4
00D40E  1  C8           CZLOOP: INY ;THERE IS AT LEAST ONE BYTE.
00D40F  1  B1 61        LDA (INDEX),Y
00D411  1  D0 FB        BNE CZLOOP ;NO, CONTINUE SEARCHING.
00D413  1  C8           INY ;GO ONE BEYOND.
00D414  1  98           TYA
00D415  1  65 61        ADC INDEX
00D417  1  AA           TAX
00D418  1  A0 00        LDY #0
00D41A  1  91 61        STA (INDEX),Y
00D41C  1  A5 62        LDA INDEX+1
00D41E  1  69 00        ADC #0
00D420  1  C8           INY
00D421  1  91 61        STA (INDEX),Y
00D423  1  86 61        STX INDEX
00D425  1  85 62        STA INDEX+1
00D427  1  90 DD        BCC CHEAD ;ALWAYS BRANCHES.
00D429  1  60           LNKRTS: RTS
00D42A  1               ;
00D42A  1               ; THIS IS THE LINE INPUT ROUTINE.
00D42A  1               ; IT READS CHARACTERS INTO BUF USING BACKARROW (UNDERSCORE, OR
00D42A  1               ; SHIFT O) AS THE DELETE CHARACTER AND @ AS THE
00D42A  1               ; LINE DELETE CHARACTER. IF MORE THAN BUFLEN CHARACTERS
00D42A  1               ; ARE TYPED, NO ECHOING IS DONE UNTIL A BACKARROW OR @ OR CR
00D42A  1               ; IS TYPED. CONTROL-G WILL BE TYPED FOR EACH EXTRA CHARACTER.
00D42A  1               ; THE ROUTINE IS ENTERED AT INLIN.
00D42A  1               ;
00D42A  1               .if REALIO-4 = 0
00D42A  1               
00D42A  1  A2 80        INLIN: LDX #128
00D42C  1  86 33        STX CQPRMP
00D42E  1  20 67 FD     JSR CQINLN
00D431  1  E0 EF        CPX #BUFLEN-1
00D433  1  B0 02        BCS GDBUFS
00D435  1  A2 EF        LDX #BUFLEN-1
00D437  1  A9 00        GDBUFS: LDA #0
00D439  1  9D 00 02     STA BUF,X
00D43C  1  8A           TXA
00D43D  1  F0 0B        BEQ NOCHR
00D43F  1  BD FF 01     LOPBHT: LDA BUF-1,X
00D442  1  29 7F        AND #127
00D444  1  9D FF 01     STA BUF-1,X
00D447  1  CA           DEX
00D448  1  D0 F5        BNE LOPBHT
00D44A  1  A9 00        NOCHR: LDA #0
00D44C  1               
00D44C  1  A2 FF        LDX #<((BUF-1)&255)
00D44E  1  A0 01        LDY #<((BUF-1)/256)
00D450  1  60           RTS
00D451  1               .endif
00D451  1               .if REALIO-4 <> 0
00D451  1               
00D451  1               .if REALIO-3 <> 0
00D451  1               
00D451  1               LINLIN:
00D451  1               .if REALIO-2 = 0
00D451  1               JSR OUTDO
00D451  1               .endif
00D451  1               DEX
00D451  1               BPL INLINC
00D451  1               INLINN:
00D451  1               .if REALIO-2 = 0
00D451  1               JSR OUTDO
00D451  1               .endif
00D451  1               
00D451  1               JSR CRDO
00D451  1               .endif
00D451  1               INLIN: LDX #0
00D451  1               INLINC: JSR INCHR
00D451  1               .if REALIO-3 <> 0
00D451  1               
00D451  1               CMP #7
00D451  1               
00D451  1               BEQ GOODCH
00D451  1               .endif
00D451  1               CMP #13
00D451  1               BEQ FININ1
00D451  1               .if REALIO-3 <> 0
00D451  1               
00D451  1               CMP #32
00D451  1               BCC INLINC
00D451  1               CMP #125
00D451  1               BCS INLINC
00D451  1               CMP #'@'
00D451  1               BEQ INLINN
00D451  1               CMP #'_'
00D451  1               BEQ LINLIN
00D451  1               .endif
00D451  1               GOODCH:
00D451  1               .if REALIO-3 <> 0
00D451  1               
00D451  1               CPX #BUFLEN-1
00D451  1               
00D451  1               BCS OUTBEL
00D451  1               .endif
00D451  1               STA BUF,X
00D451  1               INX
00D451  1               .if REALIO-2 = 0
00D451  1               .word 512,44
00D451  1               .endif
00D451  1               .if REALIO-2 <> 0
00D451  1               BNE INLINC
00D451  1               .endif
00D451  1               .if REALIO-3 <> 0
00D451  1               
00D451  1               OUTBEL: LDA #7
00D451  1               .if REALIO <> 0
00D451  1               
00D451  1               JSR OUTDO
00D451  1               .endif
00D451  1               BNE INLINC
00D451  1               .endif
00D451  1               FININ1: JMP FININL
00D451  1               .endif
00D451  1               INCHR:
00D451  1               .if REALIO-3 = 0
00D451  1               
00D451  1               JSR CQINCH
00D451  1               .endif
00D451  1               .if REALIO-2 = 0
00D451  1               
00D451  1               INCHRL: LDA 64512
00D451  1               NOP
00D451  1               NOP
00D451  1               NOP
00D451  1               NOP
00D451  1               LSR
00D451  1               BCC INCHRL
00D451  1               LDA 64513
00D451  1               NOP
00D451  1               NOP
00D451  1               NOP
00D451  1               NOP
00D451  1               AND #127
00D451  1               .endif
00D451  1               .if REALIO-1 = 0
00D451  1               
00D451  1               JSR 7770
00D451  1               .endif
00D451  1               .if REALIO-4 = 0
00D451  1               
00D451  1  20 0C FD     JSR CQINCH
00D454  1  29 7F        AND #127
00D456  1               .endif
00D456  1               .if REALIO = 0
00D456  1               
00D456  1               ; TJSR INSIM##
00D456  1               .endif
00D456  1               
00D456  1               .if REALIO <> 0
00D456  1               
00D456  1               .if EXTIO <> 0
00D456  1               
00D456  1               LDY CHANNL
00D456  1               BNE INCRTS
00D456  1               .endif
00D456  1  C9 0F        CMP #CONTW
00D458  1  D0 08        BNE INCRTS
00D45A  1  48           PHA
00D45B  1               
00D45B  1  A5 17        LDA CNTWFL
00D45D  1  49 FF        EOR #255
00D45F  1  85 17        STA CNTWFL
00D461  1  68           PLA
00D462  1               .endif
00D462  1  60           INCRTS: RTS ;END OF INCHR.
00D463  1               
00D463  1               ;
00D463  1               ; ALL "RESERVED" WORDS ARE TRANSLATED INTO SINGLE
00D463  1               ; BYTES WITH THE MSB ON. THIS SAVES SPACE AND TIME
00D463  1               ; BY ALLOWING FOR TABLE DISPATCH DURING EXECUTION.
00D463  1               ; THEREFORE ALL STATEMENTS APPEAR TOGETHER IN THE
00D463  1               ; RESERVED WORD LIST IN THE SAME ORDER THEY
00D463  1               ; APPEAR IN STMDSP.
00D463  1               ;
00D463  1               ;THE AMOUNT TO OFFSET THE LOW BYTE
00D463  1               BUFOFS .set 0
00D463  1               ;OF THE TEXT POINTER TO GET TO BUF
00D463  1               ;AFTER TXTPTR HAS BEEN SETUP TO POINT INTO BUF
00D463  1               .if BUFPAG <> 0
00D463  1               
00D463  1               BUFOFS .set 512
00D463  1               .endif
00D463  1  A6 B9        CRUNCH: LDX TXTPTR ;SET SOURCE POINTER.
00D465  1  A0 04        LDY #4 ;SET DESTINATION OFFSET.
00D467  1  84 13        STY DORES ;ALLOW CRUNCHING.
00D469  1  BD 00 02     KLOOP: LDA BUFOFS,X
00D46C  1               .if REALIO-3 = 0
00D46C  1               
00D46C  1               BPL CMPSPC
00D46C  1               CMP #PI
00D46C  1               BEQ STUFFH
00D46C  1               INX
00D46C  1               BNE KLOOP
00D46C  1               .endif
00D46C  1  C9 20        CMPSPC: CMP #' ' ;IS IT A SPACE TO SAVE?
00D46E  1  F0 37        BEQ STUFFH ;YES, GO SAVE IT.
00D470  1  85 0E        STA ENDCHR ;IF IT'S A QUOTE, THIS WILL
00D472  1               ;STOP LOOP WHEN OTHER QUOTE APPEARS.
00D472  1  C9 22        CMP #34 ;QUOTE SIGN?
00D474  1  F0 56        BEQ STRNG ;YES, DO SPECIAL STRING HANDLING.
00D476  1  24 13        BIT DORES ;TEST FLAG.
00D478  1  70 2D        BVS STUFFH ;NO CRUNCH, JUST STORE.
00D47A  1  C9 3F        CMP #'?' ;A QMARK?
00D47C  1  D0 04        BNE KLOOP1
00D47E  1  A9 7F        LDA #PRINTK ;YES, STUFF A "PRINT" TOKEN.
00D480  1  D0 25        BNE STUFFH ;ALWAYS GO TO STUFFH.
00D482  1  C9 30        KLOOP1: CMP #'0' ;SKIP NUMERICS.
00D484  1  90 04        BCC MUSTCR
00D486  1  C9 3C        CMP #60 ;':' AND ';' ARE ENTERED STRAIGHTAWAY.
00D488  1  90 1D        BCC STUFFH
00D48A  1  84 B0        MUSTCR: STY BUFPTR ;SAVE BUFFER POINTER.
00D48C  1  A0 00        LDY #0 ;LOAD RESLST POINTER.
00D48E  1  84 0F        STY COUNT ;ALSO CLEAR COUNT.
00D490  1  88           DEY
00D491  1  86 B9        STX TXTPTR ;SAVE TEXT POINTER FOR LATER USE.
00D493  1  CA           DEX
00D494  1  C8           RESER: INY
00D495  1  E8           RESPUL: INX
00D496  1  BD 00 02     RESCON: LDA BUFOFS,X
00D499  1  38           SEC ;PREPARE TO SUBSTARCT.
00D49A  1  F9 84 D0     SBC RESLST,Y ;CHARACTERS EQUAL?
00D49D  1  F0 F5        BEQ RESER ;YES, CONTINUE SEARCH.
00D49F  1  C9 80        CMP #128 ;NO BUT MAYBE THE END IS HERE.
00D4A1  1  D0 30        BNE NTHIS ;NO, TRULY UNEQUAL.
00D4A3  1  05 0F        ORA COUNT
00D4A5  1  A4 B0        GETBPT: LDY BUFPTR ;GET BUFFER PNTR.
00D4A7  1  E8           STUFFH: INX
00D4A8  1  C8           INY
00D4A9  1  99 FB 01     STA BUF-5,Y
00D4AC  1  B9 FB 01     LDA BUF-5,Y
00D4AF  1  F0 36        BEQ CRDONE ;NULL IMPLIES END OF LINE.
00D4B1  1  38           SEC ;PREPARE TO SUBSTARCT.
00D4B2  1  E9 3A        SBC #':' ;IS IT A ':'?
00D4B4  1  F0 04        BEQ COLIS ;YES, ALLOW CRUNCHING AGAIN.
00D4B6  1  C9 45        CMP #DATATK-':' ;IS IT A DATATK?
00D4B8  1  D0 02        BNE NODATT ;NO, SEE IF IT IS REM TOKEN.
00D4BA  1  85 13        COLIS: STA DORES ;SETUP FLAG.
00D4BC  1  38           NODATT: SEC ;PREP TO SBCQ
00D4BD  1  E9 45        SBC #REMTK-':' ;REM ONLY STOPS ON NULL.
00D4BF  1  D0 A8        BNE KLOOP ;NO, CONTINUE CRUNCHING.
00D4C1  1  85 0E        STA ENDCHR ;REM STOPS ONLY ON NULL, NOT : OR ".
00D4C3  1  BD 00 02     STR1: LDA BUFOFS,X
00D4C6  1  F0 DF        BEQ STUFFH ;YES, END OF LINE, SO DONE.
00D4C8  1  C5 0E        CMP ENDCHR ;END OF GOBBLE?
00D4CA  1  F0 DB        BEQ STUFFH ;YES, DONE WITH STRING.
00D4CC  1  C8           STRNG: INY ;INCREMENT BUFFER POINTER.
00D4CD  1  99 FB 01     STA BUF-5,Y
00D4D0  1  E8           INX
00D4D1  1  D0 F0        BNE STR1 ;PROCESS NEXT CHARACTER.
00D4D3  1  A6 B9        NTHIS: LDX TXTPTR ;RESTORE TEXT POINTER.
00D4D5  1  E6 0F        INC COUNT ;INCREMENT RES WORD COUNT.
00D4D7  1  C8           NTHIS1: INY
00D4D8  1  B9 83 D0     LDA RESLST-1,Y;GET RES CHARACTER.
00D4DB  1  10 FA        BPL NTHIS1 ;END OF ENTRY?
00D4DD  1  B9 84 D0     LDA RESLST,Y;YES. IS IT THE END?
00D4E0  1  D0 B4        BNE RESCON ;NO, TRY THE NEXT WORD.
00D4E2  1  BD 00 02     LDA BUFOFS,X ;YES, END OF TABLE. GET 1ST CHR.
00D4E5  1  10 BE        BPL GETBPT ;STORE IT AWAY (ALWAYS BRANCHES).
00D4E7  1  99 FD 01     CRDONE: STA BUF-3,Y;SO THAT IF THIS IS A DIR STATEMENT
00D4EA  1               ;ITS END WILL LOOK LIKE END OF PROGRAM.
00D4EA  1               .if 0 ; unresolved .if expression for ca65: ((((BUF+BUFLEN)/256)-BUF)-1)/256 <> 0
00D4EA  1               
00D4EA  1               DEC TXTPTR+1
00D4EA  1               .endif
00D4EA  1  A9 FF        LDA #<((BUF&255)-1) ;MAKE TXTPTR POINT TO
00D4EC  1  85 B9        STA TXTPTR ;CRUNCHED LINE.
00D4EE  1  60           LISTRT: RTS ;RETURN TO CALLER.
00D4EF  1               ;
00D4EF  1               ; FNDLIN SEARCHES THE PROGRAM TEXT FOR THE LINE
00D4EF  1               ; WHOSE NUMBER IS PASSED IN "LINNUM".
00D4EF  1               ; THERE ARE TWO POSSIBLE RETURNS:
00D4EF  1               ;
00D4EF  1               ;	1) CARRY SET.
00D4EF  1               ;	   LOWTR POINTS TO THE LINK FIELD IN THE LINE
00D4EF  1               ;	   WHICH IS THE ONE SEARCHED FOR.
00D4EF  1               ;
00D4EF  1               ;	2) CARRY NOT SET.
00D4EF  1               ;	   LINE NOT FOUND. [LOWTR] POINTS TO THE LINE IN THE
00D4EF  1               ;	   PROGRAM GREATER THAN THE ONE SOUGHT AFTER.
00D4EF  1               ;
00D4EF  1               FNDLIN: ;LOAD [X,A] WITH [TXTTAB]
00D4EF  1  A5 6A        LDA TXTTAB
00D4F1  1  A6 6B        LDX TXTTAB+1
00D4F3  1  A0 01        FNDLNC: LDY #1
00D4F5  1                ;STORE [X,A] INTO LOWTR
00D4F5  1  85 9E        STA LOWTR
00D4F7  1  86 9F        STX LOWTR+1
00D4F9  1  B1 9E        LDA (LOWTR),Y ;SEE IF LINK IS 0
00D4FB  1  F0 1F        BEQ FLINRT
00D4FD  1  C8           INY
00D4FE  1  C8           INY
00D4FF  1  A5 54        LDA LINNUM+1 ;COMP HIGH ORDERS OF LINE NUMBERS.
00D501  1  D1 9E        CMP (LOWTR),Y
00D503  1  90 18        BCC FLNRTS ;NO SUCH LINE NUMBER.
00D505  1  F0 03        BEQ FNDLO1
00D507  1  88           DEY
00D508  1  D0 09        BNE AFFRTS ;ALWAYS BRANCH.
00D50A  1  A5 53        FNDLO1: LDA LINNUM
00D50C  1  88           DEY
00D50D  1  D1 9E        CMP (LOWTR),Y ;COMPARE LOW ORDERS.
00D50F  1  90 0C        BCC FLNRTS ;NO SUCH NUMBER.
00D511  1  F0 0A        BEQ FLNRTS ;GO TIT.
00D513  1  88           AFFRTS: DEY
00D514  1  B1 9E        LDA (LOWTR),Y ;FETCH LINK.
00D516  1  AA           TAX
00D517  1  88           DEY
00D518  1  B1 9E        LDA (LOWTR),Y
00D51A  1  B0 D7        BCS FNDLNC ;ALWAYS BRANCHES.
00D51C  1  18           FLINRT: CLC ;C MAY BE HIGH.
00D51D  1  60           FLNRTS: RTS ;RETURN TO CALLER.
00D51E  1               ;
00D51E  1               ; THE "NEW" COMMAND CLEARS THE PROGRAM TEXT AS WELL
00D51E  1               ; AS VARIABLE SPACE.
00D51E  1               ;
00D51E  1  D0 FD        SCRATH: BNE FLNRTS ;MAKE SURE THERE IS A TERMINATOR.
00D520  1  A9 00        SCRTCH: LDA #0 ;GET A CLEARER.
00D522  1  A8           TAY ;SET UP INDEX.
00D523  1  91 6A        STA (TXTTAB),Y ;CLEAR	FIRST LINK.
00D525  1  C8           INY
00D526  1  91 6A        STA (TXTTAB),Y
00D528  1  A5 6A        LDA TXTTAB
00D52A  1  18           CLC
00D52B  1  69 02        ADC #2
00D52D  1  85 6C        STA VARTAB ;SETUP [VARTAB].
00D52F  1  A5 6B        LDA TXTTAB+1
00D531  1  69 00        ADC #0
00D533  1  85 6D        STA VARTAB+1
00D535  1  20 67 D5     RUNC: JSR STXTPT
00D538  1  A9 00        LDA #0 ;SET ZERO FLAG
00D53A  1               ;
00D53A  1               ; THIS CODE IS FOR THE CLEAR COMMAND.
00D53A  1               ;
00D53A  1  D0 2A        CLEAR: BNE STKRTS ;SYNTAX ERROR IF NO TERMINATOR.
00D53C  1               ;
00D53C  1               ; CLEAR INITIALIZES THE VARIABLE AND
00D53C  1               ; ARRAY SPACE BY RESETING ARYTAB (THE END OF SIMPLE VARIABLE SPACE)
00D53C  1               ; AND STREND (THE END OF ARRAY STORAGE). IT FALLS INTO "STKINI"
00D53C  1               ; WHICH RESETS THE STACK.
00D53C  1               ;
00D53C  1               CLEARC: ;FREE UP STRING SPACE.
00D53C  1  A5 76        LDA MEMSIZ
00D53E  1  A4 77        LDY MEMSIZ+1
00D540  1               
00D540  1  85 72        STA FRETOP
00D542  1  84 73        STY FRETOP+1
00D544  1               .if EXTIO <> 0
00D544  1               
00D544  1               JSR CQCALL
00D544  1               .endif
00D544  1                ;LIBERATE THE
00D544  1  A5 6C        LDA VARTAB
00D546  1  A4 6D        LDY VARTAB+1
00D548  1                ;VARIABLES AND
00D548  1  85 6E        STA ARYTAB
00D54A  1  84 6F        STY ARYTAB+1
00D54C  1                ;ARRAYS.
00D54C  1  85 70        STA STREND
00D54E  1  84 71        STY STREND+1
00D550  1  20 DB D6     FLOAD: JSR RESTOR ;RESTORE DATA.
00D553  1               ;
00D553  1               ; STKINI RESETS THE STACK POINTER ELIMINATING
00D553  1               ; GOSUB AND FOR CONTEXT. STRING TEMPORARIES ARE FREED
00D553  1               ; UP, SUBFLG IS RESET. CONTINUING IS PROHIBITED.
00D553  1               ; AND A DUMMY ENTRY IS LEFT AT THE BOTTOM OF THE STACK SO "FNDFOR" WILL ALWAYS
00D553  1               ; FIND A NON-"FOR" ENTRY AT THE BOTTOM OF THE STACK.
00D553  1               ;
00D553  1  A2 58        STKINI: LDX #TEMPST ;INITIALIZE STRING TEMPORARIES.
00D555  1  86 55        STX TEMPPT
00D557  1  68           PLA ;SETUP RETURN ADDRESS.
00D558  1  A8           TAY
00D559  1  68           PLA
00D55A  1  A2 FA        LDX #STKEND-257
00D55C  1  9A           TXS
00D55D  1  48           PHA
00D55E  1  98           TYA
00D55F  1  48           PHA
00D560  1  A9 00        LDA #0
00D562  1  85 7D        STA OLDTXT+1 ;DISALLOWING CONTINUING
00D564  1  85 14        STA SUBFLG ;ALLOW SUBSCRIPTS.
00D566  1  60           STKRTS: RTS
00D567  1               
00D567  1  18           STXTPT: CLC
00D568  1  A5 6A        LDA TXTTAB
00D56A  1  69 FF        ADC #255
00D56C  1  85 B9        STA TXTPTR
00D56E  1  A5 6B        LDA TXTTAB+1
00D570  1  69 FF        ADC #255
00D572  1  85 BA        STA TXTPTR+1 ;SETUP TEXT POINTER.
00D574  1  60           RTS
00D575  1               ; PAGE
00D575  1               ; SUBTTL	THE "LIST" COMMAND.
00D575  1               
00D575  1  90 06        LIST: BCC GOLST ;IT IS A DIGIT.
00D577  1  F0 04        BEQ GOLST ;IT IS A TERMINATOR.
00D579  1  C9 81        CMP #MINUTK ;DASH PRECEDING?
00D57B  1  D0 E9        BNE STKRTS ;NO, SO SYNTAX ERROR.
00D57D  1  20 94 D8     GOLST: JSR LINGET ;GET LINE NUMBER INTO NUMLIN.
00D580  1  20 EF D4     JSR FNDLIN ;FIND LINE .GE. [NUMLIN].
00D583  1  20 B8 00     JSR CHRGOT ;GET LAST CHARACTER.
00D586  1  F0 0C        BEQ LSTEND ;IF END OF LINE, # IS THE END.
00D588  1  C9 81        CMP #MINUTK ;DASH?
00D58A  1  D0 91        BNE FLNRTS ;IF NOT, SYNTAX ERROR.
00D58C  1  20 B2 00     JSR CHRGET ;GET NEXT CHAR.
00D58F  1  20 94 D8     JSR LINGET ;GET END #.
00D592  1  D0 89        BNE FLNRTS ;IF NOT TERMINATOR, ERROR.
00D594  1  68           LSTEND: PLA
00D595  1  68           PLA ;GET RID OF "NEWSTT" RTS ADDR.
00D596  1  A5 53        LDA LINNUM ;SEE IF IT WAS EXISTENT.
00D598  1  05 54        ORA LINNUM+1
00D59A  1  D0 06        BNE LIST4 ;IT WAS TYPED.
00D59C  1  A9 FF        LDA #255
00D59E  1  85 53        STA LINNUM
00D5A0  1  85 54        STA LINNUM+1 ;MAKE IT HUGE.
00D5A2  1  A0 01        LIST4: LDY #1
00D5A4  1               .if REALIO-3 = 0
00D5A4  1               
00D5A4  1               STY DORES
00D5A4  1               .endif
00D5A4  1  B1 9E        LDA (LOWTR),Y ;IS LINK ZERO?
00D5A6  1  F0 39        BEQ GRODY ;YES, GO TO READY.
00D5A8  1               .if REALIO <> 0
00D5A8  1               
00D5A8  1  20 EA D6     JSR ISCNTC
00D5AB  1               .endif
00D5AB  1  20 95 D9     JSR CRDO ;PRINT CRLF TO START WITH.
00D5AE  1  C8           INY
00D5AF  1  B1 9E        LDA (LOWTR),Y
00D5B1  1  AA           TAX
00D5B2  1  C8           INY
00D5B3  1  B1 9E        LDA (LOWTR),Y ;GET LINE NUMBER.
00D5B5  1  C5 54        CMP LINNUM+1 ;SEE IF BEYOND LAST.
00D5B7  1  D0 04        BNE TSTDUN ;GO DETERMINE RELATION.
00D5B9  1  E4 53        CPX LINNUM ;WAS EQUAL SO TEST LOW ORDER.
00D5BB  1  F0 02        BEQ TYPLIN ;EQUAL, SO LIST IT.
00D5BD  1  B0 22        TSTDUN: BCS GRODY ;IF LINE IS GR THAN LAST, THEN DUNE.
00D5BF  1  84 88        TYPLIN: STY LSTPNT
00D5C1  1  20 C8 EB     JSR LINPRT ;PRINT AS INT WITHOUT LEADING SPACE.
00D5C4  1  A9 20        LDA #' ' ;ALWAYS PRINT SPACE AFTER NUMBER.
00D5C6  1  A4 88        PRIT4: LDY LSTPNT ;GET POINTER TO LINE BACK.
00D5C8  1  29 7F        AND #127
00D5CA  1  20 04 DA     PLOOP: JSR OUTDO ;PRINT CHAR.
00D5CD  1               .if REALIO-3 = 0
00D5CD  1               
00D5CD  1               CMP #34
00D5CD  1               BNE PLOOP1
00D5CD  1               
00D5CD  1               LDA DORES
00D5CD  1               EOR #255
00D5CD  1               STA DORES
00D5CD  1               .endif
00D5CD  1  C8           PLOOP1: INY
00D5CE  1  F0 11        BEQ GRODY ;IF WE HAVE PRINTED 256 CHARACTERS
00D5D0  1               ;THE PROGRAM MUST BE MISFORMATED IN
00D5D0  1               ;MEMORY DUE TO A BAD LOAD OR BAD
00D5D0  1               ;HARDWARE. LET THE GUY RECOVER
00D5D0  1  B1 9E        LDA (LOWTR),Y ;GET NEXT CHAR. IS IT ZERO?
00D5D2  1  D0 10        BNE QPLOP ;YES. END OF LINE.
00D5D4  1  A8           TAY
00D5D5  1  B1 9E        LDA (LOWTR),Y
00D5D7  1  AA           TAX
00D5D8  1  C8           INY
00D5D9  1  B1 9E        LDA (LOWTR),Y
00D5DB  1  86 9E        STX LOWTR
00D5DD  1  85 9F        STA LOWTR+1
00D5DF  1  D0 C1        BNE LIST4 ;BRANCH IF SOMETHING TO LIST.
00D5E1  1  4C 44 D3     GRODY: JMP READY
00D5E4  1               ;IS IT A TOKEN?
00D5E4  1  10 E4        QPLOP: BPL PLOOP ;NO, HEAD FOR PRINTER.
00D5E6  1               .if REALIO-3 = 0
00D5E6  1               
00D5E6  1               CMP #PI
00D5E6  1               BEQ PLOOP
00D5E6  1               BIT DORES
00D5E6  1               BMI PLOOP
00D5E6  1               .endif
00D5E6  1  38           SEC
00D5E7  1  E9 7F        SBC #127 ;GET RID OF SIGN BIT AND ADD 1.
00D5E9  1  AA           TAX ;MAKE IT A COUNTER.
00D5EA  1  84 88        STY LSTPNT ;SAVE POINTER TO LINE.
00D5EC  1  A0 FF        LDY #255 ;LOOK AT RES'D WORD LIST.
00D5EE  1  CA           RESRCH: DEX ;IS THIS THE RES'D WORD?
00D5EF  1  F0 08        BEQ PRIT3 ;YES, GO TOSS IT UP..
00D5F1  1  C8           RESCR1: INY
00D5F2  1  B9 84 D0     LDA RESLST,Y;END OF ENTRY?
00D5F5  1  10 FA        BPL RESCR1 ;NO, CONTINUE PASSING.
00D5F7  1  30 F5        BMI RESRCH
00D5F9  1  C8           PRIT3: INY
00D5FA  1  B9 84 D0     LDA RESLST,Y
00D5FD  1  30 C7        BMI PRIT4 ;END OF RESERVED WORD.
00D5FF  1  20 04 DA     JSR OUTDO ;PRINT IT.
00D602  1  D0 F5        BNE PRIT3 ;END OF ENTRY? NO, TYPE REST.
00D604  1               ; PAGE
00D604  1               ; SUBTTL THE "FOR" STATEMENT.
00D604  1               ;
00D604  1               ; A "FOR" ENTRY ON THE STACK HAS THE FOLLOWING FORMAT:
00D604  1               ;
00D604  1               ; LOW ADDRESS
00D604  1               ;	TOKEN (FORTK) 1 BYTE
00D604  1               ;	A POINTER TO THE LOOP VARIABLE 2 BYTES
00D604  1               ;	THE STEP 4+ADDPRC BYTES
00D604  1               ;	A BYTE REFLECTING THE SIGN OF THE INCREMENT 1 BYTE
00D604  1               ;	THE UPPER VALUE 4+ADDPRC BYTES
00D604  1               ;	THE LINE NUMBER OF THE "FOR" STATEMENT 2 BYTES
00D604  1               ;	A TEXT POINTER INTO THE "FOR" STATEMENT 2 BYTES
00D604  1               ; HIGH ADDRESS
00D604  1               ;
00D604  1               ; TOTAL 16+2*ADDPRC BYTES.
00D604  1               ;
00D604  1               
00D604  1  A9 80        FOR: LDA #128 ;DON'T RECOGNIZE
00D606  1  85 14        STA SUBFLG ;SUBSCRIPTED VARIABLES.
00D608  1  20 CE D8     JSR LET ;READ THE VARIABLE AND ASSIGN IT
00D60B  1               ;THE CORRECT INITIAL VALUE AND STORE
00D60B  1               ;A POINTER TO THE VARIABLE IN VARPNT.
00D60B  1  20 70 D2     JSR FNDFOR ;PNTR IS IN VARPNT, AND FORPNT.
00D60E  1  D0 05        BNE NOTOL ;IF NO MATCH, DON'T ELIMINATE ANYTHING.
00D610  1  8A           TXA ;MAKE IT ARITHMETICAL.
00D611  1  69 0F        ADC #FORSIZ-3 ;ELIMINATE ALMOST ALL.
00D613  1  AA           TAX ;NOTE C=1, THEN PLA, PLA.
00D614  1  9A           TXS ;MANIFEST.
00D615  1  68           NOTOL: PLA ;GET RID OF NEWSTT RETURN ADDRESS
00D616  1  68           PLA ;IN CASE THIS IS A TOTALLY NEW ENTRY.
00D617  1  A9 09        LDA #8+ADDPRC
00D619  1  20 E1 D2     JSR GETSTK ;MAKE SURE 16 BYTES ARE AVAILABLE.
00D61C  1  20 2C D8     JSR DATAN ;GET A COUNT IN [Y] OF THE NUMBER OF
00D61F  1               ;CHACRACTERS LEFT IN THE "FOR" STATEMENT
00D61F  1               ;[TXTPTR] IS UNAFFECTED.
00D61F  1  18           CLC ;PREP TO ADD.
00D620  1  98           TYA ;SAVE IT FOR PUSHING.
00D621  1  65 B9        ADC TXTPTR
00D623  1  48           PHA
00D624  1  A5 BA        LDA TXTPTR+1
00D626  1  69 00        ADC #0
00D628  1  48           PHA
00D629  1                ;PUT LINE NUMBER ON STACK.
00D629  1  A5 79        LDA CURLIN+1
00D62B  1  48           PHA
00D62C  1  A5 78        LDA CURLIN
00D62E  1  48           PHA
00D62F  1                ;"TO" IS NECESSARY.
00D62F  1  A9 80        LDA #TOTK
00D631  1  20 74 DD     JSR SYNCHR
00D634  1  20 0F DC     JSR CHKNUM ;VALUE MUST BE A NUMBER.
00D637  1  20 0C DC     JSR FRMNUM ;GET UPPER VALUE INTO FAC.
00D63A  1  A5 A5        LDA FACSGN ;PACK FAC.
00D63C  1  09 7F        ORA #127
00D63E  1  25 A1        AND FACHO
00D640  1  85 A1        STA FACHO ;SET PACKED SIGN BIT.
00D642  1               
00D642  1  A9 4D        LDA #LDFONE&255
00D644  1  A0 D6        LDY #LDFONE/256
00D646  1               
00D646  1  85 61        STA INDEX1
00D648  1  84 62        STY INDEX1+1
00D64A  1  4C CB DC     JMP FORPSH ;PUT FAC ONTO STACK, PACKED.
00D64D  1               LDFONE: ;PUT 1.0 INTO FAC.
00D64D  1  A9 B1        LDA #FONE&255
00D64F  1  A0 E7        LDY #FONE/256
00D651  1  20 9A E9     JSR MOVFM
00D654  1  20 B8 00     JSR CHRGOT
00D657  1  C9 81        CMP #STEPTK ;A STEP IS GIVEN?
00D659  1  D0 06        BNE ONEON ;NO. ASSUME 1.0.
00D65B  1  20 B2 00     JSR CHRGET ;YES. ADVANCE POINTER.
00D65E  1  20 0C DC     JSR FRMNUM ;READ THE STEP.
00D661  1  20 26 EA     ONEON: JSR SIGN ;GET SIGN IN ACCA.
00D664  1  20 C0 DC     JSR PUSHF ;PUSH FAC ONTO STACK (THRU A).
00D667  1                ;PUT PNTR TO VARIABLE ON STACK.
00D667  1  A5 89        LDA FORPNT+1
00D669  1  48           PHA
00D66A  1  A5 88        LDA FORPNT
00D66C  1  48           PHA
00D66D  1  A9 7F        NXTCON: LDA #FORTK ;PUT A FORTK ONTO STACK.
00D66F  1  48           PHA
00D670  1               ;	BNEA	NEWSTT		;SIMULATE BNE TO NEWSTT. JUST FALL IN.
00D670  1               ; PAGE
00D670  1               ; SUBTTL	NEW STATEMENT FETCHER.
00D670  1               ;
00D670  1               ; BACK HERE FOR NEW STATEMENT. CHARACTER POINTED TO BY TXTPTR
00D670  1               ; IS ':' OR END-OF-LINE. THE ADDRESS OF THIS LOC IS LEFT
00D670  1               ; ON THE STACK WHEN A STATEMENT IS EXECUTED SO THAT
00D670  1               ; IT CAN MERELY DO A RTS WHEN IT IS DONE.
00D670  1               ;
00D670  1               NEWSTT:
00D670  1               .if REALIO <> 0
00D670  1  20 EA D6     JSR ISCNTC ;LISTEN FOR CONTROL-C.
00D673  1               .endif
00D673  1                ;LOOK AT CURRENT CHARACTER.
00D673  1  A5 B9        LDA TXTPTR
00D675  1  A4 BA        LDY TXTPTR+1
00D677  1               .if BUFPAG <> 0
00D677  1               
00D677  1  C0 02        CPY #BUFPAG
00D679  1               .endif
00D679  1  F0 04        BEQ DIRCON
00D67B  1                ;SAVE IN CASE OF RESTART BY INPUT.
00D67B  1  85 7C        STA OLDTXT
00D67D  1  84 7D        STY OLDTXT+1
00D67F  1               .if BUFPAG <> 0
00D67F  1               DIRCON:
00D67F  1               .endif
00D67F  1  A0 00        LDY #0
00D681  1               .if BUFPAG = 0
00D681  1               DIRCON:
00D681  1               .endif
00D681  1  B1 B9        LDA (TXTPTR),Y
00D683  1  D0 40        BNE MORSTS ;NOT NULL -- CHECK WHAT IT IS
00D685  1  A0 02        LDY #2 ;LOOK AT LINK.
00D687  1  B1 B9        LDA (TXTPTR),Y ;IS LINK 0?
00D689  1  18           CLC ;CLEAR CARRY FOR ENDCON AND MATH THAT FOLLOWS
00D68A  1                ;YES - RAN OFF THE END.
00D68A  1  D0 03        BNE *+5
00D68C  1  4C 13 D7     JMP ENDCON
00D68F  1  C8           INY ;PUT LINE NUMBER IN CURLIN.
00D690  1  B1 B9        LDA (TXTPTR),Y
00D692  1  85 78        STA CURLIN
00D694  1  C8           INY
00D695  1  B1 B9        LDA (TXTPTR),Y
00D697  1  85 79        STA CURLIN+1
00D699  1  98           TYA
00D69A  1  65 B9        ADC TXTPTR
00D69C  1  85 B9        STA TXTPTR
00D69E  1  90 02        BCC GONE
00D6A0  1  E6 BA        INC TXTPTR+1
00D6A2  1  20 B2 00     GONE: JSR CHRGET ;GET THE STATEMENT TYPE.
00D6A5  1  20 AB D6     JSR GONE3
00D6A8  1  4C 70 D6     JMP NEWSTT
00D6AB  1  F0 3C        GONE3: BEQ ISCRTS ;IF TERMINATOR, TRY AGAIN.
00D6AD  1               ;NO NEED TO SET UP CARRY SINCE IT WILL
00D6AD  1               ;BE ON IF NON-NUMERIC AND NUMERICS
00D6AD  1               ;WILL CAUSE A SYNTAX ERROR LIKE THEY SHOULD
00D6AD  1  E9 7F        GONE2: SBC #ENDTK ;" ON ... GOTO AND GOSUB" COME HERE.
00D6AF  1  90 11        BCC GLET
00D6B1  1  C9 01        CMP #SCRATK-ENDTK+1
00D6B3  1  B0 17        BCS SNERRX ;SOME RES'D WORD BUT NOT
00D6B5  1               ;A STATEMENT RES'D WORD.
00D6B5  1  0A           ASL ;MULTIPLY BY TWO.
00D6B6  1  A8           TAY ;MAKE AN INDEX.
00D6B7  1  B9 01 D0     LDA STMDSP+1,Y
00D6BA  1  48           PHA
00D6BB  1  B9 00 D0     LDA STMDSP,Y
00D6BE  1  48           PHA ;PUT DISP ADDR ONTO STACK.
00D6BF  1  4C B2 00     JMP CHRGET
00D6C2  1  4C CE D8     GLET: JMP LET ;MUST BE A LET
00D6C5  1  C9 3A        MORSTS: CMP #':'
00D6C7  1  F0 D9        BEQ GONE ;IF A ':' CONTINUE STATEMENT
00D6C9  1  4C 7D DD     SNERR1: JMP SNERR ;NEITHER 0 OR ':' SO SYNTAX ERROR
00D6CC  1  C9 04        SNERRX: CMP #GOTK-ENDTK
00D6CE  1  D0 F9        BNE SNERR1
00D6D0  1  20 B2 00     JSR CHRGET ;READ IN THE CHARACTER AFTER "GO "
00D6D3  1               
00D6D3  1  A9 80        LDA #TOTK
00D6D5  1  20 74 DD     JSR SYNCHR
00D6D8  1  4C C8 D7     JMP GOTO
00D6DB  1               ; PAGE
00D6DB  1               ; SUBTTL	RESTORE,STOP,END,CONTINUE,NULL,CLEAR.
00D6DB  1               
00D6DB  1  38           RESTOR: SEC
00D6DC  1  A5 6A        LDA TXTTAB
00D6DE  1  E9 01        SBC #1
00D6E0  1  A4 6B        LDY TXTTAB+1
00D6E2  1  B0 01        BCS RESFIN
00D6E4  1  88           DEY
00D6E5  1               RESFIN: ;READ FINISHES COME TO "RESFIN".
00D6E5  1  85 80        STA DATPTR
00D6E7  1  84 81        STY DATPTR+1
00D6E9  1  60           ISCRTS: RTS
00D6EA  1               
00D6EA  1               .if REALIO-1 = 0
00D6EA  1               
00D6EA  1               ISCNTC: LDA #1
00D6EA  1               BIT 5952
00D6EA  1               BMI ISCRTS
00D6EA  1               LDX #8
00D6EA  1               LDA #3
00D6EA  1               CMP #3
00D6EA  1               .endif
00D6EA  1               .if REALIO-2 = 0
00D6EA  1               
00D6EA  1               ISCNTC: LDA 64512
00D6EA  1               NOP
00D6EA  1               NOP
00D6EA  1               NOP
00D6EA  1               NOP
00D6EA  1               LSR
00D6EA  1               BCC ISCRTS
00D6EA  1               JSR INCHR
00D6EA  1               CMP #3
00D6EA  1               .endif
00D6EA  1               
00D6EA  1               .if REALIO-4 = 0
00D6EA  1               
00D6EA  1  AD 00 C0     ISCNTC: LDA 49152
00D6ED  1  C9 83        CMP #131
00D6EF  1  F0 01        BEQ ISCCAP
00D6F1  1  60           RTS
00D6F2  1  20 51 D4     ISCCAP: JSR INCHR
00D6F5  1  C9 83        CMP #131
00D6F7  1               .endif
00D6F7  1  B0 01        STOP: BCS STOPC ;MAKE [C] NONZERO AS A FLAG.
00D6F9  1  18           END: CLC
00D6FA  1  D0 40        STOPC: BNE CONTRT ;RETURN IF NOT CONT-C OR
00D6FC  1               ;IF NO TERMINATOR FOR STOP OR END.
00D6FC  1               ;[C]=0 SO WILL NOT PRINT "BREAK".
00D6FC  1               
00D6FC  1  A5 B9        LDA TXTPTR
00D6FE  1  A4 BA        LDY TXTPTR+1
00D700  1               .if BUFPAG <> 0
00D700  1               
00D700  1  A6 79        LDX CURLIN+1
00D702  1  E8           INX
00D703  1               .endif
00D703  1  F0 0C        BEQ DIRIS
00D705  1               
00D705  1  85 7C        STA OLDTXT
00D707  1  84 7D        STY OLDTXT+1
00D709  1               STPEND:
00D709  1  A5 78        LDA CURLIN
00D70B  1  A4 79        LDY CURLIN+1
00D70D  1               
00D70D  1  85 7A        STA OLDLIN
00D70F  1  84 7B        STY OLDLIN+1
00D711  1  68           DIRIS: PLA ;POP OFF NEWSTT ADDR.
00D712  1  68           PLA
00D713  1               ENDCON:
00D713  1  A9 68        LDA #BRKTXT&255
00D715  1  A0 D2        LDY #BRKTXT/256
00D717  1               .if REALIO <> 0
00D717  1               
00D717  1  A2 00        LDX #0
00D719  1  86 17        STX CNTWFL
00D71B  1               .endif
00D71B  1  90 03        BCC GORDY ;CARRY CLEAR SO DON'T PRINT "BREAK".
00D71D  1  4C 39 D3     JMP ERRFIN
00D720  1  4C 44 D3     GORDY: JMP READY ;TYPE "READY".
00D723  1               
00D723  1               .if REALIO = 0
00D723  1               
00D723  1               DDT: PLA
00D723  1               PLA
00D723  1               ; HRRZ 14,.JBDDT##
00D723  1               ; JRST 0(14)
00D723  1               .endif
00D723  1  D0 17        CONT: BNE CONTRT ;MAKE SURE THERE IS A TERMINATOR.
00D725  1  A2 DB        LDX #ERRCN ;CONTINUE ERROR.
00D727  1  A4 7D        LDY OLDTXT+1 ;A STORED TXTPTR OF ZERO IS SETUP
00D729  1               ;BY STKINI AND INDICATES THERE IS
00D729  1               ;NOTHING TO CONTINUE.
00D729  1                ;"STOP", "END", TYPING CRLF TO
00D729  1  D0 03        BNE *+5
00D72B  1  4C 1D D3     JMP ERROR
00D72E  1               ;"INPUT" AND  ^C SETUP OLDTXT.
00D72E  1  A5 7C        LDA OLDTXT
00D730  1               
00D730  1  85 B9        STA TXTPTR
00D732  1  84 BA        STY TXTPTR+1
00D734  1               
00D734  1  A5 7A        LDA OLDLIN
00D736  1  A4 7B        LDY OLDLIN+1
00D738  1               
00D738  1  85 78        STA CURLIN
00D73A  1  84 79        STY CURLIN+1
00D73C  1  60           CONTRT: RTS ;RETURN TO CALLER.
00D73D  1               
00D73D  1               .if NULCMD <> 0
00D73D  1               
00D73D  1               NULL: JSR GETBYT
00D73D  1               BNE CONTRT
00D73D  1               INX
00D73D  1               CPX #240
00D73D  1               BCS FCERR1
00D73D  1               DEX
00D73D  1               STX NULCNT
00D73D  1               RTS
00D73D  1               FCERR1: JMP FCERR
00D73D  1               .endif
00D73D  1               ; PAGE
00D73D  1               ; SUBTTL	LOAD AND SAVE SUBROUTINES.
00D73D  1               
00D73D  1               .if REALIO-1 = 0
00D73D  1               
00D73D  1               SAVE: TSX
00D73D  1               STX INPFLG
00D73D  1               LDA #STKEND-256-200
00D73D  1               STA 242
00D73D  1               LDA #254
00D73D  1               STA 6137
00D73D  1               
00D73D  1               LDA TXTTAB
00D73D  1               LDY TXTTAB+1
00D73D  1               
00D73D  1               STA 6133
00D73D  1               STY 6133+1
00D73D  1               
00D73D  1               LDA VARTAB
00D73D  1               LDY VARTAB+1
00D73D  1               
00D73D  1               STA 6135
00D73D  1               STY 6135+1
00D73D  1               JMP 6144
00D73D  1               RETSAV: LDX INPFLG
00D73D  1               TXS
00D73D  1               
00D73D  1               LDA #TAPMES&255
00D73D  1               LDY #TAPMES/256
00D73D  1               JMP STROUT
00D73D  1               GLOAD: .byte "LOADED"
00D73D  1               .byte 0
00D73D  1               TAPMES: .byte "SAVED"
00D73D  1               
00D73D  1               .byte 13
00D73D  1               .byte 10
00D73D  1               .byte 0
00D73D  1               PATSAV: .res 20
00D73D  1               LOAD:
00D73D  1               LDA TXTTAB
00D73D  1               LDY TXTTAB+1
00D73D  1               
00D73D  1               STA 6133
00D73D  1               STY 6133+1
00D73D  1               LDA #255
00D73D  1               STA 6137
00D73D  1               
00D73D  1               LDA #RTLOAD&255
00D73D  1               LDY #RTLOAD/256
00D73D  1               
00D73D  1               STA 1
00D73D  1               STY 1+1
00D73D  1               JMP 6259
00D73D  1               RTLOAD: LDX #STKEND-256
00D73D  1               TXS
00D73D  1               
00D73D  1               LDA #READY&255
00D73D  1               LDY #READY/256
00D73D  1               
00D73D  1               STA 1
00D73D  1               STY 1+1
00D73D  1               
00D73D  1               LDA #GLOAD&255
00D73D  1               LDY #GLOAD/256
00D73D  1               JSR STROUT
00D73D  1               
00D73D  1               LDX 6125
00D73D  1               LDY 6125+1
00D73D  1               TXA
00D73D  1               BNE DECVRT
00D73D  1               NOP
00D73D  1               DECVRT: NOP
00D73D  1               
00D73D  1               STX VARTAB
00D73D  1               STY VARTAB+1
00D73D  1               JMP FINI
00D73D  1               .endif
00D73D  1               .if REALIO-4 = 0
00D73D  1               
00D73D  1  38           SAVE: SEC
00D73E  1  A5 6C        LDA VARTAB
00D740  1  E5 6A        SBC TXTTAB
00D742  1  85 53        STA POKER
00D744  1  A5 6D        LDA VARTAB+1
00D746  1  E5 6B        SBC TXTTAB+1
00D748  1  85 54        STA POKER+1
00D74A  1  20 80 D7     JSR VARTIO
00D74D  1  20 CD FE     JSR CQCOUT
00D750  1  20 8F D7     JSR PROGIO
00D753  1  4C CD FE     JMP CQCOUT
00D756  1               
00D756  1  20 80 D7     LOAD: JSR VARTIO
00D759  1  20 FD FE     JSR CQCSIN
00D75C  1  18           CLC
00D75D  1  A5 6A        LDA TXTTAB
00D75F  1  65 53        ADC POKER
00D761  1  85 6C        STA VARTAB
00D763  1  A5 6B        LDA TXTTAB+1
00D765  1  65 54        ADC POKER+1
00D767  1  85 6D        STA VARTAB+1
00D769  1  20 8F D7     JSR PROGIO
00D76C  1  20 FD FE     JSR CQCSIN
00D76F  1               
00D76F  1  A9 79        LDA #TPDONE&255
00D771  1  A0 D7        LDY #TPDONE/256
00D773  1  20 DF D9     JSR STROUT
00D776  1  4C F4 D3     JMP FINI
00D779  1               
00D779  1  4C 4F 41 44  TPDONE: .byte "LOADED"
00D77D  1  45 44        
00D77F  1  00           .byte 0
00D780  1               
00D780  1               VARTIO:
00D780  1  A9 53        LDA #POKER&255
00D782  1  A0 00        LDY #POKER/256
00D784  1               
00D784  1  85 3C        STA 60
00D786  1  84 3D        STY 60+1
00D788  1  A9 55        LDA #POKER+2
00D78A  1               
00D78A  1  85 3E        STA 62
00D78C  1  84 3F        STY 62+1
00D78E  1  60           RTS
00D78F  1               PROGIO:
00D78F  1  A5 6A        LDA TXTTAB
00D791  1  A4 6B        LDY TXTTAB+1
00D793  1               
00D793  1  85 3C        STA 60
00D795  1  84 3D        STY 60+1
00D797  1               
00D797  1  A5 6C        LDA VARTAB
00D799  1  A4 6D        LDY VARTAB+1
00D79B  1               
00D79B  1  85 3E        STA 62
00D79D  1  84 3F        STY 62+1
00D79F  1  60           RTS
00D7A0  1               .endif
00D7A0  1               ; PAGE
00D7A0  1               ; SUBTTL	RUN,GOTO,GOSUB,RETURN.
00D7A0  1               RUN: ;IF NO LINE # ARGUMENT.
00D7A0  1  D0 03        BNE *+5
00D7A2  1  4C 35 D5     JMP RUNC
00D7A5  1  20 3C D5     JSR CLEARC ;CLEAN UP -- RESET THE STACK.
00D7A8  1  4C BF D7     JMP RUNC2 ;MUST REPLACE RTS ADDR.
00D7AB  1               ;
00D7AB  1               ; A GOSUB ENTRY ON THE STACK HAS THE FOLLOWING FORMAT:
00D7AB  1               ;
00D7AB  1               ; LOW ADDRESS:
00D7AB  1               ;	THE GOSUTK ONE BYTE
00D7AB  1               ;	THE LINE NUMBER OF THE GOSUB STATEMENT TWO BYTES
00D7AB  1               ;	A POINTER INTO THE TEXT OF THE GOSUB TWO BYTES
00D7AB  1               ;
00D7AB  1               ; HIGH ADDRESS.
00D7AB  1               ;
00D7AB  1               ; TOTAL FIVE BYTES.
00D7AB  1               ;
00D7AB  1  A9 03        GOSUB: LDA #3
00D7AD  1  20 E1 D2     JSR GETSTK ;MAKE SURE THERE IS ROOM.
00D7B0  1                ;PUSH ON THE TEXT POINTER.
00D7B0  1  A5 BA        LDA TXTPTR+1
00D7B2  1  48           PHA
00D7B3  1  A5 B9        LDA TXTPTR
00D7B5  1  48           PHA
00D7B6  1                ;PUSH ON THE CURRENT LINE NUMBER.
00D7B6  1  A5 79        LDA CURLIN+1
00D7B8  1  48           PHA
00D7B9  1  A5 78        LDA CURLIN
00D7BB  1  48           PHA
00D7BC  1  A9 7F        LDA #GOSUTK
00D7BE  1  48           PHA ;PUSH ON A GOSUB TOKEN.
00D7BF  1  20 B8 00     RUNC2: JSR CHRGOT ;GET CHARACTER AND SET CODES FOR LINGET.
00D7C2  1  20 C8 D7     JSR GOTO ;USE RTS SCHEME TO "NEWSTT".
00D7C5  1  4C 70 D6     JMP NEWSTT
00D7C8  1               
00D7C8  1  20 94 D8     GOTO: JSR LINGET ;PICK UP THE LINE NUMBER IN "LINNUM".
00D7CB  1  20 32 D8     JSR REMN ;SKIP TO END OF LINE.
00D7CE  1  A5 79        LDA CURLIN+1
00D7D0  1  C5 54        CMP LINNUM+1
00D7D2  1  B0 0B        BCS LUK4IT
00D7D4  1  98           TYA
00D7D5  1  38           SEC
00D7D6  1  65 B9        ADC TXTPTR
00D7D8  1  A6 BA        LDX TXTPTR+1
00D7DA  1  90 07        BCC LUKALL
00D7DC  1  E8           INX
00D7DD  1  B0 04        BCS LUKALL ;ALWAYS GOES.
00D7DF  1               LUK4IT:
00D7DF  1  A5 6A        LDA TXTTAB
00D7E1  1  A6 6B        LDX TXTTAB+1
00D7E3  1  20 F3 D4     LUKALL: JSR FNDLNC ;[X,A] ARE ALL SET UP.
00D7E6  1  90 21        QFOUND: BCC USERR ;GOTO LINE IS NONEXISTANT.
00D7E8  1  A5 9E        LDA LOWTR
00D7EA  1  E9 01        SBC #1
00D7EC  1  85 B9        STA TXTPTR
00D7EE  1  A5 9F        LDA LOWTR+1
00D7F0  1  E9 00        SBC #0
00D7F2  1  85 BA        STA TXTPTR+1
00D7F4  1  60           GORTS: RTS ;PROCESS THE STATEMENT.
00D7F5  1               ;
00D7F5  1               ; "RETURN" RESTORES THE LINE NUMBER AND TEXT PNTR FROM THE STACK
00D7F5  1               ; AND ELIMINATES ALL THE "FOR" ENTRIES IN FRONT OF THE "GOSUB" ENTRY.
00D7F5  1               ;
00D7F5  1  D0 FD        RETURN: BNE GORTS ;NO TERMINATOR=BLOW HIM UP.
00D7F7  1  A9 FF        LDA #255
00D7F9  1  85 89        STA FORPNT+1 ;MAKE SURE THE VARIABLE'S PNTR
00D7FB  1               ;NEVER GETS MATCHED.
00D7FB  1  20 70 D2     JSR FNDFOR ;GO PAST ALL THE "FOR" ENTRIES.
00D7FE  1  9A           TXS
00D7FF  1  C9 7F        CMP #GOSUTK ;RETURN WITHOUT GOSUB?
00D801  1  F0 0E        BEQ RETU1
00D803  1  A2 16        LDX #ERRRG
00D805  1  00 02 2C 00  .word 512,44
00D809  1  A2 5A        USERR: LDX #ERRUS ;NO MATCH SO "US" ERROR.
00D80B  1  4C 1D D3     JMP ERROR ;YES.
00D80E  1  4C 7D DD     SNERR2: JMP SNERR
00D811  1  68           RETU1: PLA ;REMOVE GOSUTK.
00D812  1                ;GET LINE NUMBER "GOSUB" WAS FROM.
00D812  1  68           PLA
00D813  1  85 78        STA CURLIN
00D815  1  68           PLA
00D816  1  85 79        STA CURLIN+1
00D818  1                ;GET TEXT PNTR FROM "GOSUB".
00D818  1  68           PLA
00D819  1  85 B9        STA TXTPTR
00D81B  1  68           PLA
00D81C  1  85 BA        STA TXTPTR+1
00D81E  1  20 2C D8     DATA: JSR DATAN ;SKIP TO END OF STATEMENT,
00D821  1               ;SINCE WHEN "GOSUB" STUCK THE TEXT  PNTR
00D821  1               ;ONTO THE STACK, THE LINE NUMBER ARG
00D821  1               ;HADN'T BEEN READ YET.
00D821  1  98           ADDON: TYA
00D822  1  18           CLC
00D823  1  65 B9        ADC TXTPTR
00D825  1  85 B9        STA TXTPTR
00D827  1  90 02        BCC REMRTS
00D829  1  E6 BA        INC TXTPTR+1
00D82B  1  60           REMRTS: RTS ;"NEWSTT" RTS ADDR IS STILL THERE.
00D82C  1               
00D82C  1  A2 3A        DATAN: LDX #':' ;"DATA" TERMINATES ON ':' AND NULL.
00D82E  1  00 02 2C 00  .word 512,44
00D832  1  A2 00        REMN: LDX #0 ;THE ONLY TERMINATOR IS NULL.
00D834  1  86 0D        STX CHARAC ;PRESERVE IT.
00D836  1  A0 00        LDY #0 ;THIS MAKES CHARAC=0 AFTER SWAP.
00D838  1  84 0E        STY ENDCHR
00D83A  1  A5 0E        EXCHQT: LDA ENDCHR
00D83C  1  A6 0D        LDX CHARAC
00D83E  1  85 0D        STA CHARAC
00D840  1  86 0E        STX ENDCHR
00D842  1  B1 B9        REMER: LDA (TXTPTR),Y
00D844  1  F0 E5        BEQ REMRTS ;NULL ALWAYS TERMINATES.
00D846  1  C5 0E        CMP ENDCHR ;IS IT THE OTHER TERMINATOR?
00D848  1  F0 E1        BEQ REMRTS ;YES, IT'S FINISHED.
00D84A  1  C8           INY ;PROGRESS TO NEXT CHARACTER.
00D84B  1  C9 22        CMP #34 ;IS IT A QUOTE?
00D84D  1  D0 F3        BNE REMER ;NO, JUST CONTINUE.
00D84F  1  F0 E9        BEQ EXCHQT ;YES, TIME TO TRADE.
00D851  1               ; PAGE
00D851  1               ; SUBTTL	"IF ... THEN" CODE.
00D851  1  20 23 DC     IF: JSR FRMEVL ;EVALUATE A FORMULA.
00D854  1  20 B8 00     JSR CHRGOT ;GET CURRENT CHARACTER.
00D857  1  C9 7F        CMP #GOTOTK ;IS TERMINATING CHARACTER A GOTOTK?
00D859  1  F0 05        BEQ OKGOTO ;YES.
00D85B  1                ;NO, IT MUST BE "THEN".
00D85B  1  A9 81        LDA #THENTK
00D85D  1  20 74 DD     JSR SYNCHR
00D860  1  A5 A0        OKGOTO: LDA FACEXP ;0=FALSE. ALL OTHERS TRUE.
00D862  1  D0 05        BNE DOCOND ;TRUE !
00D864  1  20 32 D8     REM: JSR REMN ;SKIP REST OF STATEMENT.
00D867  1  F0 B8        BEQ ADDON ;WILL ALWAYS BRANCH.
00D869  1  20 B8 00     DOCOND: JSR CHRGOT ;TEST CURRENT CHARACTER.
00D86C  1  B0 03        BCS DOCO ;IF A NUMBER, GOTO IT.
00D86E  1  4C C8 D7     JMP GOTO
00D871  1  4C AB D6     DOCO: JMP GONE3 ;INTERPRET NEW STATEMENT.
00D874  1               ; PAGE
00D874  1               ; SUBTTL	"ON ... GO TO ..." CODE.
00D874  1  20 92 E5     ONGOTO: JSR GETBYT ;GET VALUE IN FACLO.
00D877  1  48           PHA ;SAVE FOR LATER.
00D878  1  C9 7F        CMP #GOSUTK ;AN "ON ... GOSUB" PERHAPS?
00D87A  1  F0 04        BEQ ONGLOP ;YES.
00D87C  1  C9 7F        SNERR3: CMP #GOTOTK ;MUST BE "GOTOTK".
00D87E  1  D0 8E        BNE SNERR2
00D880  1  C6 A4        ONGLOP: DEC FACLO
00D882  1  D0 04        BNE ONGLP1 ;SKIP ANOTHER LINE NUMBER.
00D884  1  68           PLA ;GET DISPATCH CHARACTER.
00D885  1  4C AD D6     JMP GONE2
00D888  1  20 B2 00     ONGLP1: JSR CHRGET ;ADVANCE AND SET CODES.
00D88B  1  20 94 D8     JSR LINGET
00D88E  1  C9 2C        CMP #44 ;IS IT A COMMA?
00D890  1  F0 EE        BEQ ONGLOP
00D892  1  68           PLA ;REMOVE STACK ENTRY (TOKEN).
00D893  1  60           ONGRTS: RTS ;EITHER END-OF-LINE OR SYNTAX ERROR.
00D894  1               ; PAGE
00D894  1               ; SUBTTL	LINGET -- READ A LINE NUMBER INTO LINNUM
00D894  1               ;
00D894  1               ; "LINGET" READS A LINE NUMBER FROM THE CURRENT TEXT POSITION.
00D894  1               ;
00D894  1               ; LINE NUMBERS RANGE FROM 0 TO 64000-1.
00D894  1               ;
00D894  1               ; THE ANSWER IS RETURNED IN "LINNUM".
00D894  1               ; "TXTPTR" IS UPDATED TO POINT TO THE TERMINATING CHARCTER
00D894  1               ; AND [A] = THE TERMINATING CHARACTER WITH CONDITION
00D894  1               ; CODES SET UP TO REFLECT ITS VALUE.
00D894  1               ;
00D894  1  A2 00        LINGET: LDX #0
00D896  1  86 53        STX LINNUM ;INITIALIZE LINE NUMBER TO ZERO.
00D898  1  86 54        STX LINNUM+1
00D89A  1  B0 F7        MORLIN: BCS ONGRTS ;IT IS NOT A DIGIT.
00D89C  1  E9 2F        SBC #'0'-1 ;-1 SINCE C=0.
00D89E  1  85 0D        STA CHARAC ;SAVE CHARACTER.
00D8A0  1  A5 54        LDA LINNUM+1
00D8A2  1  85 61        STA INDEX
00D8A4  1  C9 19        CMP #25 ;LINE NUMBER WILL BE .LT. 64000?
00D8A6  1  B0 D4        BCS SNERR3
00D8A8  1  A5 53        LDA LINNUM
00D8AA  1  0A           ASL ;MULTIPLY BY 10.
00D8AB  1  26 61        ROL INDEX
00D8AD  1  0A           ASL
00D8AE  1  26 61        ROL INDEX
00D8B0  1  65 53        ADC LINNUM
00D8B2  1  85 53        STA LINNUM
00D8B4  1  A5 61        LDA INDEX
00D8B6  1  65 54        ADC LINNUM+1
00D8B8  1  85 54        STA LINNUM+1
00D8BA  1  06 53        ASL LINNUM
00D8BC  1  26 54        ROL LINNUM+1
00D8BE  1  A5 53        LDA LINNUM
00D8C0  1  65 0D        ADC CHARAC ;ADD IN DIGIT.
00D8C2  1  85 53        STA LINNUM
00D8C4  1  90 02        BCC NXTLGC
00D8C6  1  E6 54        INC LINNUM+1
00D8C8  1  20 B2 00     NXTLGC: JSR CHRGET
00D8CB  1  4C 9A D8     JMP MORLIN
00D8CE  1               
00D8CE  1               ; PAGE
00D8CE  1               ; SUBTTL	"LET" CODE.
00D8CE  1  20 94 DE     LET: JSR PTRGET ;GET PNTR TO VARIABLE INTO "VARPNT".
00D8D1  1                ;PRESERVE POINTER.
00D8D1  1  85 88        STA FORPNT
00D8D3  1  84 89        STY FORPNT+1
00D8D5  1                ;'=' IS NECESSARY.
00D8D5  1  A9 82        LDA #EQULTK
00D8D7  1  20 74 DD     JSR SYNCHR
00D8DA  1               .if INTPRC <> 0
00D8DA  1               
00D8DA  1  A5 12        LDA INTFLG
00D8DC  1  48           PHA
00D8DD  1               .endif
00D8DD  1  A5 11        LDA VALTYP ;RETAIN THE VARIABLE'S VALUE TYPE.
00D8DF  1  48           PHA
00D8E0  1  20 23 DC     JSR FRMEVL ;GET VALUE OF FORMULA INTO "FAC".
00D8E3  1  68           PLA
00D8E4  1  2A           ROL ;CARRY SET FOR STRING, OFF FOR
00D8E5  1               ;NUMERIC.
00D8E5  1  20 15 DC     JSR CHKVAL ;MAKE SURE "VALTYP" MATCHES CARRY.
00D8E8  1               ;AND SET ZERO FLAG FOR NUMERIC.
00D8E8  1  D0 18        BNE COPSTR ;IF NUMERIC, COPY IT.
00D8EA  1               COPNUM:
00D8EA  1               .if INTPRC <> 0
00D8EA  1               
00D8EA  1  68           PLA
00D8EB  1  10 12        QINTGR: BPL COPFLT
00D8ED  1  20 16 EA     JSR ROUND
00D8F0  1  20 AE DF     JSR AYINT
00D8F3  1  A0 00        LDY #0
00D8F5  1  A5 A3        LDA FACMO
00D8F7  1  91 88        STA (FORPNT),Y
00D8F9  1  C8           INY
00D8FA  1  A5 A4        LDA FACLO
00D8FC  1  91 88        STA (FORPNT),Y
00D8FE  1  60           RTS
00D8FF  1               .endif
00D8FF  1  4C CB E9     COPFLT: JMP MOVVF ;PUT NUMBER @FORPNT.
00D902  1               
00D902  1               COPSTR:
00D902  1               .if INTPRC <> 0
00D902  1  68           PLA
00D903  1               .endif
00D903  1               INPCOM:
00D903  1               .if TIME <> 0
00D903  1               
00D903  1               LDY FORPNT+1
00D903  1               CPY #ZERO/256
00D903  1               BNE GETSPT
00D903  1               JSR FREFAC
00D903  1               CMP #6
00D903  1               BNE FCERR2
00D903  1               LDY #0
00D903  1               STY FACEXP
00D903  1               STY FACSGN
00D903  1               TIMELP: STY FBUFPT
00D903  1               JSR TIMNUM
00D903  1               JSR MUL10
00D903  1               INC FBUFPT
00D903  1               LDY FBUFPT
00D903  1               JSR TIMNUM
00D903  1               JSR MOVAF
00D903  1               TAX
00D903  1               BEQ NOML6
00D903  1               INX
00D903  1               TXA
00D903  1               JSR FINML6
00D903  1               NOML6: LDY FBUFPT
00D903  1               INY
00D903  1               CPY #6
00D903  1               BNE TIMELP
00D903  1               JSR MUL10
00D903  1               JSR QINT
00D903  1               LDX #2
00D903  1               SEI
00D903  1               TIMEST: LDA FACMOH,X
00D903  1               STA CQTIMR,X
00D903  1               DEX
00D903  1               BPL TIMEST
00D903  1               CLI
00D903  1               RTS
00D903  1               TIMNUM: LDA (INDEX),Y
00D903  1               JSR QNUM
00D903  1               BCC GOTNUM
00D903  1               FCERR2: JMP FCERR
00D903  1               GOTNUM: SBC #'0'-1
00D903  1               JMP FINLOG
00D903  1               .endif
00D903  1               
00D903  1  A0 02        GETSPT: LDY #2 ;GET PNTR TO DESCRIPTOR.
00D905  1  B1 A3        LDA (FACMO),Y
00D907  1  C5 73        CMP FRETOP+1 ;SEE IF IT POINTS INTO STRING SPACE.
00D909  1  90 17        BCC DNTCPY ;IF [FRETOP],GT.[2&3,FACMO], DON'T COPY.
00D90B  1  D0 07        BNE QVARIA ;IT IS LESS.
00D90D  1  88           DEY
00D90E  1  B1 A3        LDA (FACMO),Y
00D910  1  C5 72        CMP FRETOP ;COMPARE LOW ORDERS.
00D912  1  90 0E        BCC DNTCPY
00D914  1  A4 A4        QVARIA: LDY FACLO
00D916  1  C4 6D        CPY VARTAB+1 ;IF [VARTAB].GT.[FACMO], DON'T COPY.
00D918  1  90 08        BCC DNTCPY
00D91A  1  D0 0D        BNE COPY ;IT IS LESS.
00D91C  1  A5 A3        LDA FACMO
00D91E  1  C5 6C        CMP VARTAB ;COMPARE LOW ORDERS.
00D920  1  B0 07        BCS COPY
00D922  1               DNTCPY:
00D922  1  A5 A3        LDA FACMO
00D924  1  A4 A4        LDY FACMO+1
00D926  1  4C 3F D9     JMP COPYZC
00D929  1  A0 00        COPY: LDY #0
00D92B  1  B1 A3        LDA (FACMO),Y
00D92D  1  20 69 E2     JSR STRINI ;GET ROOM TO COPY STRING INTO.
00D930  1                ;GET POINTER TO OLD DESCRIPTOR, SO
00D930  1  A5 8F        LDA DSCPNT
00D932  1  A4 90        LDY DSCPNT+1
00D934  1                ;MOVINS CAN FIND STRING.
00D934  1  85 AE        STA STRNG1
00D936  1  84 AF        STY STRNG1+1
00D938  1  20 6E E4     JSR MOVINS ;COPY IT.
00D93B  1                ;GET POINTER TO OLD DESCRIPTOR.
00D93B  1  A9 A0        LDA #DSCTMP&255
00D93D  1  A0 00        LDY #DSCTMP/256
00D93F  1               COPYZC: ;REMEMBER POINTER TO DESCRIPTOR.
00D93F  1  85 8F        STA DSCPNT
00D941  1  84 90        STY DSCPNT+1
00D943  1  20 CF E4     JSR FRETMS ;FREE UP THE TEMPORARY WITHOUT
00D946  1               ;FREEING UP ANY STRING SPACE.
00D946  1  A0 00        LDY #0
00D948  1  B1 8F        LDA (DSCPNT),Y
00D94A  1  91 88        STA (FORPNT),Y
00D94C  1  C8           INY ;POINT TO STRING PNTR.
00D94D  1  B1 8F        LDA (DSCPNT),Y
00D94F  1  91 88        STA (FORPNT),Y
00D951  1  C8           INY
00D952  1  B1 8F        LDA (DSCPNT),Y
00D954  1  91 88        STA (FORPNT),Y
00D956  1  60           RTS
00D957  1               ; PAGE
00D957  1               ; SUBTTL	PRINT CODE.
00D957  1               .if EXTIO <> 0
00D957  1               
00D957  1               PRINTN: JSR CMD
00D957  1               JMP IODONE
00D957  1               CMD: JSR GETBYT
00D957  1               BEQ SAVEIT
00D957  1               
00D957  1               LDA #44
00D957  1               JSR SYNCHR
00D957  1               SAVEIT: PHP
00D957  1               JSR CQOOUT
00D957  1               STX CHANNL
00D957  1               PLP
00D957  1               JMP PRINT
00D957  1               .endif
00D957  1  20 E2 D9     STRDON: JSR STRPRT
00D95A  1  20 B8 00     NEWCHR: JSR CHRGOT ;REGET LAST CHARACTER.
00D95D  1  F0 36        PRINT: BEQ CRDO ;TERMINATOR SO TYPE CRLF.
00D95F  1  F0 46        PRINTC: BEQ PRTRTS ;HERE AFTER SEEING TAB(X) OR , OR ;
00D961  1               ;IN WHICH CASE A TERMINATOR DOES NOT
00D961  1               ;MEAN TYPE A CRLF BUT JUST RTS.
00D961  1  C9 80        CMP #TABTK ;TAB FUNCTION?
00D963  1  F0 5A        BEQ TABER ;YES.
00D965  1  C9 81        CMP #SPCTK ;SPACE FUNCTION?
00D967  1  18           CLC
00D968  1  F0 55        BEQ TABER
00D96A  1  C9 2C        CMP #44 ;A COMMA?
00D96C  1  F0 3A        BEQ COMPRT ;YES.
00D96E  1  C9 3B        CMP #59 ;A SEMICOLON?
00D970  1  F0 62        BEQ NOTABR ;YES.
00D972  1  20 23 DC     JSR FRMEVL ;EVALUATE THE FORMULA.
00D975  1  24 11        BIT VALTYP ;A STRING?
00D977  1  30 DE        BMI STRDON ;YES.
00D979  1  20 D8 EB     JSR FOUT
00D97C  1  20 7B E2     JSR STRLIT ;BUILD DESCRIPTOR.
00D97F  1               .if REALIO-3 <> 0
00D97F  1               
00D97F  1  A0 00        LDY #0
00D981  1  B1 A3        LDA (FACMO),Y
00D983  1  18           CLC
00D984  1  65 50        ADC TRMPOS
00D986  1  C5 51        CMP LINWID
00D988  1               
00D988  1  90 03        BCC LINCHK
00D98A  1  20 95 D9     JSR CRDO
00D98D  1               .endif
00D98D  1  20 E2 D9     LINCHK: JSR STRPRT ;PRINT THE NUMBER.
00D990  1  20 FC D9     JSR OUTSPC ;PRINT A SPACE
00D993  1  D0 C5        BNE NEWCHR ;ALWAYS GOES.
00D995  1               .if REALIO-4 <> 0
00D995  1               
00D995  1               .if BUFPAG <> 0
00D995  1               
00D995  1               FININL: LDA #0
00D995  1               STA BUF,X
00D995  1               
00D995  1               LDX #<((BUF-1)&255)
00D995  1               LDY #<((BUF-1)/256)
00D995  1               .endif
00D995  1               .if BUFPAG = 0
00D995  1               
00D995  1               FININL: LDY #0
00D995  1               STY BUF,X
00D995  1               LDX #BUF-1
00D995  1               .endif
00D995  1               .if EXTIO <> 0
00D995  1               
00D995  1               LDA CHANNL
00D995  1               BNE PRTRTS
00D995  1               .endif
00D995  1               .endif
00D995  1               CRDO:
00D995  1               .if EXTIO = 0
00D995  1               
00D995  1  A9 0D        LDA #13
00D997  1  85 50        STA TRMPOS
00D999  1               .endif
00D999  1               .if EXTIO <> 0
00D999  1               
00D999  1               .if REALIO-3 <> 0
00D999  1               
00D999  1               LDA CHANNL
00D999  1               BNE GOCR
00D999  1               STA TRMPOS
00D999  1               .endif
00D999  1               GOCR: LDA #13
00D999  1               .endif
00D999  1  20 04 DA     JSR OUTDO
00D99C  1  A9 0A        LDA #10
00D99E  1  20 04 DA     JSR OUTDO
00D9A1  1               CRFIN:
00D9A1  1               .if EXTIO <> 0
00D9A1  1               
00D9A1  1               .if REALIO-3 <> 0
00D9A1  1               
00D9A1  1               LDA CHANNL
00D9A1  1               BNE PRTRTS
00D9A1  1               .endif
00D9A1  1               .endif
00D9A1  1               .if NULCMD = 0
00D9A1  1               
00D9A1  1               .if REALIO-3 <> 0
00D9A1  1               
00D9A1  1  A9 00        LDA #0
00D9A3  1  85 50        STA TRMPOS
00D9A5  1               .endif
00D9A5  1  49 FF        EOR #255
00D9A7  1               .endif
00D9A7  1               .if NULCMD <> 0
00D9A7  1               
00D9A7  1               TXA
00D9A7  1               PHA
00D9A7  1               LDX NULCNT
00D9A7  1               BEQ CLRPOS
00D9A7  1               LDA #0
00D9A7  1               PRTNUL: JSR OUTDO
00D9A7  1               DEX
00D9A7  1               BNE PRTNUL
00D9A7  1               CLRPOS: STX TRMPOS
00D9A7  1               PLA
00D9A7  1               TAX
00D9A7  1               .endif
00D9A7  1  60           PRTRTS: RTS
00D9A8  1               
00D9A8  1  A5 50        COMPRT: LDA TRMPOS
00D9AA  1               ;CLMWID BEYOND WHICH THERE ARE
00D9AA  1               NCMPOS .set 30
00D9AA  1               .if REALIO-3 <> 0
00D9AA  1               
00D9AA  1               
00D9AA  1  C5 52        CMP NCMWID
00D9AC  1               
00D9AC  1  90 06        BCC MORCOM
00D9AE  1  20 95 D9     JSR CRDO
00D9B1  1  4C D4 D9     JMP NOTABR
00D9B4  1               .endif
00D9B4  1  38           MORCOM: SEC
00D9B5  1  E9 0E        MORCO1: SBC #CLMWID ;GET [A] MODULUS CLMWID.
00D9B7  1  B0 FC        BCS MORCO1
00D9B9  1  49 FF        EOR #255 ;FILL PRINT POS OUT TO EVEN CLMWID SO
00D9BB  1  69 01        ADC #1
00D9BD  1  D0 10        BNE ASPAC ;PRINT [A] SPACES.
00D9BF  1               
00D9BF  1  08           TABER: PHP ;REMEMBER IF SPC OR TAB FUNCTION.
00D9C0  1  20 8F E5     JSR GTBYTC ;GET VALUE INTO ACCX.
00D9C3  1  C9 29        CMP #41
00D9C5  1  D0 6E        BNE SNERR4
00D9C7  1  28           PLP
00D9C8  1  90 06        BCC XSPAC ;PRINT [X] SPACES.
00D9CA  1  8A           TXA
00D9CB  1  E5 50        SBC TRMPOS
00D9CD  1  90 05        BCC NOTABR ;NEGATIVE, DON'T PRINT ANY.
00D9CF  1  AA           ASPAC: TAX
00D9D0  1  E8           XSPAC: INX
00D9D1  1  CA           XSPAC2: DEX ;DECREMENT THE COUNT.
00D9D2  1  D0 06        BNE XSPAC1
00D9D4  1  20 B2 00     NOTABR: JSR CHRGET ;REGET LAST CHARACTER.
00D9D7  1  4C 5F D9     JMP PRINTC ;DON'T CALL CRDO.
00D9DA  1  20 FC D9     XSPAC1: JSR OUTSPC
00D9DD  1  D0 F2        BNE XSPAC2
00D9DF  1               ;
00D9DF  1               ; PRINT THE STRING POINTED TO BY [Y,A] WHICH ENDS WITH A ZERO.
00D9DF  1               ; IF THE STRING IS BELOW DSCTMP IT WILL BE COPIED INTO STRING SPACE.
00D9DF  1               ;
00D9DF  1  20 7B E2     STROUT: JSR STRLIT ;GET A STRING LITERAL.
00D9E2  1               ;
00D9E2  1               ; PRINT THE STRING WHOSE DESCRIPTOR IS POINTED TO BY FACMO.
00D9E2  1               ;
00D9E2  1  20 9A E4     STRPRT: JSR FREFAC ;RETURN TEMP POINTER.
00D9E5  1  AA           TAX ;PUT COUNT INTO COUNTER.
00D9E6  1  A0 00        LDY #0
00D9E8  1  E8           INX ;MOVE ONE AHEAD.
00D9E9  1  CA           STRPR2: DEX
00D9EA  1  F0 BB        BEQ PRTRTS ;ALL DONE.
00D9EC  1  B1 61        LDA (INDEX),Y ;PNTR TO ACT STRNG SET BY FREFAC.
00D9EE  1  20 04 DA     JSR OUTDO
00D9F1  1  C8           INY
00D9F2  1  C9 0D        CMP #13
00D9F4  1  D0 F3        BNE STRPR2
00D9F6  1  20 A1 D9     JSR CRFIN ;TYPE REST OF CARRIAGE RETURN.
00D9F9  1  4C E9 D9     JMP STRPR2 ;AND ON AND ON.
00D9FC  1               ;
00D9FC  1               ; OUTDO OUTPUTS THE CHARACTER IN ACCA, USING CNTWFL
00D9FC  1               ; (SUPPRESS OR NOT), TRMPOS (PRINT HEAD POSITION),
00D9FC  1               ; TIMING, ETCQ. NO REGISTERS ARE CHANGED.
00D9FC  1               ;
00D9FC  1               OUTSPC:
00D9FC  1               .if REALIO-3 <> 0
00D9FC  1               
00D9FC  1  A9 20        LDA #' '
00D9FE  1               .endif
00D9FE  1               .if REALIO-3 = 0
00D9FE  1               
00D9FE  1               LDA CHANNL
00D9FE  1               BEQ CRTSKP
00D9FE  1               LDA #' '
00D9FE  1               .word 512,44
00D9FE  1               CRTSKP: LDA #29
00D9FE  1               .endif
00D9FE  1  00 02 2C 00  .word 512,44
00DA02  1  A9 3F        OUTQST: LDA #'?'
00DA04  1               OUTDO:
00DA04  1               .if REALIO <> 0
00DA04  1  24 17        BIT CNTWFL ;SHOULDN'T AFFECT CHANNEL I/O!
00DA06  1  30 18        BMI OUTRTS
00DA08  1               .endif
00DA08  1               .if REALIO-3 <> 0
00DA08  1               
00DA08  1  48           PHA
00DA09  1  C9 20        CMP #32
00DA0B  1  90 0B        BCC TRYOUT
00DA0D  1  A5 50        LDA TRMPOS
00DA0F  1  C5 51        CMP LINWID
00DA11  1  D0 03        BNE OUTDO1
00DA13  1  20 95 D9     JSR CRDO
00DA16  1               OUTDO1:
00DA16  1               .if EXTIO <> 0
00DA16  1               
00DA16  1               LDA CHANNL
00DA16  1               BNE TRYOUT
00DA16  1               .endif
00DA16  1  E6 50        INCTRM: INC TRMPOS
00DA18  1  68           TRYOUT: PLA
00DA19  1               .endif
00DA19  1               
00DA19  1               .if REALIO-1 = 0
00DA19  1               
00DA19  1               STY KIMY
00DA19  1               .endif
00DA19  1               .if REALIO-4 = 0
00DA19  1  09 80        ORA #128
00DA1B  1               .endif
00DA1B  1               .if REALIO <> 0
00DA1B  1               
00DA1B  1  20 ED FD     OUTLOC: JSR OUTCH
00DA1E  1               .endif
00DA1E  1               .if REALIO-1 = 0
00DA1E  1               
00DA1E  1               LDY KIMY
00DA1E  1               .endif
00DA1E  1               .if REALIO-2 = 0
00DA1E  1               NOP
00DA1E  1               NOP
00DA1E  1               NOP
00DA1E  1               NOP
00DA1E  1               .endif
00DA1E  1               .if REALIO-4 = 0
00DA1E  1  29 7F        AND #127
00DA20  1               .endif
00DA20  1               
00DA20  1               .if REALIO = 0
00DA20  1               
00DA20  1               ; TJSR OUTSIM##
00DA20  1               .endif
00DA20  1  29 FF        OUTRTS: AND #255 ;SET Z=0.
00DA22  1  60           GETRTS: RTS
00DA23  1               
00DA23  1               ; PAGE
00DA23  1               ; SUBTTL	INPUT AND READ CODE.
00DA23  1               ;
00DA23  1               ; HERE WHEN THE DATA THAT WAS TYPED IN OR IN "DATA" STATEMENTS
00DA23  1               ; IS IMPROPERLY FORMATTED. FOR "INPUT" WE START AGAIN.
00DA23  1               ; FOR "READ" WE GIVE A SYNTAX ERROR AT THE DATA LINE.
00DA23  1               ;
00DA23  1  A5 15        TRMNOK: LDA INPFLG
00DA25  1  F0 11        BEQ TRMNO1 ;IF INPUT TRY AGAIN.
00DA27  1               .if GETCMD <> 0
00DA27  1               
00DA27  1  30 04        BMI GETDTL
00DA29  1  A0 FF        LDY #255
00DA2B  1  D0 04        BNE STCURL
00DA2D  1               GETDTL:
00DA2D  1               .endif
00DA2D  1                ;GET DATA LINE NUMBER.
00DA2D  1  A5 7E        LDA DATLIN
00DA2F  1  A4 7F        LDY DATLIN+1
00DA31  1               STCURL: ;MAKE IT CURRENT LINE.
00DA31  1  85 78        STA CURLIN
00DA33  1  84 79        STY CURLIN+1
00DA35  1  4C 7D DD     SNERR4: JMP SNERR
00DA38  1               TRMNO1:
00DA38  1               .if EXTIO <> 0
00DA38  1               
00DA38  1               LDA CHANNL
00DA38  1               BEQ DOAGIN
00DA38  1               LDX #ERRBD
00DA38  1               JMP ERROR
00DA38  1               .endif
00DA38  1               DOAGIN:
00DA38  1  A9 8E        LDA #TRYAGN&255
00DA3A  1  A0 DB        LDY #TRYAGN/256
00DA3C  1  20 DF D9     JSR STROUT ;PRINT "?REDO FROM START".
00DA3F  1                ;POINT AT START
00DA3F  1  A5 7C        LDA OLDTXT
00DA41  1  A4 7D        LDY OLDTXT+1
00DA43  1                ;OF THIS CURRENT LINE.
00DA43  1  85 B9        STA TXTPTR
00DA45  1  84 BA        STY TXTPTR+1
00DA47  1  60           RTS ;GO TO "NEWSTT".
00DA48  1               .if GETCMD <> 0
00DA48  1               
00DA48  1  20 97 E1     GET: JSR ERRDIR
00DA4B  1               .if EXTIO <> 0
00DA4B  1               
00DA4B  1               CMP #'#'
00DA4B  1               BNE GETTTY
00DA4B  1               JSR CHRGET
00DA4B  1               JSR GETBYT
00DA4B  1               
00DA4B  1               LDA #44
00DA4B  1               JSR SYNCHR
00DA4B  1               JSR CQOIN
00DA4B  1               STX CHANNL
00DA4B  1               .endif
00DA4B  1               GETTTY:
00DA4B  1  A2 01        LDX #<((BUF+1)&255)
00DA4D  1  A0 02        LDY #<((BUF+1)/256)
00DA4F  1               .if BUFPAG <> 0
00DA4F  1               
00DA4F  1  A9 00        LDA #0
00DA51  1  8D 01 02     STA BUF+1
00DA54  1               .endif
00DA54  1               .if BUFPAG = 0
00DA54  1               
00DA54  1               STY BUF+1
00DA54  1               .endif
00DA54  1  A9 40        LDA #64
00DA56  1  20 97 DA     JSR INPCO1
00DA59  1               .if EXTIO <> 0
00DA59  1               
00DA59  1               LDX CHANNL
00DA59  1               BNE IORELE
00DA59  1               .endif
00DA59  1  60           RTS
00DA5A  1               .endif
00DA5A  1               
00DA5A  1               .if EXTIO <> 0
00DA5A  1               
00DA5A  1               INPUTN: JSR GETBYT
00DA5A  1               
00DA5A  1               LDA #44
00DA5A  1               JSR SYNCHR
00DA5A  1               JSR CQOIN
00DA5A  1               STX CHANNL
00DA5A  1               JSR NOTQTI
00DA5A  1               IODONE: LDA CHANNL
00DA5A  1               IORELE: JSR CQCCHN
00DA5A  1               LDX #0
00DA5A  1               STX CHANNL
00DA5A  1               RTS
00DA5A  1               .endif
00DA5A  1               INPUT:
00DA5A  1               .if REALIO <> 0
00DA5A  1  46 17        LSR CNTWFL ;BE TALKATIVE.
00DA5C  1               .endif
00DA5C  1  C9 22        CMP #34 ;A QUOTE?
00DA5E  1  D0 0B        BNE NOTQTI ;NO MESSAGE.
00DA60  1  20 2C DD     JSR STRTXT ;LITERALIZE THE STRING IN TEXT
00DA63  1                ;MUST END WITH SEMICOLON.
00DA63  1  A9 3B        LDA #59
00DA65  1  20 74 DD     JSR SYNCHR
00DA68  1  20 E2 D9     JSR STRPRT ;PRINT IT OUT.
00DA6B  1  20 97 E1     NOTQTI: JSR ERRDIR ;USE COMMON ROUTINE SINCE DEF DIRECT
00DA6E  1  A9 2C        LDA #44 ;GET COMMA.
00DA70  1  8D FF 01     STA BUF-1
00DA73  1               ;IS ALSO ILLEGAL.
00DA73  1  20 7F DA     GETAGN: JSR QINLIN ;TYPE '?' AND INPUT A LINE OF TEXT.
00DA76  1               .if EXTIO <> 0
00DA76  1               
00DA76  1               LDA CHANNL
00DA76  1               BEQ BUFFUL
00DA76  1               LDA CQSTAT
00DA76  1               AND #2
00DA76  1               BEQ BUFFUL
00DA76  1               JSR IODONE
00DA76  1               JMP DATA
00DA76  1               BUFFUL:
00DA76  1               .endif
00DA76  1  AD 00 02     LDA BUF ;ANYTHING INPUT?
00DA79  1  D0 1A        BNE INPCON ;YES, CONTINUE.
00DA7B  1               .if EXTIO <> 0
00DA7B  1               
00DA7B  1               LDA CHANNL
00DA7B  1               BNE GETAGN
00DA7B  1               .endif
00DA7B  1  18           CLC ;MAKE SURE DONT PRINT BREAK
00DA7C  1  4C 09 D7     JMP STPEND ;NO, STOP.
00DA7F  1               QINLIN:
00DA7F  1               .if EXTIO <> 0
00DA7F  1               
00DA7F  1               LDA CHANNL
00DA7F  1               BNE GINLIN
00DA7F  1               .endif
00DA7F  1  20 02 DA     JSR OUTQST
00DA82  1  20 FC D9     JSR OUTSPC
00DA85  1  4C 2A D4     GINLIN: JMP INLIN
00DA88  1               READ: ;GET LAST DATA LOCATION.
00DA88  1  A6 80        LDX DATPTR
00DA8A  1  A4 81        LDY DATPTR+1
00DA8C  1  00 02 A9 00  .word 512,169 ;LDAI TYA TO MAKE IT NONZERO.
00DA90  1               .if BUFPAG = 0
00DA90  1               
00DA90  1               INPCON:
00DA90  1               .endif
00DA90  1  98           TYA
00DA91  1               .if BUFPAG <> 0
00DA91  1               
00DA91  1  00 02 2C 00  .word 512,44
00DA95  1  A9 00        INPCON: LDA #0
00DA97  1               .endif
00DA97  1  85 15        INPCO1: STA INPFLG ;STORE THE FLAG.
00DA99  1               ;
00DA99  1               ; IN THE PROCESSING OF DATA AND READ STATEMENTS:
00DA99  1               ; ONE POINTER POINTS TO THE DATA (IE, THE NUMBERS BEING FETCHED)
00DA99  1               ; AND ANOTHER POINTS TO THE LIST OF VARIABLES.
00DA99  1               ;
00DA99  1               ; THE POINTER INTO THE DATA ALWAYS STARTS POINTING TO A
00DA99  1               ; TERMINATOR -- A , : OR END-OF-LINE.
00DA99  1               ;
00DA99  1               ; AT THIS POINT TXTPTR POINTS TO LIST OF VARIABLES AND
00DA99  1               ; [Y,X] POINTS TO DATA OR INPUT LINE.
00DA99  1               ;
00DA99  1               
00DA99  1  86 82        STX INPPTR
00DA9B  1  84 83        STY INPPTR+1
00DA9D  1  20 94 DE     INLOOP: JSR PTRGET ;READ VARIABLE LIST.
00DAA0  1                ;SAVE POINTER FOR "LET" STRING STUFFING.
00DAA0  1  85 88        STA FORPNT
00DAA2  1  84 89        STY FORPNT+1
00DAA4  1               ;RETURNS PNTR TOP VAR IN VARPNT.
00DAA4  1                ;SAVE TEXT PNTR.
00DAA4  1  A5 B9        LDA TXTPTR
00DAA6  1  A4 BA        LDY TXTPTR+1
00DAA8  1               
00DAA8  1  85 8A        STA VARTXT
00DAAA  1  84 8B        STY VARTXT+1
00DAAC  1               
00DAAC  1  A6 82        LDX INPPTR
00DAAE  1  A4 83        LDY INPPTR+1
00DAB0  1               
00DAB0  1  86 B9        STX TXTPTR
00DAB2  1  84 BA        STY TXTPTR+1
00DAB4  1  20 B8 00     JSR CHRGOT ;GET IT AND SET Z IF TERM.
00DAB7  1  D0 1E        BNE DATBK1
00DAB9  1  24 15        BIT INPFLG
00DABB  1               .if GETCMD <> 0
00DABB  1               
00DABB  1  50 0E        BVC QDATA
00DABD  1  20 0C FD     JSR CZGETL
00DAC0  1               .if REALIO-4 = 0
00DAC0  1               
00DAC0  1  29 7F        AND #127
00DAC2  1               .endif
00DAC2  1  8D 00 02     STA BUF
00DAC5  1               
00DAC5  1  A2 FF        LDX #<((BUF-1)&255)
00DAC7  1  A0 01        LDY #<((BUF-1)/256)
00DAC9  1               .if BUFPAG = 0
00DAC9  1               
00DAC9  1               BEQ DATBK
00DAC9  1               .endif
00DAC9  1               .if BUFPAG <> 0
00DAC9  1               
00DAC9  1  D0 08        BNE DATBK
00DACB  1               .endif
00DACB  1               .endif
00DACB  1  30 71        QDATA: BMI DATLOP ;SEARCH FOR ANOTHER DATA STATEMENT.
00DACD  1               .if EXTIO <> 0
00DACD  1               
00DACD  1               LDA CHANNL
00DACD  1               BNE GETNTH
00DACD  1               .endif
00DACD  1  20 02 DA     JSR OUTQST
00DAD0  1  20 7F DA     GETNTH: JSR QINLIN ;GET ANOTHER LINE.
00DAD3  1               DATBK: ;SET FOR "CHRGET".
00DAD3  1  86 B9        STX TXTPTR
00DAD5  1  84 BA        STY TXTPTR+1
00DAD7  1  20 B2 00     DATBK1: JSR CHRGET
00DADA  1  24 11        BIT VALTYP ;GET VALUE TYPE.
00DADC  1  10 31        BPL NUMINS ;INPUT A NUMBER IF NUMERIC.
00DADE  1               .if GETCMD <> 0
00DADE  1               
00DADE  1  24 15        BIT INPFLG
00DAE0  1  50 09        BVC SETQUT
00DAE2  1  E8           INX
00DAE3  1  86 B9        STX TXTPTR
00DAE5  1  A9 00        LDA #0
00DAE7  1  85 0D        STA CHARAC
00DAE9  1  F0 0C        BEQ RESETC
00DAEB  1               .endif
00DAEB  1  85 0D        SETQUT: STA CHARAC ;ASSUME QUOTED STRING.
00DAED  1  C9 22        CMP #34 ;TERMINATORS OK?
00DAEF  1  F0 07        BEQ NOWGET ;YES.
00DAF1  1  A9 3A        LDA #':' ;SET TERMINATORS TO ':' AND
00DAF3  1  85 0D        STA CHARAC
00DAF5  1  A9 2C        LDA #44 ;COMMA.
00DAF7  1  18           RESETC: CLC
00DAF8  1  85 0E        NOWGET: STA ENDCHR
00DAFA  1               
00DAFA  1  A5 B9        LDA TXTPTR
00DAFC  1  A4 BA        LDY TXTPTR+1
00DAFE  1  69 00        ADC #0 ;C IS SET PROPERLY ABOVE.
00DB00  1  90 01        BCC NOWGE1
00DB02  1  C8           INY
00DB03  1  20 81 E2     NOWGE1: JSR STRLT2 ;MAKE A STRING DESCRIPTOR FOR THE VALUE
00DB06  1               ;AND COPY IF NECESSARY.
00DB06  1  20 D7 E5     JSR ST2TXT ;SET TEXT POINTER.
00DB09  1  20 03 D9     JSR INPCOM ;DO ASSIGNMENT.
00DB0C  1  4C 17 DB     JMP STRDN2
00DB0F  1  20 EE EA     NUMINS: JSR FIN
00DB12  1               .if INTPRC = 0
00DB12  1               
00DB12  1               JSR MOVVF
00DB12  1               .endif
00DB12  1               .if INTPRC <> 0
00DB12  1               
00DB12  1  A5 12        LDA INTFLG
00DB14  1  20 EB D8     JSR QINTGR
00DB17  1               .endif
00DB17  1  20 B8 00     STRDN2: JSR CHRGOT ;READ LAST CHARACTER.
00DB1A  1  F0 07        BEQ TRMOK ;':' OR EOL IS OK.
00DB1C  1  C9 2C        CMP #44 ;A COMMA?
00DB1E  1               
00DB1E  1  F0 03        BEQ *+5
00DB20  1  4C 23 DA     JMP TRMNOK
00DB23  1               TRMOK:
00DB23  1  A5 B9        LDA TXTPTR
00DB25  1  A4 BA        LDY TXTPTR+1
00DB27  1                ;SAVE FOR MORE READS.
00DB27  1  85 82        STA INPPTR
00DB29  1  84 83        STY INPPTR+1
00DB2B  1               
00DB2B  1  A5 8A        LDA VARTXT
00DB2D  1  A4 8B        LDY VARTXT+1
00DB2F  1                ;POINT TO VARIABLE LIST.
00DB2F  1  85 B9        STA TXTPTR
00DB31  1  84 BA        STY TXTPTR+1
00DB33  1  20 B8 00     JSR CHRGOT ;LOOK AT LAST VARIABLE LIST CHARACTER.
00DB36  1  F0 2C        BEQ VAREND ;THAT'S THE END OF THE LIST.
00DB38  1  20 72 DD     JSR CHKCOM ;NOT END. CHECK FOR COMMA.
00DB3B  1  4C 9D DA     JMP INLOOP
00DB3E  1               ;
00DB3E  1               ; SUBROUTINE TO FIND DATA
00DB3E  1               ; THE SEARCH IS MADE BY USING THE EXECUTION CODE FOR DATA TO
00DB3E  1               ; SKIP OVER STATEMENTS. THE START WORD OF EACH STATEMENT
00DB3E  1               ; IS COMPARED WITH "DATATK". EACH NEW LINE NUMBER
00DB3E  1               ; IS STORED IN "DATLIN" SO THAT IF AN ERROR OCCURS
00DB3E  1               ; WHILE READING DATA THE ERROR MESSAGE CAN GIVE THE LINE
00DB3E  1               ; NUMBER OF THE ILL-FORMATTED DATA.
00DB3E  1               ;
00DB3E  1  20 2C D8     DATLOP: JSR DATAN ;SKIP SOME TEXT.
00DB41  1  C8           INY
00DB42  1  AA           TAX ;END OF LINE?
00DB43  1  D0 12        BNE NOWLIN ;SHO AIN'T.
00DB45  1  A2 2A        LDX #ERROD ;YES = "NO DATA" ERROR.
00DB47  1  C8           INY
00DB48  1  B1 B9        LDA (TXTPTR),Y
00DB4A  1  F0 69        BEQ ERRGO5
00DB4C  1  C8           INY
00DB4D  1  B1 B9        LDA (TXTPTR),Y ;GET HIGH BYTE OF LINE NUMBER.
00DB4F  1  85 7E        STA DATLIN
00DB51  1  C8           INY
00DB52  1  B1 B9        LDA (TXTPTR),Y ;GET LOW BYTE.
00DB54  1  C8           INY
00DB55  1  85 7F        STA DATLIN+1
00DB57  1  B1 B9        NOWLIN: LDA (TXTPTR),Y ;HOW IS IT?
00DB59  1  AA           TAX
00DB5A  1  20 21 D8     JSR ADDON ;ADD [Y] TO [TXTPTR].
00DB5D  1  E0 7F        CPX #DATATK ;IS IT A "DATA" STATEMENT.
00DB5F  1  D0 DD        BNE DATLOP ;NOT QUITE RIGHT. KEEP LOOKING.
00DB61  1  4C D7 DA     JMP DATBK1 ;THIS IS THE ONE !
00DB64  1               VAREND: ;PUT AWAY A NEW DATA PNTR MAYBE.
00DB64  1  A5 82        LDA INPPTR
00DB66  1  A4 83        LDY INPPTR+1
00DB68  1  A6 15        LDX INPFLG
00DB6A  1  10 03        BPL VARY0
00DB6C  1  4C E5 D6     JMP RESFIN
00DB6F  1  A0 00        VARY0: LDY #0
00DB71  1  B1 82        LDA (INPPTR),Y ;LAST DATA CHR COULD HAVE BEEN
00DB73  1               ;COMMA OR COLON BUT SHOULD BE NULL.
00DB73  1  F0 07        BEQ INPRTS ;IT IS NULL.
00DB75  1               .if EXTIO <> 0
00DB75  1               
00DB75  1               LDA CHANNL
00DB75  1               BNE INPRTS
00DB75  1               .endif
00DB75  1               
00DB75  1  A9 7D        LDA #EXIGNT&255
00DB77  1  A0 DB        LDY #EXIGNT/256
00DB79  1  4C DF D9     JMP STROUT ;TYPE "?EXTRA IGNORED"
00DB7C  1  60           INPRTS: RTS ;DO NEXT STATEMENT.
00DB7D  1  3F 45 58 54  EXIGNT: .byte "?EXTRA IGNORED"
00DB81  1  52 41 20 49  
00DB85  1  47 4E 4F 52  
00DB8B  1               
00DB8B  1  0D           .byte 13
00DB8C  1  0A           .byte 10
00DB8D  1  00           .byte 0
00DB8E  1  3F 52 45 44  TRYAGN: .byte "?REDO FROM START"
00DB92  1  4F 20 46 52  
00DB96  1  4F 4D 20 53  
00DB9E  1               
00DB9E  1  0D           .byte 13
00DB9F  1  0A           .byte 10
00DBA0  1  00           .byte 0
00DBA1  1               ; PAGE
00DBA1  1               ; SUBTTL	THE NEXT CODE IS THE "NEXT CODE"
00DBA1  1               ;
00DBA1  1               ; A "FOR" ENTRY ON THE STACK HAS THE FOLLOWING FORMAT:
00DBA1  1               ;
00DBA1  1               ; LOW ADDRESS
00DBA1  1               ;	TOKEN (FORTK) 1 BYTE
00DBA1  1               ;	A POINTER TO THE LOOP VARIABLE 2 BYTES
00DBA1  1               ;	THE STEP 4+ADDPRC BYTES
00DBA1  1               ;	A BYTE REFLECTING THE SIGN OF THE INCREMENT 1 BYTE
00DBA1  1               ;	THE UPPER VALUE (PACKED) 4+ADDPRC BYTES
00DBA1  1               ;	THE LINE NUMBER OF THE "FOR" STATEMENT 2 BYTES
00DBA1  1               ;	A TEXT POINTER INTO THE "FOR" STATEMENT 2 BYTES
00DBA1  1               ; HIGH ADDRESS
00DBA1  1               ;
00DBA1  1               ; TOTAL 16+2*ADDPRC BYTES.
00DBA1  1               ;
00DBA1  1  D0 04        NEXT: BNE GETFOR
00DBA3  1  A0 00        LDY #0 ;WITHOUT ARG CALL "FNDFOR" WITH
00DBA5  1  F0 03        BEQ STXFOR ;[FORPNT]=0.
00DBA7  1  20 94 DE     GETFOR: JSR PTRGET ;GET A POINTER TO LOOP VARIABLE
00DBAA  1               STXFOR: ;INTO "FORPNT".
00DBAA  1  85 88        STA FORPNT
00DBAC  1  84 89        STY FORPNT+1
00DBAE  1  20 70 D2     JSR FNDFOR ;FIND THE MATCHING ENTRY IF ANY.
00DBB1  1  F0 04        BEQ HAVFOR
00DBB3  1  A2 00        LDX #ERRNF ;"NEXT WITHOUT FOR".
00DBB5  1  F0 69        ERRGO5: BEQ ERRGO4
00DBB7  1  9A           HAVFOR: TXS ;SETUP STACK. CHOP FIRST.
00DBB8  1  8A           TXA
00DBB9  1  18           CLC
00DBBA  1  69 04        ADC #4 ;POINT TO INCREMENT
00DBBC  1  48           PHA ;SAVE THIS POINTER TO RESTORE TO [A]
00DBBD  1  69 06        ADC #5+ADDPRC ;POINT TO UPPER LIMIT
00DBBF  1  85 63        STA INDEX2 ;SAVE AS INDEX
00DBC1  1  68           PLA ;RESTORE POINTER TO INCREMENT
00DBC2  1  A0 01        LDY #1 ;SET HI ADDR OF THING TO MOVE.
00DBC4  1  20 9A E9     JSR MOVFM ;GET QUANTITY INTO THE FAC.
00DBC7  1  BA           TSX
00DBC8  1  BD 09 01     LDA 257+7+ADDPRC,X;SET SIGN CORRECTLY.
00DBCB  1  85 A5        STA FACSGN
00DBCD  1               
00DBCD  1  A5 88        LDA FORPNT
00DBCF  1  A4 89        LDY FORPNT+1
00DBD1  1  20 5C E6     JSR FADD ;ADD INC TO LOOP VARIABLE.
00DBD4  1  20 CB E9     JSR MOVVF ;PACK THE FAC INTO MEMORY.
00DBD7  1  A0 01        LDY #1
00DBD9  1  20 58 EA     JSR FCOMPN ;COMPARE FAC WITH UPPER VALUE.
00DBDC  1  BA           TSX
00DBDD  1  38           SEC
00DBDE  1  FD 09 01     SBC 257+7+ADDPRC,X;SUBTRACT SIGN OF INC FROM SIGN OF
00DBE1  1               ;OF (CURRENT VALUE-FINAL VALUE).
00DBE1  1  F0 17        BEQ LOOPDN ;IF SIGN (FINAL-CURRENT)-SIGN STEP=0
00DBE3  1               ;THEN LOOP IS DONE.
00DBE3  1  BD 0F 01     LDA 2*ADDPRC+12+257,X
00DBE6  1  85 78        STA CURLIN ;STORE LINE NUMBER OF "FOR" STATEMENT.
00DBE8  1  BD 10 01     LDA 257+13+2*ADDPRC,X
00DBEB  1  85 79        STA CURLIN+1
00DBED  1  BD 12 01     LDA 2*ADDPRC+15+257,X
00DBF0  1  85 B9        STA TXTPTR ;STORE TEXT PNTR INTO "FOR" STATEMENT.
00DBF2  1  BD 11 01     LDA 2*ADDPRC+14+257,X
00DBF5  1  85 BA        STA TXTPTR+1
00DBF7  1  4C 70 D6     NEWSGO: JMP NEWSTT ;PROCESS NEXT STATEMENT.
00DBFA  1  8A           LOOPDN: TXA
00DBFB  1  69 11        ADC #<((2*ADDPRC)+15) ;ADDS 16 WITH CARRY.
00DBFD  1  AA           TAX
00DBFE  1  9A           TXS ;NEW STACK PNTR.
00DBFF  1  20 B8 00     JSR CHRGOT
00DC02  1  C9 2C        CMP #44 ;COMMA AT END?
00DC04  1  D0 F1        BNE NEWSGO
00DC06  1  20 B2 00     JSR CHRGET
00DC09  1  20 A7 DB     JSR GETFOR ;DO NEXT BUT DON'T ALLOW BLANK VARIABLE
00DC0C  1               ;PNTR. [VARPNT] IS THE STK PNTR WHICH
00DC0C  1               ;NEVER MATCHES ANY POINTER.
00DC0C  1               ;JSR TO PUT ON DUMMY NEWSTT ADDR.
00DC0C  1               
00DC0C  1               ; SUBTTL FORMULA EVALUATION CODE.
00DC0C  1               ;
00DC0C  1               ; THESE ROUTINES CHECK FOR CERTAIN "VALTYP".
00DC0C  1               ; [C] IS NOT PRESERVED.
00DC0C  1               ;
00DC0C  1  20 23 DC     FRMNUM: JSR FRMEVL
00DC0F  1  18           CHKNUM: CLC
00DC10  1  00 02 24 00  .word 512,36
00DC14  1  38           CHKSTR: SEC ;SET CARRY.
00DC15  1  24 11        CHKVAL: BIT VALTYP ;WILL NOT F UP "VALTYP".
00DC17  1  30 03        BMI DOCSTR
00DC19  1  B0 03        BCS CHKERR
00DC1B  1  60           CHKOK: RTS
00DC1C  1  B0 FD        DOCSTR: BCS CHKOK
00DC1E  1  A2 A3        CHKERR: LDX #ERRTM
00DC20  1  4C 1D D3     ERRGO4: JMP ERROR
00DC23  1               ;
00DC23  1               ; THE FORMULA EVALUATOR STARTS WITH
00DC23  1               ; [TXTPTR] POINTING TO THE FIRST CHARACTER OF THE FORMULA.
00DC23  1               ; AT THE END [TXTPTR] POINTS TO THE TERMINATOR.
00DC23  1               ; THE RESULT IS LEFT IN THE FAC.
00DC23  1               ; ON RETURN [A] DOES NOT REFLECT THE TERMINATOR.
00DC23  1               ;
00DC23  1               ; THE FORMULA EVALUATOR USES THE OPERATOR LIST (OPTAB)
00DC23  1               ; TO DETERMINE PRECEDENCE AND DISPATCH ADDRESSES FOR
00DC23  1               ; EACH OPERATOR.
00DC23  1               ; A TEMPORARY RESULT ON THE STACK HAS THE FOLLOWING FORMAT.
00DC23  1               ;	THE ADDRESS OF THE OPERATOR ROUTINE.
00DC23  1               ;	THE FLOATING POINT TEMPORARY RESULT.
00DC23  1               ;	THE PRECEDENCE OF THE OPERATOR.
00DC23  1               ;
00DC23  1  A6 B9        FRMEVL: LDX TXTPTR
00DC25  1  D0 02        BNE FRMEV1
00DC27  1  C6 BA        DEC TXTPTR+1
00DC29  1  C6 B9        FRMEV1: DEC TXTPTR
00DC2B  1  A2 00        LDX #0 ;INITIAL DUMMY PRECEDENCE IS 0.
00DC2D  1  00 02 24 00  .word 512,36
00DC31  1  48           LPOPER: PHA ;SAVE LOW PRECEDENCE. (MASK.)
00DC32  1  8A           TXA
00DC33  1  48           PHA ;SAVE HIGH PRECEDENCE.
00DC34  1  A9 01        LDA #1
00DC36  1  20 E1 D2     JSR GETSTK ;MAKE SURE THERE IS ROOM FOR
00DC39  1               ;RECURSIVE CALLS.
00DC39  1  20 0B DD     JSR EVAL ;EVALUATE SOMETHING.
00DC3C  1                ;PREPARE TO BUILD MASK MAYBE.
00DC3C  1  A9 00        LDA #0
00DC3E  1  85 8C        STA OPMASK
00DC40  1  20 B8 00     TSTOP: JSR CHRGOT ;REGET LAST CHARACTER.
00DC43  1  38           LOPREL: SEC ;PREP TO SUBTRACT.
00DC44  1  E9 82        SBC #GREATK ;IS CURRENT CHARACTER A RELATION?
00DC46  1  90 17        BCC ENDREL ;NO. RELATIONS ALL THROUGH.
00DC48  1  C9 02        CMP #LESSTK-GREATK+1 ;REALLY RELATIONAL?
00DC4A  1  B0 13        BCS ENDREL ;NO -- JUST BIG.
00DC4C  1  C9 01        CMP #1 ;RESET CARRY FOR ZERO ONLY.
00DC4E  1  2A           ROL ;0 TO 1, 1 TO 2, 2 TO 4.
00DC4F  1  49 01        EOR #1
00DC51  1  45 8C        EOR OPMASK ;BRING IN THE OLD BITS.
00DC53  1  C5 8C        CMP OPMASK ;MAKE SURE THE NEW MASK IS BIGGER.
00DC55  1  90 61        BCC SNERR5 ;SYNTAX ERROR. BECAUSE TWO OF THE SAME.
00DC57  1  85 8C        STA OPMASK ;SAVE MASK.
00DC59  1  20 B2 00     JSR CHRGET
00DC5C  1  4C 43 DC     JMP LOPREL ;GET THE NEXT CANDIDATE.
00DC5F  1  A6 8C        ENDREL: LDX OPMASK ;WERE THERE ANY?
00DC61  1  D0 2C        BNE FINREL ;YES, HANDLE AS SPECIAL OP.
00DC63  1  B0 7B        BCS QOP ;NOT AN OPERATOR.
00DC65  1  69 01        ADC #GREATK-PLUSTK
00DC67  1  90 77        BCC QOP ;NOT AN OPERATOR.
00DC69  1  65 11        ADC VALTYP ;[C]=1.
00DC6B  1                ;ONLY IF [A]=0 AND [VALTYP]=-1 (A STR).
00DC6B  1  D0 03        BNE *+5
00DC6D  1  4C 31 E4     JMP CAT
00DC70  1  69 FF        ADC #255 ;GET BACK ORIGINAL [A].
00DC72  1  85 61        STA INDEX1
00DC74  1  0A           ASL ;MULTIPLY BY 2.
00DC75  1  65 61        ADC INDEX1 ;BY THREE.
00DC77  1  A8           TAY ;SET UP FOR LATER.
00DC78  1  68           QPREC: PLA ;GET PREVIOUS PRECEDENCE.
00DC79  1  D9 66 D0     CMP OPTAB,Y ;IS OLD PRECEDENCE GREATER OR EQUAL?
00DC7C  1  B0 67        BCS QCHNUM ;YES, GO OPERATE.
00DC7E  1  20 0F DC     JSR CHKNUM ;CAN'T BE STRING HERE.
00DC81  1  48           DOPREC: PHA ;SAVE OLD PRECEDENCE.
00DC82  1  20 A8 DC     NEGPRC: JSR DOPRE1 ;SET A RETURN ADDRESS FOR OP.
00DC85  1  68           PLA ;PULL OFF PREVIOUS PRECEDENCE.
00DC86  1  A4 8A        LDY OPPTR ;GET POINTER TO OP.
00DC88  1  10 17        BPL QPREC1 ;THAT'S A REAL OPERATOR.
00DC8A  1  AA           TAX ;DONE ?
00DC8B  1  F0 56        BEQ QOPGO ;DONE !
00DC8D  1  D0 5F        BNE PULSTK
00DC8F  1  46 11        FINREL: LSR VALTYP ;GET VALUE TYPE INTO 'C'.
00DC91  1  8A           TXA
00DC92  1  2A           ROL ;PUT VALTYP INTO LOW ORDER BIT OF MASK.
00DC93  1  A6 B9        LDX TXTPTR ;DECREMENT TEXT POINTER.
00DC95  1  D0 02        BNE FINRE2
00DC97  1  C6 BA        DEC TXTPTR+1
00DC99  1  C6 B9        FINRE2: DEC TXTPTR
00DC9B  1  A0 1B        LDY #PTDORL-OPTAB ;MAKE [YREG] POINT AT OPERATOR ENTRY.
00DC9D  1  85 8C        STA OPMASK ;SAVE THE OPERATION MASK.
00DC9F  1  D0 D7        BNE QPREC ;SAVE IT ALL. BR ALWAYS.
00DCA1  1               ;NOTE B7(VALTYP)=0 SO CHKNUM CALL IS OK.
00DCA1  1  D9 66 D0     QPREC1: CMP OPTAB,Y ;LAST PRECEDENCE IS GREATER?
00DCA4  1  B0 48        BCS PULSTK ;YES, GO OPERATE.
00DCA6  1  90 D9        BCC DOPREC ;NO SAVE ARGUMENT AND GET OTHER OPERAND.
00DCA8  1  B9 68 D0     DOPRE1: LDA OPTAB+2,Y
00DCAB  1  48           PHA ;DISP ADDR GOES ONTO STACK.
00DCAC  1  B9 67 D0     LDA OPTAB+1,Y
00DCAF  1  48           PHA
00DCB0  1  20 BB DC     JSR PUSHF1 ;SAVE FAC ON STACK UNPACKED.
00DCB3  1  A5 8C        LDA OPMASK ;[ACCA] MAY BE MASK FOR REL.
00DCB5  1  4C 31 DC     JMP LPOPER
00DCB8  1  4C 7D DD     SNERR5: JMP SNERR ;GO TO AN ERROR.
00DCBB  1  A5 A5        PUSHF1: LDA FACSGN
00DCBD  1  BE 66 D0     LDX OPTAB,Y;GET HIGH PRECEDENCE.
00DCC0  1  A8           PUSHF: TAY ;GET POINTER INTO STACK.
00DCC1  1  68           PLA
00DCC2  1  85 61        STA INDEX1
00DCC4  1  E6 61        INC INDEX1
00DCC6  1  68           PLA
00DCC7  1  85 62        STA INDEX1+1
00DCC9  1  98           TYA
00DCCA  1               ;STORE FAC ON STACK UNPACKED.
00DCCA  1  48           PHA ;START WITH SIGN SET UP.
00DCCB  1  20 16 EA     FORPSH: JSR ROUND ;PUT ROUNDED FAC ON STACK.
00DCCE  1  A5 A4        LDA FACLO ;ENTRY POINT TO SKIP STORING SIGN.
00DCD0  1  48           PHA
00DCD1  1  A5 A3        LDA FACMO
00DCD3  1  48           PHA
00DCD4  1               .if ADDPRC <> 0
00DCD4  1               
00DCD4  1  A5 A2        LDA FACMOH
00DCD6  1  48           PHA
00DCD7  1               .endif
00DCD7  1  A5 A1        LDA FACHO
00DCD9  1  48           PHA
00DCDA  1  A5 A0        LDA FACEXP
00DCDC  1  48           PHA
00DCDD  1  6C 61 00     JMP (INDEX1) ;RETURN.
00DCE0  1  A0 FF        QOP: LDY #255
00DCE2  1  68           PLA ;GET HIGH PRECEDENCE OF LAST OP.
00DCE3  1  F0 23        QOPGO: BEQ QOPRTS ;DONE !
00DCE5  1  C9 64        QCHNUM: CMP #100 ;RELATIONAL OPERATOR?
00DCE7  1  F0 03        BEQ UNPSTK ;YES, DON'T CHECK OPERAND.
00DCE9  1  20 0F DC     JSR CHKNUM ;MUST BE NUMBER.
00DCEC  1  84 8A        UNPSTK: STY OPPTR ;SAVE OPERATOR'S POINTER FOR NEXT TIME.
00DCEE  1  68           PULSTK: PLA ;GET MASK FOR REL OP IF IT IS ONE.
00DCEF  1  4A           LSR ;SETUP [C] FOR DOREL'S "CHKVAL".
00DCF0  1  85 16        STA DOMASK ;SAVE FOR "DOCMP".
00DCF2  1  68           PLA ;UNPACK STACK INTO ARG.
00DCF3  1  85 A8        STA ARGEXP
00DCF5  1  68           PLA
00DCF6  1  85 A9        STA ARGHO
00DCF8  1               .if ADDPRC <> 0
00DCF8  1               
00DCF8  1  68           PLA
00DCF9  1  85 AA        STA ARGMOH
00DCFB  1               .endif
00DCFB  1  68           PLA
00DCFC  1  85 AB        STA ARGMO
00DCFE  1  68           PLA
00DCFF  1  85 AC        STA ARGLO
00DD01  1  68           PLA
00DD02  1  85 AD        STA ARGSGN
00DD04  1  45 A5        EOR FACSGN ;GET PROBABLE RESULT SIGN.
00DD06  1  85 AE        STA ARISGN ;ARITHMETIC SIGN. USED BY
00DD08  1               ;ADD, SUB, MULT, DIV.
00DD08  1  A5 A0        QOPRTS: LDA FACEXP ;GET IT AND SET CODES.
00DD0A  1  60           UNPRTS: RTS ;RETURN.
00DD0B  1               
00DD0B  1               EVAL: ;ASSUME VALUE WILL BE NUMERIC.
00DD0B  1  A9 00        LDA #0
00DD0D  1  85 11        STA VALTYP
00DD0F  1  20 B2 00     EVAL0: JSR CHRGET ;GET A CHARACTER.
00DD12  1  B0 03        BCS EVAL2
00DD14  1  4C EE EA     EVAL1: JMP FIN ;IT IS A NUMBER.
00DD17  1  20 1E DF     EVAL2: JSR ISLETC ;VARIABLE NAME?
00DD1A  1  B0 6D        BCS ISVAR ;YES.
00DD1C  1               .if REALIO-3 = 0
00DD1C  1               
00DD1C  1               CMP #PI
00DD1C  1               BNE QDOT
00DD1C  1               
00DD1C  1               LDA #PIVAL&255
00DD1C  1               LDY #PIVAL/256
00DD1C  1               JSR MOVFM
00DD1C  1               JMP CHRGET
00DD1C  1               PIVAL: .byte 130
00DD1C  1               .byte 73
00DD1C  1               .byte 15
00DD1C  1               .byte 218
00DD1C  1               .byte 161
00DD1C  1               .endif
00DD1C  1  C9 2A        QDOT: CMP #'*' ;LEADING CHARACTER OF CONSTANT?
00DD1E  1  F0 F4        BEQ EVAL1
00DD20  1  C9 81        CMP #MINUTK ;NEGATION?
00DD22  1  F0 5E        BEQ DOMIN ;SHO IS.
00DD24  1  C9 81        CMP #PLUSTK
00DD26  1  F0 E7        BEQ EVAL0
00DD28  1  C9 22        CMP #34 ;A QUOTE? A STRING?
00DD2A  1  D0 0F        BNE EVAL3
00DD2C  1               STRTXT:
00DD2C  1  A5 B9        LDA TXTPTR
00DD2E  1  A4 BA        LDY TXTPTR+1
00DD30  1  69 00        ADC #0 ;TO INC, ADD C=1.
00DD32  1  90 01        BCC STRTX2
00DD34  1  C8           INY
00DD35  1  20 7B E2     STRTX2: JSR STRLIT ;YES. GO PROCESS IT.
00DD38  1  4C D7 E5     JMP ST2TXT
00DD3B  1  C9 81        EVAL3: CMP #NOTTK ;CHECK FOR "NOT" OPERATOR.
00DD3D  1  D0 13        BNE EVAL4
00DD3F  1  A0 18        LDY #NOTTAB-OPTAB ;"NOT" HAS PRECEDENCE 90.
00DD41  1  D0 41        BNE GONPRC ;GO DO ITS EVALUATION.
00DD43  1  20 AE DF     NOTOP: JSR AYINT ;INTEGERIZE.
00DD46  1  A5 A4        LDA FACLO ;GET THE ARGUMENT.
00DD48  1  49 FF        EOR #255
00DD4A  1  A8           TAY
00DD4B  1  A5 A3        LDA FACMO
00DD4D  1  49 FF        EOR #255
00DD4F  1  4C 84 E1     JMP GIVAYF ;FLOAT [Y,A] AS RESULT IN FAC.
00DD52  1               ;AND RETURN.
00DD52  1  C9 80        EVAL4: CMP #FNTK ;USER-DEFINED FUNCTION?
00DD54  1               
00DD54  1  D0 03        BNE *+5
00DD56  1  4C E8 E1     JMP FNDOER
00DD59  1  C9 83        CMP #ONEFUN ;A FUNCTION NAME?
00DD5B  1  90 03        BCC PARCHK ;FUNCTIONS ARE THE HIGHEST NUMBERED
00DD5D  1  4C AD DD     JMP ISFUN ;CHARACTERS SO NO NEED TO CHECK
00DD60  1               ;AN UPPER-BOUND.
00DD60  1  20 6C DD     PARCHK: JSR CHKOPN ;ONLY POSSIBILITY LEFT IS
00DD63  1  20 23 DC     JSR FRMEVL ;A FORMULA IN PARENTHESIS.
00DD66  1               ;RECURSIVELY EVALUATE THE FORMULA.
00DD66  1  A9 29        CHKCLS: LDA #41 ;CHECK FOR A RIGHT PARENTHESE
00DD68  1  00 02 2C 00  .word 512,44
00DD6C  1  A9 28        CHKOPN: LDA #40
00DD6E  1  00 02 2C 00  .word 512,44
00DD72  1  A9 2C        CHKCOM: LDA #44
00DD74  1               ;
00DD74  1               ; "SYNCHK" LOOKS AT THE CURRENT CHARACTER TO MAKE SURE IT
00DD74  1               ; IS THE SPECIFIC THING LOADED INTO ACCA JUST BEFORE THE CALL TO
00DD74  1               ; "SYNCHK". IF NOT, IT CALLS THE "SYNTAX ERROR" ROUTINE.
00DD74  1               ; OTHERWISE IT GOBBLES THE NEXT CHAR AND RETURNS,
00DD74  1               ;
00DD74  1               ; [A]=NEW CHAR AND TXTPTR IS ADVANCED BY "CHRGET".
00DD74  1               ;
00DD74  1  A0 00        SYNCHR: LDY #0
00DD76  1  D1 B9        CMP (TXTPTR),Y ;CHARACTERS EQUAL?
00DD78  1  D0 03        BNE SNERR
00DD7A  1  4C B2 00     CHRGO5: JMP CHRGET
00DD7D  1  A2 10        SNERR: LDX #ERRSN ;"SYNTAX ERROR"
00DD7F  1  4C 1D D3     JMP ERROR
00DD82  1  A0 15        DOMIN: LDY #NEGTAB-OPTAB ;A PRECEDENCE BELOW '^'.
00DD84  1  68           GONPRC: PLA ;GET RID OF RTS ADDR.
00DD85  1  68           PLA
00DD86  1  4C 82 DC     JMP NEGPRC ;EVALUTE FOR NEGATION.
00DD89  1               
00DD89  1  20 94 DE     ISVAR: JSR PTRGET ;GET A PNTR TO VARIABLE.
00DD8C  1               ISVRET:
00DD8C  1  85 A3        STA FACMO
00DD8E  1  84 A4        STY FACMO+1
00DD90  1               .if TIME|EXTIO <> 0
00DD90  1               
00DD90  1               
00DD90  1               LDA VARNAM
00DD90  1               LDY VARNAM+1
00DD90  1               .endif
00DD90  1  A6 11        LDX VALTYP
00DD92  1  F0 05        BEQ GOOO ;THE STRING IS SET UP.
00DD94  1  A2 00        LDX #0
00DD96  1  86 AF        STX FACOV
00DD98  1               .if TIME <> 0
00DD98  1               
00DD98  1               BIT FACLO
00DD98  1               BPL STRRTS
00DD98  1               CMP #'T'
00DD98  1               BNE STRRTS
00DD98  1               CPY #'I'+128
00DD98  1               BNE STRRTS
00DD98  1               JSR GETTIM
00DD98  1               STY TENEXP
00DD98  1               DEY
00DD98  1               STY FBUFPT
00DD98  1               LDY #6
00DD98  1               STY DECCNT
00DD98  1               LDY #FDCEND-FOUTBL
00DD98  1               JSR FOUTIM
00DD98  1               JMP TIMSTR
00DD98  1               .endif
00DD98  1  60           STRRTS: RTS
00DD99  1               GOOO:
00DD99  1               .if INTPRC <> 0
00DD99  1               
00DD99  1  A6 12        LDX INTFLG
00DD9B  1  10 0D        BPL GOOOOO
00DD9D  1  A0 00        LDY #0
00DD9F  1  B1 A3        LDA (FACMO),Y
00DDA1  1  AA           TAX
00DDA2  1  C8           INY
00DDA3  1  B1 A3        LDA (FACMO),Y
00DDA5  1  A8           TAY
00DDA6  1  8A           TXA
00DDA7  1  4C 84 E1     JMP GIVAYF
00DDAA  1               .endif
00DDAA  1               GOOOOO:
00DDAA  1               .if TIME <> 0
00DDAA  1               
00DDAA  1               BIT FACLO
00DDAA  1               BPL GOMOVF
00DDAA  1               CMP #'T'
00DDAA  1               BNE QSTATV
00DDAA  1               CPY #'I'
00DDAA  1               BNE GOMOVF
00DDAA  1               JSR GETTIM
00DDAA  1               TYA
00DDAA  1               LDX #160
00DDAA  1               JMP FLOATB
00DDAA  1               GETTIM:
00DDAA  1               LDA #<((CQTIMR-2)&255)
00DDAA  1               LDY #<((CQTIMR-2)/256)
00DDAA  1               SEI
00DDAA  1               JSR MOVFM
00DDAA  1               CLI
00DDAA  1               STY FACHO
00DDAA  1               RTS
00DDAA  1               .endif
00DDAA  1               QSTATV:
00DDAA  1               .if EXTIO <> 0
00DDAA  1               
00DDAA  1               CMP #'S'
00DDAA  1               BNE GOMOVF
00DDAA  1               CPY #'T'
00DDAA  1               BNE GOMOVF
00DDAA  1               LDA CQSTAT
00DDAA  1               JMP FLOAT
00DDAA  1               GOMOVF:
00DDAA  1               .endif
00DDAA  1               .if TIME|EXTIO <> 0
00DDAA  1               
00DDAA  1               
00DDAA  1               LDA FACMO
00DDAA  1               LDY FACMO+1
00DDAA  1               .endif
00DDAA  1  4C 9A E9     JMP MOVFM ;MOVE ACTUAL VALUE IN.
00DDAD  1               ;AND RETURN.
00DDAD  1               
00DDAD  1  0A           ISFUN: ASL ;MULTIPLY BY TWO.
00DDAE  1  48           PHA
00DDAF  1  AA           TAX
00DDB0  1  20 B2 00     JSR CHRGET ;SET UP FOR SYNCHK.
00DDB3  1  E0 07        CPX #<(((2*LASNUM)-256)+1) ;IS IT PAST "LASNUM"?
00DDB5  1  90 20        BCC OKNORM ;NO, MUST BE NORMAL FUNCTION.
00DDB7  1               ;
00DDB7  1               ; MOST FUNCTIONS TAKE A SINGLE ARGUMENT.
00DDB7  1               ; THE RETURN ADDRESS OF THESE FUNCTIONS IS "CHKNUM"
00DDB7  1               ; WHICH ASCERTAINS THAT [VALTYP]=0  (NUMERIC).
00DDB7  1               ; NORMAL FUNCTIONS THAT RETURN STRING RESULTS
00DDB7  1               ; (E.G., CHR$) MUST POP OFF THAT RETURN ADDR AND
00DDB7  1               ; RETURN DIRECTLY TO "FRMEVL".
00DDB7  1               ;
00DDB7  1               ; THE SO-CALLED "FUNNY" FUNCTIONS CAN TAKE MORE THAN ONE ARGUMENT,
00DDB7  1               ; THE FIRST OF WHICH MUST BE STRING AND THE SECOND OF WHICH
00DDB7  1               ; MUST BE A NUMBER BETWEEN 0 AND 255.
00DDB7  1               ; THE CLOSED PARENTHESIS MUST BE CHECKED AND RETURN IS DIRECTLY
00DDB7  1               ; TO "FRMEVL" WITH THE TEXT PNTR POINTING BEYOND THE ')'.
00DDB7  1               ; THE POINTER TO THE DESCRIPTOR OF THE STRING ARGUMENT
00DDB7  1               ; IS STORED ON THE STACK UNDERNEATH THE VALUE OF THE
00DDB7  1               ; INTEGER ARGUMENT.
00DDB7  1               ;
00DDB7  1  20 6C DD     JSR CHKOPN ;CHECK FOR AN OPEN PARENTHESE
00DDBA  1  20 23 DC     JSR FRMEVL ;EAT OPEN PAREN AND FIRST ARG.
00DDBD  1  20 72 DD     JSR CHKCOM ;TWO ARGS SO COMMA MUST DELIMIT.
00DDC0  1  20 14 DC     JSR CHKSTR ;MAKE SURE FIRST WAS STRING.
00DDC3  1  68           PLA ;GET FUNCTION NUMBER.
00DDC4  1  AA           TAX
00DDC5  1                ;SAVE POINTER AT STRING DESCRIPTOR
00DDC5  1  A5 A4        LDA FACMO+1
00DDC7  1  48           PHA
00DDC8  1  A5 A3        LDA FACMO
00DDCA  1  48           PHA
00DDCB  1  8A           TXA
00DDCC  1  48           PHA ;RESAVE FUNCTION NUMBER.
00DDCD  1               ;THIS MUST BE ON STACK SINCE RECURSIVE.
00DDCD  1  20 92 E5     JSR GETBYT ;[X]=VALUE OF FORMULA.
00DDD0  1  68           PLA ;GET FUNCTION NUMBER.
00DDD1  1  A8           TAY
00DDD2  1  8A           TXA
00DDD3  1  48           PHA
00DDD4  1  4C DC DD     JMP FINGO ;DISPATCH TO FUNCTION.
00DDD7  1  20 60 DD     OKNORM: JSR PARCHK ;READ A FORMULA SURROUNDED BY PARENS.
00DDDA  1  68           PLA ;GET DISPATCH FUNCTION.
00DDDB  1  A8           TAY
00DDDC  1  B9 32 D0     FINGO: LDA FUNDSP-2*ONEFUN+256,Y;MODIFY DISPATCH ADDRESS.
00DDDF  1  85 94        STA JMPER+1
00DDE1  1  B9 33 D0     LDA FUNDSP-2*ONEFUN+257,Y
00DDE4  1  85 95        STA JMPER+2
00DDE6  1  20 93 00     JSR JMPER ;DISPATCH!
00DDE9  1               ;STRING FUNCTIONS REMOVE THIS RET ADDR.
00DDE9  1  4C 0F DC     JMP CHKNUM ;CHECK IT FOR NUMERICNESS AND RETURN.
00DDEC  1               
00DDEC  1  A0 FF        OROP: LDY #255 ;MUST ALWAYS COMPLEMENT..
00DDEE  1  00 02 2C 00  .word 512,44
00DDF2  1  A0 00        ANDOP: LDY #0
00DDF4  1  84 0F        STY COUNT ;OPERATOR.
00DDF6  1  20 AE DF     JSR AYINT ;[FACMO&LO]=INT VALUE AND CHECK SIZE.
00DDF9  1  A5 A3        LDA FACMO ;USE DEMORGAN'S LAW ON HIGH
00DDFB  1  45 0F        EOR COUNT
00DDFD  1  85 0D        STA INTEGR
00DDFF  1  A5 A4        LDA FACLO ;AND LOW.
00DE01  1  45 0F        EOR COUNT
00DE03  1  85 0E        STA INTEGR+1
00DE05  1  20 F7 E9     JSR MOVFA
00DE08  1  20 AE DF     JSR AYINT ;[FACMO&LO]=INT OF ARG.
00DE0B  1  A5 A4        LDA FACLO
00DE0D  1  45 0F        EOR COUNT
00DE0F  1  25 0E        AND INTEGR+1
00DE11  1  45 0F        EOR COUNT ;FINISH OUT DEMORGAN.
00DE13  1  A8           TAY ;SAVE HIGH.
00DE14  1  A5 A3        LDA FACMO
00DE16  1  45 0F        EOR COUNT
00DE18  1  25 0D        AND INTEGR
00DE1A  1  45 0F        EOR COUNT
00DE1C  1  4C 84 E1     JMP GIVAYF ;FLOAT [A.Y] AND RET TO USER.
00DE1F  1               
00DE1F  1               ;
00DE1F  1               ; TIME TO PERFORM A RELATIONAL OPERATOR.
00DE1F  1               ; [DOMASK] CONTAINS THE BITS AS TO WHICH RELATIONAL
00DE1F  1               ; OPERATOR IT WAS. CARRY BIT ON=STRING COMPARE.
00DE1F  1               ;
00DE1F  1  20 15 DC     DOREL: JSR CHKVAL ;CHECK FOR MATCH.
00DE22  1  B0 13        BCS STRCMP ;IT IS A STRING.
00DE24  1  A5 AD        LDA ARGSGN ;PACK ARG FOR FCOMP.
00DE26  1  09 7F        ORA #127
00DE28  1  25 A9        AND ARGHO
00DE2A  1  85 A9        STA ARGHO
00DE2C  1               
00DE2C  1  A9 A8        LDA #ARGEXP&255
00DE2E  1  A0 00        LDY #ARGEXP/256
00DE30  1  20 56 EA     JSR FCOMP
00DE33  1  AA           TAX
00DE34  1  4C 6A DE     JMP QCOMP
00DE37  1               STRCMP: ;RESULT WILL BE NUMERIC.
00DE37  1  A9 00        LDA #0
00DE39  1  85 11        STA VALTYP
00DE3B  1  C6 8C        DEC OPMASK ;TURN OFF VALTYP WHICH WAS STRING.
00DE3D  1  20 9A E4     JSR FREFAC ;FREE THE FACLO STRING.
00DE40  1  85 A0        STA DSCTMP ;SAVE FOR LATER.
00DE42  1               
00DE42  1  86 A1        STX DSCTMP+1
00DE44  1  84 A2        STY DSCTMP+1+1
00DE46  1                ;GET POINTER TO OTHER STRING.
00DE46  1  A5 AB        LDA ARGMO
00DE48  1  A4 AC        LDY ARGMO+1
00DE4A  1  20 9E E4     JSR FRETMP ;FREES FIRST DESC POINTER.
00DE4D  1               
00DE4D  1  86 AB        STX ARGMO
00DE4F  1  84 AC        STY ARGMO+1
00DE51  1  AA           TAX ;COPY COUNT INTO X.
00DE52  1  38           SEC
00DE53  1  E5 A0        SBC DSCTMP ;WHICH IS GREATER. IF 0, ALL SET UP.
00DE55  1  F0 08        BEQ STASGN ;JUST PUT SIGN OF DIFFERENCE AWAY.
00DE57  1  A9 01        LDA #1
00DE59  1  90 04        BCC STASGN ;SIGN IS POSITIVE.
00DE5B  1  A6 A0        LDX DSCTMP ;LENGTH OF FAC IS SHORTER.
00DE5D  1  A9 FF        LDA #255 ;GET A MINUS 1 FOR NEGATIVES.
00DE5F  1  85 A5        STASGN: STA FACSGN ;KEEP FOR LATER.
00DE61  1  A0 FF        LDY #255 ;SET POINTER TO FIRST STRING. (ARG.)
00DE63  1  E8           INX ;TO LOOP PROPERLY.
00DE64  1  C8           NXTCMP: INY
00DE65  1  CA           DEX ;ANY CHARACTERS LEFT TO COMPARE?
00DE66  1  D0 07        BNE GETCMP ;NOT DONE YET.
00DE68  1  A6 A5        LDX FACSGN ;USE SIGN OF LENGTH DIFFERENCE
00DE6A  1               ;SINCE ALL CHARACTERS ARE THE SAME.
00DE6A  1  30 0F        QCOMP: BMI DOCMP ;C IS ALWAYS SET THEN.
00DE6C  1  18           CLC
00DE6D  1  90 0C        BCC DOCMP ;ALWAYS BRANCH.
00DE6F  1  B1 AB        GETCMP: LDA (ARGMO),Y ;GET NEXT CHAR TO COMPARE.
00DE71  1  D1 A1        CMP (DSCTMP+1),Y ;SAME?
00DE73  1  F0 EF        BEQ NXTCMP ;YEP. TRY FURTHER.
00DE75  1  A2 FF        LDX #255 ;SET A POSITIVE DIFFERENCE.
00DE77  1  B0 02        BCS DOCMP ;PUT STACK BACK TOGETHER.
00DE79  1  A2 01        LDX #1 ;SET A NEGATIVE DIFFERENCE.
00DE7B  1  E8           DOCMP: INX ;-1 TO 1, 0 TO 2, 1 TO 4.
00DE7C  1  8A           TXA
00DE7D  1  2A           ROL
00DE7E  1  25 16        AND DOMASK
00DE80  1  F0 02        BEQ GOFLOT
00DE82  1  A9 FF        LDA #255 ;MAP 0 TO 0. ALL OTHERS TO -1.
00DE84  1  4C 37 EA     GOFLOT: JMP FLOAT ;FLOAT THE ONE-BYTE RESULT INTO FAC.
00DE87  1               
00DE87  1               ; PAGE
00DE87  1               ; SUBTTL	DIMENSION AND VARIABLE SEARCHING.
00DE87  1               ;
00DE87  1               ; THE "DIM" CODE SETS [DIMFLG] AND THEN FALLS INTO THE VARIABLE SEARCH
00DE87  1               ; ROUTINE, WHICH LOOKS AT DIMFLG AT THREE DIFFERENT POINTS.
00DE87  1               ;	1) IF AN ENTRY IS FOUND, "DIMFLG" BEING ON INDICATES
00DE87  1               ;		A "DOUBLY" DIMENSIONED VARIABLE.
00DE87  1               ;	2) WHEN A NEW ENTRY IS BEING BUILT "DIMFLG" BEING ON
00DE87  1               ;		INDICTAES THE INDICES SHOULD BE USED FOR THE
00DE87  1               ;		SIZE OF EACH INDEX. OTHERWISE THE DEFAULT OF TEN
00DE87  1               ;		IS USED.
00DE87  1               ;	3) WHEN THE BUILD ENTRY CODE FINISHES, ONLY IF "DIMFLG" IS OFF
00DE87  1               ;		WILL INDEXING BE DONE.
00DE87  1               ;
00DE87  1  20 72 DD     DIM3: JSR CHKCOM ;MUST BE A COMMA
00DE8A  1  AA           DIM: TAX ;SET [ACCX] NONZERO.
00DE8B  1               ;[ACCA] MUST BE NONZERO TO WORK RIGHT.
00DE8B  1  20 99 DE     DIM1: JSR PTRGT1
00DE8E  1  20 B8 00     DIMCON: JSR CHRGOT ;GET LAST CHARACTER.
00DE91  1  D0 F4        BNE DIM3
00DE93  1  60           RTS
00DE94  1               ;
00DE94  1               ; ROUTINE TO READ THE VARIABLE NAME AT THE CURRENT TEXT POSITION
00DE94  1               ; AND  PUT A POINTER TO ITS VALUE IN VARPNT. [TXTPTR]
00DE94  1               ; POINTS TO THE TERMINATING CHARCTER.. NOT THAT EVALUATING SUBSCRIPTS
00DE94  1               ; IN A VARIABLE NAME CAN CAUSE RECURSIVE CALLS TO "PTRGET" SO AT
00DE94  1               ; THAT POINT ALL VALUES MUST BE STORED ON THE STACK.
00DE94  1               ;
00DE94  1  A2 00        PTRGET: LDX #0 ;MAKE [ACCX]=0.
00DE96  1  20 B8 00     JSR CHRGOT ;RETRIEVE LAST CHARACTER.
00DE99  1  86 10        PTRGT1: STX DIMFLG ;STORE FLAG AWAY.
00DE9B  1  85 84        PTRGT2: STA VARNAM
00DE9D  1  20 B8 00     JSR CHRGOT ;GET CURRENT CHARACTER
00DEA0  1               ;MAYBE WITH FUNCTION BIT OFF.
00DEA0  1  20 1E DF     JSR ISLETC ;CHECK FOR LETTER.
00DEA3  1  B0 03        BCS PTRGT3 ;MUST HAVE A LETTER.
00DEA5  1  4C 7D DD     INTERR: JMP SNERR
00DEA8  1  A2 00        PTRGT3: LDX #0 ;ASSUME NO SECOND CHARACTER.
00DEAA  1  86 11        STX VALTYP ;DEFAULT IS NUMERIC.
00DEAC  1               .if INTPRC <> 0
00DEAC  1               
00DEAC  1  86 12        STX INTFLG
00DEAE  1               .endif
00DEAE  1  20 B2 00     JSR CHRGET ;GET FOLLOWING CHARACTER.
00DEB1  1  90 05        BCC ISSEC ;CARRY RESET BY CHRGET IF NUMERIC.
00DEB3  1  20 1E DF     JSR ISLETC ;SET CARRY IF NOT ALPHABETIC.
00DEB6  1  90 0B        BCC NOSEC ;ALLOW ALPHABETICS.
00DEB8  1  AA           ISSEC: TAX ;IT IS A NUMBER -- SAVE IN ACCX.
00DEB9  1  20 B2 00     EATEM: JSR CHRGET ;LOOK AT NEXT CHARACTER.
00DEBC  1  90 FB        BCC EATEM ;SKIP NUMERICS.
00DEBE  1  20 1E DF     JSR ISLETC
00DEC1  1  B0 F6        BCS EATEM ;SKIP ALPHABETICS.
00DEC3  1  C9 24        NOSEC: CMP #'$' ;IS IT A STRING?
00DEC5  1  D0 06        BNE NOTSTR ;IF NOT, [VALTYP]=0.
00DEC7  1  A9 FF        LDA #255 ;SET [VALTYP]=255 (STRING !).
00DEC9  1  85 11        STA VALTYP
00DECB  1               .if INTPRC <> 0
00DECB  1               
00DECB  1  D0 10        BNE TURNON
00DECD  1  C9 25        NOTSTR: CMP #'%'
00DECF  1  D0 13        BNE STRNAM
00DED1  1  A5 14        LDA SUBFLG
00DED3  1  D0 D0        BNE INTERR
00DED5  1  A9 80        LDA #128
00DED7  1  85 12        STA INTFLG
00DED9  1  05 84        ORA VARNAM
00DEDB  1  85 84        STA VARNAM
00DEDD  1               .endif
00DEDD  1  8A           TURNON: TXA
00DEDE  1  09 80        ORA #128 ;TURN ON MSB OF SECOND CHARACTER.
00DEE0  1  AA           TAX
00DEE1  1  20 B2 00     JSR CHRGET ;GET CHARACTER AFTER $.
00DEE4  1               .if INTPRC = 0
00DEE4  1               
00DEE4  1               NOTSTR:
00DEE4  1               .endif
00DEE4  1  86 85        STRNAM: STX VARNAM+1 ;STORE AWAY SECOND CHARACTER.
00DEE6  1  38           SEC
00DEE7  1  05 14        ORA SUBFLG ;ADD FLAG WHETHER TO ALLOW ARRAYS.
00DEE9  1  E9 28        SBC #40 ;(CHECK FOR '(') WON'T MATCH IF SUBFLG SET.
00DEEB  1                ;IT IS!
00DEEB  1  D0 03        BNE *+5
00DEED  1  4C C0 DF     JMP ISARY
00DEF0  1                ;ALLOW SUBSCRIPTS AGAIN.
00DEF0  1  A9 00        LDA #0
00DEF2  1  85 14        STA SUBFLG
00DEF4  1  A5 6C        LDA VARTAB ;PLACE TO START SEARCH.
00DEF6  1  A6 6D        LDX VARTAB+1
00DEF8  1  A0 00        LDY #0
00DEFA  1  86 9F        STXFND: STX LOWTR+1
00DEFC  1  85 9E        LOPFND: STA LOWTR
00DEFE  1  E4 6F        CPX ARYTAB+1 ;AT END OF TABLE YET?
00DF00  1  D0 04        BNE LOPFN
00DF02  1  C5 6E        CMP ARYTAB
00DF04  1  F0 22        BEQ NOTFNS ;YES. WE COULDN'T FIND IT.
00DF06  1  A5 84        LOPFN: LDA VARNAM
00DF08  1  D1 9E        CMP (LOWTR),Y ;COMPARE HIGH ORDERS.
00DF0A  1  D0 08        BNE NOTIT ;NO COMPARISON.
00DF0C  1  A5 85        LDA VARNAM+1
00DF0E  1  C8           INY
00DF0F  1  D1 9E        CMP (LOWTR),Y ;AND THE LOW PART?
00DF11  1  F0 6A        BEQ FINPTR ;THAT'S IT ! THAT'S IT !
00DF13  1  88           DEY
00DF14  1  18           NOTIT: CLC
00DF15  1  A5 9E        LDA LOWTR
00DF17  1  69 07        ADC #6+ADDPRC ;MAKES NO DIF AMONG TYPES.
00DF19  1  90 E1        BCC LOPFND
00DF1B  1  E8           INX
00DF1C  1  D0 DC        BNE STXFND ;ALWAYS BRANCHES.
00DF1E  1               
00DF1E  1               ;
00DF1E  1               ; TEST FOR A LETTER.	/ CARRY OFF= NOT A LETTER.
00DF1E  1               ;			  CARRY ON= A LETTER.
00DF1E  1               ;
00DF1E  1  C9 41        ISLETC: CMP #'A'
00DF20  1  90 05        BCC ISLRTS ;IF LESS THAN 'A', RET.
00DF22  1  E9 5B        SBC #'Z'+1
00DF24  1  38           SEC
00DF25  1  E9 A5        SBC #256-'Z'-1 ;RESET CARRY IF [A] .GT. 'Z'.
00DF27  1  60           ISLRTS: RTS ;RETURN TO CALLER.
00DF28  1               
00DF28  1  68           NOTFNS: PLA ;CHECK WHO'S CALLING.
00DF29  1  48           PHA ;RESTORE IT.
00DF2A  1  C9 00        CMP #<(((((ISVRET-1)-ISVRET)-1)/256)*256) ;IS EVAL CALLING?
00DF2C  1  D0 0D        BNE NOTEVL ;NO, CARRY ON.
00DF2E  1               .if REALIO-3 <> 0
00DF2E  1               
00DF2E  1  BA           TSX
00DF2F  1  BD 02 01     LDA 258,X
00DF32  1  C9 DD        CMP #<((ISVRET-1)/256)
00DF34  1  D0 05        BNE NOTEVL
00DF36  1               .endif
00DF36  1               LDZR: ;SET UP PNTR TO SIMULATED ZERO.
00DF36  1  A9 06        LDA #ZERO&255
00DF38  1  A0 ED        LDY #ZERO/256
00DF3A  1  60           RTS ;FOR STRINGS OR NUMERIC.
00DF3B  1               ;AND FOR INTEGERS TOO.
00DF3B  1               NOTEVL:
00DF3B  1               .if TIME|EXTIO <> 0
00DF3B  1               
00DF3B  1               
00DF3B  1               LDA VARNAM
00DF3B  1               LDY VARNAM+1
00DF3B  1               .endif
00DF3B  1               .if TIME <> 0
00DF3B  1               
00DF3B  1               CMP #'T'
00DF3B  1               BNE QSTAVR
00DF3B  1               CPY #'I'+128
00DF3B  1               BEQ LDZR
00DF3B  1               CPY #'I'
00DF3B  1               BNE QSTAVR
00DF3B  1               .endif
00DF3B  1               .if EXTIO|TIME <> 0
00DF3B  1               
00DF3B  1               GOBADV: JMP SNERR
00DF3B  1               .endif
00DF3B  1               QSTAVR:
00DF3B  1               .if EXTIO <> 0
00DF3B  1               
00DF3B  1               CMP #'S'
00DF3B  1               BNE VAROK
00DF3B  1               CPY #'T'
00DF3B  1               BEQ GOBADV
00DF3B  1               .endif
00DF3B  1               VAROK:
00DF3B  1  A5 6E        LDA ARYTAB
00DF3D  1  A4 6F        LDY ARYTAB+1
00DF3F  1                ;LOWEST THING TO MOVE.
00DF3F  1  85 9E        STA LOWTR
00DF41  1  84 9F        STY LOWTR+1
00DF43  1                ;GET HIGHEST ADDR TO MOVE.
00DF43  1  A5 70        LDA STREND
00DF45  1  A4 71        LDY STREND+1
00DF47  1               
00DF47  1  85 99        STA HIGHTR
00DF49  1  84 9A        STY HIGHTR+1
00DF4B  1  18           CLC
00DF4C  1  69 07        ADC #6+ADDPRC
00DF4E  1  90 01        BCC NOTEVE
00DF50  1  C8           INY
00DF51  1               NOTEVE: ;PLACE TO STUFF IT.
00DF51  1  85 97        STA HIGHDS
00DF53  1  84 98        STY HIGHDS+1
00DF55  1  20 9E D2     JSR BLTU ;MOVE IT ALL.
00DF58  1               ;NOTE [Y,A] HAS [HIGHDS] FOR REASON.
00DF58  1                ;AND SET UP
00DF58  1  A5 97        LDA HIGHDS
00DF5A  1  A4 98        LDY HIGHDS+1
00DF5C  1  C8           INY
00DF5D  1                ;NEW START OF ARRAY TABLE.
00DF5D  1  85 6E        STA ARYTAB
00DF5F  1  84 6F        STY ARYTAB+1
00DF61  1  A0 00        LDY #0 ;GET ADDR OF VARIABLE ENTRY.
00DF63  1  A5 84        LDA VARNAM
00DF65  1  91 9E        STA (LOWTR),Y
00DF67  1  C8           INY
00DF68  1  A5 85        LDA VARNAM+1
00DF6A  1  91 9E        STA (LOWTR),Y ;STORE NAME OF VARIABLE.
00DF6C  1  A9 00        LDA #0
00DF6E  1  C8           INY
00DF6F  1  91 9E        STA (LOWTR),Y
00DF71  1  C8           INY
00DF72  1  91 9E        STA (LOWTR),Y
00DF74  1  C8           INY
00DF75  1  91 9E        STA (LOWTR),Y
00DF77  1  C8           INY
00DF78  1  91 9E        STA (LOWTR),Y ;FOURTH ZERO FOR DEF FUNC.
00DF7A  1               .if ADDPRC <> 0
00DF7A  1               
00DF7A  1  C8           INY
00DF7B  1  91 9E        STA (LOWTR),Y
00DF7D  1               .endif
00DF7D  1  A5 9E        FINPTR: LDA LOWTR
00DF7F  1  18           CLC
00DF80  1  69 02        ADC #2
00DF82  1  A4 9F        LDY LOWTR+1
00DF84  1  90 01        BCC FINNOW
00DF86  1  C8           INY
00DF87  1               FINNOW: ;THIS IS IT.
00DF87  1  85 86        STA VARPNT
00DF89  1  84 87        STY VARPNT+1
00DF8B  1  60           RTS
00DF8C  1               ; PAGE
00DF8C  1               ; SUBTTL	MULTIPLE DIMENSION CODE.
00DF8C  1  A5 0F        FMAPTR: LDA COUNT
00DF8E  1  0A           ASL
00DF8F  1  69 05        ADC #5 ;POINT TO ENTRIES. C CLR'D BY ASL.
00DF91  1  65 9E        ADC LOWTR
00DF93  1  A4 9F        LDY LOWTR+1
00DF95  1  90 01        BCC JSRGM
00DF97  1  C8           INY
00DF98  1               JSRGM:
00DF98  1  85 97        STA ARYPNT
00DF9A  1  84 98        STY ARYPNT+1
00DF9C  1  60           RTS
00DF9D  1               
00DF9D  1  90 80 00 00  N32768: .byte 144,128,0,0 ;-32768.
00DFA1  1               
00DFA1  1               ;
00DFA1  1               ; INTIDX READS A FORMULA FROM THE CURRENT POSITION AND
00DFA1  1               ; TURNS IT INTO A POSITIVE INTEGER
00DFA1  1               ; LEAVING THE RESULT IN FACMO&LO. NEGATIVE ARGUMENTS
00DFA1  1               ; ARE NOT ALLOWED.
00DFA1  1               ;
00DFA1  1  20 B2 00     INTIDX: JSR CHRGET
00DFA4  1  20 23 DC     JSR FRMEVL ;GET A NUMBER
00DFA7  1  20 0F DC     POSINT: JSR CHKNUM
00DFAA  1  A5 A5        LDA FACSGN
00DFAC  1  30 0D        BMI NONONO ;IF NEGATIVE, BLOW HIM OUT.
00DFAE  1  A5 A0        AYINT: LDA FACEXP
00DFB0  1  C9 90        CMP #144 ;FAC .GT. 32767?
00DFB2  1  90 09        BCC QINTGO
00DFB4  1                ;GET ADDR OF -32768.
00DFB4  1  A9 9D        LDA #N32768&255
00DFB6  1  A0 DF        LDY #N32768/256
00DFB8  1  20 56 EA     JSR FCOMP ;SEE IF FAC=[[Y,A]].
00DFBB  1  D0 7D        NONONO: BNE FCERR ;NO, FAC IS TOO BIG.
00DFBD  1  4C 96 EA     QINTGO: JMP QINT ;GO TO QINT AND SHOVE IT.
00DFC0  1               ;
00DFC0  1               ; FORMAT OF ARRAYS IN CORE.
00DFC0  1               ;
00DFC0  1               ; DESCRIPTOR:
00DFC0  1               ;	LOWBYTE = FIRST CHARACTER.
00DFC0  1               ;	HIGHBYTE = SECOND CHARACTER (200 BIT IS STRING FLAG).
00DFC0  1               ; LENGTH OF ARRAY IN CORE IN BYTES (INCLUDES EVERYTHING).
00DFC0  1               ; NUMBER OF DIMENSIONS.
00DFC0  1               ; FOR EACH DIMENSION STARTING WITH THE FIRST A LIST
00DFC0  1               ; (2 BYTES EACH) OF THE MAX INDICE+1
00DFC0  1               ; THE VALUES
00DFC0  1               ;
00DFC0  1  A5 10        ISARY: LDA DIMFLG
00DFC2  1               .if INTPRC <> 0
00DFC2  1               
00DFC2  1  05 12        ORA INTFLG
00DFC4  1               .endif
00DFC4  1  48           PHA ;SAVE [DIMFLG] FOR RECURSION.
00DFC5  1  A5 11        LDA VALTYP
00DFC7  1  48           PHA ;SAVE [VALTYP] FOR RECURSION.
00DFC8  1  A0 00        LDY #0 ;SET NUMBER OF DIMENSIONS TO ZERO.
00DFCA  1  98           INDLOP: TYA ;SAVE NUMBER OF DIMS.
00DFCB  1  48           PHA
00DFCC  1                ;SAVE LOOKS.
00DFCC  1  A5 85        LDA VARNAM+1
00DFCE  1  48           PHA
00DFCF  1  A5 84        LDA VARNAM
00DFD1  1  48           PHA
00DFD2  1  20 A1 DF     JSR INTIDX ;EVALUATE INDICE INTO FACMO&LO.
00DFD5  1                ;GET BACK ALL... WE'RE HOME.
00DFD5  1  68           PLA
00DFD6  1  85 84        STA VARNAM
00DFD8  1  68           PLA
00DFD9  1  85 85        STA VARNAM+1
00DFDB  1  68           PLA ;(# OF DIMS).
00DFDC  1  A8           TAY
00DFDD  1  BA           TSX
00DFDE  1  BD 02 01     LDA 258,X
00DFE1  1  48           PHA ;PUSH DIMFLG AND VALTYP FURTHER.
00DFE2  1  BD 01 01     LDA 257,X
00DFE5  1  48           PHA
00DFE6  1  A5 A3        LDA INDICE ;PUT INDICE ONTO STACK.
00DFE8  1  9D 02 01     STA 258,X;UNDER DIMFLG AND VALTYP.
00DFEB  1  A5 A4        LDA INDICE+1
00DFED  1  9D 01 01     STA 257,X
00DFF0  1  C8           INY ;INCREMENT # OF DIMS.
00DFF1  1  20 B8 00     JSR CHRGOT ;GET TERMINATING CHARACTER.
00DFF4  1  C9 2C        CMP #44 ;A COMMA?
00DFF6  1  F0 D2        BEQ INDLOP ;YES.
00DFF8  1  84 0F        STY COUNT ;SAVE COUNT OF DIMS.
00DFFA  1  20 66 DD     JSR CHKCLS ;MUST BE CLOSED PAREN.
00DFFD  1  68           PLA
00DFFE  1  85 11        STA VALTYP ;GET VALTYP AND
00E000  1  68           PLA
00E001  1               .if INTPRC <> 0
00E001  1               
00E001  1  85 12        STA INTFLG
00E003  1  29 7F        AND #127
00E005  1               .endif
00E005  1  85 10        STA DIMFLG ;DIMFLG OFF STACK.
00E007  1  A6 6E        LDX ARYTAB ;PLACE TO START SEARCH.
00E009  1  A5 6F        LDA ARYTAB+1
00E00B  1  86 9E        LOPFDA: STX LOWTR
00E00D  1  85 9F        STA LOWTR+1
00E00F  1  C5 71        CMP STREND+1 ;END OF ARRAYS?
00E011  1  D0 04        BNE LOPFDV
00E013  1  E4 70        CPX STREND
00E015  1  F0 3C        BEQ NOTFDD ;A FINE THING! NO ARRAY!.
00E017  1  A0 00        LOPFDV: LDY #0
00E019  1  B1 9E        LDA (LOWTR),Y
00E01B  1  C8           INY
00E01C  1  C5 84        CMP VARNAM ;COMPARE HIGH ORDERS.
00E01E  1  D0 06        BNE NMARY1 ;NO WAY IS IT THIS. GET OUT OF HERE.
00E020  1  A5 85        LDA VARNAM+1
00E022  1  D1 9E        CMP (LOWTR),Y ;LOW ORDERS?
00E024  1  F0 19        BEQ GOTARY ;WELL, HERE IT IS !!
00E026  1  C8           NMARY1: INY
00E027  1  B1 9E        LDA (LOWTR),Y ;GET LENGTH.
00E029  1  18           CLC
00E02A  1  65 9E        ADC LOWTR
00E02C  1  AA           TAX
00E02D  1  C8           INY
00E02E  1  B1 9E        LDA (LOWTR),Y
00E030  1  65 9F        ADC LOWTR+1
00E032  1  90 D7        BCC LOPFDA ;ALWAYS BRANCHES.
00E034  1  A2 6B        BSERR: LDX #ERRBS ;GET BAD SUB ERROR NUMBER.
00E036  1  00 02 2C 00  .word 512,44
00E03A  1  A2 35        FCERR: LDX #ERRFC ;TOO BIG. "FUNCTION CALL" ERROR.
00E03C  1  4C 1D D3     ERRGO3: JMP ERROR
00E03F  1  A2 78        GOTARY: LDX #ERRDD ;PERHAPS A "RE-DIMENSION" ERROR
00E041  1  A5 10        LDA DIMFLG ;TEST THE DIMFLG
00E043  1  D0 F7        BNE ERRGO3
00E045  1  20 8C DF     JSR FMAPTR
00E048  1  A5 0F        LDA COUNT ;GET NUMBER OF DIMS INPUT.
00E04A  1  A0 04        LDY #4
00E04C  1  D1 9E        CMP (LOWTR),Y ;# OF DIMS THE SAME?
00E04E  1  D0 E4        BNE BSERR ;SAME SO GO GET DEFINITION.
00E050  1  4C DD E0     JMP GETDEF
00E053  1               
00E053  1               ;
00E053  1               ; HERE WHEN VARIABLE IS NOT FOUND IN THE ARRAY TABLE.
00E053  1               ;
00E053  1               ; BUILDING AN ENTRY.
00E053  1               ;
00E053  1               ;	PUT DOWN THE DESCRIPTOR.
00E053  1               ;	SETUP NUMBER OF DIMENSIONS.
00E053  1               ;	MAKE SURE THERE IS ROOM FOR THE NEW ENTRY.
00E053  1               ;	REMEMBER "VARPNT".
00E053  1               ;	TALLY=4.
00E053  1               ;	SKIP 2 LOCS FOR LATER FILL IN OF SIZE.
00E053  1               ; LOOP: GET AN INDICE
00E053  1               ;	PUT DOWN NUMBER+1 AND INCREMENT VARPTR.
00E053  1               ;	TALLY=TALLY*NUMBER+1.
00E053  1               ;	DECREMENT NUMBER-DIMS.
00E053  1               ;	BNE LOOP
00E053  1               ;	CALL "REASON" WITH [Y,A] REFLECTING LAST LOC OF VARIABLE.
00E053  1               ;	UPDATE STREND.
00E053  1               ;	ZERO ALL.
00E053  1               ;	MAKE TALLY INCLUDE MAXDIMS AND DESCRIPTOR.
00E053  1               ;	PUT DOWN TALLY.
00E053  1               ;	IF CALLED BY DIMENSION, RETURN.
00E053  1               ;	OTHERWISE INDEX INTO THE VARIABLE AS IF IT
00E053  1               ;	 WERE FOUND ON THE INITIAL SEARCH.
00E053  1               ;
00E053  1  20 8C DF     NOTFDD: JSR FMAPTR ;FORM ARYPNT.
00E056  1  20 EE D2     JSR REASON
00E059  1  A9 00        LDA #0
00E05B  1  A8           TAY
00E05C  1  85 B1        STA CURTOL+1
00E05E  1               .if ADDPRC = 0
00E05E  1               
00E05E  1               LDX #4
00E05E  1               .endif
00E05E  1               .if ADDPRC <> 0
00E05E  1               
00E05E  1  A2 05        LDX #5
00E060  1               .endif
00E060  1  A5 84        LDA VARNAM ;THIS CODE ONLY WORKS FOR INTPRC=1
00E062  1  91 9E        STA (LOWTR),Y ;IF ADDPRC=1.
00E064  1               .if ADDPRC <> 0
00E064  1               
00E064  1  10 01        BPL NOTFLT
00E066  1  CA           DEX
00E067  1               .endif
00E067  1  C8           NOTFLT: INY
00E068  1  A5 85        LDA VARNAM+1
00E06A  1  91 9E        STA (LOWTR),Y
00E06C  1  10 02        BPL STOMLT
00E06E  1  CA           DEX
00E06F  1               .if ADDPRC <> 0
00E06F  1               
00E06F  1  CA           DEX
00E070  1               .endif
00E070  1  86 B0        STOMLT: STX CURTOL
00E072  1  A5 0F        LDA COUNT
00E074  1  C8           INY
00E075  1  C8           INY
00E076  1  C8           INY
00E077  1  91 9E        STA (LOWTR),Y ;SAVE NUMBER OF DIMENSIONS.
00E079  1  A2 0B        LOPPTA: LDX #11 ;DEFAULT SIZE.
00E07B  1  A9 00        LDA #0
00E07D  1  24 10        BIT DIMFLG
00E07F  1  50 08        BVC NOTDIM ;NOT IN A DIM STATEMENT.
00E081  1  68           PLA ;GET LOW ORDER OF INDICE.
00E082  1  18           CLC
00E083  1  69 01        ADC #1
00E085  1  AA           TAX
00E086  1  68           PLA ;GET HIGH PART OF INDICE.
00E087  1  69 00        ADC #0
00E089  1  C8           NOTDIM: INY
00E08A  1  91 9E        STA (LOWTR),Y ;STORE HIGH PART OF INDICE.
00E08C  1  C8           INY
00E08D  1  8A           TXA
00E08E  1  91 9E        STA (LOWTR),Y ;STORE LOW ORDER OF INDICE.
00E090  1  20 3F E1     JSR UMULT ;[X,A]=[CURTOL]*[LOWTR,Y]
00E093  1  86 B0        STX CURTOL ;SAVE NEW TALLY.
00E095  1  85 B1        STA CURTOL+1
00E097  1  A4 61        LDY INDEX
00E099  1  C6 0F        DEC COUNT ;ANY MORE INDICES LEFT?
00E09B  1  D0 DC        BNE LOPPTA ;YES.
00E09D  1  65 98        ADC ARYPNT+1
00E09F  1  B0 5D        BCS OMERR1 ;OVERFLOW.
00E0A1  1  85 98        STA ARYPNT+1 ;COMPUTE WHERE TO ZERO.
00E0A3  1  A8           TAY
00E0A4  1  8A           TXA
00E0A5  1  65 97        ADC ARYPNT
00E0A7  1  90 03        BCC GREASE
00E0A9  1  C8           INY
00E0AA  1  F0 52        BEQ OMERR1
00E0AC  1  20 EE D2     GREASE: JSR REASON ;GET ROOM.
00E0AF  1                ;NEW END OF STORAGE.
00E0AF  1  85 70        STA STREND
00E0B1  1  84 71        STY STREND+1
00E0B3  1  A9 00        LDA #0 ;STORING [ACCA] IS FASTER THAN CLEAR.
00E0B5  1  E6 B1        INC CURTOL+1
00E0B7  1  A4 B0        LDY CURTOL
00E0B9  1  F0 05        BEQ DECCUR
00E0BB  1  88           ZERITA: DEY
00E0BC  1  91 97        STA (ARYPNT),Y
00E0BE  1  D0 FB        BNE ZERITA ;NO. CONTINUE.
00E0C0  1  C6 98        DECCUR: DEC ARYPNT+1
00E0C2  1  C6 B1        DEC CURTOL+1
00E0C4  1  D0 F5        BNE ZERITA ;DO ANOTHER BLOCK.
00E0C6  1  E6 98        INC ARYPNT+1 ;BUMP BACK UP. WILL USE LATER.
00E0C8  1  38           SEC
00E0C9  1  A5 70        LDA STREND ;RESTORE [ACCA].
00E0CB  1  E5 9E        SBC LOWTR ;DETERMINE LENGTH.
00E0CD  1  A0 02        LDY #2
00E0CF  1  91 9E        STA (LOWTR),Y ;LOW.
00E0D1  1  A5 71        LDA STREND+1
00E0D3  1  C8           INY
00E0D4  1  E5 9F        SBC LOWTR+1
00E0D6  1  91 9E        STA (LOWTR),Y ;HIGH.
00E0D8  1  A5 10        LDA DIMFLG
00E0DA  1  D0 62        BNE DIMRTS ;BYE.
00E0DC  1  C8           INY
00E0DD  1               ;
00E0DD  1               ; AT THIS POINT [LOWTR,Y] POINTS BEYOND THE SIZE TO THE NUMBER OF
00E0DD  1               ; DIMENSIONS. STRATEGY:
00E0DD  1               ;	NUMDIM=NUMBER OF DIMENSIONS.
00E0DD  1               ;	CURTOL=0.
00E0DD  1               ; INLPNM:GET A NEW INDICE.
00E0DD  1               ;	MAKE SURE INDICE IS NOT TOO BIG.
00E0DD  1               ;	MULTIPLY CURTOL BY CURMAX.
00E0DD  1               ;	ADD INDICE TO CURTOL.
00E0DD  1               ;	NUMDIM=NUMDIM-1.
00E0DD  1               ;	BNE	INLPNM.
00E0DD  1               ;	USE [CURTOL]*4 AS OFFSET.
00E0DD  1               ;
00E0DD  1  B1 9E        GETDEF: LDA (LOWTR),Y
00E0DF  1  85 0F        STA COUNT ;SAVE A COUNTER.
00E0E1  1  A9 00        LDA #0 ;ZERO [CURTOL].
00E0E3  1  85 B0        STA CURTOL
00E0E5  1  85 B1        INLPNM: STA CURTOL+1
00E0E7  1  C8           INY
00E0E8  1  68           PLA ;GET LOW INDICE.
00E0E9  1  AA           TAX
00E0EA  1  85 A3        STA INDICE
00E0EC  1  68           PLA ;AND THE HIGH PART
00E0ED  1  85 A4        STA INDICE+1
00E0EF  1  D1 9E        CMP (LOWTR),Y ;COMPARE WITH MAX INDICE.
00E0F1  1  90 0E        BCC INLPN2
00E0F3  1  D0 06        BNE BSERR7 ;IF GREATER, "BAD SUBSCRIPT" ERROR.
00E0F5  1  C8           INY
00E0F6  1  8A           TXA
00E0F7  1  D1 9E        CMP (LOWTR),Y
00E0F9  1  90 07        BCC INLPN1
00E0FB  1  4C 34 E0     BSERR7: JMP BSERR
00E0FE  1  4C 1B D3     OMERR1: JMP OMERR
00E101  1  C8           INLPN2: INY
00E102  1  A5 B1        INLPN1: LDA CURTOL+1 ;DON'T MULTIPLY IF CURTOL=0.
00E104  1  05 B0        ORA CURTOL
00E106  1  18           CLC ;PREPARE TO GET INDICE BACK.
00E107  1  F0 0A        BEQ ADDIND ;GET HIGH PART OF INDICE BACK.
00E109  1  20 3F E1     JSR UMULT ;MULTIPLY [CURTOL] BY [LOWTR,Y,Y+1].
00E10C  1  8A           TXA
00E10D  1  65 A3        ADC INDICE ;ADD IN [INDICE].
00E10F  1  AA           TAX
00E110  1  98           TYA
00E111  1  A4 61        LDY INDEX1
00E113  1  65 A4        ADDIND: ADC INDICE+1
00E115  1  86 B0        STX CURTOL
00E117  1  C6 0F        DEC COUNT ;ANY MORE?
00E119  1  D0 CA        BNE INLPNM ;YES.
00E11B  1  85 B1        STA CURTOL+1 ;FIX ARRAY BUG ****
00E11D  1               .if ADDPRC = 0
00E11D  1               
00E11D  1               LDX #4
00E11D  1               .endif
00E11D  1               .if ADDPRC <> 0
00E11D  1               
00E11D  1  A2 05        LDX #5
00E11F  1  A5 84        LDA VARNAM
00E121  1  10 01        BPL NOTFL1
00E123  1  CA           DEX
00E124  1               .endif
00E124  1  A5 85        NOTFL1: LDA VARNAM+1
00E126  1  10 02        BPL STOML1
00E128  1  CA           DEX
00E129  1               .if ADDPRC <> 0
00E129  1               
00E129  1  CA           DEX
00E12A  1               .endif
00E12A  1  86 67        STOML1: STX ADDEND
00E12C  1  A9 00        LDA #0
00E12E  1  20 48 E1     JSR UMULTD ;ON RTS, A&Y=HI . X=LO.
00E131  1  8A           TXA
00E132  1  65 97        ADC ARYPNT
00E134  1  85 86        STA VARPNT
00E136  1  98           TYA
00E137  1  65 98        ADC ARYPNT+1
00E139  1  85 87        STA VARPNT+1
00E13B  1  A8           TAY
00E13C  1  A5 86        LDA VARPNT
00E13E  1  60           DIMRTS: RTS ;RETURN TO CALLER.
00E13F  1               ; SUBTTL	INTEGER ARITHMETIC ROUTINES.
00E13F  1               ;TWO BYTE UNSIGNED INTEGER MULTIPLY.
00E13F  1               ;THIS IS FOR MULTIPLY DIMENSIONED ARRAYS.
00E13F  1               ; [X,Y]=[X,A]=[CURTOL]*[LOWTR,Y,Y+1].
00E13F  1  84 61        UMULT: STY INDEX
00E141  1  B1 9E        LDA (LOWTR),Y
00E143  1  85 67        STA ADDEND ;LOW, THEN HIGH.
00E145  1  88           DEY
00E146  1  B1 9E        LDA (LOWTR),Y ;PUT [LOWTR,Y,Y+1] IN FASTER MEMORY.
00E148  1  85 68        UMULTD: STA ADDEND+1
00E14A  1  A9 10        LDA #16
00E14C  1  85 9C        STA DECCNT
00E14E  1  A2 00        LDX #0 ;CLR THE ACCS.
00E150  1  A0 00        LDY #0 ;RESULT INITIALLY ZERO.
00E152  1  8A           UMULTC: TXA
00E153  1  0A           ASL ;MULTIPLY BY TWO.
00E154  1  AA           TAX
00E155  1  98           TYA
00E156  1  2A           ROL
00E157  1  A8           TAY
00E158  1  B0 A4        BCS OMERR1 ;TWO MUCH !
00E15A  1  06 B0        ASL CURTOL
00E15C  1  26 B1        ROL CURTOL+1
00E15E  1  90 0B        BCC UMLCNT ;NOTHING IN THIS POSITION TO MULTIPLY.
00E160  1  18           CLC
00E161  1  8A           TXA
00E162  1  65 67        ADC ADDEND
00E164  1  AA           TAX
00E165  1  98           TYA
00E166  1  65 68        ADC ADDEND+1
00E168  1  A8           TAY
00E169  1  B0 93        BCS OMERR1 ;MAN, JUST TOO MUCH !
00E16B  1  C6 9C        UMLCNT: DEC DECCNT ;DONE?
00E16D  1  D0 E3        BNE UMULTC ;KEEP IT UP.
00E16F  1  60           UMLRTS: RTS ;YES, ALL DONE.
00E170  1               ; PAGE
00E170  1               ; SUBTTL	FRE FUNCTION AND INTEGER TO FLOATING ROUTINES.
00E170  1  A5 11        FRE: LDA VALTYP
00E172  1  F0 03        BEQ NOFREF
00E174  1  20 9A E4     JSR FREFAC
00E177  1  20 1A E3     NOFREF: JSR GARBA2
00E17A  1  38           SEC
00E17B  1  A5 72        LDA FRETOP ;WE WANT
00E17D  1  E5 70        SBC STREND ;[FRETOP]-[STREND].
00E17F  1  A8           TAY
00E180  1  A5 73        LDA FRETOP+1
00E182  1  E5 71        SBC STREND+1
00E184  1               
00E184  1  A2 00        GIVAYF: LDX #0
00E186  1  86 11        STX VALTYP
00E188  1               
00E188  1  85 A1        STA FACHO
00E18A  1  84 A2        STY FACHO+1
00E18C  1  A2 90        LDX #144 ;SET EXPONENT TO 2^16.
00E18E  1  4C 3F EA     JMP FLOATS ;TURN IT TO A FLOATING PNT #.
00E191  1               
00E191  1  A4 50        POS: LDY TRMPOS ;GET POSITION.
00E193  1  A9 00        SNGFLT: LDA #0
00E195  1  F0 ED        BEQ GIVAYF ;FLOAT IT.
00E197  1               ; PAGE
00E197  1               ; SUBTTL	SIMPLE-USER-DEFINED-FUNCTION CODE.
00E197  1               ;
00E197  1               ; NOTE ONLY SINGLE ARGUMENTS ARE ALLOWED TO FUNCTIONS
00E197  1               ; AND FUNCTIONS MUST BE OF THE SINGLE LINE FORM:
00E197  1               ;	DEF FNA(X)=X^2+X-2
00E197  1               ; NO STRINGS CAN BE INVOLVED WITH THESE FUNCTIONS.
00E197  1               ;
00E197  1               ; IDEA: CREATE A SIMPLE VARIABLE ENTRY
00E197  1               ; WHOSE FIRST CHARACTER HAS THE 200 BIT SET.
00E197  1               ; THE VALUE WILL BE:
00E197  1               ;
00E197  1               ;	A TEXT PNTR TO THE FORMULA.
00E197  1               ;	A PNTR TO THE ARGUMENT VARIABLE.
00E197  1               ;
00E197  1               ; FUNCTION NAMES CAN BE LIKE "FNA4".
00E197  1               ;
00E197  1               ;
00E197  1               ; SUBROUTINE TO SEE IF WE ARE IN DIRECT MODE.
00E197  1               ; AND COMPLAIN IF SO.
00E197  1               ;
00E197  1  A6 79        ERRDIR: LDX CURLIN+1 ;DIR MODE HAS [CURLIN]=0,255
00E199  1  E8           INX ;SO NOW, IS RESULT ZERO?
00E19A  1  D0 A2        BNE DIMRTS ;YES.
00E19C  1  A2 95        LDX #ERRID ;INPUT DIRECT ERROR CODE.
00E19E  1  00 02 2C 00  .word 512,44
00E1A2  1  A2 E9        ERRGUF: LDX #ERRUF ;USER DEFINED FUNCTION NEVER DEFINED
00E1A4  1  4C 1D D3     ERRGO1: JMP ERROR
00E1A7  1               
00E1A7  1  20 D5 E1     DEF: JSR GETFNM ;GET A PNTR TO THE FUNCTION.
00E1AA  1  20 97 E1     JSR ERRDIR
00E1AD  1  20 6C DD     JSR CHKOPN ;MUST HAVE '('.
00E1B0  1  A9 80        LDA #128
00E1B2  1  85 14        STA SUBFLG ;PROHIBIT SUBSCRIPTED VARIABLES.
00E1B4  1  20 94 DE     JSR PTRGET ;GET PNTR TO ARGUMENT.
00E1B7  1  20 0F DC     JSR CHKNUM ;IS IT A NUMBER?
00E1BA  1  20 66 DD     JSR CHKCLS ;MUST HAVE ')'
00E1BD  1                ;MUST HAVE '='.
00E1BD  1  A9 82        LDA #EQULTK
00E1BF  1  20 74 DD     JSR SYNCHR
00E1C2  1               .if ADDPRC <> 0
00E1C2  1  48           PHA
00E1C3  1               .endif
00E1C3  1               
00E1C3  1  A5 87        LDA VARPNT+1
00E1C5  1  48           PHA
00E1C6  1  A5 86        LDA VARPNT
00E1C8  1  48           PHA
00E1C9  1               
00E1C9  1  A5 BA        LDA TXTPTR+1
00E1CB  1  48           PHA
00E1CC  1  A5 B9        LDA TXTPTR
00E1CE  1  48           PHA
00E1CF  1  20 1E D8     JSR DATA
00E1D2  1  4C 43 E2     JMP DEFFIN
00E1D5  1               ;
00E1D5  1               ; SUBROUTINE TO GET A PNTR TO A FUNCTION NAME.
00E1D5  1               ;
00E1D5  1               GETFNM: ;MUST START WITH FN.
00E1D5  1  A9 80        LDA #FNTK
00E1D7  1  20 74 DD     JSR SYNCHR
00E1DA  1  09 80        ORA #128 ;PUT FUNCTION BIT ON.
00E1DC  1  85 14        STA SUBFLG
00E1DE  1  20 9B DE     JSR PTRGT2 ;GET POINTER TO FUNCTION OR CREATE ANEW.
00E1E1  1               
00E1E1  1  85 8D        STA DEFPNT
00E1E3  1  84 8E        STY DEFPNT+1
00E1E5  1  4C 0F DC     JMP CHKNUM ;MAKE SURE IT'S NOT A STRING AND RETURN.
00E1E8  1               
00E1E8  1  20 D5 E1     FNDOER: JSR GETFNM ;GET THE FUNCTION'S NAME.
00E1EB  1               
00E1EB  1  A5 8E        LDA DEFPNT+1
00E1ED  1  48           PHA
00E1EE  1  A5 8D        LDA DEFPNT
00E1F0  1  48           PHA
00E1F1  1  20 60 DD     JSR PARCHK ;EVALUATE PARAMETER.
00E1F4  1  20 0F DC     JSR CHKNUM
00E1F7  1               
00E1F7  1  68           PLA
00E1F8  1  85 8D        STA DEFPNT
00E1FA  1  68           PLA
00E1FB  1  85 8E        STA DEFPNT+1
00E1FD  1  A0 02        LDY #2
00E1FF  1  B1 8D        LDA (DEFPNT),Y ;GET POINTER TO VARIABLE.
00E201  1  85 86        STA VARPNT ;SAVE VARIABLE POINTER.
00E203  1  AA           TAX
00E204  1  C8           INY
00E205  1  B1 8D        LDA (DEFPNT),Y
00E207  1  F0 99        BEQ ERRGUF
00E209  1  85 87        STA VARPNT+1
00E20B  1               .if ADDPRC <> 0
00E20B  1  C8           INY
00E20C  1               .endif
00E20C  1  B1 86        DEFSTF: LDA (VARPNT),Y
00E20E  1  48           PHA ;PUSH IT ALL ON STACK.
00E20F  1  88           DEY ;SINCE WE ARE RECURSING MAYBE.
00E210  1  10 FA        BPL DEFSTF
00E212  1  A4 87        LDY VARPNT+1
00E214  1  20 CF E9     JSR MOVMF ;PUT CURRENT FAC INTO OUR ARG VARIABLE.
00E217  1                ;SAVE TEXT POINTER.
00E217  1  A5 BA        LDA TXTPTR+1
00E219  1  48           PHA
00E21A  1  A5 B9        LDA TXTPTR
00E21C  1  48           PHA
00E21D  1  B1 8D        LDA (DEFPNT),Y ;PNTR TO FUNCTION.
00E21F  1  85 B9        STA TXTPTR
00E221  1  C8           INY
00E222  1  B1 8D        LDA (DEFPNT),Y
00E224  1  85 BA        STA TXTPTR+1
00E226  1                ;SAVE VARIABLE POINTER.
00E226  1  A5 87        LDA VARPNT+1
00E228  1  48           PHA
00E229  1  A5 86        LDA VARPNT
00E22B  1  48           PHA
00E22C  1  20 0C DC     JSR FRMNUM ;EVALUATE FORMULA AND CHECK NUMERIC.
00E22F  1               
00E22F  1  68           PLA
00E230  1  85 8D        STA DEFPNT
00E232  1  68           PLA
00E233  1  85 8E        STA DEFPNT+1
00E235  1  20 B8 00     JSR CHRGOT
00E238  1                ;IT DIDN'T TERMINATE. HUH?
00E238  1  F0 03        BEQ *+5
00E23A  1  4C 7D DD     JMP SNERR
00E23D  1                ;RESTORE TEXT PNTR.
00E23D  1  68           PLA
00E23E  1  85 B9        STA TXTPTR
00E240  1  68           PLA
00E241  1  85 BA        STA TXTPTR+1
00E243  1  A0 00        DEFFIN: LDY #0
00E245  1  68           PLA ;GET OLD ARG VALUE OFF STACK
00E246  1  91 8D        STA (DEFPNT),Y ;AND PUT IT BACK IN VARIABLE.
00E248  1  68           PLA
00E249  1  C8           INY
00E24A  1  91 8D        STA (DEFPNT),Y
00E24C  1  68           PLA
00E24D  1  C8           INY
00E24E  1  91 8D        STA (DEFPNT),Y
00E250  1  68           PLA
00E251  1  C8           INY
00E252  1  91 8D        STA (DEFPNT),Y
00E254  1               .if ADDPRC <> 0
00E254  1               
00E254  1  68           PLA
00E255  1  C8           INY
00E256  1  91 8D        STA (DEFPNT),Y
00E258  1               .endif
00E258  1  60           DEFRTS: RTS
00E259  1               ; PAGE
00E259  1               ; SUBTTL	STRING FUNCTIONS.
00E259  1               ;
00E259  1               ; THE STR$ FUNCTION TAKES A NUMBER AND GIVES A STRING
00E259  1               ; WITH THE CHARACTERS THE OUTPUT OF THE NUMBER
00E259  1               ; WOULD HAVE GIVEN.
00E259  1               ;
00E259  1  20 0F DC     STR: JSR CHKNUM ;ARG HAS TO BE NUMERIC.
00E25C  1  A0 00        LDY #0
00E25E  1  20 DA EB     JSR FOUTC ;DO ITS OUTPUT.
00E261  1  68           PLA
00E262  1  68           PLA
00E263  1               TIMSTR:
00E263  1  A9 FF        LDA #LOFBUF&255
00E265  1  A0 00        LDY #LOFBUF/256
00E267  1  F0 12        BEQ STRLIT ;SCAN IT AND TURN IT INTO A STRING.
00E269  1               ;
00E269  1               ; "STRINI" GET STRING SPACE FOR THE CREATION OF A STRING AND
00E269  1               ; CREATES A DESCRIPTOR FOR IT IN "DSCTMP".
00E269  1               ;
00E269  1               STRINI: ;GET FACMO TO STORE IN DSCPNT.
00E269  1  A6 A3        LDX FACMO
00E26B  1  A4 A4        LDY FACMO+1
00E26D  1                ;RETAIN THE DESCRIPTOR POINTER.
00E26D  1  86 8F        STX DSCPNT
00E26F  1  84 90        STY DSCPNT+1
00E271  1  20 E8 E2     STRSPA: JSR GETSPA ;GET STRING SPACE.
00E274  1                ;SAVE LOCATION.
00E274  1  86 A1        STX DSCTMP+1
00E276  1  84 A2        STY DSCTMP+1+1
00E278  1  85 A0        STA DSCTMP ;SAVE LENGTH.
00E27A  1  60           RTS ;ALL DONE.
00E27B  1               ;
00E27B  1               ; "STRLT2" TAKES THE STRING LITERAL WHOSE FIRST CHARACTER
00E27B  1               ; IS POINTED TO BY [Y,A] AND BUILDS A DESCRIPTOR FOR IT.
00E27B  1               ; THE DESCRIPTOR IS INITIALLY BUILT IN "DSCTMP", BUT "PUTNEW"
00E27B  1               ; TRANSFERS IT INTO A TEMPORARY AND LEAVES A POINTER
00E27B  1               ; AT THE TEMPORARY IN FACMO&LO. THE CHARACTERS OTHER THAN
00E27B  1               ; ZERO THAT TERMINATE THE STRING SHOULD BE SET UP IN "CHARAC"
00E27B  1               ; AND "ENDCHR". IF THE TERMINATOR IS A QUOTE, THE QUOTE IS SKIPPED
00E27B  1               ; OVER. LEADING QUOTES SHOULD BE SKIPPED BEFORE JSR. ON RETURN
00E27B  1               ; THE CHARACTER AFTER THE STRING LITERAL IS POINTED TO
00E27B  1               ; BY [STRNG2].
00E27B  1               ;
00E27B  1  A2 22        STRLIT: LDX #34 ;ASSUME STRING ENDS ON QUOTE.
00E27D  1  86 0D        STX CHARAC
00E27F  1  86 0E        STX ENDCHR
00E281  1               STRLT2: ;SAVE POINTER TO STRING.
00E281  1  85 AE        STA STRNG1
00E283  1  84 AF        STY STRNG1+1
00E285  1                ;IN CASE NO STRCPY.
00E285  1  85 A1        STA DSCTMP+1
00E287  1  84 A2        STY DSCTMP+1+1
00E289  1  A0 FF        LDY #255 ;INITIALIZE CHARACTER COUNT.
00E28B  1  C8           STRGET: INY
00E28C  1  B1 AE        LDA (STRNG1),Y ;GET CHARACTER.
00E28E  1  F0 0C        BEQ STRFI1 ;IF ZERO.
00E290  1  C5 0D        CMP CHARAC ;THIS TERMINATOR?
00E292  1  F0 04        BEQ STRFIN ;YES.
00E294  1  C5 0E        CMP ENDCHR
00E296  1  D0 F3        BNE STRGET ;LOOK FURTHER.
00E298  1  C9 22        STRFIN: CMP #34 ;QUOTE?
00E29A  1  F0 01        BEQ STRFI2
00E29C  1  18           STRFI1: CLC ;NO, BACK UP.
00E29D  1  84 A0        STRFI2: STY DSCTMP ;RETAIN COUNT.
00E29F  1  98           TYA
00E2A0  1  65 AE        ADC STRNG1 ;WISHING TO SET [TXTPTR].
00E2A2  1  85 B0        STA STRNG2
00E2A4  1  A6 AF        LDX STRNG1+1
00E2A6  1  90 01        BCC STRST2
00E2A8  1  E8           INX
00E2A9  1  86 B1        STRST2: STX STRNG2+1
00E2AB  1  A5 AF        LDA STRNG1+1 ;IF PAGE 0, COPY SINCE IT IS EITHER
00E2AD  1               ;A STRING CONSTANT IN BUF OR A STR$
00E2AD  1               ;RESULT IN LOFBUF
00E2AD  1               .if BUFPAG <> 0
00E2AD  1               
00E2AD  1  F0 04        BEQ STRCP
00E2AF  1  C9 02        CMP #BUFPAG
00E2B1  1               .endif
00E2B1  1  D0 0B        BNE PUTNEW
00E2B3  1  98           STRCP: TYA
00E2B4  1  20 69 E2     JSR STRINI
00E2B7  1               
00E2B7  1  A6 AE        LDX STRNG1
00E2B9  1  A4 AF        LDY STRNG1+1
00E2BB  1  20 7C E4     JSR MOVSTR ;MOVE STRING.
00E2BE  1               ;
00E2BE  1               ; SOME STRING FUNCTION IS RETURNING A RESULT IN DSCTMP.
00E2BE  1               ; SETUP A TEMP DESCRIPTOR WITH DSCTMP IN IT.
00E2BE  1               ; PUT A POINTER TO THE DESCRIPTOR IN FACMO&LO AND FLAG THE
00E2BE  1               ; RESULT AS TYPE STRING.
00E2BE  1               ;
00E2BE  1  A6 55        PUTNEW: LDX TEMPPT ;POINTER TO FIRST FREE TEMP.
00E2C0  1  E0 11        CPX #<((TEMPST+STRSIZ)*NUMTMP)
00E2C2  1  D0 05        BNE PUTNW1
00E2C4  1  A2 C8        LDX #ERRST ;STRING TEMPORARY ERROR.
00E2C6  1  4C 1D D3     ERRGO2: JMP ERROR ;GO TELL HIM.
00E2C9  1  A5 A0        PUTNW1: LDA DSCTMP
00E2CB  1  95 00        STA 0,X
00E2CD  1  A5 A1        LDA DSCTMP+1
00E2CF  1  95 01        STA 1,X
00E2D1  1  A5 A2        LDA DSCTMP+2
00E2D3  1  95 02        STA 2,X
00E2D5  1  A0 00        LDY #0
00E2D7  1               
00E2D7  1  86 A3        STX FACMO
00E2D9  1  84 A4        STY FACMO+1
00E2DB  1  84 AF        STY FACOV
00E2DD  1  88           DEY
00E2DE  1  84 11        STY VALTYP ;TYPE IS "STRING".
00E2E0  1  86 56        STX LASTPT ;SET POINTER TO LAST-USED TEMP.
00E2E2  1  E8           INX
00E2E3  1  E8           INX
00E2E4  1  E8           INX ;POINT FURTHER.
00E2E5  1  86 55        STX TEMPPT ;SAVE POINTER TO NEXT TEMP IF ANY.
00E2E7  1  60           RTS ;ALL DONE.
00E2E8  1               
00E2E8  1               ;
00E2E8  1               ; GETSPA - GET SPACE FOR CHARACTER STRING.
00E2E8  1               ; MAY FORCE GARBAGE COLLECTION.
00E2E8  1               ;
00E2E8  1               ; # OF CHARACTERS (BYTES) IN ACCA.
00E2E8  1               ; RETURNS WITH POINTER IN [Y,X]. OTHERWISE (IF CAN'T GET
00E2E8  1               ; SPACE) BLOWS OFF TO "OUT OF STRING SPACE" TYPE ERROR.
00E2E8  1               ; ALSO PRESERVES [ACCA] AND SETS [FRESPC]=[Y,X]=PNTR AT SPACE.
00E2E8  1               ;
00E2E8  1  46 13        GETSPA: LSR GARBFL ;SIGNAL NO GARBAGE COLLECTION YET.
00E2EA  1  48           TRYAG2: PHA ;SAVE FOR LATER.
00E2EB  1  49 FF        EOR #255
00E2ED  1  38           SEC ;ADD ONE TO COMPLETE NEGATION.
00E2EE  1  65 72        ADC FRETOP
00E2F0  1  A4 73        LDY FRETOP+1
00E2F2  1  B0 01        BCS TRYAG3
00E2F4  1  88           DEY
00E2F5  1  C4 71        TRYAG3: CPY STREND+1 ;COMPARE HIGH ORDERS.
00E2F7  1  90 11        BCC GARBAG ;MAKE ROOM FOR MORE.
00E2F9  1  D0 04        BNE STRFRE ;SAVE NEW FRETOP.
00E2FB  1  C5 70        CMP STREND ;COMPARE LOW ORDERS.
00E2FD  1  90 0B        BCC GARBAG ;CLEAN UP.
00E2FF  1               STRFRE: ;SAVE NEW [FRETOP].
00E2FF  1  85 72        STA FRETOP
00E301  1  84 73        STY FRETOP+1
00E303  1                ;PUT IT THERE OLD MAN.
00E303  1  85 74        STA FRESPC
00E305  1  84 75        STY FRESPC+1
00E307  1  AA           TAX ;PRESERVE A IN X.
00E308  1  68           PLA ;GET COUNT BACK IN ACCA.
00E309  1  60           RTS ;ALL DONE.
00E30A  1  A2 4D        GARBAG: LDX #ERROM ;"OUT OF STRING SPACE"
00E30C  1  A5 13        LDA GARBFL
00E30E  1  30 B6        BMI ERRGO2
00E310  1  20 1A E3     JSR GARBA2
00E313  1  A9 80        LDA #128
00E315  1  85 13        STA GARBFL
00E317  1  68           PLA ;GET BACK STRING LENGTH.
00E318  1  D0 D0        BNE TRYAG2 ;ALWAYS BRANCHES.
00E31A  1               GARBA2: ;START FROM TOP DOWN.
00E31A  1               .if REALIO|DISKO = 0
00E31A  1               
00E31A  1               LDA #7
00E31A  1               JSR OUTDO
00E31A  1               .endif
00E31A  1  A6 76        LDX MEMSIZ
00E31C  1  A5 77        LDA MEMSIZ+1
00E31E  1  86 72        FNDVAR: STX FRETOP ;LIKE SO.
00E320  1  85 73        STA FRETOP+1
00E322  1  A0 00        LDY #0
00E324  1  84 8E        STY GRBPNT+1
00E326  1  84 8D        STY GRBPNT ;BOTH BYTES SET TO ZERO (FIX BUG)
00E328  1               
00E328  1  A5 70        LDA STREND
00E32A  1  A6 71        LDX STREND+1
00E32C  1               
00E32C  1  85 9E        STA GRBTOP
00E32E  1  86 9F        STX GRBTOP+1
00E330  1               
00E330  1  A9 58        LDA #TEMPST&255
00E332  1  A2 00        LDX #TEMPST/256
00E334  1               
00E334  1  85 61        STA INDEX1
00E336  1  86 62        STX INDEX1+1
00E338  1  C5 55        TVAR: CMP TEMPPT ;DONE WITH TEMPS?
00E33A  1  F0 05        BEQ SVARS ;YEP.
00E33C  1  20 BB E3     JSR DVAR
00E33F  1  F0 F7        BEQ TVAR ;LOOP.
00E341  1  A9 07        SVARS: LDA #6+ADDPRC
00E343  1  85 92        STA FOUR6
00E345  1                ;GET START OF SIMPLE VARIABLES.
00E345  1  A5 6C        LDA VARTAB
00E347  1  A6 6D        LDX VARTAB+1
00E349  1               
00E349  1  85 61        STA INDEX1
00E34B  1  86 62        STX INDEX1+1
00E34D  1  E4 6F        SVAR: CPX ARYTAB+1 ;DONE WITH SIMPLE VARIABLES?
00E34F  1  D0 04        BNE SVARGO ;NO.
00E351  1  C5 6E        CMP ARYTAB
00E353  1  F0 05        BEQ ARYVAR ;YEP.
00E355  1  20 B1 E3     SVARGO: JSR DVARS ;DO IT , AGAIN.
00E358  1  F0 F3        BEQ SVAR ;LOOP.
00E35A  1               ARYVAR: ;SAVE FOR ADDITION.
00E35A  1  85 97        STA ARYPNT
00E35C  1  86 98        STX ARYPNT+1
00E35E  1  A9 03        LDA #STRSIZ
00E360  1  85 92        STA FOUR6
00E362  1               ARYVA2: ;GET THE POINTER TO VARIABLE.
00E362  1  A5 97        LDA ARYPNT
00E364  1  A6 98        LDX ARYPNT+1
00E366  1  E4 71        ARYVA3: CPX STREND+1 ;DONE WITH ARRAYS?
00E368  1  D0 07        BNE ARYVGO ;NO.
00E36A  1  C5 70        CMP STREND
00E36C  1                ;YES, GO FINISH UP.
00E36C  1  D0 03        BNE *+5
00E36E  1  4C FA E3     JMP GRBPAS
00E371  1               ARYVGO:
00E371  1  85 61        STA INDEX1
00E373  1  86 62        STX INDEX1+1
00E375  1  A0 00        LDY #1-ADDPRC
00E377  1               .if ADDPRC <> 0
00E377  1               
00E377  1  B1 61        LDA (INDEX1),Y
00E379  1  AA           TAX
00E37A  1  C8           INY
00E37B  1               .endif
00E37B  1  B1 61        LDA (INDEX1),Y
00E37D  1  08           PHP
00E37E  1  C8           INY
00E37F  1  B1 61        LDA (INDEX1),Y
00E381  1  65 97        ADC ARYPNT
00E383  1  85 97        STA ARYPNT ;FORM POINTER TO NEXT ARRAY VAR.
00E385  1  C8           INY
00E386  1  B1 61        LDA (INDEX1),Y
00E388  1  65 98        ADC ARYPNT+1
00E38A  1  85 98        STA ARYPNT+1
00E38C  1  28           PLP
00E38D  1  10 D3        BPL ARYVA2
00E38F  1               .if ADDPRC <> 0
00E38F  1               
00E38F  1  8A           TXA
00E390  1  30 D0        BMI ARYVA2
00E392  1               .endif
00E392  1  C8           INY
00E393  1  B1 61        LDA (INDEX1),Y
00E395  1  A0 00        LDY #0 ;RESET INDEX Y.
00E397  1  0A           ASL
00E398  1  69 05        ADC #5 ;CARRY IS OFF AND OFF AFTER ADD.
00E39A  1  65 61        ADC INDEX1
00E39C  1  85 61        STA INDEX1
00E39E  1  90 02        BCC ARYGET
00E3A0  1  E6 62        INC INDEX1+1
00E3A2  1  A6 62        ARYGET: LDX INDEX1+1
00E3A4  1  E4 98        ARYSTR: CPX ARYPNT+1 ;END OF THE ARRAY?
00E3A6  1  D0 04        BNE GOGO
00E3A8  1  C5 97        CMP ARYPNT
00E3AA  1  F0 BA        BEQ ARYVA3 ;YES.
00E3AC  1  20 BB E3     GOGO: JSR DVAR
00E3AF  1  F0 F3        BEQ ARYSTR ;CYCLE.
00E3B1  1               DVARS:
00E3B1  1               .if INTPRC <> 0
00E3B1  1               
00E3B1  1  B1 61        LDA (INDEX1),Y
00E3B3  1  30 35        BMI DVARTS
00E3B5  1               .endif
00E3B5  1  C8           INY
00E3B6  1  B1 61        LDA (INDEX1),Y
00E3B8  1  10 30        BPL DVARTS
00E3BA  1  C8           INY
00E3BB  1  B1 61        DVAR: LDA (INDEX1),Y ;IS LENGTH=0?
00E3BD  1  F0 2B        BEQ DVARTS ;YES, RETURN.
00E3BF  1  C8           INY
00E3C0  1  B1 61        LDA (INDEX1),Y ;GET LOW(ADR).
00E3C2  1  AA           TAX
00E3C3  1  C8           INY
00E3C4  1  B1 61        LDA (INDEX1),Y
00E3C6  1  C5 73        CMP FRETOP+1 ;COMPARE HIGHS.
00E3C8  1  90 06        BCC DVAR2 ;IF THIS STRING'S PNTR .GE. [FRETOP]
00E3CA  1  D0 1E        BNE DVARTS ;NO NEED TO MESS WITH IT FURTHER.
00E3CC  1  E4 72        CPX FRETOP ;COMPARE LOWS.
00E3CE  1  B0 1A        BCS DVARTS
00E3D0  1  C5 9F        DVAR2: CMP GRBTOP+1
00E3D2  1  90 16        BCC DVARTS ;IF THIS STRING IS BELOW PREVIOUS,
00E3D4  1               ;FORGET IT.
00E3D4  1  D0 04        BNE DVAR3
00E3D6  1  E4 9E        CPX GRBTOP ;COMPARE LOW ORDERS.
00E3D8  1  90 10        BCC DVARTS ;[X,A] .LE. [GRBTOP].
00E3DA  1  86 9E        DVAR3: STX GRBTOP
00E3DC  1  85 9F        STA GRBTOP+1
00E3DE  1               
00E3DE  1  A5 61        LDA INDEX1
00E3E0  1  A6 62        LDX INDEX1+1
00E3E2  1               
00E3E2  1  85 8D        STA GRBPNT
00E3E4  1  86 8E        STX GRBPNT+1
00E3E6  1  A5 92        LDA FOUR6
00E3E8  1  85 94        STA SIZE
00E3EA  1  A5 92        DVARTS: LDA FOUR6
00E3EC  1  18           CLC
00E3ED  1  65 61        ADC INDEX1
00E3EF  1  85 61        STA INDEX1
00E3F1  1  90 02        BCC GRBRTS
00E3F3  1  E6 62        INC INDEX1+1
00E3F5  1  A6 62        GRBRTS: LDX INDEX1+1
00E3F7  1  A0 00        LDY #0
00E3F9  1  60           RTS ;DONE.
00E3FA  1               ;
00E3FA  1               ; HERE WHEN MADE ONE COMPLETE PASS THROUGH STRING VARIABLES.
00E3FA  1               ;
00E3FA  1  A5 8E        GRBPAS: LDA GRBPNT+1 ;VARIABLE POINTER.
00E3FC  1  05 8D        ORA GRBPNT
00E3FE  1  F0 F5        BEQ GRBRTS ;ALL DONE.
00E400  1  A5 94        LDA SIZE
00E402  1  29 04        AND #4 ;LEAVES C OFF.
00E404  1  4A           LSR
00E405  1  A8           TAY
00E406  1  85 94        STA SIZE
00E408  1  B1 8D        LDA (GRBPNT),Y
00E40A  1               ;NOTE: GRBTOP=LOWTR SO NO NEED TO SET LOWTR.
00E40A  1  65 9E        ADC LOWTR
00E40C  1  85 99        STA HIGHTR
00E40E  1  A5 9F        LDA LOWTR+1
00E410  1  69 00        ADC #0
00E412  1  85 9A        STA HIGHTR+1
00E414  1               
00E414  1  A5 72        LDA FRETOP
00E416  1  A6 73        LDX FRETOP+1
00E418  1                ;WHERE IT ALL GOES.
00E418  1  85 97        STA HIGHDS
00E41A  1  86 98        STX HIGHDS+1
00E41C  1  20 A5 D2     JSR BLTUC
00E41F  1  A4 94        LDY SIZE
00E421  1  C8           INY
00E422  1  A5 97        LDA HIGHDS ;GET POSITION OF START OF RESULT.
00E424  1  91 8D        STA (GRBPNT),Y
00E426  1  AA           TAX
00E427  1  E6 98        INC HIGHDS+1
00E429  1  A5 98        LDA HIGHDS+1
00E42B  1  C8           INY
00E42C  1  91 8D        STA (GRBPNT),Y ;CHANGE ADDR OF STRING IN VAR.
00E42E  1  4C 1E E3     JMP FNDVAR ;GO TO FNDVAR WITH SOMETHING FOR
00E431  1               ;[FRETOP].
00E431  1               ;
00E431  1               ; THE FOLLOWING ROUTINE CONCATENATES TWO STRINGS.
00E431  1               ; THE FAC CONTAINS THE FIRST ONE AT THIS POINT.
00E431  1               ; [TXTPTR] POINTS TO THE + SIGN.
00E431  1               ;
00E431  1  A5 A4        CAT: LDA FACLO ;PSH HIGH ORDER ONTO STACK.
00E433  1  48           PHA
00E434  1  A5 A3        LDA FACMO ;AND THE LOW.
00E436  1  48           PHA
00E437  1  20 0B DD     JSR EVAL ;CAN COME BACK HERE SINCE
00E43A  1               ;OPERATOR IS KNOWN.
00E43A  1  20 14 DC     JSR CHKSTR ;RESULT MUST BE STRING.
00E43D  1  68           PLA
00E43E  1  85 AE        STA STRNG1 ;GET HIGH ORDER OF OLD DESC.
00E440  1  68           PLA
00E441  1  85 AF        STA STRNG1+1
00E443  1  A0 00        LDY #0
00E445  1  B1 AE        LDA (STRNG1),Y ;GET LENGTH OF OLD STRING.
00E447  1  18           CLC
00E448  1  71 A3        ADC (FACMO),Y
00E44A  1  90 05        BCC SIZEOK ;RESULT IS LESS THAN 256.
00E44C  1  A2 B0        LDX #ERRLS ;ERROR "LONG STRING".
00E44E  1  4C 1D D3     JMP ERROR
00E451  1  20 69 E2     SIZEOK: JSR STRINI ;INITIALIZE STRING.
00E454  1  20 6E E4     JSR MOVINS ;MOVE IT.
00E457  1                ;GET POINTER TO SECOND.
00E457  1  A5 8F        LDA DSCPNT
00E459  1  A4 90        LDY DSCPNT+1
00E45B  1  20 9E E4     JSR FRETMP ;FREE IT.
00E45E  1  20 80 E4     JSR MOVDO
00E461  1               
00E461  1  A5 AE        LDA STRNG1
00E463  1  A4 AF        LDY STRNG1+1
00E465  1  20 9E E4     JSR FRETMP
00E468  1  20 BE E2     JSR PUTNEW
00E46B  1  4C 40 DC     JMP TSTOP ;"CAT" REENTERS FORM EVAL AT TSTOP.
00E46E  1               
00E46E  1  A0 00        MOVINS: LDY #0 ;GET ADDR OF STRING.
00E470  1  B1 AE        LDA (STRNG1),Y
00E472  1  48           PHA
00E473  1  C8           INY
00E474  1  B1 AE        LDA (STRNG1),Y
00E476  1  AA           TAX
00E477  1  C8           INY
00E478  1  B1 AE        LDA (STRNG1),Y
00E47A  1  A8           TAY
00E47B  1  68           PLA
00E47C  1               MOVSTR:
00E47C  1  86 61        STX INDEX
00E47E  1  84 62        STY INDEX+1
00E480  1  A8           MOVDO: TAY
00E481  1  F0 0A        BEQ MVDONE
00E483  1  48           PHA
00E484  1  88           MOVLP: DEY
00E485  1  B1 61        LDA (INDEX),Y
00E487  1  91 74        STA (FRESPC),Y
00E489  1  98           QMOVE: TYA
00E48A  1  D0 F8        BNE MOVLP
00E48C  1  68           PLA
00E48D  1  18           MVDONE: CLC
00E48E  1  65 74        ADC FRESPC
00E490  1  85 74        STA FRESPC
00E492  1  90 02        BCC MVSTRT
00E494  1  E6 75        INC FRESPC+1
00E496  1  60           MVSTRT: RTS
00E497  1               ;
00E497  1               ; "FRETMP" IS PASSED A STRING DESCRIPTOR PNTR IN [Y,A].
00E497  1               ; A CHECK IS MADE TO SEE IF THE STRING DESCRIPTOR POINTS TO THE LAST
00E497  1               ; TEMPORARY DESCRIPTOR ALLOCATED BY PUTNEW.
00E497  1               ; IF SO, THE TEMPORARY IS FREED UP BY THE UPDATING OF [TEMPPT].
00E497  1               ; IF A TEMP IS FREED UP, A FURTHER CHECK SEES IF THE STRING DATA THAT
00E497  1               ; THAT STRING TEMP PNT'D TO IS THE LOWEST PART OF STRING SPACE IN USE.
00E497  1               ; IF SO, [FRETOP] IS UPDATED TO REFLECT THE FACT THE FACT THAT THE SPACE
00E497  1               ; IS NO LONGER IN USE.
00E497  1               ; THE ADDR OF THE ACTUAL STRING IS RETURNED IN [Y,X] AND
00E497  1               ; ITS LENGTH IN ACCA.
00E497  1               ;
00E497  1  20 14 DC     FRESTR: JSR CHKSTR ;MAKE SURE ITS A STRING.
00E49A  1               FREFAC: ;FREE UP STR PNT'D TO BY FAC.
00E49A  1  A5 A3        LDA FACMO
00E49C  1  A4 A4        LDY FACMO+1
00E49E  1               FRETMP: ;GET LENGTH FOR LATER.
00E49E  1  85 61        STA INDEX
00E4A0  1  84 62        STY INDEX+1
00E4A2  1  20 CF E4     JSR FRETMS ;FREE UP THE TEMPORARY DESC.
00E4A5  1  08           PHP ;SAVE CODES.
00E4A6  1  A0 00        LDY #0 ;PREP TO GET STUFF.
00E4A8  1  B1 61        LDA (INDEX),Y ;GET COUNT AND
00E4AA  1  48           PHA ;SAVE IT.
00E4AB  1  C8           INY
00E4AC  1  B1 61        LDA (INDEX),Y
00E4AE  1  AA           TAX ;SAVE LOW ORDER.
00E4AF  1  C8           INY
00E4B0  1  B1 61        LDA (INDEX),Y
00E4B2  1  A8           TAY ;SAVE HIGH ORDER.
00E4B3  1  68           PLA
00E4B4  1  28           PLP ;RETURN STATUS.
00E4B5  1  D0 13        BNE FRETRT
00E4B7  1  C4 73        CPY FRETOP+1 ;STRING IS LAST ONE IN?
00E4B9  1  D0 0F        BNE FRETRT
00E4BB  1  E4 72        CPX FRETOP
00E4BD  1  D0 0B        BNE FRETRT
00E4BF  1  48           PHA
00E4C0  1  18           CLC
00E4C1  1  65 72        ADC FRETOP
00E4C3  1  85 72        STA FRETOP
00E4C5  1  90 02        BCC FREPLA
00E4C7  1  E6 73        INC FRETOP+1
00E4C9  1  68           FREPLA: PLA ;GET COUNT BACK.
00E4CA  1               FRETRT: ;SAVE FOR LATER USE.
00E4CA  1  86 61        STX INDEX
00E4CC  1  84 62        STY INDEX+1
00E4CE  1  60           RTS
00E4CF  1  C4 57        FRETMS: CPY LASTPT+1 ;LAST ENTRY TO TEMP?
00E4D1  1  D0 0C        BNE FRERTS
00E4D3  1  C5 56        CMP LASTPT
00E4D5  1  D0 08        BNE FRERTS
00E4D7  1  85 55        STA TEMPPT
00E4D9  1  E9 03        SBC #STRSIZ ;POINT TO LAST ONE.
00E4DB  1  85 56        STA LASTPT ;UPDATE TEMP PNTR.
00E4DD  1  A0 00        LDY #0 ;ALSO CLEARS ZFLG SO WE DO REST OF FRETMP.
00E4DF  1  60           FRERTS: RTS ;ALL DONE.
00E4E0  1               ;
00E4E0  1               ; CHR$(#) CREATES A STRING WHICH CONTAINS AS ITS ONLY
00E4E0  1               ; CHARACTER THE ASCII EQUIVALENT OF THE INTEGER ARGUMENT (#)
00E4E0  1               ; WHICH MUST BE .LT. 255.
00E4E0  1               ;
00E4E0  1  20 95 E5     CHR: JSR CONINT ;GET INTEGER IN RANGE.
00E4E3  1  8A           TXA
00E4E4  1  48           PHA
00E4E5  1  A9 01        LDA #1 ;ONE-CHARACTER STRING.
00E4E7  1  20 71 E2     JSR STRSPA ;GET SPACE FOR STRING.
00E4EA  1  68           PLA
00E4EB  1  A0 00        LDY #0
00E4ED  1  91 A1        STA (DSCTMP+1),Y
00E4EF  1  68           PLA ;GET RID OF "CHKNUM" RETURN ADDR.
00E4F0  1  68           PLA
00E4F1  1  4C BE E2     RLZRET: JMP PUTNEW ;SETUP FAC TO POINT TO DESC.
00E4F4  1               ;
00E4F4  1               ; THE FOLLOWING IS THE LEFT$($,#) FUNCTION.
00E4F4  1               ; IT TAKES THE LEFTMOST # CHARACTERS OF THE STRING.
00E4F4  1               ; IF # .GT. THE LEN OF THE STRING, IT RETURNS THE WHOLE STRING.
00E4F4  1               ;
00E4F4  1  20 55 E5     LEFT: JSR PREAM ;TEST PARAMETERS.
00E4F7  1  D1 8F        CMP (DSCPNT),Y
00E4F9  1  98           TYA
00E4FA  1  90 04        RLEFT: BCC RLEFT1
00E4FC  1  B1 8F        LDA (DSCPNT),Y
00E4FE  1  AA           TAX ;PUT LENGTH INTO X.
00E4FF  1  98           TYA ;ZERO A, THE OFFSET.
00E500  1  48           RLEFT1: PHA ;SAVE OFFSET.
00E501  1  8A           RLEFT2: TXA
00E502  1  48           RLEFT3: PHA ;SAVE LENGTH.
00E503  1  20 71 E2     JSR STRSPA ;GET SPACE.
00E506  1               
00E506  1  A5 8F        LDA DSCPNT
00E508  1  A4 90        LDY DSCPNT+1
00E50A  1  20 9E E4     JSR FRETMP
00E50D  1  68           PLA
00E50E  1  A8           TAY
00E50F  1  68           PLA
00E510  1  18           CLC
00E511  1  65 61        ADC INDEX ;COMPUTE WHERE TO COPY.
00E513  1  85 61        STA INDEX
00E515  1  90 02        BCC PULMOR
00E517  1  E6 62        INC INDEX+1
00E519  1  98           PULMOR: TYA
00E51A  1  20 80 E4     JSR MOVDO ;GO MOVE IT.
00E51D  1  4C BE E2     JMP PUTNEW
00E520  1  20 55 E5     RIGHT: JSR PREAM
00E523  1  18           CLC ;[LENGTH DES'D]-[LENGTH]-1.
00E524  1  F1 8F        SBC (DSCPNT),Y
00E526  1  49 FF        EOR #255 ;NEGATE.
00E528  1  4C FA E4     JMP RLEFT
00E52B  1               ;
00E52B  1               ; MID ($,#) RETURNS STRING WITH CHARS FROM # POSITION
00E52B  1               ; ONWARD. IF # .GT. LEN ($) THEN RETURN NULL STRING.
00E52B  1               ; MID ($,#,#) RETURNS STRING WITH CHARACTERS FROM
00E52B  1               ; # POSITION FOR #2 CHARACTERS. IF #2 GOES PAST END OF STRING
00E52B  1               ; RETURN AS MUCH AS POSSIBLE.
00E52B  1               ;
00E52B  1  A9 FF        MID: LDA #255 ;DEFAULT.
00E52D  1  85 A4        STA FACLO ;SAVE FOR LATER COMPARE.
00E52F  1  20 B8 00     JSR CHRGOT ;GET CURRENT CHARACTER.
00E532  1  C9 29        CMP #41 ;IS IT A RIGHT PAREN )?
00E534  1  F0 06        BEQ MID2 ;NO THIRD PARAM.
00E536  1  20 72 DD     JSR CHKCOM ;MUST HAVE COMMA.
00E539  1  20 92 E5     JSR GETBYT ;GET THE LENGTH INTO "FACLO".
00E53C  1  20 55 E5     MID2: JSR PREAM ;CHECK IT OUT.
00E53F  1  F0 4B        BEQ GOFUC ;THERE IS NO POSTION 0
00E541  1  CA           DEX ;COMPUTE OFFSET.
00E542  1  8A           TXA
00E543  1  48           PHA ;PRSERVE AWHILE.
00E544  1  18           CLC
00E545  1  A2 00        LDX #0
00E547  1  F1 8F        SBC (DSCPNT),Y ;GET LENGTH OF WHAT'S LEFT.
00E549  1  B0 B6        BCS RLEFT2 ;GIVE NULL STRING.
00E54B  1  49 FF        EOR #255 ;IN SUB C WAS 0 SO JUST COMPLEMENT.
00E54D  1  C5 A4        CMP FACLO ;GREATER THAN WHAT'S DESIRED?
00E54F  1  90 B1        BCC RLEFT3 ;NO, COPY THAT MUCH.
00E551  1  A5 A4        LDA FACLO ;GET LENGTH OF WHAT'S DESIRED.
00E553  1  B0 AD        BCS RLEFT3 ;COPY IT.
00E555  1               
00E555  1               ;
00E555  1               ; USED BY RIGHT$, LEFT$, MID$ FOR PARAMETER CHECKING AND SETUP.
00E555  1               ;
00E555  1  20 66 DD     PREAM: JSR CHKCLS ;PARAM LIST SHOULD END.
00E558  1  68           PLA ;GET THE RETURN ADDRESS INTO
00E559  1  A8           TAY ;[JMPER+1,Y]
00E55A  1  68           PLA
00E55B  1  85 94        STA JMPER+1
00E55D  1  68           PLA ;GET RID OF FINGO'S JSR RET ADDR.
00E55E  1  68           PLA
00E55F  1  68           PLA ;GET LENGTH.
00E560  1  AA           TAX
00E561  1               
00E561  1  68           PLA
00E562  1  85 8F        STA DSCPNT
00E564  1  68           PLA
00E565  1  85 90        STA DSCPNT+1
00E567  1  A5 94        LDA JMPER+1 ;PUT RETURN ADDRESS BACK ON
00E569  1  48           PHA
00E56A  1  98           TYA
00E56B  1  48           PHA
00E56C  1  A0 00        LDY #0
00E56E  1  8A           TXA
00E56F  1  60           RTS
00E570  1               ;
00E570  1               ; THE FUNCTION LEN($) RETURNS THE LENGTH OF THE STRING
00E570  1               ; PASSED AS AN ARGUMENT.
00E570  1               ;
00E570  1  20 76 E5     LEN: JSR LEN1
00E573  1  4C 93 E1     JMP SNGFLT
00E576  1  20 97 E4     LEN1: JSR FRESTR ;FREE UP STRING.
00E579  1  A2 00        LDX #0
00E57B  1  86 11        STX VALTYP ;FORCE NUMERIC.
00E57D  1  A8           TAY ;SET CODES ON LENGTH.
00E57E  1  60           RTS ;DONE.
00E57F  1               ;
00E57F  1               ; THE FOLLOWING IS THE ASC($) FUNCTION. IT RETURNS
00E57F  1               ; AN INTEGER WHICH IS THE DECIMAL ASCII EQUIVALENT.
00E57F  1               ;
00E57F  1  20 76 E5     ASC: JSR LEN1
00E582  1  F0 08        BEQ GOFUC ;NULL STRING, BAD ARG.
00E584  1  A0 00        LDY #0
00E586  1  B1 61        LDA (INDEX1),Y ;GET CHARACTER.
00E588  1  A8           TAY
00E589  1  4C 93 E1     JMP SNGFLT
00E58C  1  4C 3A E0     GOFUC: JMP FCERR ;YES.
00E58F  1               
00E58F  1  20 B2 00     GTBYTC: JSR CHRGET
00E592  1  20 0C DC     GETBYT: JSR FRMNUM ;READ FORMULA INTO FAC.
00E595  1  20 A7 DF     CONINT: JSR POSINT ;CONVERT THE FAC TO A SINGLE BYTE INT.
00E598  1  A6 A3        LDX FACMO
00E59A  1  D0 F0        BNE GOFUC ;RESULT MUST BE .LE. 255.
00E59C  1  A6 A4        LDX FACLO
00E59E  1  4C B8 00     CHRGO2: JMP CHRGOT ;SET CONDITION CODES ON TERMINATOR.
00E5A1  1               ;
00E5A1  1               ; THE "VAL" FUNCTION TAKES A STRING AND TURNS IT INTO
00E5A1  1               ; A NUMBER BY INTERPRETING THE ASCII DIGITS ETCQ
00E5A1  1               ; EXCEPT FOR THE PROBLEM THAT A TERMINATOR MUST BE SUPPLIED
00E5A1  1               ; BY REPLACING THE CHARACTER BEYOND THE STRING, VAL IS MERELY
00E5A1  1               ; A CALL TO FLOATING POINT INPUT ("FIN").
00E5A1  1               ;
00E5A1  1  20 76 E5     VAL: JSR LEN1 ;DO SETUP. SET RESULT=NUMERIC.
00E5A4  1                ;ZERO THE FAC ON A NULL STRING
00E5A4  1  D0 03        BNE *+5
00E5A6  1  4C EC E6     JMP ZEROFC
00E5A9  1               
00E5A9  1  A6 B9        LDX TXTPTR
00E5AB  1  A4 BA        LDY TXTPTR+1
00E5AD  1                ;SAVE FOR LATER.
00E5AD  1  86 B0        STX STRNG2
00E5AF  1  84 B1        STY STRNG2+1
00E5B1  1  A6 61        LDX INDEX1
00E5B3  1  86 B9        STX TXTPTR
00E5B5  1  18           CLC
00E5B6  1  65 61        ADC INDEX1
00E5B8  1  85 63        STA INDEX2
00E5BA  1  A6 62        LDX INDEX1+1
00E5BC  1  86 BA        STX TXTPTR+1
00E5BE  1  90 01        BCC VAL2 ;NO CARRY, NO INC.
00E5C0  1  E8           INX
00E5C1  1  86 64        VAL2: STX INDEX2+1
00E5C3  1  A0 00        LDY #0
00E5C5  1  B1 63        LDA (INDEX2),Y ;PRESERVE CHARACTER.
00E5C7  1  48           PHA
00E5C8  1  A9 00        LDA #0 ;SET A TERMINATOR.
00E5CA  1  91 63        STA (INDEX2),Y
00E5CC  1  20 B8 00     JSR CHRGOT ;GET CHARACTER PNT'D TO AND SET FLAGS.
00E5CF  1  20 EE EA     JSR FIN
00E5D2  1  68           PLA ;GET PRES'D CHARACTER.
00E5D3  1  A0 00        LDY #0
00E5D5  1  91 63        STA (INDEX2),Y ;STUFF IT BACK.
00E5D7  1               ST2TXT:
00E5D7  1  A6 B0        LDX STRNG2
00E5D9  1  A4 B1        LDY STRNG2+1
00E5DB  1               
00E5DB  1  86 B9        STX TXTPTR
00E5DD  1  84 BA        STY TXTPTR+1
00E5DF  1  60           VALRTS: RTS ;ALL DONE WITH STRINGS.
00E5E0  1               ; PAGE
00E5E0  1               ; SUBTTL	PEEK, POKE, AND FNWAIT.
00E5E0  1               
00E5E0  1  20 0C DC     GETNUM: JSR FRMNUM ;GET ADDRESS.
00E5E3  1  20 EC E5     JSR GETADR ;GET THAT LOCATION.
00E5E6  1  20 72 DD     COMBYT: JSR CHKCOM ;CHECK FOR A COMMA.
00E5E9  1  4C 92 E5     JMP GETBYT ;GET SOMETHING TO STORE AND RETURN.
00E5EC  1  A5 A5        GETADR: LDA FACSGN ;EXAMINE SIGN.
00E5EE  1  30 9C        BMI GOFUC ;FUNCTION CALL ERROR.
00E5F0  1  A5 A0        LDA FACEXP ;EXAMINE EXPONENT.
00E5F2  1  C9 91        CMP #145
00E5F4  1  B0 96        BCS GOFUC ;FUNCTION CALL ERROR.
00E5F6  1  20 96 EA     JSR QINT ;INTEGERIZE IT.
00E5F9  1               
00E5F9  1  A5 A3        LDA FACMO
00E5FB  1  A4 A4        LDY FACMO+1
00E5FD  1  84 53        STY POKER
00E5FF  1  85 54        STA POKER+1
00E601  1  60           RTS ;IT'S DONE !.
00E602  1               
00E602  1               PEEK:
00E602  1  A5 54        LDA POKER+1
00E604  1  48           PHA
00E605  1  A5 53        LDA POKER
00E607  1  48           PHA
00E608  1  20 EC E5     JSR GETADR
00E60B  1  A0 00        LDY #0
00E60D  1               .if REALIO-3 = 0
00E60D  1               
00E60D  1               CMP #ROMLOC/256
00E60D  1               BCC GETCON
00E60D  1               CMP #LASTWR/256
00E60D  1               BCC DOSGFL
00E60D  1               .endif
00E60D  1  B1 53        GETCON: LDA (POKER),Y ;GET THAT BYTE.
00E60F  1  A8           TAY
00E610  1               DOSGFL:
00E610  1  68           PLA
00E611  1  85 53        STA POKER
00E613  1  68           PLA
00E614  1  85 54        STA POKER+1
00E616  1  4C 93 E1     JMP SNGFLT ;FLOAT IT.
00E619  1               
00E619  1  20 E0 E5     POKE: JSR GETNUM
00E61C  1  8A           TXA
00E61D  1  A0 00        LDY #0
00E61F  1  91 53        STA (POKER),Y ;STORE VALUE AWAY.
00E621  1  60           RTS ;SCANNED  EVERYTHING.
00E622  1               
00E622  1               ; THE WAIT LOCATION,MASK1,MASK2 STATEMENT WAITS UNTIL THE CONTENTS
00E622  1               ; OF LOCATION IS NONZERO WHEN XORED WITH MASK2
00E622  1               ; AND THEN ANDED WITH MASK1. IF MASK2 IS NOT PRESENT, IT
00E622  1               ; IS ASSUMED TO BE ZERO.
00E622  1               
00E622  1  20 E0 E5     FNWAIT: JSR GETNUM
00E625  1  86 88        STX ANDMSK
00E627  1  A2 00        LDX #0
00E629  1  20 B8 00     JSR CHRGOT
00E62C  1  F0 03        BEQ ZSTORD
00E62E  1  20 E6 E5     JSR COMBYT ;GET MASK2.
00E631  1  86 89        STORDO: STX EORMSK
00E633  1  A0 00        LDY #0
00E635  1  B1 53        WAITER: LDA (POKER),Y
00E637  1  45 89        EOR EORMSK
00E639  1  25 88        AND ANDMSK
00E63B  1  F0 F8        BEQ WAITER
00E63D  1  60           ZERRTS: RTS ;GOT A NONZERO.
00E63E  1               
00E63E  1               ; SUBTTL FLOATING POINT MATH PACKAGE CONFIGURATION.
00E63E  1               
00E63E  1               ; RADIX	8 ;!!!! ALERT !!!!
00E63E  1               ;THROUGHOUT THE MATH PACKAGE.
00E63E  1               ; COMMENT %
00E63E  1               ; THE FLOATING POINT FORMAT IS AS FOLLOWS:
00E63E  1               ;
00E63E  1               ; THE SIGN IS THE FIRST BIT OF THE MANTISSA.
00E63E  1               ; THE MANTISSA IS 24 BITS LONG.
00E63E  1               ; THE BINARY POINT IS TO THE LEFT OF THE MSB.
00E63E  1               ; NUMBER = MANTISSA * 2 ^ EXPONENT.
00E63E  1               ; THE MANTISSA IS POSITIVE WITH A ONE ASSUMED TO BE WHERE THE SIGN BIT IS.
00E63E  1               ; THE SIGN OF THE EXPONENT IS THE FIRST BIT OF THE EXPONENT.
00E63E  1               ; THE EXPONENT IS STORED IN EXCESS 200, I.E. WITH A BIAS OF +200.
00E63E  1               ; SO, THE EXPONENT IS A SIGNED 8-BIT NUMBER WITH 200 ADDED TO IT.
00E63E  1               ; AN EXPONENT OF ZERO MEANS THE NUMBER IS ZERO.
00E63E  1               ; THE OTHER BYTES MAY NOT BE ASSUMED TO BE ZERO.
00E63E  1               ; TO KEEP THE SAME NUMBER IN THE FAC WHILE SHIFTING,
00E63E  1               ; 	TO SHIFT RIGHT, EXP:=EXP+1
00E63E  1               ; 	TO SHIFT LEFT,	EXP:=EXP-1
00E63E  1               ;
00E63E  1               ; IN MEMORY THE NUMBER LOOKS LIKE THIS:
00E63E  1               ; 	[THE EXPONENT AS A SIGNED NUMBER +200]
00E63E  1               ; 	[THE SIGN BIT IN 7, BITS 2-8 OF MANTISSA ARE IN BITS 6-0].
00E63E  1               ; 		(REMEMBER BIT 1 OF MANTISSA IS ALWAYS A ONE.)
00E63E  1               ; 	[BITS 9-16 OF THE MANTISSA]
00E63E  1               ; 	[BITS 17-24] OF THE MANTISSA]
00E63E  1               ;
00E63E  1               ; ARITHMETIC ROUTINE CALLING CONVENTIONS:
00E63E  1               ;
00E63E  1               ; FOR ONE ARGUMENT FUNCTIONS:
00E63E  1               ; 	THE ARGUMENT IS IN THE FAC.
00E63E  1               ; 	THE RESULT IS LEFT IN THE FAC.
00E63E  1               ; FOR TWO ARGUMENT OPERATIONS:
00E63E  1               ; 	THE FIRST ARGUMENT IS IN ARG (ARGEXP,HO,MO,LO AND ARGSGN).
00E63E  1               ; 	THE SECOND ARGUMENT IS IN THE FAC.
00E63E  1               ; 	THE RESULT IS LEFT IN THE FAC.
00E63E  1               ;
00E63E  1               ; THE 'T' ENTRY POINTS TO THE TWO-ARGUMENT OPERATIONS HAVE BOTH ARGUMENTS
00E63E  1               ; SETUP IN THE RESPECTIVE REGISTERS. BEFORE CALLING ARG MAY HAVE BEEN
00E63E  1               ; POPPED OFF THE STACK AND INTO ARG, FOR EXAMPLE.
00E63E  1               ; THE OTHER ENTRY POINT ASSUMES [Y,A] POINTS TO THE ARGUMENT
00E63E  1               ; SOMEWHERE IN MEMORY. IT IS UNPACKED INTO ARG BY "CONUPK".
00E63E  1               ;
00E63E  1               ; ON THE STACK, THE SGN IS PUSHED ON FIRST, THE LO,MO,HO AND FINALLY EXP.
00E63E  1               ; NOTE ALL THINGS ARE KEPT UNPACKED IN ARG, FAC AND ON THE STACK.
00E63E  1               ;
00E63E  1               ; IT IS ONLY WHEN SOMETHING IS STORED AWAY THAT IT IS PACKED TO FOUR
00E63E  1               ; BYTES. THE UNPACKED FORMAT HAS A SGN BYTE REFLECTING THE SIGN OF THE
00E63E  1               ; NUMBER (POSITIVE=0, NEGATIVE=-1) A HO,MO AND LO WITH THE HIGH BIT
00E63E  1               ; OF THE HO TURNED ON. THE EXP IS THE SAME AS STORED FORMAT.
00E63E  1               ; THIS IS DONE FOR SPEED OF OPERATION.
00E63E  1               ; %
00E63E  1               ; PAGE
00E63E  1               ; SUBTTL	FLOATING POINT ADDITION AND SUBTRACTION.
00E63E  1               FADDH: ;ENTRY TO ADD 1/2.
00E63E  1  A9 04        LDA #FHALF&255
00E640  1  A0 ED        LDY #FHALF/256
00E642  1  4C 5C E6     JMP FADD ;UNPACK AND GO ADD IT.
00E645  1  20 81 E8     FSUB: JSR CONUPK ;UNPACK ARGUMENT INTO ARG.
00E648  1  A5 A5        FSUBT: LDA FACSGN
00E64A  1  49 FF        EOR #255 ;COMPLEMENT IT.
00E64C  1  85 A5        STA FACSGN
00E64E  1  45 AD        EOR ARGSGN ;COMPLEMENT ARISGN.
00E650  1  85 AE        STA ARISGN
00E652  1  A5 A0        LDA FACEXP ;SET CODES ON FACEXP.
00E654  1  4C 5F E6     JMP FADDT ;[Y]=ARGEXP..
00E657  1               ; XLIST
00E657  1               ; .XCREF
00E657  1               .if REALIO-3 <> 0
00E657  1               .undef ZSTORD
00E657  1               .define ZSTORD STORDO
00E657  1               .endif
00E657  1               .if REALIO-3 = 0
00E657  1               
00E657  1               .undef ZSTORD
00E657  1               ZSTORD: LDA POKER
00E657  1               CMP #102
00E657  1               BNE STORDO
00E657  1               LDA POKER+1
00E657  1               SBC #25
00E657  1               BNE STORDO
00E657  1               STA POKER
00E657  1               TAY
00E657  1               LDA #128
00E657  1               STA POKER+1
00E657  1               MRCHKR: LDX #10
00E657  1               .if 1
00E657  1               
00E657  1               MRCHR: LDA 24576,X
00E657  1               .endif
00E657  1               .if 0
00E657  1               
00E657  1               MRCHR: LDA SINCON+30,X
00E657  1               .endif
00E657  1               AND #63
00E657  1               STA (POKER),Y
00E657  1               INY
00E657  1               BNE PKINC
00E657  1               INC POKER+1
00E657  1               PKINC: DEX
00E657  1               BNE MRCHR
00E657  1               DEC ANDMSK
00E657  1               BNE MRCHKR
00E657  1               RTS
00E657  1               .if 0
00E657  1               ; PURGE ZSTORD
00E657  1               .endif
00E657  1               .endif
00E657  1               ; .CREF
00E657  1               ; LIST
00E657  1  20 8E E7     FADD5: JSR SHIFTR ;DO A LONG SHIFT.
00E65A  1  90 3C        BCC FADD4 ;CONTINUE WITH ADDITION.
00E65C  1  20 81 E8     FADD: JSR CONUPK
00E65F  1               FADDT: ;IF FAC=0, RESULT IS IN ARG.
00E65F  1  D0 03        BNE *+5
00E661  1  4C F7 E9     JMP MOVFA
00E664  1  A6 AF        LDX FACOV
00E666  1  86 95        STX OLDOV
00E668  1  A2 A8        LDX #ARGEXP ;DEFAULT IS SHIFT ARGUMENT.
00E66A  1  A5 A8        LDA ARGEXP ;IF ARG=0, FAC IS RESULT.
00E66C  1  A8           FADDC: TAY ;ALSO COPY ACCA INTO ACCY.
00E66D  1  F0 CE        BEQ ZERRTS ;RETURN.
00E66F  1  38           SEC
00E670  1  E5 A0        SBC FACEXP
00E672  1  F0 24        BEQ FADD4 ;NO SHIFTING.
00E674  1  90 12        BCC FADDA ;BR IF ARGEXP.LT.FACEXP.
00E676  1  84 A0        STY FACEXP ;RESULTING EXPONENT.
00E678  1  A4 AD        LDY ARGSGN ;SINCE ARG IS BIGGER, IT'S
00E67A  1  84 A5        STY FACSGN ;SIGN IS SIGN OF RESULT.
00E67C  1  49 FF        EOR #255 ;SHIFT A NEGATIVE NUMBER OF PLACES.
00E67E  1  69 00        ADC #0 ;COMPLETE NEGATION. W/ C=1.
00E680  1  A0 00        LDY #0 ;ZERO OLDOV.
00E682  1  84 95        STY OLDOV
00E684  1  A2 A0        LDX #FAC ;SHIFT THE FAC INSTEAD.
00E686  1  D0 04        BNE FADD1
00E688  1  A0 00        FADDA: LDY #0
00E68A  1  84 AF        STY FACOV
00E68C  1  C9 F9        FADD1: CMP #256-7 ;FOR SPEED AND NECESSITY.  GETS
00E68E  1               ;MOST LIKELY CASE TO SHIFTR FASTEST
00E68E  1               ;AND ALLOWS SHIFTING OF NEG NUMS
00E68E  1               ;BY "QINT".
00E68E  1  30 C7        BMI FADD5 ;SHIFT BIG.
00E690  1  A8           TAY
00E691  1  A5 AF        LDA FACOV ;SET FACOV.
00E693  1  56 01        LSR 1,X;GETS 0 IN MOST SIG BIT.
00E695  1  20 A5 E7     JSR ROLSHF ;DO THE ROLLING.
00E698  1  24 AE        FADD4: BIT ARISGN ;GET RESULTING SIGN.
00E69A  1  10 57        BPL FADD2 ;IF POSITIVE, ADD.
00E69C  1               ;CARRY IS CLEAR.
00E69C  1  A0 A0        FADD3: LDY #FACEXP
00E69E  1  E0 A8        CPX #ARGEXP ;FAC IS BIGGER.
00E6A0  1  F0 02        BEQ SUBIT
00E6A2  1  A0 A8        LDY #ARGEXP ;ARG IS BIGGER.
00E6A4  1  38           SUBIT: SEC
00E6A5  1  49 FF        EOR #255
00E6A7  1  65 95        ADC OLDOV
00E6A9  1  85 AF        STA FACOV
00E6AB  1  B9 04 00     LDA 3+ADDPRC,Y
00E6AE  1  F5 04        SBC 3+ADDPRC,X
00E6B0  1  85 A4        STA FACLO
00E6B2  1  B9 03 00     LDA 2+ADDPRC,Y
00E6B5  1  F5 03        SBC 2+ADDPRC,X
00E6B7  1  85 A3        STA FACMO
00E6B9  1               .if ADDPRC <> 0
00E6B9  1               
00E6B9  1  B9 02 00     LDA 2,Y
00E6BC  1  F5 02        SBC 2,X
00E6BE  1  85 A2        STA FACMOH
00E6C0  1               .endif
00E6C0  1  B9 01 00     LDA 1,Y
00E6C3  1  F5 01        SBC 1,X
00E6C5  1  85 A1        STA FACHO
00E6C7  1  B0 03        FADFLT: BCS NORMAL ;HERE IF SIGNS DIFFER. IF CARRY,
00E6C9  1               ;FAC IS SET OK.
00E6C9  1  20 3C E7     JSR NEGFAC ;NEGATE [FAC].
00E6CC  1  A0 00        NORMAL: LDY #0
00E6CE  1  98           TYA
00E6CF  1  18           CLC
00E6D0  1  A6 A1        NORM3: LDX FACHO
00E6D2  1  D0 4A        BNE NORM1
00E6D4  1  A6 A2        LDX FACHO+1 ;SHIFT 8 BITS AT A TIME FOR SPEED.
00E6D6  1  86 A1        STX FACHO
00E6D8  1               .if ADDPRC <> 0
00E6D8  1               
00E6D8  1  A6 A3        LDX FACMOH+1
00E6DA  1  86 A2        STX FACMOH
00E6DC  1               .endif
00E6DC  1  A6 A4        LDX FACMO+1
00E6DE  1  86 A3        STX FACMO
00E6E0  1  A6 AF        LDX FACOV
00E6E2  1  86 A4        STX FACLO
00E6E4  1  84 AF        STY FACOV
00E6E6  1  69 08        ADC #8
00E6E8  1  C9 20        CMP #<((8*ADDPRC)+24)
00E6EA  1  D0 E4        BNE NORM3
00E6EC  1  A9 00        ZEROFC: LDA #0 ;NOT NEED BY NORMAL BUT BY OTHERS.
00E6EE  1  85 A0        ZEROF1: STA FACEXP ;NUMBER MUST BE ZERO.
00E6F0  1  85 A5        ZEROML: STA FACSGN ;MAKE SIGN POSITIVE.
00E6F2  1  60           RTS ;ALL DONE.
00E6F3  1  65 95        FADD2: ADC OLDOV
00E6F5  1  85 AF        STA FACOV
00E6F7  1  A5 A4        LDA FACLO
00E6F9  1  65 AC        ADC ARGLO
00E6FB  1  85 A4        STA FACLO
00E6FD  1  A5 A3        LDA FACMO
00E6FF  1  65 AB        ADC ARGMO
00E701  1  85 A3        STA FACMO
00E703  1               .if ADDPRC <> 0
00E703  1               
00E703  1  A5 A2        LDA FACMOH
00E705  1  65 AA        ADC ARGMOH
00E707  1  85 A2        STA FACMOH
00E709  1               .endif
00E709  1  A5 A1        LDA FACHO
00E70B  1  65 A9        ADC ARGHO
00E70D  1  85 A1        STA FACHO
00E70F  1  4C 2B E7     JMP SQUEEZ ;GO ROUND IF SIGNS SAME.
00E712  1               
00E712  1  69 01        NORM2: ADC #1 ;DECREMENT SHIFT COUNT.
00E714  1  06 AF        ASL FACOV ;SHIFT ALL LEFT ONE BIT.
00E716  1  26 A4        ROL FACLO
00E718  1  26 A3        ROL FACMO
00E71A  1               .if ADDPRC <> 0
00E71A  1               
00E71A  1  26 A2        ROL FACMOH
00E71C  1               .endif
00E71C  1  26 A1        ROL FACHO
00E71E  1  10 F2        NORM1: BPL NORM2 ;IF MSB=0 SHIFT AGAIN.
00E720  1  38           SEC
00E721  1  E5 A0        SBC FACEXP
00E723  1  B0 C7        BCS ZEROFC
00E725  1  49 FF        EOR #255
00E727  1  69 01        ADC #1 ;COMPLEMENT.
00E729  1  85 A0        STA FACEXP
00E72B  1  90 0E        SQUEEZ: BCC RNDRTS ;BITS TO SHIFT?
00E72D  1  E6 A0        RNDSHF: INC FACEXP
00E72F  1  F0 42        BEQ OVERR
00E731  1  66 A1        ROR FACHO
00E733  1               .if ADDPRC <> 0
00E733  1               
00E733  1  66 A2        ROR FACMOH
00E735  1               .endif
00E735  1  66 A3        ROR FACMO
00E737  1  66 A4        ROR FACLO
00E739  1  66 AF        ROR FACOV
00E73B  1  60           RNDRTS: RTS ;ALL DONE ADDING.
00E73C  1               
00E73C  1               NEGFAC: ;COMPLEMENT FAC	 ENTIRELY.
00E73C  1  A5 A5        LDA FACSGN
00E73E  1  49 FF        EOR #255
00E740  1  85 A5        STA FACSGN
00E742  1               NEGFCH: ;COMPLEMENT JUST THE NUMBER.
00E742  1  A5 A1        LDA FACHO
00E744  1  49 FF        EOR #255
00E746  1  85 A1        STA FACHO
00E748  1               .if ADDPRC <> 0
00E748  1               
00E748  1               
00E748  1  A5 A2        LDA FACMOH
00E74A  1  49 FF        EOR #255
00E74C  1  85 A2        STA FACMOH
00E74E  1               .endif
00E74E  1               
00E74E  1  A5 A3        LDA FACMO
00E750  1  49 FF        EOR #255
00E752  1  85 A3        STA FACMO
00E754  1               
00E754  1  A5 A4        LDA FACLO
00E756  1  49 FF        EOR #255
00E758  1  85 A4        STA FACLO
00E75A  1               
00E75A  1  A5 AF        LDA FACOV
00E75C  1  49 FF        EOR #255
00E75E  1  85 AF        STA FACOV
00E760  1  E6 AF        INC FACOV
00E762  1  D0 0E        BNE INCFRT
00E764  1  E6 A4        INCFAC: INC FACLO
00E766  1  D0 0A        BNE INCFRT
00E768  1  E6 A3        INC FACMO
00E76A  1  D0 06        BNE INCFRT ;IF NO CARRY, RETURN.
00E76C  1               .if ADDPRC <> 0
00E76C  1               
00E76C  1  E6 A2        INC FACMOH
00E76E  1  D0 02        BNE INCFRT
00E770  1               .endif
00E770  1  E6 A1        INC FACHO ;CARRY INCREMENT.
00E772  1  60           INCFRT: RTS
00E773  1               
00E773  1  A2 45        OVERR: LDX #ERROV
00E775  1  4C 1D D3     JMP ERROR ;TELL USER.
00E778  1               ;
00E778  1               ; "SHIFTR" SHIFTS [X+1:X+3] [-ACCA]  BITS RIGHT.
00E778  1               ; SHIFTS BYTES TO START WITH IF POSSIBLE.
00E778  1               ;
00E778  1  A2 64        MULSHF: LDX #RESHO-1 ;ENTRY POINT FOR MULTIPLIER.
00E77A  1  B4 04        SHFTR2: LDY 3+ADDPRC,X;SHIFT BYTES FIRST.
00E77C  1  84 AF        STY FACOV
00E77E  1               .if ADDPRC <> 0
00E77E  1               
00E77E  1  B4 03        LDY 3,X
00E780  1  94 04        STY 4,X
00E782  1               .endif
00E782  1  B4 02        LDY 2,X;GET MO.
00E784  1  94 03        STY 3,X;STORE LO.
00E786  1  B4 01        LDY 1,X;GET HO.
00E788  1  94 02        STY 2,X;STORE MO.
00E78A  1  A4 A7        LDY BITS
00E78C  1  94 01        STY 1,X;STORE HO.
00E78E  1  69 08        SHIFTR: ADC #8
00E790  1  30 E8        BMI SHFTR2
00E792  1  F0 E6        BEQ SHFTR2
00E794  1  E9 08        SBC #8 ;C CAN BE EITHER 1,0 AND IT WORKS.
00E796  1  A8           TAY
00E797  1  A5 AF        LDA FACOV
00E799  1  B0 14        BCS SHFTRT ;EQUIV TO BEQ HERE.
00E79B  1               .if RORSW <> 0
00E79B  1               
00E79B  1  16 01        SHFTR3: ASL 1,X
00E79D  1  90 02        BCC SHFTR4
00E79F  1  F6 01        INC 1,X
00E7A1  1  76 01        SHFTR4: ROR 1,X
00E7A3  1  76 01        ROR 1,X
00E7A5  1               .endif
00E7A5  1               .if RORSW = 0
00E7A5  1               
00E7A5  1               SHFTR3: PHA
00E7A5  1               LDA 1,X
00E7A5  1               AND #128
00E7A5  1               LSR 1,X
00E7A5  1               ORA 1,X
00E7A5  1               STA 1,X
00E7A5  1               .word 512,36
00E7A5  1               .endif
00E7A5  1               ROLSHF:
00E7A5  1               .if RORSW <> 0
00E7A5  1               
00E7A5  1  76 02        ROR 2,X
00E7A7  1  76 03        ROR 3,X
00E7A9  1               .if ADDPRC <> 0
00E7A9  1  76 04        ROR 4,X
00E7AB  1               .endif
00E7AB  1               .endif
00E7AB  1               .if RORSW = 0
00E7AB  1               
00E7AB  1               PHA
00E7AB  1               LDA #0
00E7AB  1               BCC SHFTR5
00E7AB  1               LDA #128
00E7AB  1               SHFTR5: LSR 2,X
00E7AB  1               ORA 2,X
00E7AB  1               STA 2,X
00E7AB  1               LDA #0
00E7AB  1               BCC SHFTR6
00E7AB  1               LDA #128
00E7AB  1               SHFTR6: LSR 3,X
00E7AB  1               ORA 3,X
00E7AB  1               STA 3,X
00E7AB  1               .if ADDPRC <> 0
00E7AB  1               
00E7AB  1               LDA #0
00E7AB  1               BCC SHFT6A
00E7AB  1               LDA #128
00E7AB  1               SHFT6A: LSR 4,X
00E7AB  1               ORA 4,X
00E7AB  1               STA 4,X
00E7AB  1               .endif
00E7AB  1               .endif
00E7AB  1               .if RORSW <> 0
00E7AB  1  6A           ROR
00E7AC  1               .endif
00E7AC  1               .if RORSW = 0
00E7AC  1               
00E7AC  1               PLA
00E7AC  1               PHP
00E7AC  1               LSR
00E7AC  1               PLP
00E7AC  1               BCC SHFTR7
00E7AC  1               ORA #128
00E7AC  1               .endif
00E7AC  1  C8           SHFTR7: INY
00E7AD  1  D0 EC        BNE SHFTR3 ;$$$ ( MOST EXPENSIVE ! )
00E7AF  1  18           SHFTRT: CLC ;CLEAR OUTPUT OF FACOV.
00E7B0  1  60           RTS
00E7B1  1               ; PAGE
00E7B1  1               ; SUBTTL	NATURAL LOG FUNCTION.
00E7B1  1               ;
00E7B1  1               ; CALCULATION IS BY:
00E7B1  1               ; LN(F*2^N)=(N+LOG2(F))*LN(2)
00E7B1  1               ; AN APPROXIMATION POLYNOMIAL IS USED TO CALCULATE LOG2(F).
00E7B1  1               ;  CONSTANTS USED BY LOG:
00E7B1  1  81           FONE: .byte 129 ; 1.0
00E7B2  1  00           .byte 0
00E7B3  1  00           .byte 0
00E7B4  1  00           .byte 0
00E7B5  1               .if ADDPRC <> 0
00E7B5  1  00           .byte 0
00E7B6  1               .endif
00E7B6  1               .if ADDPRC = 0
00E7B6  1               
00E7B6  1               LOGCN2: .byte 2
00E7B6  1               .byte 128
00E7B6  1               .byte 25
00E7B6  1               .byte 86
00E7B6  1               .byte 98
00E7B6  1               .byte 128
00E7B6  1               .byte 118
00E7B6  1               .byte 34
00E7B6  1               .byte 243
00E7B6  1               .byte 130
00E7B6  1               .byte 56
00E7B6  1               .byte 170
00E7B6  1               .byte 64
00E7B6  1               .endif
00E7B6  1               
00E7B6  1               .if ADDPRC <> 0
00E7B6  1               
00E7B6  1  03           LOGCN2: .byte 3
00E7B7  1  7F           .byte 127
00E7B8  1  5E           .byte 94
00E7B9  1  56           .byte 86
00E7BA  1  CB           .byte 203
00E7BB  1  79           .byte 121
00E7BC  1  80           .byte 128
00E7BD  1  13           .byte 19
00E7BE  1  9B           .byte 155
00E7BF  1  0B           .byte 11
00E7C0  1  64           .byte 100
00E7C1  1  80           .byte 128
00E7C2  1  76           .byte 118
00E7C3  1  38           .byte 56
00E7C4  1  93           .byte 147
00E7C5  1  16           .byte 22
00E7C6  1  82           .byte 130
00E7C7  1  38           .byte 56
00E7C8  1  AA           .byte 170
00E7C9  1  3B           .byte 59
00E7CA  1  20           .byte 32
00E7CB  1               .endif
00E7CB  1  80           SQRHLF: .byte 128 ; SQR(0.5)
00E7CC  1  35           .byte 53
00E7CD  1  04           .byte 4
00E7CE  1  F3           .byte 243
00E7CF  1               .if ADDPRC <> 0
00E7CF  1  34           .byte 52
00E7D0  1               .endif
00E7D0  1  81           SQRTWO: .byte 129 ; SQR(2.0)
00E7D1  1  35           .byte 53
00E7D2  1  04           .byte 4
00E7D3  1  F3           .byte 243
00E7D4  1               .if ADDPRC <> 0
00E7D4  1  34           .byte 52
00E7D5  1               .endif
00E7D5  1  80           NEGHLF: .byte 128 ; -1/2
00E7D6  1  80           .byte 128
00E7D7  1  00           .byte 0
00E7D8  1  00           .byte 0
00E7D9  1               .if ADDPRC <> 0
00E7D9  1  00           .byte 0
00E7DA  1               .endif
00E7DA  1  80           LOG2: .byte 128 ; LN(2)
00E7DB  1  31           .byte 49
00E7DC  1  72           .byte 114
00E7DD  1               .if ADDPRC = 0
00E7DD  1               .byte 24
00E7DD  1               .endif
00E7DD  1               .if ADDPRC <> 0
00E7DD  1  17           .byte 23
00E7DE  1  F8           .byte 248
00E7DF  1               .endif
00E7DF  1               
00E7DF  1  20 26 EA     LOG: JSR SIGN ;IS IT POSITIVE?
00E7E2  1  F0 02        BEQ LOGERR
00E7E4  1  10 03        BPL LOG1
00E7E6  1  4C 3A E0     LOGERR: JMP FCERR ;CAN'T TOLERATE NEG OR ZERO.
00E7E9  1  A5 A0        LOG1: LDA FACEXP ;GET EXPONENT INTO ACCA.
00E7EB  1  E9 7F        SBC #127 ;REMOVE BIAS. (CARRY IS OFF)
00E7ED  1  48           PHA ;SAVE AWHILE.
00E7EE  1  A9 80        LDA #128
00E7F0  1  85 A0        STA FACEXP ;RESULT IS FAC IN RANGE [0.5,1].
00E7F2  1                ;GET POINTER TO SQR(0.5).
00E7F2  1  A9 CB        LDA #SQRHLF&255
00E7F4  1  A0 E7        LDY #SQRHLF/256
00E7F6  1               
00E7F6  1               ; CALCULATE (F-SQR(.5))/(F+SQR(.5))
00E7F6  1               
00E7F6  1  20 5C E6     JSR FADD ;ADD TO FAC.
00E7F9  1                ;GET SQR(2.).
00E7F9  1  A9 D0        LDA #SQRTWO&255
00E7FB  1  A0 E7        LDY #SQRTWO/256
00E7FD  1  20 07 E9     JSR FDIV
00E800  1               
00E800  1  A9 B1        LDA #FONE&255
00E802  1  A0 E7        LDY #FONE/256
00E804  1  20 45 E6     JSR FSUB
00E807  1               
00E807  1  A9 B6        LDA #LOGCN2&255
00E809  1  A0 E7        LDY #LOGCN2/256
00E80B  1  20 FC ED     JSR POLYX ;EVALUATE APPROXIMATION POLYNOMIAL.
00E80E  1                ;ADD IN LAST CONSTANT.
00E80E  1  A9 D5        LDA #NEGHLF&255
00E810  1  A0 E7        LDY #NEGHLF/256
00E812  1  20 5C E6     JSR FADD
00E815  1  68           PLA ;GET EXPONENT BACK.
00E816  1  20 79 EB     JSR FINLOG ;ADD IT IN.
00E819  1               MULLN2: ;MULTIPLY RESULT BY LOG(2.0).
00E819  1  A9 DA        LDA #LOG2&255
00E81B  1  A0 E7        LDY #LOG2/256
00E81D  1               ;	JMP	FMULT		;MULTIPLY TOGETHER.
00E81D  1               ; PAGE
00E81D  1               ; SUBTTL	FLOATING MULTIPLICATION AND DIVISION.
00E81D  1               ;MULTIPLICATION		FAC:=ARG*FAC.
00E81D  1  20 81 E8     FMULT: JSR CONUPK ;UNPACK THE CONSTANT INTO ARG FOR USE.
00E820  1               FMULTT: ;IF FAC=0, RETURN. FAC IS SET.
00E820  1  D0 03        BNE *+5
00E822  1  4C 80 E8     JMP MULTRT
00E825  1  20 AC E8     JSR MULDIV ;FIX UP THE EXPONENTS.
00E828  1  A9 00        LDA #0 ;TO CLEAR RESULT.
00E82A  1  85 65        STA RESHO
00E82C  1               .if ADDPRC <> 0
00E82C  1               
00E82C  1  85 66        STA RESMOH
00E82E  1               .endif
00E82E  1  85 67        STA RESMO
00E830  1  85 68        STA RESLO
00E832  1  A5 AF        LDA FACOV
00E834  1  20 4E E8     JSR MLTPLY
00E837  1  A5 A4        LDA FACLO ;MLTPLY ARG BY FACLO.
00E839  1  20 4E E8     JSR MLTPLY
00E83C  1  A5 A3        LDA FACMO ;MLTPLY ARG BY FACMO.
00E83E  1  20 4E E8     JSR MLTPLY
00E841  1               .if ADDPRC <> 0
00E841  1               
00E841  1  A5 A2        LDA FACMOH
00E843  1  20 4E E8     JSR MLTPLY
00E846  1               .endif
00E846  1  A5 A1        LDA FACHO ;MLTPLY ARG BY FACHO.
00E848  1  20 53 E8     JSR MLTPL1
00E84B  1  4C 87 E9     JMP MOVFR ;MOVE RESULT INTO FAC,
00E84E  1               ;NORMALIZE RESULT, AND RETURN.
00E84E  1               MLTPLY: ;SHIFT RESULT RIGHT 1 BYTE.
00E84E  1  D0 03        BNE *+5
00E850  1  4C 78 E7     JMP MULSHF
00E853  1  4A           MLTPL1: LSR
00E854  1  09 80        ORA #128
00E856  1  A8           MLTPL2: TAY
00E857  1  90 19        BCC MLTPL3 ;IT MULT BIT=0, JUST SHIFT.
00E859  1  18           CLC
00E85A  1  A5 68        LDA RESLO
00E85C  1  65 AC        ADC ARGLO
00E85E  1  85 68        STA RESLO
00E860  1  A5 67        LDA RESMO
00E862  1  65 AB        ADC ARGMO
00E864  1  85 67        STA RESMO
00E866  1               .if ADDPRC <> 0
00E866  1               
00E866  1  A5 66        LDA RESMOH
00E868  1  65 AA        ADC ARGMOH
00E86A  1  85 66        STA RESMOH
00E86C  1               .endif
00E86C  1  A5 65        LDA RESHO
00E86E  1  65 A9        ADC ARGHO
00E870  1  85 65        STA RESHO
00E872  1  66 65        MLTPL3: ROR RESHO
00E874  1               .if ADDPRC <> 0
00E874  1               
00E874  1  66 66        ROR RESMOH
00E876  1               .endif
00E876  1  66 67        ROR RESMO
00E878  1  66 68        ROR RESLO
00E87A  1  66 AF        ROR FACOV ;SAVE FOR ROUNDING.
00E87C  1  98           TYA
00E87D  1  4A           LSR ;CLEAR MSB SO WE GET A CLOSER TO 0.
00E87E  1  D0 D6        BNE MLTPL2 ;SLOW AS A TURTLE !
00E880  1  60           MULTRT: RTS
00E881  1               
00E881  1               ;ROUTINE TO UNPACK MEMORY INTO ARG.
00E881  1               CONUPK:
00E881  1  85 61        STA INDEX1
00E883  1  84 62        STY INDEX1+1
00E885  1  A0 04        LDY #3+ADDPRC
00E887  1  B1 61        LDA (INDEX1),Y
00E889  1  85 AC        STA ARGLO
00E88B  1  88           DEY
00E88C  1  B1 61        LDA (INDEX1),Y
00E88E  1  85 AB        STA ARGMO
00E890  1  88           DEY
00E891  1               .if ADDPRC <> 0
00E891  1               
00E891  1  B1 61        LDA (INDEX1),Y
00E893  1  85 AA        STA ARGMOH
00E895  1  88           DEY
00E896  1               .endif
00E896  1  B1 61        LDA (INDEX1),Y
00E898  1  85 AD        STA ARGSGN
00E89A  1  45 A5        EOR FACSGN
00E89C  1  85 AE        STA ARISGN
00E89E  1  A5 AD        LDA ARGSGN
00E8A0  1  09 80        ORA #128
00E8A2  1  85 A9        STA ARGHO
00E8A4  1  88           DEY
00E8A5  1  B1 61        LDA (INDEX1),Y
00E8A7  1  85 A8        STA ARGEXP
00E8A9  1  A5 A0        LDA FACEXP ;SET CODES OF FACEXP.
00E8AB  1  60           RTS
00E8AC  1               
00E8AC  1               ;CHECK SPECIAL CASES AND ADD EXPONENTS FOR FMULT, FDIV.
00E8AC  1  A5 A8        MULDIV: LDA ARGEXP ;EXP OF ARG=0?
00E8AE  1  F0 22        MLDEXP: BEQ ZEREMV ;SO WE GET ZERO EXPONENT.
00E8B0  1  18           CLC
00E8B1  1  65 A0        ADC FACEXP ;RESULT IS IN ACCA.
00E8B3  1  90 07        BCC TRYOFF ;FIND [C] XOR [N].
00E8B5  1  30 20        BMI GOOVER ;OVERFLOW IF BITS MATCH.
00E8B7  1  18           CLC
00E8B8  1  00 02 2C 00  .word 512,44
00E8BC  1  10 14        TRYOFF: BPL ZEREMV ;UNDERFLOW.
00E8BE  1  69 80        ADC #128 ;ADD BIAS.
00E8C0  1  85 A0        STA FACEXP
00E8C2  1                ;ZERO THE REST OF IT.
00E8C2  1  D0 03        BNE *+5
00E8C4  1  4C F0 E6     JMP ZEROML
00E8C7  1  A5 AE        LDA ARISGN
00E8C9  1  85 A5        STA FACSGN ;ARISGN IS RESULT'S SIGN.
00E8CB  1  60           RTS ;DONE.
00E8CC  1  A5 A5        MLDVEX: LDA FACSGN ;GET SIGN.
00E8CE  1  49 FF        EOR #255 ;COMPLEMENT IT.
00E8D0  1  30 05        BMI GOOVER
00E8D2  1  68           ZEREMV: PLA ;GET ADDR OFF STACK.
00E8D3  1  68           PLA
00E8D4  1  4C EC E6     JMP ZEROFC ;UNDERFLOW.
00E8D7  1  4C 73 E7     GOOVER: JMP OVERR ;OVERFLOW.
00E8DA  1               
00E8DA  1               ;MULTIPLY FAC BY 10.
00E8DA  1  20 07 EA     MUL10: JSR MOVAF ;COPY FAC INTO ARG.
00E8DD  1  AA           TAX
00E8DE  1  F0 10        BEQ MUL10R ;IF [FAC]=0, GOT ANSWER.
00E8E0  1  18           CLC
00E8E1  1  69 02        ADC #2 ;AUGMENT EXP BY 2.
00E8E3  1  B0 F2        BCS GOOVER ;OVERFLOW.
00E8E5  1  A2 00        FINML6: LDX #0
00E8E7  1  86 AE        STX ARISGN ;SIGNS ARE SAME.
00E8E9  1  20 6C E6     JSR FADDC ;ADD TOGETHER.
00E8EC  1  E6 A0        INC FACEXP ;MULTIPLY BY TWO.
00E8EE  1  F0 E7        BEQ GOOVER ;OVERFLOW.
00E8F0  1  60           MUL10R: RTS
00E8F1  1               
00E8F1  1               ; DIVIDE FAC BY 10.
00E8F1  1  84           TENZC: .byte 132
00E8F2  1  20           .byte 32
00E8F3  1  00           .byte 0
00E8F4  1  00           .byte 0
00E8F5  1               .if ADDPRC <> 0
00E8F5  1  00           .byte 0
00E8F6  1               .endif
00E8F6  1  20 07 EA     DIV10: JSR MOVAF ;MOVE FAC TO ARG.
00E8F9  1                ;POINT TO CONSTANT OF 10.0
00E8F9  1  A9 F1        LDA #TENZC&255
00E8FB  1  A0 E8        LDY #TENZC/256
00E8FD  1  A2 00        LDX #0 ;SIGNS ARE BOTH POSITIVE.
00E8FF  1  86 AE        FDIVF: STX ARISGN
00E901  1  20 9A E9     JSR MOVFM ;PUT IT INTO FAC.
00E904  1  4C 0A E9     JMP FDIVT ;SKIP OVER NEXT TWO BYTES.
00E907  1  20 81 E8     FDIV: JSR CONUPK ;UNPACK CONSTANT.
00E90A  1  F0 76        FDIVT: BEQ DV0ERR ;CAN'T DIVIDE BY ZERO !
00E90C  1               ;(NOT ENOUGH ROOM TO STORE RESULT.)
00E90C  1  20 16 EA     JSR ROUND ;TAKE FACOV INTO ACCT IN FAC.
00E90F  1  A9 00        LDA #0 ;NEGATE FACEXP.
00E911  1  38           SEC
00E912  1  E5 A0        SBC FACEXP
00E914  1  85 A0        STA FACEXP
00E916  1  20 AC E8     JSR MULDIV ;FIX UP EXPONENTS.
00E919  1  E6 A0        INC FACEXP ;SCALE IT RIGHT.
00E91B  1  F0 BA        BEQ GOOVER ;OVERFLOW.
00E91D  1  A2 FC        LDX #256-3-ADDPRC ;SETUP PROCEDURE.
00E91F  1  A9 01        LDA #1
00E921  1               DIVIDE: ;THIS IS THE BEST CODE IN THE WHOLE PILE.
00E921  1  A4 A9        LDY ARGHO ;SEE WHAT RELATION HOLDS.
00E923  1  C4 A1        CPY FACHO
00E925  1  D0 10        BNE SAVQUO ;[C]=0,1. N(C=0)=0.
00E927  1               .if ADDPRC <> 0
00E927  1               
00E927  1  A4 AA        LDY ARGMOH
00E929  1  C4 A2        CPY FACMOH
00E92B  1  D0 0A        BNE SAVQUO
00E92D  1               .endif
00E92D  1  A4 AB        LDY ARGMO
00E92F  1  C4 A3        CPY FACMO
00E931  1  D0 04        BNE SAVQUO
00E933  1  A4 AC        LDY ARGLO
00E935  1  C4 A4        CPY FACLO
00E937  1  08           SAVQUO: PHP
00E938  1  2A           ROL ;SAVE RESULT.
00E939  1  90 09        BCC QSHFT ;IF NOT DONE, CONTINUE.
00E93B  1  E8           INX
00E93C  1  95 68        STA RESLO,X
00E93E  1  F0 32        BEQ LD100
00E940  1  10 34        BPL DIVNRM ;NOTE THIS REQ 1 MO RAM THEN NECESS.
00E942  1  A9 01        LDA #1
00E944  1  28           QSHFT: PLP ;RETURN CONDITION CODES.
00E945  1  B0 0E        BCS DIVSUB ;FAC .LE. ARG.
00E947  1  06 AC        SHFARG: ASL ARGLO ;SHIFT ARG ONE PLACE LEFT.
00E949  1  26 AB        ROL ARGMO
00E94B  1               .if ADDPRC <> 0
00E94B  1               
00E94B  1  26 AA        ROL ARGMOH
00E94D  1               .endif
00E94D  1  26 A9        ROL ARGHO
00E94F  1  B0 E6        BCS SAVQUO ;SAVE A RESULT OF ONE FOR THIS POSITION
00E951  1               ;AND DIVIDE.
00E951  1  30 CE        BMI DIVIDE ;IF MSB ON, GO DECIDE WHETHER TO SUB.
00E953  1  10 E2        BPL SAVQUO
00E955  1  A8           DIVSUB: TAY ;NOTICE C MUST BE ON HERE.
00E956  1  A5 AC        LDA ARGLO
00E958  1  E5 A4        SBC FACLO
00E95A  1  85 AC        STA ARGLO
00E95C  1  A5 AB        LDA ARGMO
00E95E  1  E5 A3        SBC FACMO
00E960  1  85 AB        STA ARGMO
00E962  1               .if ADDPRC <> 0
00E962  1               
00E962  1  A5 AA        LDA ARGMOH
00E964  1  E5 A2        SBC FACMOH
00E966  1  85 AA        STA ARGMOH
00E968  1               .endif
00E968  1  A5 A9        LDA ARGHO
00E96A  1  E5 A1        SBC FACHO
00E96C  1  85 A9        STA ARGHO
00E96E  1  98           TYA
00E96F  1  4C 47 E9     JMP SHFARG
00E972  1  A9 40        LD100: LDA #64 ;ONLY WANT TWO MORE BITS.
00E974  1  D0 CE        BNE QSHFT ;ALWAYS BRANCHES.
00E976  1  0A           DIVNRM: ASL ;GET LAST TWO BITS INTO MSB AND B6.
00E977  1  0A           ASL
00E978  1  0A           ASL
00E979  1  0A           ASL
00E97A  1  0A           ASL
00E97B  1  0A           ASL
00E97C  1  85 AF        STA FACOV
00E97E  1  28           PLP ;TO GET GARBAGE OFF STACK.
00E97F  1  4C 87 E9     JMP MOVFR ;MOVE RESULT INTO FAC, THEN
00E982  1               ;NORMALIZE RESULT AND RETURN.
00E982  1  A2 85        DV0ERR: LDX #ERRDV0
00E984  1  4C 1D D3     JMP ERROR
00E987  1               ; PAGE
00E987  1               ; SUBTTL	FLOATING POINT MOVEMENT ROUTINES.
00E987  1               ;MOVE RESULT TO FAC.
00E987  1  A5 65        MOVFR: LDA RESHO
00E989  1  85 A1        STA FACHO
00E98B  1               .if ADDPRC <> 0
00E98B  1               
00E98B  1  A5 66        LDA RESMOH
00E98D  1  85 A2        STA FACMOH
00E98F  1               .endif
00E98F  1  A5 67        LDA RESMO
00E991  1  85 A3        STA FACMO
00E993  1  A5 68        LDA RESLO ;MOVE LO AND SGN.
00E995  1  85 A4        STA FACLO
00E997  1  4C CC E6     JMP NORMAL ;ALL DONE.
00E99A  1               
00E99A  1               ;MOVE MEMORY INTO FAC (UNPACKED).
00E99A  1               MOVFM:
00E99A  1  85 61        STA INDEX1
00E99C  1  84 62        STY INDEX1+1
00E99E  1  A0 04        LDY #3+ADDPRC
00E9A0  1  B1 61        LDA (INDEX1),Y
00E9A2  1  85 A4        STA FACLO
00E9A4  1  88           DEY
00E9A5  1  B1 61        LDA (INDEX1),Y
00E9A7  1  85 A3        STA FACMO
00E9A9  1  88           DEY
00E9AA  1               .if ADDPRC <> 0
00E9AA  1               
00E9AA  1  B1 61        LDA (INDEX1),Y
00E9AC  1  85 A2        STA FACMOH
00E9AE  1  88           DEY
00E9AF  1               .endif
00E9AF  1  B1 61        LDA (INDEX1),Y
00E9B1  1  85 A5        STA FACSGN
00E9B3  1  09 80        ORA #128
00E9B5  1  85 A1        STA FACHO
00E9B7  1  88           DEY
00E9B8  1  B1 61        LDA (INDEX1),Y
00E9BA  1  85 A0        STA FACEXP ;LEAVE SWITCHES SET ON EXP.
00E9BC  1  84 AF        STY FACOV
00E9BE  1  60           RTS
00E9BF  1               
00E9BF  1               ;MOVE NUMBER FROM FAC TO MEMORY.
00E9BF  1  A2 9B        MOV2F: LDX #TEMPF2
00E9C1  1  00 02 2C 00  .word 512,44
00E9C5  1  A2 96        MOV1F: LDX #TEMPF1
00E9C7  1  A0 00        MOVML: LDY #0
00E9C9  1  F0 04        BEQ MOVMF ;ALWAYS BRANCHES.
00E9CB  1               MOVVF:
00E9CB  1  A6 88        LDX FORPNT
00E9CD  1  A4 89        LDY FORPNT+1
00E9CF  1  20 16 EA     MOVMF: JSR ROUND
00E9D2  1               
00E9D2  1  86 61        STX INDEX1
00E9D4  1  84 62        STY INDEX1+1
00E9D6  1  A0 04        LDY #3+ADDPRC
00E9D8  1  A5 A4        LDA FACLO
00E9DA  1  91 61        STA (INDEX),Y
00E9DC  1  88           DEY
00E9DD  1  A5 A3        LDA FACMO
00E9DF  1  91 61        STA (INDEX),Y
00E9E1  1  88           DEY
00E9E2  1               .if ADDPRC <> 0
00E9E2  1               
00E9E2  1  A5 A2        LDA FACMOH
00E9E4  1  91 61        STA (INDEX),Y
00E9E6  1  88           DEY
00E9E7  1               .endif
00E9E7  1  A5 A5        LDA FACSGN ;INCLUDE SIGN IN HO.
00E9E9  1  09 7F        ORA #127
00E9EB  1  25 A1        AND FACHO
00E9ED  1  91 61        STA (INDEX),Y
00E9EF  1  88           DEY
00E9F0  1  A5 A0        LDA FACEXP
00E9F2  1  91 61        STA (INDEX),Y
00E9F4  1  84 AF        STY FACOV ;ZERO IT SINCE ROUNDED.
00E9F6  1  60           RTS ;[Y]=0.
00E9F7  1               
00E9F7  1               ;MOVE ARG INTO FAC.
00E9F7  1  A5 AD        MOVFA: LDA ARGSGN
00E9F9  1  85 A5        MOVFA1: STA FACSGN
00E9FB  1  A2 05        LDX #4+ADDPRC
00E9FD  1  B5 A7        MOVFAL: LDA ARGEXP-1,X
00E9FF  1  95 9F        STA FACEXP-1,X
00EA01  1  CA           DEX
00EA02  1  D0 F9        BNE MOVFAL
00EA04  1  86 AF        STX FACOV
00EA06  1  60           RTS
00EA07  1               
00EA07  1               ;MOVE FAC INTO ARG.
00EA07  1  20 16 EA     MOVAF: JSR ROUND
00EA0A  1  A2 06        MOVEF: LDX #5+ADDPRC
00EA0C  1  B5 9F        MOVAFL: LDA FACEXP-1,X
00EA0E  1  95 A7        STA ARGEXP-1,X
00EA10  1  CA           DEX
00EA11  1  D0 F9        BNE MOVAFL
00EA13  1  86 AF        STX FACOV ;ZERO IT SINCE ROUNDED.
00EA15  1  60           MOVRTS: RTS
00EA16  1               
00EA16  1  A5 A0        ROUND: LDA FACEXP ;ZERO?
00EA18  1  F0 FB        BEQ MOVRTS ;YES. DONE ROUNDING.
00EA1A  1  06 AF        ASL FACOV ;ROUND?
00EA1C  1  90 F7        BCC MOVRTS ;NO. MSB OFF.
00EA1E  1  20 64 E7     INCRND: JSR INCFAC ;YES, ADD ONE TO LSB(FAC).
00EA21  1  D0 F2        BNE MOVRTS ;NO CARRY MEANS DONE.
00EA23  1  4C 2D E7     JMP RNDSHF ;SQUEEZ MSB IN AND RTS.
00EA26  1               ;NOTE [C]=1 SINCE INCFAC DOESNT TOUCH C.
00EA26  1               ; PAGE
00EA26  1               ; SUBTTL	SIGN, SGN, FLOAT, NEG, ABS.
00EA26  1               
00EA26  1               ;PUT SIGN OF FAC IN ACCA.
00EA26  1  A5 A0        SIGN: LDA FACEXP
00EA28  1  F0 09        BEQ SIGNRT ;IF NUMBER IS ZERO, SO IS RESULT.
00EA2A  1  A5 A5        FCSIGN: LDA FACSGN
00EA2C  1  2A           FCOMPS: ROL
00EA2D  1  A9 FF        LDA #255 ;ASSUME NEGATIVE.
00EA2F  1  B0 02        BCS SIGNRT
00EA31  1  A9 01        LDA #1 ;GET +1.
00EA33  1  60           SIGNRT: RTS
00EA34  1               
00EA34  1               ;SGN FUNCTION.
00EA34  1  20 26 EA     SGN: JSR SIGN
00EA37  1               
00EA37  1               ;FLOAT THE SIGNED INTEGER IN ACCA.
00EA37  1  85 A1        FLOAT: STA FACHO ;PUT [ACCA] IN HIGH ORDER.
00EA39  1  A9 00        LDA #0
00EA3B  1  85 A2        STA FACHO+1
00EA3D  1  A2 88        LDX #136 ;GET THE EXPONENT.
00EA3F  1               
00EA3F  1               ;FLOAT THE SIGNED NUMBER IN FAC.
00EA3F  1  A5 A1        FLOATS: LDA FACHO
00EA41  1  49 FF        EOR #255
00EA43  1  2A           ROL ;GET COMP OF SIGN IN CARRY.
00EA44  1  A9 00        FLOATC: LDA #0 ;ZERO [ACCA] BUT NOT CARRY.
00EA46  1  85 A4        STA FACLO
00EA48  1               .if ADDPRC <> 0
00EA48  1               
00EA48  1  85 A3        STA FACMO
00EA4A  1               .endif
00EA4A  1  86 A0        FLOATB: STX FACEXP
00EA4C  1  85 AF        STA FACOV
00EA4E  1  85 A5        STA FACSGN
00EA50  1  4C C7 E6     JMP FADFLT
00EA53  1               
00EA53  1               ;ABSOLUTE VALUE OF FAC.
00EA53  1  46 A5        ABS: LSR FACSGN
00EA55  1  60           RTS
00EA56  1               
00EA56  1               ; PAGE
00EA56  1               ; SUBTTL	COMPARE TWO NUMBERS.
00EA56  1               ;A=1 IF ARG .LT. FAC.
00EA56  1               ;A=0 IF ARG=FAC.
00EA56  1               ;A=-1 IF ARG .GT. FAC.
00EA56  1  85 63        FCOMP: STA INDEX2
00EA58  1  84 64        FCOMPN: STY INDEX2+1
00EA5A  1  A0 00        LDY #0
00EA5C  1  B1 63        LDA (INDEX2),Y ;HAS ARGEXP.
00EA5E  1  C8           INY ;BUMP PNTR UP.
00EA5F  1  AA           TAX ;SAVE A IN X AND RESET CODES.
00EA60  1  F0 C4        BEQ SIGN
00EA62  1  B1 63        LDA (INDEX2),Y
00EA64  1  45 A5        EOR FACSGN ;SIGNS THE SAME.
00EA66  1  30 C2        BMI FCSIGN ;SIGNS DIFFER SO RESULT IS
00EA68  1               ;SIGN OF FAC AGAIN.
00EA68  1  E4 A0        FOUTCP: CPX FACEXP
00EA6A  1  D0 21        BNE FCOMPC
00EA6C  1  B1 63        LDA (INDEX2),Y
00EA6E  1  09 80        ORA #128
00EA70  1  C5 A1        CMP FACHO
00EA72  1  D0 19        BNE FCOMPC
00EA74  1  C8           INY
00EA75  1               .if ADDPRC <> 0
00EA75  1               
00EA75  1  B1 63        LDA (INDEX2),Y
00EA77  1  C5 A2        CMP FACMOH
00EA79  1  D0 12        BNE FCOMPC
00EA7B  1  C8           INY
00EA7C  1               .endif
00EA7C  1  B1 63        LDA (INDEX2),Y
00EA7E  1  C5 A3        CMP FACMO
00EA80  1  D0 0B        BNE FCOMPC
00EA82  1  C8           INY
00EA83  1  A9 7F        LDA #127
00EA85  1  C5 AF        CMP FACOV
00EA87  1  B1 63        LDA (INDEX2),Y
00EA89  1  E5 A4        SBC FACLO ;GET ZERO IF EQUAL.
00EA8B  1  F0 28        BEQ QINTRT
00EA8D  1  A5 A5        FCOMPC: LDA FACSGN
00EA8F  1  90 02        BCC FCOMPD
00EA91  1  49 FF        EOR #255
00EA93  1  4C 2C EA     FCOMPD: JMP FCOMPS ;A PART OF SIGN SETS ACCA UP.
00EA96  1               
00EA96  1               ; PAGE
00EA96  1               ; SUBTTL	GREATEST INTEGER FUNCTION.
00EA96  1               ;QUICK GREATEST INTEGER FUNCTION.
00EA96  1               ;LEAVES INT(FAC) IN FACHO&MO&LO SIGNED.
00EA96  1               ;ASSUMES FAC .LT. 2^23 = 8388608
00EA96  1  A5 A0        QINT: LDA FACEXP
00EA98  1  F0 4A        BEQ CLRFAC ;IF ZERO, GOT IT.
00EA9A  1  38           SEC
00EA9B  1  E9 A0        SBC #<((8*ADDPRC)+152) ;GET NUMBER OF PLACES TO SHIFT.
00EA9D  1  24 A5        BIT FACSGN
00EA9F  1  10 09        BPL QISHFT
00EAA1  1  AA           TAX
00EAA2  1  A9 FF        LDA #255
00EAA4  1  85 A7        STA BITS ;PUT 377 IN WHEN SHFTR SHIFTS BYTES.
00EAA6  1  20 42 E7     JSR NEGFCH ;TRULY NEGATE QUANTITY IN FAC.
00EAA9  1  8A           TXA
00EAAA  1  A2 A0        QISHFT: LDX #FAC
00EAAC  1  C9 F9        CMP #256-7
00EAAE  1  10 06        BPL QINT1 ;IF NUMBER OF PLACES .GE. 7
00EAB0  1               ;SHIFT 1 PLACE AT A TIME.
00EAB0  1  20 8E E7     JSR SHIFTR ;START SHIFTING BYTES, THEN BITS.
00EAB3  1  84 A7        STY BITS ;ZERO BITS SINCE ADDER WANTS ZERO.
00EAB5  1  60           QINTRT: RTS
00EAB6  1  A8           QINT1: TAY ;PUT COUNT IN COUNTER.
00EAB7  1  A5 A5        LDA FACSGN
00EAB9  1  29 80        AND #128 ;GET SIGN BIT.
00EABB  1  46 A1        LSR FACHO ;SAVE FIRST SHIFTED BYTE.
00EABD  1  05 A1        ORA FACHO
00EABF  1  85 A1        STA FACHO
00EAC1  1  20 A5 E7     JSR ROLSHF ;SHIFT THE REST.
00EAC4  1  84 A7        STY BITS ;ZERO [BITS].
00EAC6  1  60           RTS
00EAC7  1               
00EAC7  1               ;GREATEST INTEGER FUNCTION.
00EAC7  1  A5 A0        INT: LDA FACEXP
00EAC9  1  C9 A0        CMP #<((8*ADDPRC)+152)
00EACB  1  B0 20        BCS INTRTS ;FORGET IT.
00EACD  1  20 96 EA     JSR QINT
00EAD0  1  84 AF        STY FACOV ;CLR OVERFLOW BYTE.
00EAD2  1  A5 A5        LDA FACSGN
00EAD4  1  84 A5        STY FACSGN ;MAKE FAC LOOK POSITIVE.
00EAD6  1  49 80        EOR #128 ;GET COMPLEMENT OF SIGN IN CARRY.
00EAD8  1  2A           ROL
00EAD9  1  A9 A0        LDA #<((8*ADDPRC)+152)
00EADB  1  85 A0        STA FACEXP
00EADD  1  A5 A4        LDA FACLO
00EADF  1  85 0D        STA INTEGR
00EAE1  1  4C C7 E6     JMP FADFLT
00EAE4  1  85 A1        CLRFAC: STA FACHO ;MAKE IT REALLY ZERO.
00EAE6  1               .if ADDPRC <> 0
00EAE6  1  85 A2        STA FACMOH
00EAE8  1               .endif
00EAE8  1  85 A3        STA FACMO
00EAEA  1  85 A4        STA FACLO
00EAEC  1  A8           TAY
00EAED  1  60           INTRTS: RTS
00EAEE  1               ; PAGE
00EAEE  1               ; SUBTTL	FLOATING POINT INPUT ROUTINE.
00EAEE  1               ;NUMBER INPUT IS LEFT IN FAC.
00EAEE  1               ;AT ENTRY [TXTPTR] POINTS TO THE FIRST CHARACTER IN A TEXT BUFFER.
00EAEE  1               ;THE FIRST CHARACTER IS ALSO IN ACCA. FIN PACKS THE DIGITS
00EAEE  1               ;INTO THE FAC AS AN INTEGER AND KEEPS TRACK OF WHERE THE
00EAEE  1               ;DECIMAL POINT IS. [DPTFLG] TELL WHETHER A DP HAS BEEN
00EAEE  1               ;SEEN. [DECCNT] IS THE NUMBER OF DIGITS AFTER THE DP.
00EAEE  1               ;AT THE END [DECCNT] AND THE EXPONENT ARE USED TO
00EAEE  1               ;DETERMINE HOW MANY TIMES TO MULTIPLY OR DIVIDE BY TEN
00EAEE  1               ;TO GET THE CORRECT NUMBER.
00EAEE  1  A0 00        FIN: LDY #0 ;ZERO FACSGN&SGNFLG.
00EAF0  1  A2 0A        LDX #9+ADDPRC ;ZERO EXP AND HO (AND MOH).
00EAF2  1  94 9C        FINZLP: STY DECCNT,X ;ZERO MO AND LO.
00EAF4  1  CA           DEX ;ZERO TENEXP AND EXPSGN
00EAF5  1  10 FB        BPL FINZLP ;ZERO DECCNT, DPTFLG.
00EAF7  1  90 0F        BCC FINDGQ ;FLAGS STILL SET FROM CHRGET.
00EAF9  1  C9 2D        CMP #'-' ;A NEGATIVE SIGN?
00EAFB  1  D0 04        BNE QPLUS ;NO, TRY PLUS SIGN.
00EAFD  1  86 A6        STX SGNFLG ;IT'S NEGATIVE. (X=377).
00EAFF  1  F0 04        BEQ FINC ;ALWAYS BRANCHES.
00EB01  1  C9 2B        QPLUS: CMP #'+' ;PLUS SIGN?
00EB03  1  D0 05        BNE FIN1 ;YES, SKIP IT.
00EB05  1  20 B2 00     FINC: JSR CHRGET
00EB08  1  90 5B        FINDGQ: BCC FINDIG
00EB0A  1  C9 2A        FIN1: CMP #'*' ;THE DP?
00EB0C  1  F0 2E        BEQ FINDP ;NO KIDDING.
00EB0E  1  C9 45        CMP #'E' ;EXPONENT FOLLOWS.
00EB10  1  D0 30        BNE FINE ;NO.
00EB12  1               ;HERE TO CHECK FOR SIGN OF EXP.
00EB12  1  20 B2 00     JSR CHRGET ;YES. GET ANOTHER.
00EB15  1  90 17        BCC FNEDG1 ;IT IS A DIGIT. (EASIER THAN
00EB17  1               ;BACKING UP POINTER.)
00EB17  1  C9 81        CMP #MINUTK ;MINUS?
00EB19  1  F0 0E        BEQ FINEC1 ;NEGATE.
00EB1B  1  C9 2D        CMP #'-' ;MINUS SIGN?
00EB1D  1  F0 0A        BEQ FINEC1
00EB1F  1  C9 81        CMP #PLUSTK ;PLUS?
00EB21  1  F0 08        BEQ FINEC
00EB23  1  C9 2B        CMP #'+' ;PLUS SIGN?
00EB25  1  F0 04        BEQ FINEC
00EB27  1  D0 07        BNE FINEC2
00EB29  1  66 9F        FINEC1: ROR EXPSGN ;TURN IT ON.
00EB2B  1  20 B2 00     FINEC: JSR CHRGET ;GET ANOTHER.
00EB2E  1  90 5C        FNEDG1: BCC FINEDG ;IT IS A DIGIT.
00EB30  1  24 9F        FINEC2: BIT EXPSGN
00EB32  1  10 0E        BPL FINE
00EB34  1  A9 00        LDA #0
00EB36  1  38           SEC
00EB37  1  E5 9D        SBC TENEXP
00EB39  1  4C 44 EB     JMP FINE1
00EB3C  1  66 9E        FINDP: ROR DPTFLG
00EB3E  1  24 9E        BIT DPTFLG
00EB40  1  50 C3        BVC FINC
00EB42  1  A5 9D        FINE: LDA TENEXP
00EB44  1  38           FINE1: SEC
00EB45  1  E5 9C        SBC DECCNT ;GET NUMBER OF PLACES TO SHIFT.
00EB47  1  85 9D        STA TENEXP
00EB49  1  F0 12        BEQ FINQNG ;NEGATE?
00EB4B  1  10 09        BPL FINMUL ;POSITIVE SO MULTIPLY.
00EB4D  1  20 F6 E8     FINDIV: JSR DIV10
00EB50  1  E6 9D        INC TENEXP ;DONE?
00EB52  1  D0 F9        BNE FINDIV ;NO.
00EB54  1  F0 07        BEQ FINQNG ;YES.
00EB56  1  20 DA E8     FINMUL: JSR MUL10
00EB59  1  C6 9D        DEC TENEXP ;DONE?
00EB5B  1  D0 F9        BNE FINMUL ;NO
00EB5D  1  A5 A6        FINQNG: LDA SGNFLG
00EB5F  1  30 01        BMI NEGXQS ;IF POSITIVE, RETURN.
00EB61  1  60           RTS
00EB62  1  4C 70 ED     NEGXQS: JMP NEGOP ;OTHERWISE, NEGATE AND RETURN.
00EB65  1               
00EB65  1  48           FINDIG: PHA
00EB66  1  24 9E        BIT DPTFLG
00EB68  1  10 02        BPL FINDG1
00EB6A  1  E6 9C        INC DECCNT
00EB6C  1  20 DA E8     FINDG1: JSR MUL10
00EB6F  1  68           PLA ;GET IT BACK.
00EB70  1  38           SEC
00EB71  1  E9 30        SBC #'0'
00EB73  1  20 79 EB     JSR FINLOG ;ADD IT IN.
00EB76  1  4C 05 EB     JMP FINC
00EB79  1               
00EB79  1  48           FINLOG: PHA
00EB7A  1  20 07 EA     JSR MOVAF ;SAVE FAC FOR LATER.
00EB7D  1  68           PLA
00EB7E  1  20 37 EA     JSR FLOAT ;FLOAT THE VALUE IN ACCA.
00EB81  1  A5 AD        LDA ARGSGN
00EB83  1  45 A5        EOR FACSGN
00EB85  1  85 AE        STA ARISGN ;RESULTANT SIGN.
00EB87  1  A6 A0        LDX FACEXP ;SET SIGNS ON THING TO ADD.
00EB89  1  4C 5F E6     JMP FADDT ;ADD TOGETHER AND RETURN.
00EB8C  1               
00EB8C  1               ;HERE PACK IN THE NEXT DIGIT OF THE EXPONENT.
00EB8C  1               ;MULTIPLY THE OLD EXP BY 10 AND ADD IN THE NEXT
00EB8C  1               ;DIGIT. NOTE: EXP OVERFLOW IS NOT CHECKED FOR.
00EB8C  1  A5 9D        FINEDG: LDA TENEXP ;GET EXP SO FAR.
00EB8E  1  C9 0A        CMP #10 ;WILL RESULT BE .GE. 100?
00EB90  1  90 09        BCC MLEX10
00EB92  1  A9 64        LDA #100 ;GET 100.
00EB94  1  24 9F        BIT EXPSGN
00EB96  1  30 11        BMI MLEXMI ;IF NEG EXP, NO CHK FOR OVERR.
00EB98  1  4C 73 E7     JMP OVERR
00EB9B  1  0A           MLEX10: ASL ;MULT BY 2 TWICE
00EB9C  1  0A           ASL
00EB9D  1  18           CLC ;POSSIBLE SHIFT OUT OF HIGH.
00EB9E  1  65 9D        ADC TENEXP ;LIKE MULTIPLYING BY FIVE.
00EBA0  1  0A           ASL ;AND NOW BY TEN.
00EBA1  1  18           CLC
00EBA2  1  A0 00        LDY #0
00EBA4  1  71 B9        ADC (TXTPTR),Y
00EBA6  1  38           SEC
00EBA7  1  E9 30        SBC #'0'
00EBA9  1  85 9D        MLEXMI: STA TENEXP ;SAVE RESULT.
00EBAB  1  4C 2B EB     JMP FINEC
00EBAE  1               ; PAGE
00EBAE  1               ; SUBTTL	FLOATING POINT OUTPUT ROUTINE.
00EBAE  1               
00EBAE  1               .if ADDPRC = 0
00EBAE  1               
00EBAE  1               NZ0999: .byte 145
00EBAE  1               .byte 67
00EBAE  1               .byte 79
00EBAE  1               .byte 248
00EBAE  1               NZ9999: .byte 148
00EBAE  1               .byte 116
00EBAE  1               .byte 35
00EBAE  1               .byte 247
00EBAE  1               NZMIL: .byte 148
00EBAE  1               .byte 116
00EBAE  1               .byte 36
00EBAE  1               .byte 0
00EBAE  1               .endif
00EBAE  1               .if ADDPRC <> 0
00EBAE  1               
00EBAE  1  9B           NZ0999: .byte 155
00EBAF  1  3E           .byte 62
00EBB0  1  BC           .byte 188
00EBB1  1  1F           .byte 31
00EBB2  1  FD           .byte 253
00EBB3  1  9E           NZ9999: .byte 158
00EBB4  1  6E           .byte 110
00EBB5  1  6B           .byte 107
00EBB6  1  27           .byte 39
00EBB7  1  FD           .byte 253
00EBB8  1  9E           NZMIL: .byte 158
00EBB9  1  6E           .byte 110
00EBBA  1  6B           .byte 107
00EBBB  1  28           .byte 40
00EBBC  1  00           .byte 0
00EBBD  1               .endif
00EBBD  1               ;ENTRY TO LINPRT.
00EBBD  1               INPRT:
00EBBD  1  A9 5C        LDA #INTXT&255
00EBBF  1  A0 D2        LDY #INTXT/256
00EBC1  1  20 D5 EB     JSR STROU2
00EBC4  1  A5 79        LDA CURLIN+1
00EBC6  1  A6 78        LDX CURLIN
00EBC8  1               LINPRT:
00EBC8  1  85 A1        STA FACHO
00EBCA  1  86 A2        STX FACHO+1
00EBCC  1  A2 90        LDX #144 ;EXPONENT OF 16.
00EBCE  1  38           SEC ;NUMBER IS POSITIVE.
00EBCF  1  20 44 EA     JSR FLOATC
00EBD2  1  20 D8 EB     JSR FOUT
00EBD5  1  4C DF D9     STROU2: JMP STROUT ;PRINT AND RETURN.
00EBD8  1               
00EBD8  1  A0 01        FOUT: LDY #1
00EBDA  1  A9 20        FOUTC: LDA #' ' ;PRINT SPACE IF POSITIVE.
00EBDC  1  24 A5        BIT FACSGN
00EBDE  1  10 02        BPL FOUT1
00EBE0  1  A9 2D        LDA #'-'
00EBE2  1  99 FF 00     FOUT1: STA FBUFFR-1,Y;STORE THE CHARACTER.
00EBE5  1  85 A5        STA FACSGN ;MAKE FAC POS FOR QINT.
00EBE7  1  84 B0        STY FBUFPT ;SAVE FOR LATER.
00EBE9  1  C8           INY
00EBEA  1  A9 30        LDA #'0' ;GET ZERO TO TYPE IF FAC=0.
00EBEC  1  A6 A0        LDX FACEXP
00EBEE  1               
00EBEE  1  D0 03        BNE *+5
00EBF0  1  4C F7 EC     JMP FOUT19
00EBF3  1  A9 00        LDA #0
00EBF5  1  E0 80        CPX #128 ;IS NUMBER .LT. 1.0 ?
00EBF7  1  F0 02        BEQ FOUT37 ;NO.
00EBF9  1  B0 09        BCS FOUT7
00EBFB  1               FOUT37: ;MULTIPLY BY 10^6.
00EBFB  1  A9 B8        LDA #NZMIL&255
00EBFD  1  A0 EB        LDY #NZMIL/256
00EBFF  1  20 1D E8     JSR FMULT
00EC02  1  A9 F7        LDA #<(((256-3)*ADDPRC)-6)
00EC04  1  85 9C        FOUT7: STA DECCNT ;SAVE COUNT OR ZERO IT.
00EC06  1               FOUT4:
00EC06  1  A9 B3        LDA #NZ9999&255
00EC08  1  A0 EB        LDY #NZ9999/256
00EC0A  1  20 56 EA     JSR FCOMP ;IS NUMBER .GT. 999999.499 ?
00EC0D  1               ;OR 999999999.499?
00EC0D  1  F0 1E        BEQ BIGGES
00EC0F  1  10 12        BPL FOUT9 ;YES. MAKE IT SMALLER.
00EC11  1               FOUT3:
00EC11  1  A9 AE        LDA #NZ0999&255
00EC13  1  A0 EB        LDY #NZ0999/256
00EC15  1  20 56 EA     JSR FCOMP ;IS NUMBER .GT. 99999.9499 ?
00EC18  1               ; OR 99999999.9499?
00EC18  1  F0 02        BEQ FOUT38
00EC1A  1  10 0E        BPL FOUT5 ;YES. DONE MULTIPLYING.
00EC1C  1  20 DA E8     FOUT38: JSR MUL10 ;MAKE IT BIGGER.
00EC1F  1  C6 9C        DEC DECCNT
00EC21  1  D0 EE        BNE FOUT3 ;SEE IF THAT DOES IT.
00EC23  1               ;THIS ALWAYS GOES.
00EC23  1  20 F6 E8     FOUT9: JSR DIV10 ;MAKE IT SMALLER.
00EC26  1  E6 9C        INC DECCNT
00EC28  1  D0 DC        BNE FOUT4 ;SEE IF THAT DOES IT.
00EC2A  1               ;THIS ALWAYS GOES.
00EC2A  1               
00EC2A  1  20 3E E6     FOUT5: JSR FADDH ;ADD A HALF TO ROUND UP.
00EC2D  1  20 96 EA     BIGGES: JSR QINT
00EC30  1  A2 01        LDX #1 ;DECIMAL POINT COUNT.
00EC32  1  A5 9C        LDA DECCNT
00EC34  1  18           CLC
00EC35  1  69 0A        ADC #<((3*ADDPRC)+7) ;SHOULD NUMBER BE PRINTED IN E NOTATION?
00EC37  1               ;IE, IS NUMBER .LT. .01 ?
00EC37  1  30 09        BMI FOUTPI ;YES.
00EC39  1  C9 0B        CMP #<((3*ADDPRC)+8) ;IS IT .GT. 999999 (999999999)?
00EC3B  1  B0 06        BCS FOUT6 ;YES. USE E NOTATION.
00EC3D  1  69 FF        ADC #255 ;NUMBER OF PLACES BEFORE DECIMAL POINT.
00EC3F  1  AA           TAX ;PUT INTO ACCX.
00EC40  1  A9 02        LDA #2 ;NO E NOTATION.
00EC42  1  38           FOUTPI: SEC
00EC43  1  E9 02        FOUT6: SBC #2 ;EFFECTIVELY ADD 5 TO ORIG EXP.
00EC45  1  85 9D        STA TENEXP ;THAT IS THE EXPONENT TO PRINT.
00EC47  1  86 9C        STX DECCNT ;NUMBER OF DECIMAL PLACES.
00EC49  1  8A           TXA
00EC4A  1  F0 02        BEQ FOUT39
00EC4C  1  10 13        BPL FOUT8 ;SOME PLACES BEFORE DEC PNT.
00EC4E  1  A4 B0        FOUT39: LDY FBUFPT ;GET POINTER TO OUTPUT.
00EC50  1  A9 2A        LDA #'*' ;PUT IN '.'
00EC52  1  C8           INY
00EC53  1  99 FF 00     STA FBUFFR-1,Y
00EC56  1  8A           TXA
00EC57  1  F0 06        BEQ FOUT16
00EC59  1  A9 30        LDA #'0' ;GET THE ENSUING ZERO.
00EC5B  1  C8           INY
00EC5C  1  99 FF 00     STA FBUFFR-1,Y
00EC5F  1  84 B0        FOUT16: STY FBUFPT ;SAVE FOR LATER.
00EC61  1  A0 00        FOUT8: LDY #0
00EC63  1  A2 80        FOUTIM: LDX #128 ;FIRST PASS THRU, ACCX HAS MSB SET.
00EC65  1  A5 A4        FOUT2: LDA FACLO
00EC67  1  18           CLC
00EC68  1  79 0C ED     ADC FOUTBL+2+ADDPRC,Y
00EC6B  1  85 A4        STA FACLO
00EC6D  1  A5 A3        LDA FACMO
00EC6F  1  79 0B ED     ADC FOUTBL+1+ADDPRC,Y
00EC72  1  85 A3        STA FACMO
00EC74  1               .if ADDPRC <> 0
00EC74  1               
00EC74  1  A5 A2        LDA FACMOH
00EC76  1  79 0A ED     ADC FOUTBL+1,Y
00EC79  1  85 A2        STA FACMOH
00EC7B  1               .endif
00EC7B  1  A5 A1        LDA FACHO
00EC7D  1  79 09 ED     ADC FOUTBL,Y
00EC80  1  85 A1        STA FACHO
00EC82  1  E8           INX ;IT WAS DONE YET ANOTHER TIME.
00EC83  1  B0 04        BCS FOUT41
00EC85  1  10 DE        BPL FOUT2
00EC87  1  30 02        BMI FOUT40
00EC89  1  30 DA        FOUT41: BMI FOUT2
00EC8B  1  8A           FOUT40: TXA
00EC8C  1  90 04        BCC FOUTYP ;CAN USE ACCA AS IS.
00EC8E  1  49 FF        EOR #255 ;FIND 11.-[A].
00EC90  1  69 0A        ADC #10 ;C IS STILL ON TO COMPLETE NEGATION.
00EC92  1               ;AND WILL ALWAYS BE ON AFTER.
00EC92  1  69 2F        FOUTYP: ADC #'0'-1 ;GET A CHARACTER TO PRINT.
00EC94  1               ; REPEAT 3+ADDPRC ignored
00EC94  1  84 86        STY FDECPT
00EC96  1  A4 B0        LDY FBUFPT
00EC98  1  C8           INY ;POINT TO PLACE TO STORE OUTPUT.
00EC99  1  AA           TAX
00EC9A  1  29 7F        AND #127 ;GET RID OF MSB.
00EC9C  1  99 FF 00     STA FBUFFR-1,Y
00EC9F  1  C6 9C        DEC DECCNT
00ECA1  1  D0 06        BNE STXBUF ;NOT TIME FOR DP YET.
00ECA3  1  A9 2A        LDA #'*'
00ECA5  1  C8           INY
00ECA6  1  99 FF 00     STA FBUFFR-1,Y;STORE DP.
00ECA9  1  84 B0        STXBUF: STY FBUFPT ;STORE PNTR FOR LATER.
00ECAB  1  A4 86        LDY FDECPT
00ECAD  1  8A           FOUTCM: TXA ;COMPLEMENT ACCX
00ECAE  1  49 FF        EOR #255 ;COMPLEMENT ACCA.
00ECB0  1  29 80        AND #128 ;SAVE ONLY MSB.
00ECB2  1  AA           TAX
00ECB3  1  C0 24        CPY #FDCEND-FOUTBL
00ECB5  1               .if TIME <> 0
00ECB5  1               
00ECB5  1               BEQ FOULDY
00ECB5  1               CPY #TIMEND-FOUTBL
00ECB5  1               .endif
00ECB5  1  D0 AE        BNE FOUT2 ;CONTINUE WITH OUTPUT.
00ECB7  1  A4 B0        FOULDY: LDY FBUFPT ;GET BACK OUTPUT PNTR.
00ECB9  1  B9 FF 00     FOUT11: LDA FBUFFR-1,Y;REMOVE TRAILING ZEROES.
00ECBC  1  88           DEY
00ECBD  1  C9 30        CMP #'0'
00ECBF  1  F0 F8        BEQ FOUT11
00ECC1  1  C9 2A        CMP #'*'
00ECC3  1  F0 01        BEQ FOUT12 ;RUN INTO DP. STOP.
00ECC5  1  C8           INY ;SOMETHING ELSE. SAVE IT.
00ECC6  1  A9 2B        FOUT12: LDA #'+'
00ECC8  1  A6 9D        LDX TENEXP
00ECCA  1  F0 2E        BEQ FOUT17 ;NO EXPONENT TO OUTPUT.
00ECCC  1  10 08        BPL FOUT14
00ECCE  1  A9 00        LDA #0
00ECD0  1  38           SEC
00ECD1  1  E5 9D        SBC TENEXP
00ECD3  1  AA           TAX
00ECD4  1  A9 2D        LDA #'-' ;EXPONENT IS NEGATIVE.
00ECD6  1  99 01 01     FOUT14: STA FBUFFR-1+2,Y;STORE SIGN OF EXP
00ECD9  1  A9 45        LDA #'E'
00ECDB  1  99 00 01     STA FBUFFR-1+1,Y;STORE THE 'E' CHARACTER.
00ECDE  1  8A           TXA
00ECDF  1  A2 2F        LDX #'0'-1
00ECE1  1  38           SEC
00ECE2  1  E8           FOUT15: INX ;MOVE CLOSER TO OUTPUT VALUE.
00ECE3  1  E9 0A        SBC #10 ;SUBTRACT 10.
00ECE5  1  B0 FB        BCS FOUT15 ;NOT NEGATIVE YET.
00ECE7  1  69 3A        ADC #'0'+10 ;GET SECOND OUTPUT CHARACTER.
00ECE9  1  99 03 01     STA FBUFFR-1+4,Y;STORE HIGH DIGIT.
00ECEC  1  8A           TXA
00ECED  1  99 02 01     STA FBUFFR-1+3,Y;STORE	LOW DIGIT.
00ECF0  1  A9 00        LDA #0 ;PUT IN TERMINATOR.
00ECF2  1  99 04 01     STA FBUFFR-1+5,Y
00ECF5  1  F0 08        BEQ FOUT20 ;RETURN. (ALWAYS BRANCHES).
00ECF7  1  99 FF 00     FOUT19: STA FBUFFR-1,Y;STORE THE CHARACTER.
00ECFA  1  A9 00        FOUT17: LDA #0 ;A TERMINATOR.
00ECFC  1  99 00 01     STA FBUFFR-1+1,Y
00ECFF  1               FOUT20:
00ECFF  1  A9 00        LDA #FBUFFR&255
00ED01  1  A0 01        LDY #FBUFFR/256
00ED03  1  60           FPWRRT: RTS ;ALL DONE.
00ED04  1  80           FHALF: .byte 128 ;1/2
00ED05  1  00           .byte 0
00ED06  1  00           ZERO: .byte 0
00ED07  1  00           .byte 0
00ED08  1               .if ADDPRC <> 0
00ED08  1  00           .byte 0
00ED09  1               .endif
00ED09  1               
00ED09  1               ;POWER OF TEN TABLE
00ED09  1               .if ADDPRC = 0
00ED09  1               
00ED09  1               FOUTBL: .byte 254
00ED09  1               .byte 121
00ED09  1               .byte 96
00ED09  1               .byte 0
00ED09  1               .byte 39
00ED09  1               .byte 16
00ED09  1               .byte 255
00ED09  1               .byte 252
00ED09  1               .byte 24
00ED09  1               .byte 0
00ED09  1               .byte 0
00ED09  1               .byte 100
00ED09  1               .byte 255
00ED09  1               .byte 255
00ED09  1               .byte 246
00ED09  1               .byte 0
00ED09  1               .byte 0
00ED09  1               .byte 1
00ED09  1               .endif
00ED09  1               
00ED09  1               .if ADDPRC <> 0
00ED09  1               
00ED09  1  FA           FOUTBL: .byte 250
00ED0A  1  0A           .byte 10
00ED0B  1  1F           .byte 31
00ED0C  1  00           .byte 0
00ED0D  1  00           .byte 0
00ED0E  1  98           .byte 152
00ED0F  1  96           .byte 150
00ED10  1  80           .byte 128
00ED11  1  FF           .byte 255
00ED12  1  F0           .byte 240
00ED13  1  BD           .byte 189
00ED14  1  C0           .byte 192
00ED15  1  00           .byte 0
00ED16  1  01           .byte 1
00ED17  1  86           .byte 134
00ED18  1  A0           .byte 160
00ED19  1  FF           .byte 255
00ED1A  1  FF           .byte 255
00ED1B  1  D8           .byte 216
00ED1C  1  F0           .byte 240
00ED1D  1  00           .byte 0
00ED1E  1  00           .byte 0
00ED1F  1  03           .byte 3
00ED20  1  E8           .byte 232
00ED21  1  FF           .byte 255
00ED22  1  FF           .byte 255
00ED23  1  FF           .byte 255
00ED24  1  9C           .byte 156
00ED25  1  00           .byte 0
00ED26  1  00           .byte 0
00ED27  1  00           .byte 0
00ED28  1  0A           .byte 10
00ED29  1  FF           .byte 255
00ED2A  1  FF           .byte 255
00ED2B  1  FF           .byte 255
00ED2C  1  FF           .byte 255
00ED2D  1               .endif
00ED2D  1               FDCEND:
00ED2D  1               .if TIME <> 0
00ED2D  1               
00ED2D  1               .byte 255
00ED2D  1               .byte 223
00ED2D  1               .byte 10
00ED2D  1               .byte 128
00ED2D  1               .byte 0
00ED2D  1               .byte 3
00ED2D  1               .byte 75
00ED2D  1               .byte 192
00ED2D  1               .byte 255
00ED2D  1               .byte 255
00ED2D  1               .byte 115
00ED2D  1               .byte 96
00ED2D  1               .byte 0
00ED2D  1               .byte 0
00ED2D  1               .byte 14
00ED2D  1               .byte 16
00ED2D  1               .byte 255
00ED2D  1               .byte 255
00ED2D  1               .byte 253
00ED2D  1               .byte 168
00ED2D  1               .byte 0
00ED2D  1               .byte 0
00ED2D  1               .byte 0
00ED2D  1               .byte 60
00ED2D  1               TIMEND:
00ED2D  1               .endif
00ED2D  1               
00ED2D  1               ; PAGE
00ED2D  1               ; SUBTTL	EXPONENTIATION AND SQUARE ROOT FUNCTION.
00ED2D  1               ;SQUARE ROOT FUNCTION --- SQR(A)
00ED2D  1               ;USE SQR(X)=X^.5
00ED2D  1  20 07 EA     SQR: JSR MOVAF ;MOVE FAC INTO ARG.
00ED30  1               
00ED30  1  A9 04        LDA #FHALF&255
00ED32  1  A0 ED        LDY #FHALF/256
00ED34  1  20 9A E9     JSR MOVFM ;PUT MEMORY INTO FAC.
00ED37  1               ;LAST THING FETCHED IS FACEXP. INTO ACCX.
00ED37  1               ;	JMP	FPWRT		;FALL INTO FPWRT.
00ED37  1               
00ED37  1               ;EXPONENTIATION ---  X^Y.
00ED37  1               ;N.B.  0^0=1
00ED37  1               ;FIRST CHECK IF Y=0. IF SO, THE RESULT IS 1.
00ED37  1               ;NEXT CHECK IF X=0. IF SO THE RESULT IS 0.
00ED37  1               ;THEN CHECK IF X.GT.0. IF NOT CHECK THAT Y IS AN INTEGER.
00ED37  1               ;IF SO, NEGATE X, SO THAT LOG DOESN'T GIVE FCERR.
00ED37  1               ;IF X IS NEGATIVE AND Y IS ODD, NEGATE THE RESULT
00ED37  1               ;RETURNED BY EXP.
00ED37  1               ;TO COMPUTE THE RESULT USE X^Y=EXP((Y*LOG(X)).
00ED37  1  F0 70        FPWRT: BEQ EXP ;IF FAC=0, JUST EXPONENTIATE THAT.
00ED39  1  A5 A8        LDA ARGEXP ;IS X=0?
00ED3B  1  D0 03        BNE FPWRT1
00ED3D  1  4C EE E6     JMP ZEROF1 ;ZERO FAC.
00ED40  1               FPWRT1: ;SAVE FOR LATER IN A TEMP.
00ED40  1  A2 8D        LDX #TEMPF3&255
00ED42  1  A0 00        LDY #TEMPF3/256
00ED44  1  20 CF E9     JSR MOVMF
00ED47  1               ;Y=0 ALREADY. GOOD IN CASE NO ONE CALLS INT.
00ED47  1  A5 AD        LDA ARGSGN
00ED49  1  10 0F        BPL FPWR1 ;NO PROBLEMS IF X.GT.0.
00ED4B  1  20 C7 EA     JSR INT ;INTEGERIZE THE FAC.
00ED4E  1                ;GET ADDR OF COMPERAND.
00ED4E  1  A9 8D        LDA #TEMPF3&255
00ED50  1  A0 00        LDY #TEMPF3/256
00ED52  1  20 56 EA     JSR FCOMP ;EQUAL?
00ED55  1  D0 03        BNE FPWR1 ;LEAVE X NEG. LOG WILL BLOW HIM OUT.
00ED57  1               ;A=-1 AND Y IS IRRELEVANT.
00ED57  1  98           TYA ;NEGATE X. MAKE POSITIVE.
00ED58  1  A4 0D        LDY INTEGR ;GET EVENNESS.
00ED5A  1  20 F9 E9     FPWR1: JSR MOVFA1 ;ALTERNATE ENTRY POINT.
00ED5D  1  98           TYA
00ED5E  1  48           PHA ;SAVE EVENNESS FOR LATER.
00ED5F  1  20 DF E7     JSR LOG ;FIND LOG.
00ED62  1                ;MULTIPLY FAC TIMES LOG(X).
00ED62  1  A9 8D        LDA #TEMPF3&255
00ED64  1  A0 00        LDY #TEMPF3/256
00ED66  1  20 1D E8     JSR FMULT
00ED69  1  20 A9 ED     JSR EXP ;EXPONENTIATE THE FAC.
00ED6C  1  68           PLA
00ED6D  1  4A           LSR ;IS IT EVEN?
00ED6E  1  90 0A        BCC NEGRTS ;YES. OR X.GT.0.
00ED70  1               ;NEGATE THE NUMBER IN FAC.
00ED70  1  A5 A0        NEGOP: LDA FACEXP
00ED72  1  F0 06        BEQ NEGRTS
00ED74  1               
00ED74  1  A5 A5        LDA FACSGN
00ED76  1  49 FF        EOR #255
00ED78  1  85 A5        STA FACSGN
00ED7A  1  60           NEGRTS: RTS
00ED7B  1               
00ED7B  1               ; PAGE
00ED7B  1               ; SUBTTL	EXPONENTIATION FUNCTION.
00ED7B  1               ;FIRST SAVE THE ORIGINAL ARGUMENT AND MULTIPLY THE FAC BY
00ED7B  1               ;LOG2(E). THE RESULT IS USED TO DETERMINE IF OVERFLOW
00ED7B  1               ;WILL OCCUR SINCE EXP(X)=2^(X*LOG2(E)) WHERE
00ED7B  1               ;LOG2(E)=LOG(E) BASE 2. THEN SAVE THE INTEGER PART OF
00ED7B  1               ;THIS TO SCALE THE ANSWER AT THE END. SINCE
00ED7B  1               ;2^Y=2^INT(Y)*2^(Y-INT(Y)) AND 2^INT(Y) IS EASY TO COMPUTE.
00ED7B  1               ;NOW COMPUTE 2^(X*LOG2(E)-INT(X*LOG2(E)) BY
00ED7B  1               ;P(LN(2)*(INT(X*LOG2(E))+1)-X) WHERE P IS AN APPROXIMATION
00ED7B  1               ;POLYNOMIAL. THE RESULT IS THEN SCALED BY THE POWER OF 2
00ED7B  1               ;PREVIOUSLY SAVED.
00ED7B  1               
00ED7B  1  81           LOGEB2: .byte 129 ;LOG(E) BASE 2.
00ED7C  1  38           .byte 56
00ED7D  1  AA           .byte 170
00ED7E  1  3B           .byte 59
00ED7F  1               .if ADDPRC <> 0
00ED7F  1  29           .byte 41
00ED80  1               .endif
00ED80  1               
00ED80  1               .if ADDPRC = 0
00ED80  1               
00ED80  1               EXPCON: .byte 6
00ED80  1               .byte 116
00ED80  1               .byte 99
00ED80  1               .byte 144
00ED80  1               .byte 140
00ED80  1               .byte 119
00ED80  1               .byte 35
00ED80  1               .byte 12
00ED80  1               .byte 171
00ED80  1               .byte 122
00ED80  1               .byte 30
00ED80  1               .byte 148
00ED80  1               .byte 0
00ED80  1               .byte 124
00ED80  1               .byte 99
00ED80  1               .byte 66
00ED80  1               .byte 128
00ED80  1               .byte 126
00ED80  1               .byte 117
00ED80  1               .byte 254
00ED80  1               .byte 208
00ED80  1               .byte 128
00ED80  1               .byte 49
00ED80  1               .byte 114
00ED80  1               .byte 21
00ED80  1               .byte 129
00ED80  1               .byte 0
00ED80  1               .byte 0
00ED80  1               .byte 0
00ED80  1               .endif
00ED80  1               
00ED80  1               
00ED80  1               .if ADDPRC <> 0
00ED80  1               
00ED80  1  07           EXPCON: .byte 7
00ED81  1  71           .byte 113
00ED82  1  34           .byte 52
00ED83  1  58           .byte 88
00ED84  1  3E           .byte 62
00ED85  1  56           .byte 86
00ED86  1  74           .byte 116
00ED87  1  16           .byte 22
00ED88  1  7E           .byte 126
00ED89  1  B3           .byte 179
00ED8A  1  1B           .byte 27
00ED8B  1  77           .byte 119
00ED8C  1  2F           .byte 47
00ED8D  1  EE           .byte 238
00ED8E  1  E3           .byte 227
00ED8F  1  85           .byte 133
00ED90  1  7A           .byte 122
00ED91  1  1D           .byte 29
00ED92  1  84           .byte 132
00ED93  1  1C           .byte 28
00ED94  1  2A           .byte 42
00ED95  1  7C           .byte 124
00ED96  1  63           .byte 99
00ED97  1  59           .byte 89
00ED98  1  58           .byte 88
00ED99  1  0A           .byte 10
00ED9A  1  7E           .byte 126
00ED9B  1  75           .byte 117
00ED9C  1  FD           .byte 253
00ED9D  1  E7           .byte 231
00ED9E  1  C6           .byte 198
00ED9F  1  80           .byte 128
00EDA0  1  31           .byte 49
00EDA1  1  72           .byte 114
00EDA2  1  18           .byte 24
00EDA3  1  10           .byte 16
00EDA4  1  81           .byte 129
00EDA5  1  00           .byte 0
00EDA6  1  00           .byte 0
00EDA7  1  00           .byte 0
00EDA8  1  00           .byte 0
00EDA9  1               .endif
00EDA9  1               
00EDA9  1               EXP:
00EDA9  1                ;MULTIPLY BY LOG(E) BASE 2.
00EDA9  1  A9 7B        LDA #LOGEB2&255
00EDAB  1  A0 ED        LDY #LOGEB2/256
00EDAD  1  20 1D E8     JSR FMULT
00EDB0  1  A5 AF        LDA FACOV
00EDB2  1  69 50        ADC #80
00EDB4  1  90 03        BCC STOLD
00EDB6  1  20 1E EA     JSR INCRND
00EDB9  1  85 95        STOLD: STA OLDOV
00EDBB  1  20 0A EA     JSR MOVEF ;TO SAVE IN ARG WITHOUT ROUND.
00EDBE  1  A5 A0        LDA FACEXP
00EDC0  1  C9 88        CMP #136 ;IF ABS(FAC) .GE. 128, TOO BIG.
00EDC2  1  90 03        BCC EXP1
00EDC4  1  20 CC E8     GOMLDV: JSR MLDVEX ;OVERFLOW OR OVERFLOW.
00EDC7  1  20 C7 EA     EXP1: JSR INT
00EDCA  1  A5 0D        LDA INTEGR ;GET LOW PART.
00EDCC  1  18           CLC
00EDCD  1  69 81        ADC #129
00EDCF  1  F0 F3        BEQ GOMLDV ;OVERFLOW OR OVERFLOW !!
00EDD1  1  38           SEC
00EDD2  1  E9 01        SBC #1 ;SUBTRACT 1.
00EDD4  1  48           PHA ;SAVE A WHILE.
00EDD5  1  A2 05        LDX #4+ADDPRC ;PREP TO SWAP FAC AND ARG.
00EDD7  1  B5 A8        SWAPLP: LDA ARGEXP,X
00EDD9  1  B4 A0        LDY FACEXP,X
00EDDB  1  95 A0        STA FACEXP,X
00EDDD  1  94 A8        STY ARGEXP,X
00EDDF  1  CA           DEX
00EDE0  1  10 F5        BPL SWAPLP
00EDE2  1  A5 95        LDA OLDOV
00EDE4  1  85 AF        STA FACOV
00EDE6  1  20 48 E6     JSR FSUBT
00EDE9  1  20 70 ED     JSR NEGOP ;NEGATE FAC.
00EDEC  1               
00EDEC  1  A9 80        LDA #EXPCON&255
00EDEE  1  A0 ED        LDY #EXPCON/256
00EDF0  1  20 12 EE     JSR POLY
00EDF3  1                ;MULTIPLY BY POSITIVE 1.0.
00EDF3  1  A9 00        LDA #0
00EDF5  1  85 AE        STA ARISGN
00EDF7  1  68           PLA ;GET SCALE FACTOR.
00EDF8  1  20 AE E8     JSR MLDEXP ;MODIFY FACEXP AND CHECK FOR OVERFLOW.
00EDFB  1  60           RTS ;HAS TO DO JSR DUE TO PULAS IN MULDIV.
00EDFC  1               
00EDFC  1               
00EDFC  1               ; PAGE
00EDFC  1               ; SUBTTL	POLYNOMIAL EVALUATOR AND THE RANDOM NUMBER GENERATOR.
00EDFC  1               ;EVALUATE P(X^2)*X
00EDFC  1               ;POINTER TO DEGREE IS IN [Y,A].
00EDFC  1               ;THE CONSTANTS FOLLOW THE DEGREE.
00EDFC  1               ;FOR X=FAC, COMPUTE:
00EDFC  1               ; C0*X+C1*X^3+C2*X^5+C3*X^7+...+C(N)*X^(2*N+1)
00EDFC  1               POLYX: ;RETAIN POLYNOMIAL POINTER FOR LATER.
00EDFC  1  85 B0        STA POLYPT
00EDFE  1  84 B1        STY POLYPT+1
00EE00  1  20 C5 E9     JSR MOV1F ;SAVE FAC IN FACTMP.
00EE03  1  A9 96        LDA #TEMPF1
00EE05  1  20 1D E8     JSR FMULT ;COMPUTE X^2.
00EE08  1  20 16 EE     JSR POLY1 ;COMPUTE P(X^2).
00EE0B  1               
00EE0B  1  A9 96        LDA #TEMPF1&255
00EE0D  1  A0 00        LDY #TEMPF1/256
00EE0F  1  4C 1D E8     JMP FMULT ;MULTIPLY BY FAC AGAIN.
00EE12  1               
00EE12  1               ;POLYNOMIAL EVALUATOR.
00EE12  1               ;POINTER TO DEGREE IS IN [Y,A].
00EE12  1               ;COMPUTE:
00EE12  1               ; C0+C1*X+C2*X^2+C3*X^3+C4*X^4+...+C(N-1)*X^(N-1)+C(N)*X^N.
00EE12  1               POLY:
00EE12  1  85 B0        STA POLYPT
00EE14  1  84 B1        STY POLYPT+1
00EE16  1  20 BF E9     POLY1: JSR MOV2F ;SAVE FAC.
00EE19  1  B1 B0        LDA (POLYPT),Y
00EE1B  1  85 A6        STA DEGREE
00EE1D  1  A4 B0        LDY POLYPT
00EE1F  1  C8           INY
00EE20  1  98           TYA
00EE21  1  D0 02        BNE POLY3
00EE23  1  E6 B1        INC POLYPT+1
00EE25  1  85 B0        POLY3: STA POLYPT
00EE27  1  A4 B1        LDY POLYPT+1
00EE29  1  20 1D E8     POLY2: JSR FMULT
00EE2C  1                ;GET CURRENT POINTER.
00EE2C  1  A5 B0        LDA POLYPT
00EE2E  1  A4 B1        LDY POLYPT+1
00EE30  1  18           CLC
00EE31  1  69 05        ADC #4+ADDPRC
00EE33  1  90 01        BCC POLY4
00EE35  1  C8           INY
00EE36  1               POLY4:
00EE36  1  85 B0        STA POLYPT
00EE38  1  84 B1        STY POLYPT+1
00EE3A  1  20 5C E6     JSR FADD ;ADD IN CONSTANT.
00EE3D  1                ;MULTIPLY THE ORIGINAL FAC.
00EE3D  1  A9 9B        LDA #TEMPF2&255
00EE3F  1  A0 00        LDY #TEMPF2/256
00EE41  1  C6 A6        DEC DEGREE ;DONE?
00EE43  1  D0 E4        BNE POLY2
00EE45  1  60           RANDRT: RTS ;YES.
00EE46  1               
00EE46  1               ;PSUEDO-RANDOM NUMBER GENERATOR.
00EE46  1               ;IF ARG=0, THE LAST RANDOM NUMBER GENERATED IS RETURNED.
00EE46  1               ;IF ARG .LT. 0, A NEW SEQUENCE OF RANDOM NUMBERS IS
00EE46  1               ;STARTED USING THE ARGUMENT.
00EE46  1               ;   TO FORM THE NEXT RANDOM NUMBER IN THE SEQUENCE,
00EE46  1               ;MULTIPLY THE PREVIOUS RANDOM NUMBER BY A RANDOM CONSTANT
00EE46  1               ;AND ADD IN ANOTHER RANDOM CONSTANT. THE THEN HO
00EE46  1               ;AND LO BYTES ARE SWITCHED, THE EXPONENT IS PUT WHERE
00EE46  1               ;IT WILL BE SHIFTED IN BY NORMAL, AND THE EXPONENT IN THE FAC
00EE46  1               ;IS SET TO 200 SO THE RESULT WILL BE LESS THAN 1. THIS
00EE46  1               ;IS THEN NORMALIZED AND SAVED FOR THE NEXT TIME.
00EE46  1               ;THE HO AND LOW BYTES WERE SWITCHED SO THERE WILL BE A
00EE46  1               ;RANDOM CHANCE OF GETTING A NUMBER LESS THAN OR GREATER
00EE46  1               ;THAN .5 .
00EE46  1               
00EE46  1  98           RMULZC: .byte 152
00EE47  1  35           .byte 53
00EE48  1  44           .byte 68
00EE49  1  7A           .byte 122
00EE4A  1  68           RADDZC: .byte 104
00EE4B  1  28           .byte 40
00EE4C  1  B1           .byte 177
00EE4D  1  46           .byte 70
00EE4E  1               
00EE4E  1  20 26 EA     RND: JSR SIGN ;GET SIGN INTO ACCX.
00EE51  1               .if REALIO-3 <> 0
00EE51  1               
00EE51  1  AA           TAX
00EE52  1               .endif
00EE52  1  30 18        BMI RND1 ;START NEW SEQUENCE IF NEGATIVE.
00EE54  1               .if REALIO-3 = 0
00EE54  1               
00EE54  1               BNE QSETNR
00EE54  1               
00EE54  1               
00EE54  1               
00EE54  1               
00EE54  1               LDA CQHTIM
00EE54  1               STA FACHO
00EE54  1               LDA CQHTIM+4
00EE54  1               STA FACMOH
00EE54  1               LDA CQHTIM+1
00EE54  1               STA FACMO
00EE54  1               LDA CQHTIM+5
00EE54  1               STA FACLO
00EE54  1               JMP STRNEX
00EE54  1               .endif
00EE54  1               QSETNR: ;GET LAST ONE INTO FAC.
00EE54  1  A9 CA        LDA #RNDX&255
00EE56  1  A0 00        LDY #RNDX/256
00EE58  1  20 9A E9     JSR MOVFM
00EE5B  1               .if REALIO-3 <> 0
00EE5B  1               
00EE5B  1  8A           TXA
00EE5C  1  F0 E7        BEQ RANDRT
00EE5E  1               .endif
00EE5E  1                ;MULTIPLY BY RANDOM CONSTANT.
00EE5E  1  A9 46        LDA #RMULZC&255
00EE60  1  A0 EE        LDY #RMULZC/256
00EE62  1  20 1D E8     JSR FMULT
00EE65  1               
00EE65  1  A9 4A        LDA #RADDZC&255
00EE67  1  A0 EE        LDY #RADDZC/256
00EE69  1  20 5C E6     JSR FADD ;ADD RANDOM CONSTANT.
00EE6C  1  A6 A4        RND1: LDX FACLO
00EE6E  1  A5 A1        LDA FACHO
00EE70  1  85 A4        STA FACLO
00EE72  1  86 A1        STX FACHO ;REVERSE HO AND LO.
00EE74  1               .if REALIO-3 = 0
00EE74  1               
00EE74  1               LDX FACMOH
00EE74  1               LDA FACMO
00EE74  1               STA FACMOH
00EE74  1               STX FACMO
00EE74  1               .endif
00EE74  1               STRNEX: ;MAKE NUMBER POSITIVE.
00EE74  1  A9 00        LDA #0
00EE76  1  85 A5        STA FACSGN
00EE78  1  A5 A0        LDA FACEXP ;PUT EXP WHERE IT WILL
00EE7A  1  85 AF        STA FACOV ;BE SHIFTED IN BY NORMAL.
00EE7C  1  A9 80        LDA #128
00EE7E  1  85 A0        STA FACEXP ;MAKE RESULT BETWEEN 0 AND 1.
00EE80  1  20 CC E6     JSR NORMAL ;NORMALIZE.
00EE83  1               
00EE83  1  A2 CA        LDX #RNDX&255
00EE85  1  A0 00        LDY #RNDX/256
00EE87  1  4C CF E9     GMOVMF: JMP MOVMF ;PUT NEW ONE INTO MEMORY.
00EE8A  1               
00EE8A  1               ; PAGE
00EE8A  1               ; SUBTTL	SINE, COSINE AND TANGENT FUNCTIONS.
00EE8A  1               .if KIMROM = 0
00EE8A  1               
00EE8A  1               
00EE8A  1               
00EE8A  1               COS:
00EE8A  1  A9 06        LDA #PI2&255
00EE8C  1  A0 EF        LDY #PI2/256
00EE8E  1  20 5C E6     JSR FADD
00EE91  1               
00EE91  1               
00EE91  1               
00EE91  1               
00EE91  1               
00EE91  1               
00EE91  1               
00EE91  1               
00EE91  1               
00EE91  1               
00EE91  1               
00EE91  1               
00EE91  1  20 07 EA     SIN: JSR MOVAF
00EE94  1               
00EE94  1  A9 0B        LDA #TWOPI&255
00EE96  1  A0 EF        LDY #TWOPI/256
00EE98  1  A6 AD        LDX ARGSGN
00EE9A  1  20 FF E8     JSR FDIVF
00EE9D  1  20 07 EA     JSR MOVAF
00EEA0  1  20 C7 EA     JSR INT
00EEA3  1               
00EEA3  1  A9 00        LDA #0
00EEA5  1  85 AE        STA ARISGN
00EEA7  1  20 48 E6     JSR FSUBT
00EEAA  1               
00EEAA  1  A9 10        LDA #FR4&255
00EEAC  1  A0 EF        LDY #FR4/256
00EEAE  1  20 45 E6     JSR FSUB
00EEB1  1  A5 A5        LDA FACSGN
00EEB3  1  48           PHA
00EEB4  1  10 0D        BPL SIN1
00EEB6  1  20 3E E6     JSR FADDH
00EEB9  1  A5 A5        LDA FACSGN
00EEBB  1  30 09        BMI SIN2
00EEBD  1               
00EEBD  1  A5 16        LDA TANSGN
00EEBF  1  49 FF        EOR #255
00EEC1  1  85 16        STA TANSGN
00EEC3  1  20 70 ED     SIN1: JSR NEGOP
00EEC6  1               SIN2:
00EEC6  1  A9 10        LDA #FR4&255
00EEC8  1  A0 EF        LDY #FR4/256
00EECA  1  20 5C E6     JSR FADD
00EECD  1  68           PLA
00EECE  1  10 03        BPL SIN3
00EED0  1  20 70 ED     JSR NEGOP
00EED3  1               SIN3:
00EED3  1  A9 15        LDA #SINCON&255
00EED5  1  A0 EF        LDY #SINCON/256
00EED7  1  4C FC ED     GPOLYX: JMP POLYX
00EEDA  1               
00EEDA  1               
00EEDA  1               
00EEDA  1  20 C5 E9     TAN: JSR MOV1F
00EEDD  1               
00EEDD  1  A9 00        LDA #0
00EEDF  1  85 16        STA TANSGN
00EEE1  1  20 91 EE     JSR SIN
00EEE4  1               
00EEE4  1  A2 8D        LDX #TEMPF3&255
00EEE6  1  A0 00        LDY #TEMPF3/256
00EEE8  1  20 87 EE     JSR GMOVMF
00EEEB  1               
00EEEB  1  A9 96        LDA #TEMPF1&255
00EEED  1  A0 00        LDY #TEMPF1/256
00EEEF  1  20 9A E9     JSR MOVFM
00EEF2  1               
00EEF2  1  A9 00        LDA #0
00EEF4  1  85 A5        STA FACSGN
00EEF6  1  A5 16        LDA TANSGN
00EEF8  1  20 02 EF     JSR COSC
00EEFB  1               
00EEFB  1  A9 8D        LDA #TEMPF3&255
00EEFD  1  A0 00        LDY #TEMPF3/256
00EEFF  1  4C 07 E9     GFDIV: JMP FDIV
00EF02  1  48           COSC: PHA
00EF03  1  4C C3 EE     JMP SIN1
00EF06  1               
00EF06  1  81           PI2: .byte 129
00EF07  1  49           .byte 73
00EF08  1  0F           .byte 15
00EF09  1  DA           .byte 219-ADDPRC
00EF0A  1               .if ADDPRC <> 0
00EF0A  1  A2           .byte 162
00EF0B  1               .endif
00EF0B  1  83           TWOPI: .byte 131
00EF0C  1  49           .byte 73
00EF0D  1  0F           .byte 15
00EF0E  1  DA           .byte 219-ADDPRC
00EF0F  1               .if ADDPRC <> 0
00EF0F  1  A2           .byte 162
00EF10  1               .endif
00EF10  1  7F           FR4: .byte 127
00EF11  1  00           .byte 0
00EF12  1  00           .byte 0
00EF13  1  00           .byte 0
00EF14  1               .if ADDPRC <> 0
00EF14  1  00           .byte 0
00EF15  1               .endif
00EF15  1               .if ADDPRC = 0
00EF15  1               SINCON: .byte 4
00EF15  1               .byte 134
00EF15  1               .byte 30
00EF15  1               .byte 215
00EF15  1               .byte 251
00EF15  1               .byte 135
00EF15  1               .byte 153
00EF15  1               .byte 38
00EF15  1               .byte 101
00EF15  1               .byte 135
00EF15  1               .byte 35
00EF15  1               .byte 52
00EF15  1               .byte 88
00EF15  1               .byte 134
00EF15  1               .byte 165
00EF15  1               .byte 93
00EF15  1               .byte 225
00EF15  1               .byte 131
00EF15  1               .byte 73
00EF15  1               .byte 15
00EF15  1               .byte 219
00EF15  1               .endif
00EF15  1               
00EF15  1               .if ADDPRC <> 0
00EF15  1               
00EF15  1  05           SINCON: .byte 5
00EF16  1  84           .byte 132
00EF17  1  E6           .byte 230
00EF18  1  1A           .byte 26
00EF19  1  2D           .byte 45
00EF1A  1  1B           .byte 27
00EF1B  1  86           .byte 134
00EF1C  1  28           .byte 40
00EF1D  1  07           .byte 7
00EF1E  1  FB           .byte 251
00EF1F  1  F8           .byte 248
00EF20  1  87           .byte 135
00EF21  1  99           .byte 153
00EF22  1  68           .byte 104
00EF23  1  89           .byte 137
00EF24  1  01           .byte 1
00EF25  1  87           .byte 135
00EF26  1  23           .byte 35
00EF27  1  35           .byte 53
00EF28  1  DF           .byte 223
00EF29  1  E1           .byte 225
00EF2A  1  86           .byte 134
00EF2B  1  A5           .byte 165
00EF2C  1  5D           .byte 93
00EF2D  1  E7           .byte 231
00EF2E  1  28           .byte 40
00EF2F  1  83           .byte 131
00EF30  1  49           .byte 73
00EF31  1  0F           .byte 15
00EF32  1  DA           .byte 218
00EF33  1  A2           .byte 162
00EF34  1  A1           .byte 161
00EF35  1  54           .byte 84
00EF36  1  46           .byte 70
00EF37  1  8F           .byte 143
00EF38  1  13           .byte 19
00EF39  1  8F           .byte 143
00EF3A  1  52           .byte 82
00EF3B  1  43           .byte 67
00EF3C  1  89           .byte 137
00EF3D  1  CD           .byte 205
00EF3E  1               .endif
00EF3E  1               ; PAGE
00EF3E  1               ; SUBTTL	ARCTANGENT FUNCTION.
00EF3E  1               
00EF3E  1               
00EF3E  1  A5 A5        ATN: LDA FACSGN
00EF40  1  48           PHA
00EF41  1  10 03        BPL ATN1
00EF43  1  20 70 ED     JSR NEGOP
00EF46  1               
00EF46  1  A5 A0        ATN1: LDA FACEXP
00EF48  1  48           PHA
00EF49  1  C9 81        CMP #129
00EF4B  1  90 07        BCC ATN2
00EF4D  1               
00EF4D  1  A9 B1        LDA #FONE&255
00EF4F  1  A0 E7        LDY #FONE/256
00EF51  1  20 07 E9     JSR FDIV
00EF54  1               
00EF54  1               ATN2:
00EF54  1  A9 6E        LDA #ATNCON&255
00EF56  1  A0 EF        LDY #ATNCON/256
00EF58  1  20 FC ED     JSR POLYX
00EF5B  1  68           PLA
00EF5C  1  C9 81        CMP #129
00EF5E  1  90 07        BCC ATN3
00EF60  1               
00EF60  1  A9 06        LDA #PI2&255
00EF62  1  A0 EF        LDY #PI2/256
00EF64  1  20 45 E6     JSR FSUB
00EF67  1  68           ATN3: PLA
00EF68  1  10 03        BPL ATN4
00EF6A  1  4C 70 ED     JMP NEGOP
00EF6D  1  60           ATN4: RTS
00EF6E  1               
00EF6E  1               .if ADDPRC = 0
00EF6E  1               
00EF6E  1               ATNCON: .byte 8
00EF6E  1               .byte 120
00EF6E  1               .byte 58
00EF6E  1               .byte 197
00EF6E  1               .byte 55
00EF6E  1               .byte 123
00EF6E  1               .byte 131
00EF6E  1               .byte 162
00EF6E  1               .byte 92
00EF6E  1               .byte 124
00EF6E  1               .byte 46
00EF6E  1               .byte 221
00EF6E  1               .byte 77
00EF6E  1               .byte 125
00EF6E  1               .byte 153
00EF6E  1               .byte 176
00EF6E  1               .byte 30
00EF6E  1               .byte 125
00EF6E  1               .byte 89
00EF6E  1               .byte 237
00EF6E  1               .byte 36
00EF6E  1               .byte 126
00EF6E  1               .byte 145
00EF6E  1               .byte 114
00EF6E  1               .byte 0
00EF6E  1               .byte 126
00EF6E  1               .byte 76
00EF6E  1               .byte 185
00EF6E  1               .byte 115
00EF6E  1               .byte 127
00EF6E  1               .byte 170
00EF6E  1               .byte 170
00EF6E  1               .byte 83
00EF6E  1               .byte 129
00EF6E  1               .byte 0
00EF6E  1               .byte 0
00EF6E  1               .byte 0
00EF6E  1               .endif
00EF6E  1               
00EF6E  1               .if ADDPRC <> 0
00EF6E  1               
00EF6E  1  0B           ATNCON: .byte 11
00EF6F  1  76           .byte 118
00EF70  1  B3           .byte 179
00EF71  1  83           .byte 131
00EF72  1  BD           .byte 189
00EF73  1  D3           .byte 211
00EF74  1  79           .byte 121
00EF75  1  1E           .byte 30
00EF76  1  F4           .byte 244
00EF77  1  A6           .byte 166
00EF78  1  F5           .byte 245
00EF79  1  7B           .byte 123
00EF7A  1  83           .byte 131
00EF7B  1  FC           .byte 252
00EF7C  1  B0           .byte 176
00EF7D  1  10           .byte 16
00EF7E  1  7C           .byte 124
00EF7F  1  0C           .byte 12
00EF80  1  1F           .byte 31
00EF81  1  67           .byte 103
00EF82  1  CA           .byte 202
00EF83  1  7C           .byte 124
00EF84  1  DE           .byte 222
00EF85  1  53           .byte 83
00EF86  1  CB           .byte 203
00EF87  1  C1           .byte 193
00EF88  1  7D           .byte 125
00EF89  1  14           .byte 20
00EF8A  1  64           .byte 100
00EF8B  1  70           .byte 112
00EF8C  1  4C           .byte 76
00EF8D  1  7D           .byte 125
00EF8E  1  B7           .byte 183
00EF8F  1  EA           .byte 234
00EF90  1  51           .byte 81
00EF91  1  7A           .byte 122
00EF92  1  7D           .byte 125
00EF93  1  63           .byte 99
00EF94  1  30           .byte 48
00EF95  1  88           .byte 136
00EF96  1  7E           .byte 126
00EF97  1  7E           .byte 126
00EF98  1  92           .byte 146
00EF99  1  44           .byte 68
00EF9A  1  99           .byte 153
00EF9B  1  3A           .byte 58
00EF9C  1  7E           .byte 126
00EF9D  1  4C           .byte 76
00EF9E  1  CC           .byte 204
00EF9F  1  91           .byte 145
00EFA0  1  C7           .byte 199
00EFA1  1  7F           .byte 127
00EFA2  1  AA           .byte 170
00EFA3  1  AA           .byte 170
00EFA4  1  AA           .byte 170
00EFA5  1  13           .byte 19
00EFA6  1  81           .byte 129
00EFA7  1  00           .byte 0
00EFA8  1  00           .byte 0
00EFA9  1  00           .byte 0
00EFAA  1  00           .byte 0
00EFAB  1               .endif
00EFAB  1               .endif
00EFAB  1               ; PAGE
00EFAB  1               ; SUBTTL	SYSTEM INITIALIZATION CODE.
00EFAB  1               ; RADIX	10 ;IN ALL NON-MATH-PACKAGE CODE.
00EFAB  1               ; THIS INITIALIZES THE BASIC INTERPRETER FOR THE M6502 AND SHOULD BE
00EFAB  1               ; LOCATED WHERE IT WILL BE WIPED OUT IN RAM IF CODE IS ALL IN RAM.
00EFAB  1               
00EFAB  1               .if ROMSW = 0
00EFAB  1               
00EFAB  1               .res 1
00EFAB  1               .endif
00EFAB  1               ;RESTARTING INIT
00EFAB  1  E6 B9        INITAT: INC CHRGET+7 ;INCREMENT THE WHOLE TXTPTR.
00EFAD  1  D0 02        BNE CHZGOT
00EFAF  1  E6 BA        INC CHRGET+8
00EFB1  1  AD 60 EA     CHZGOT: LDA 60000 ;A LOAD WITH AN EXT ADDR.
00EFB4  1  C9 3A        CMP #':' ;IS IT A ':'?
00EFB6  1  B0 0A        BCS CHZRTS ;IT IS .GE. ':'
00EFB8  1  C9 20        CMP #' ' ;SKIP SPACES.
00EFBA  1  F0 EF        BEQ INITAT
00EFBC  1  38           SEC
00EFBD  1  E9 30        SBC #'0' ;ALL CHARS .GT. '9' HAVE RET'D SO
00EFBF  1  38           SEC
00EFC0  1  E9 D0        SBC #256-'0' ;SEE IF NUMERIC.
00EFC2  1               ;TURN CARRY ON IF NUMERIC.
00EFC2  1               ;ALSO, SETZ IF NULL.
00EFC2  1  60           CHZRTS: RTS ;RETURN TO CALLER.
00EFC3  1               
00EFC3  1  80           .byte 128 ;LOADED OR FROM ROM.
00EFC4  1  4F           .byte 79 ;THE INITIAL RANDOM NUMBER.
00EFC5  1  C7           .byte 199
00EFC6  1  52           .byte 82
00EFC7  1               .if ADDPRC <> 0
00EFC7  1  58           .byte 88
00EFC8  1               .endif
00EFC8  1               .if REALIO-3 <> 0
00EFC8  1               
00EFC8  1               .if KIMROM = 0
00EFC8  1               
00EFC8  1               TYPAUT:
00EFC8  1  A9 FC        LDA #AUTTXT&255
00EFCA  1  A0 F0        LDY #AUTTXT/256
00EFCC  1  20 DF D9     JSR STROUT
00EFCF  1               .endif
00EFCF  1               .endif
00EFCF  1               INIT:
00EFCF  1               .if REALIO-3 <> 0
00EFCF  1               
00EFCF  1  A2 FF        LDX #255
00EFD1  1  86 79        STX CURLIN+1
00EFD3  1               .endif
00EFD3  1               .if STKEND-511 <> 0
00EFD3  1               
00EFD3  1  A2 FB        LDX #STKEND-256
00EFD5  1               .endif
00EFD5  1  9A           TXS
00EFD6  1               .if REALIO-3 <> 0
00EFD6  1               
00EFD6  1               
00EFD6  1  A9 CF        LDA #INIT&255
00EFD8  1  A0 EF        LDY #INIT/256
00EFDA  1               
00EFDA  1  85 01        STA START+1
00EFDC  1  84 02        STY START+1+1
00EFDE  1               
00EFDE  1  85 04        STA RDYJSR+1
00EFE0  1  84 05        STY RDYJSR+1+1
00EFE2  1               
00EFE2  1  A9 AE        LDA #AYINT&255
00EFE4  1  A0 DF        LDY #AYINT/256
00EFE6  1               
00EFE6  1  85 06        STA ADRAYI
00EFE8  1  84 07        STY ADRAYI+1
00EFEA  1               
00EFEA  1  A9 84        LDA #GIVAYF&255
00EFEC  1  A0 E1        LDY #GIVAYF/256
00EFEE  1               
00EFEE  1  85 08        STA ADRGAY
00EFF0  1  84 09        STY ADRGAY+1
00EFF2  1               .endif
00EFF2  1  A9 4C        LDA #76 ;JMP INSTRUCTION.
00EFF4  1               .if REALIO = 0
00EFF4  1               ; HRLI 1,512
00EFF4  1               .endif
00EFF4  1               .if REALIO-3 <> 0
00EFF4  1               
00EFF4  1  85 00        STA START
00EFF6  1  85 03        STA RDYJSR
00EFF8  1               .endif
00EFF8  1  85 93        STA JMPER
00EFFA  1               .if ROMSW <> 0
00EFFA  1               
00EFFA  1  85 0A        STA USRPOK
00EFFC  1               
00EFFC  1  A9 3A        LDA #FCERR&255
00EFFE  1  A0 E0        LDY #FCERR/256
00F000  1               
00F000  1  85 0B        STA USRPOK+1
00F002  1  84 0C        STY USRPOK+1+1
00F004  1               .endif
00F004  1  A9 28        LDA #LINLEN ;THESE MUST BE NON-ZERO SO CHEAD WILL
00F006  1  85 51        STA LINWID ;WORK AFTER MOVING A NEW LINE IN BUF
00F008  1               ;INTO THE PROGRAM
00F008  1  A9 1E        LDA #NCMPOS
00F00A  1  85 52        STA NCMWID
00F00C  1  A2 1C        LDX #RNDX+4-CHRGET
00F00E  1  BD AA EF     MOVCHG: LDA INITAT-1,X
00F011  1  95 B1        STA CHRGET-1,X;MOVE TO RAM.
00F013  1  CA           DEX
00F014  1  D0 F8        BNE MOVCHG
00F016  1  A9 03        LDA #STRSIZ
00F018  1  85 92        STA FOUR6
00F01A  1  8A           TXA ;SET CONST IN RAM.
00F01B  1  85 A7        STA BITS
00F01D  1               .if EXTIO <> 0
00F01D  1               
00F01D  1               STA CHANNL
00F01D  1               .endif
00F01D  1  85 57        STA LASTPT+1
00F01F  1               .if NULCMD <> 0
00F01F  1               
00F01F  1               STA NULCNT
00F01F  1               .endif
00F01F  1  48           PHA ;PUT ZERO AT THE END OF THE STACK
00F020  1               ;SO FNDFOR WILL STOP
00F020  1               .if REALIO <> 0
00F020  1               
00F020  1  85 17        STA CNTWFL
00F022  1               .endif
00F022  1               .if BUFPAG <> 0
00F022  1               
00F022  1  E8           INX
00F023  1  8E FD 01     STX BUF-3
00F026  1  8E FC 01     STX BUF-4
00F029  1               .endif
00F029  1               .if REALIO-3 <> 0
00F029  1               
00F029  1  20 95 D9     JSR CRDO
00F02C  1               .endif
00F02C  1  A2 58        LDX #TEMPST
00F02E  1  86 55        STX TEMPPT ;SET UP STRING TEMPORARIES.
00F030  1               .if REALIO|LONGI <> 0
00F030  1               
00F030  1               .if REALIO-3 <> 0
00F030  1               
00F030  1               
00F030  1  A9 1C        LDA #MEMORY&255
00F032  1  A0 F1        LDY #MEMORY/256
00F034  1  20 DF D9     JSR STROUT
00F037  1  20 7F DA     JSR QINLIN
00F03A  1               
00F03A  1  86 B9        STX TXTPTR
00F03C  1  84 BA        STY TXTPTR+1
00F03E  1  20 B2 00     JSR CHRGET
00F041  1               .if KIMROM = 0
00F041  1               
00F041  1  C9 41        CMP #'A'
00F043  1  F0 83        BEQ TYPAUT
00F045  1               .endif
00F045  1  A8           TAY
00F046  1  D0 25        BNE USEDE9
00F048  1               .endif
00F048  1               .if REALIO-3 = 0
00F048  1               
00F048  1               LDY #RAMLOC/256
00F048  1               .endif
00F048  1               .if REALIO-3 <> 0
00F048  1               
00F048  1               .if ROMSW = 0
00F048  1               
00F048  1               
00F048  1               LDA #LASTWR&255
00F048  1               LDY #LASTWR/256
00F048  1               .endif
00F048  1               .if ROMSW <> 0
00F048  1               
00F048  1               
00F048  1  A9 00        LDA #RAMLOC&255
00F04A  1  A0 08        LDY #RAMLOC/256
00F04C  1               .endif
00F04C  1               .endif
00F04C  1               .if ROMSW <> 0
00F04C  1               
00F04C  1               
00F04C  1  85 6A        STA TXTTAB
00F04E  1  84 6B        STY TXTTAB+1
00F050  1               .endif
00F050  1               
00F050  1  85 53        STA LINNUM
00F052  1  84 54        STY LINNUM+1
00F054  1               .if REALIO-3 = 0
00F054  1               
00F054  1               TAY
00F054  1               .endif
00F054  1               .if REALIO-3 <> 0
00F054  1               
00F054  1  A0 00        LDY #0
00F056  1               .endif
00F056  1  E6 53        LOOPMM: INC LINNUM
00F058  1  D0 02        BNE LOOPM1
00F05A  1  E6 54        INC LINNUM+1
00F05C  1               .if REALIO-3 = 0
00F05C  1               
00F05C  1               BMI USEDEC
00F05C  1               .endif
00F05C  1  A9 55        LOOPM1: LDA #85
00F05E  1  91 53        STA (LINNUM),Y
00F060  1  D1 53        CMP (LINNUM),Y
00F062  1  D0 15        BNE USEDEC
00F064  1  0A           ASL
00F065  1  91 53        STA (LINNUM),Y
00F067  1  D1 53        CMP (LINNUM),Y
00F069  1               .if REALIO-3 <> 0
00F069  1               
00F069  1  D0 0E        BNE USEDEC
00F06B  1               .endif
00F06B  1               .if REALIO-2 <> 0
00F06B  1               
00F06B  1  F0 E9        BEQ LOOPMM
00F06D  1               .endif
00F06D  1               .if REALIO-2 = 0
00F06D  1               
00F06D  1               BNE USEDEC
00F06D  1               CMP 0
00F06D  1               BNE LOOPMM
00F06D  1               LDA #76
00F06D  1               STA 0
00F06D  1               BNE USEDEC
00F06D  1               .endif
00F06D  1               .if REALIO-3 <> 0
00F06D  1               
00F06D  1  20 B8 00     USEDE9: JSR CHRGOT
00F070  1  20 94 D8     JSR LINGET
00F073  1  A8           TAY
00F074  1  F0 03        BEQ USEDEC
00F076  1  4C 7D DD     JMP SNERR
00F079  1               .endif
00F079  1               USEDEC:
00F079  1  A5 53        LDA LINNUM
00F07B  1  A4 54        LDY LINNUM+1
00F07D  1               USEDEF:
00F07D  1               .endif
00F07D  1               .if REALIO|LONGI = 0
00F07D  1               
00F07D  1               
00F07D  1               LDA #16190&255
00F07D  1               LDY #16190/256
00F07D  1               .endif
00F07D  1                ;THIS IS THE SIZE OF MEMORY.
00F07D  1  85 76        STA MEMSIZ
00F07F  1  84 77        STY MEMSIZ+1
00F081  1                ;TOP OF STRINGS TOO.
00F081  1  85 72        STA FRETOP
00F083  1  84 73        STY FRETOP+1
00F085  1               TTYW:
00F085  1               .if REALIO-3 <> 0
00F085  1               
00F085  1               .if REALIO|LONGI <> 0
00F085  1               
00F085  1               
00F085  1  A9 28        LDA #TTYWID&255
00F087  1  A0 F1        LDY #TTYWID/256
00F089  1  20 DF D9     JSR STROUT
00F08C  1  20 7F DA     JSR QINLIN
00F08F  1               
00F08F  1  86 B9        STX TXTPTR
00F091  1  84 BA        STY TXTPTR+1
00F093  1  20 B2 00     JSR CHRGET
00F096  1  A8           TAY
00F097  1  F0 1C        BEQ ASKAGN
00F099  1  20 94 D8     JSR LINGET
00F09C  1  A5 54        LDA LINNUM+1
00F09E  1  D0 E5        BNE TTYW
00F0A0  1  A5 53        LDA LINNUM
00F0A2  1  C9 10        CMP #16
00F0A4  1  90 DF        BCC TTYW
00F0A6  1  85 51        STA LINWID
00F0A8  1  E9 0E        MORCPS: SBC #CLMWID
00F0AA  1  B0 FC        BCS MORCPS
00F0AC  1  49 FF        EOR #255
00F0AE  1  E9 0C        SBC #CLMWID-2
00F0B0  1  18           CLC
00F0B1  1  65 51        ADC LINWID
00F0B3  1  85 52        STA NCMWID
00F0B5  1               .endif
00F0B5  1               ASKAGN:
00F0B5  1               .if ROMSW = 0
00F0B5  1               
00F0B5  1               .if REALIO|LONGI <> 0
00F0B5  1               
00F0B5  1               
00F0B5  1               LDA #FNS&255
00F0B5  1               LDY #FNS/256
00F0B5  1               JSR STROUT
00F0B5  1               JSR QINLIN
00F0B5  1               
00F0B5  1               STX TXTPTR
00F0B5  1               STY TXTPTR+1
00F0B5  1               JSR CHRGET
00F0B5  1               
00F0B5  1               LDX #INITAT&255
00F0B5  1               LDY #INITAT/256
00F0B5  1               CMP #'Y'
00F0B5  1               BEQ HAVFNS
00F0B5  1               CMP #'A'
00F0B5  1               BEQ OKCHAR
00F0B5  1               CMP #'N'
00F0B5  1               BNE ASKAGN
00F0B5  1               
00F0B5  1               OKCHAR:
00F0B5  1               LDX #FCERR&255
00F0B5  1               LDY #FCERR/256
00F0B5  1               
00F0B5  1               STX ATNFIX
00F0B5  1               STY ATNFIX+1
00F0B5  1               
00F0B5  1               LDX #ATN&255
00F0B5  1               LDY #ATN/256
00F0B5  1               CMP #'A'
00F0B5  1               BEQ HAVFNS
00F0B5  1               
00F0B5  1               LDX #FCERR&255
00F0B5  1               LDY #FCERR/256
00F0B5  1               
00F0B5  1               STX COSFIX
00F0B5  1               STY COSFIX+1
00F0B5  1               
00F0B5  1               STX TANFIX
00F0B5  1               STY TANFIX+1
00F0B5  1               
00F0B5  1               STX SINFIX
00F0B5  1               STY SINFIX+1
00F0B5  1               
00F0B5  1               LDX #COS&255
00F0B5  1               LDY #COS/256
00F0B5  1               HAVFNS:
00F0B5  1               .endif
00F0B5  1               .if REALIO|LONGI = 0
00F0B5  1               
00F0B5  1               
00F0B5  1               LDX #<((INITAT-1)&255)
00F0B5  1               LDY #<((INITAT-1)/256)
00F0B5  1               .endif
00F0B5  1               .endif
00F0B5  1               .endif
00F0B5  1               .if ROMSW <> 0
00F0B5  1               
00F0B5  1               
00F0B5  1  A2 00        LDX #RAMLOC&255
00F0B7  1  A0 08        LDY #RAMLOC/256
00F0B9  1               
00F0B9  1  86 6A        STX TXTTAB
00F0BB  1  84 6B        STY TXTTAB+1
00F0BD  1               .endif
00F0BD  1  A0 00        LDY #0
00F0BF  1  98           TYA
00F0C0  1  91 6A        STA (TXTTAB),Y ;SET UP TEXT TABLE.
00F0C2  1  E6 6A        INC TXTTAB
00F0C4  1               .if REALIO-3 <> 0
00F0C4  1               
00F0C4  1  D0 02        BNE QROOM
00F0C6  1  E6 6B        INC TXTTAB+1
00F0C8  1               .endif
00F0C8  1               QROOM: ;PREPARE TO USE "REASON".
00F0C8  1  A5 6A        LDA TXTTAB
00F0CA  1  A4 6B        LDY TXTTAB+1
00F0CC  1  20 EE D2     JSR REASON
00F0CF  1               .if REALIO-3 = 0
00F0CF  1               
00F0CF  1               
00F0CF  1               LDA #FREMES&255
00F0CF  1               LDY #FREMES/256
00F0CF  1               JSR STROUT
00F0CF  1               .endif
00F0CF  1               .if REALIO-3 <> 0
00F0CF  1               
00F0CF  1  20 95 D9     JSR CRDO
00F0D2  1               .endif
00F0D2  1  A5 76        LDA MEMSIZ ;COMPUTE [MEMSIZ]-[VARTAB].
00F0D4  1  38           SEC
00F0D5  1  E5 6A        SBC TXTTAB
00F0D7  1  AA           TAX
00F0D8  1  A5 77        LDA MEMSIZ+1
00F0DA  1  E5 6B        SBC TXTTAB+1
00F0DC  1  20 C8 EB     JSR LINPRT ;TYPE THIS VALUE.
00F0DF  1                ;MORE BULLSHIT.
00F0DF  1  A9 37        LDA #WORDS&255
00F0E1  1  A0 F1        LDY #WORDS/256
00F0E3  1  20 DF D9     JSR STROUT
00F0E6  1  20 20 D5     JSR SCRTCH ;SET UP EVERYTHING ELSE.
00F0E9  1               .if REALIO-3 = 0
00F0E9  1               
00F0E9  1               JMP READY
00F0E9  1               .endif
00F0E9  1               .if REALIO-3 <> 0
00F0E9  1               
00F0E9  1               
00F0E9  1  A9 DF        LDA #STROUT&255
00F0EB  1  A0 D9        LDY #STROUT/256
00F0ED  1               
00F0ED  1  85 04        STA RDYJSR+1
00F0EF  1  84 05        STY RDYJSR+1+1
00F0F1  1               
00F0F1  1  A9 44        LDA #READY&255
00F0F3  1  A0 D3        LDY #READY/256
00F0F5  1               
00F0F5  1  85 01        STA START+1
00F0F7  1  84 02        STY START+1+1
00F0F9  1  6C 01 00     JMP (START+1)
00F0FC  1               
00F0FC  1               .if ROMSW = 0
00F0FC  1               
00F0FC  1               FNS: .byte "WANT SIN-COS-TAN-ATN"
00F0FC  1               .byte 0
00F0FC  1               .endif
00F0FC  1               .if KIMROM = 0
00F0FC  1               
00F0FC  1               AUTTXT:
00F0FC  1  0D           .byte 13
00F0FD  1  0A           .byte 10
00F0FE  1  0C           .byte 12
00F0FF  1  57 52 49 54  .byte "WRITTEN "
00F103  1  54 45 4E 20  
00F107  1  42 59 20 57  .byte "BY WEILAND & GATES"
00F10B  1  45 49 4C 41  
00F10F  1  4E 44 20 26  
00F119  1               
00F119  1  0D           .byte 13
00F11A  1  0A           .byte 10
00F11B  1  00           .byte 0
00F11C  1               .endif
00F11C  1  4D 45 4D 4F  MEMORY: .byte "MEMORY SIZE"
00F120  1  52 59 20 53  
00F124  1  49 5A 45     
00F127  1  00           .byte 0
00F128  1               TTYWID:
00F128  1               .if KIMROM = 0
00F128  1               
00F128  1  54 45 52 4D  .byte "TERMINAL "
00F12C  1  49 4E 41 4C  
00F130  1  20           
00F131  1               .endif
00F131  1  57 49 44 54  .byte "WIDTH"
00F135  1  48           
00F136  1  00           .byte 0
00F137  1               .endif
00F137  1  20 42 59 54  WORDS: .byte " BYTES FREE"
00F13B  1  45 53 20 46  
00F13F  1  52 45 45     
00F142  1               .if REALIO-3 <> 0
00F142  1               
00F142  1               
00F142  1  0D           .byte 13
00F143  1  0A           .byte 10
00F144  1               
00F144  1  0D           .byte 13
00F145  1  0A           .byte 10
00F146  1               .endif
00F146  1               .if REALIO-3 = 0
00F146  1               
00F146  1               .byte 13
00F146  1               .byte 0
00F146  1               FREMES:
00F146  1               .endif
00F146  1               .if REALIO = 0
00F146  1               .byte "SIMULATED BASIC FOR THE 6502 V1.1"
00F146  1               .endif
00F146  1               .if REALIO-1 = 0
00F146  1               .byte "KIM BASIC V1.1"
00F146  1               .endif
00F146  1               .if REALIO-2 = 0
00F146  1               .byte "OSI 6502 BASIC VERSION 1.1"
00F146  1               .endif
00F146  1               .if REALIO-3 = 0
00F146  1               .byte "### COMMODORE BASIC ###"
00F146  1               .byte 13
00F146  1               .byte 13
00F146  1               .endif
00F146  1               .if REALIO-4 = 0
00F146  1  41 50 50 4C  .byte "APPLE BASIC V1.1"
00F14A  1  45 20 42 41  
00F14E  1  53 49 43 20  
00F156  1               .endif
00F156  1               .if REALIO-5 = 0
00F156  1               .byte "STM BASIC V1.1"
00F156  1               .endif
00F156  1               .if REALIO-3 <> 0
00F156  1               
00F156  1               
00F156  1  0D           .byte 13
00F157  1  0A           .byte 10
00F158  1  43 4F 50 59  .byte "COPYRIGHT 1978 MICROSOFT"
00F15C  1  52 49 47 48  
00F160  1  54 20 31 39  
00F170  1               
00F170  1  0D           .byte 13
00F171  1  0A           .byte 10
00F172  1               .endif
00F172  1  00           .byte 0
00F173  1               LASTWR:
00F173  1  xx xx xx xx  .res 100 ;SPACE FOR TEMP STACK.
00F177  1  xx xx xx xx  
00F17B  1  xx xx xx xx  
00F1D7  1               .if REALIO = 0
00F1D7  1               
00F1D7  1               TSTACK: .res 13600
00F1D7  1               .endif
00F1D7  1               
00F1D7  1               .if 0
00F1D7  1               
00F1D7  1               ; PURGE A,X,Y
00F1D7  1               .endif
00F1D7  1               .ifndef START
00F1D7  1               .endif
00F1D7  1               ; END $Z+START
00F1D7  1               
