
/bigdata/KAI/projects/M6502asm/examples/converted/m6502_xa65.asm

    1 A:1000                                    ; TITLE BASIC M6502 8K VER 1.1 BY MICRO-SOFT

  129 A:1000                                    ; SEARCH M6502
  130 A:1000                                    ; SALL
  131 A:1000                                    ; RADIX 10 ;THROUGHOUT ALL BUT MATH-PAK.

  133 A:1000                           _Z        
  133 A:1000                                    ;STARTING POINT FOR M6502 SIMULATOR
  134 A:1000                                     *= 0              ;START OFF AT LOCATION ZERO.
  135 A:0000                                    ; SUBTTL SWITCHES,MACROS.

  137 A:0000                                    ;5=STM

  139 A:0000                                    ;4=APPLE.
  140 A:0000                                    ;3=COMMODORE.
  141 A:0000                                    ;2=OSI
  142 A:0000                                    ;1=MOS TECH,KIM
  143 A:0000                                    ;0=PDP-10 SIMULATING 6502
  144 A:0000                                    ;INTEGER ARRAYS.

  146 A:0000                                    ;FOR ADDITIONAL PRECISION.

  148 A:0000                                    ;LONG ERROR MESSAGES.

  150 A:0000                                    ;CAPABILITY TO SET AND READ A CLK.

  152 A:0000                                    ;EXTERNAL I/O.

  154 A:0000                                    ;SAVE AND LOAD COMMANDS

  156 A:0000                                    ;FOR THE "NULL" COMMAND

  160 A:0000                                    ;TELLS IF THIS IS ON ROM.

  163 A:0000                                    ;LONG INITIALIZATION SWITCH.

  167 A:0000                                    ;TERMINAL LINE LENGTH.

  169 A:0000                                    ;INPUT BUFFER SIZE.

  171 A:0000                                    ;ADDRESS OF START OF PURE SEGMENT.

  271 A:0000                                    ; DEFINE ACRLF
  272 A:0000                                    ; DEFINE SYNCHK
  273 A:0000                                    ; DEFINE DT
  274 A:0000                                    ; DEFINE LDWD
  275 A:0000                                    ; DEFINE LDWDI
  276 A:0000                                    ; DEFINE LDWX
  277 A:0000                                    ; DEFINE LDWXI
  278 A:0000                                    ; DEFINE LDXY
  279 A:0000                                    ; DEFINE LDXYI
  280 A:0000                                    ; DEFINE STWD
  281 A:0000                                    ; DEFINE STWX
  282 A:0000                                    ; DEFINE STXY
  283 A:0000                                    ; DEFINE CLR
  284 A:0000                                    ; DEFINE COM
  285 A:0000                                    ; DEFINE PULWD
  286 A:0000                                    ; DEFINE PSHWD
  287 A:0000                                    ; DEFINE JEQ
  288 A:0000                                    ; DEFINE JNE
  289 A:0000                                    ; DEFINE BCCA
  290 A:0000                                    ; DEFINE BCSA
  291 A:0000                                    ; DEFINE BEQA
  292 A:0000                                    ; DEFINE BNEA
  293 A:0000                                    ; DEFINE BMIA
  294 A:0000                                    ; DEFINE BPLA
  295 A:0000                                    ; DEFINE BVCA
  296 A:0000                                    ; DEFINE BVSA
  297 A:0000                                    ; DEFINE INCW
  298 A:0000                                    ; DEFINE SKIP1
  299 A:0000                                    ; DEFINE SKIP2

  315 A:0000                                    ; PRINTX APPLE

  321 A:0000                                    ; PRINTX ADDITIONAL PRECISION

  324 A:0000                                    ; PRINTX INTEGER ARRAYS

  336 A:0000                                    ; PRINTX ROM

  342 A:0000                                    ; PRINTX ROR ASSUMED

  345 A:0000                                    ; PAGE
  346 A:0000                                    ; SUBTTL INTRODUCTION AND COMPILATION PARAMETERS.
  347 A:0000                                    ; COMMENT *
  348 A:0000                                    ;
  349 A:0000                                    ; --------- ---- -- ---------
  350 A:0000                                    ; COPYRIGHT 1976 BY MICROSOFT
  351 A:0000                                    ; --------- ---- -- ---------
  352 A:0000                                    ; 7/27/78 FIXED BUG WHERE FOR VARIABLE AT BYTE FF MATCHED RETURN SEARCHING
  353 A:0000                                    ;  FOR GOSUB ENTRY ON STACK IN FNDFOR CALL BY CHANGING STA FORPNT
  354 A:0000                                    ;  TO STA FORPNT+1. THIS IS A SERIOUS BUG IN ALL VERSIONS.
  355 A:0000                                    ; 7/27/78 FIXED BUG AT NEWSTT UNDER IFN BUFPAG WHEN CHECK OF CURLIN
  356 A:0000                                    ;  WAS DONE BEFORE CURLIN SET UP SO INPUT RETRIES OF FIRST STATEMENT
  357 A:0000                                    ;  WAS GIVING SYNTAX ERROR INSTEAD OF REDO FROM START (CODE WAS 12/1/77 FIX)
  358 A:0000                                    ; 7/1/78 SAVED A FEW BYTES IN INIT FOR COMMODORE (14)
  359 A:0000                                    ; 7/1/78 FIXED BUG WHERE REPLACING A LINE OVERFLOWING MEMORY LEFT LINKS
  360 A:0000                                    ;  IN A BAD STATE. (CODE AT NODEL AND FINI) BUG#4
  361 A:0000                                    ; 7/1/78 FIXED BUG WHERE GARBAGE COLLECTION NEVER(!) COLLECTS TEMPS
  362 A:0000                                    ;  (STY GRBPNT  AT FNDVAR, LDA GRBPNT ORA GRBPNT+1 AT GRBPAS)
  363 A:0000                                    ;  THIS WAS COMMODORE BUG #2
  364 A:0000                                    ; 7/1/78 FIXED BUG WHERE DELETE/INSERT OF LINE COULD CAUSE A GARBAGE COLLECTION WITH BAD VARTAB IF OUT OF MEMORY
  365 A:0000                                    ;   (LDWD MEMSIZ STWD FRETOP=JSR RUNC CLC ALSO AT NODEL)
  366 A:0000                                    ; 3/9/78 EDIT TO FIX COMMO TRMPOS AND CHANGE LEFT$ AND RIGHT$ TO ALLOW A SECOND ARGUMENT OF 0 AND RETURN A NULL STRING
  367 A:0000                                    ; 2/25/78 FIXED BUG THAT INPFLG WAS SET WRONG WHEN BUFPAG.NE.0
  368 A:0000                                    ;  INCREASED NUMLEV FROM 19 TO 23
  369 A:0000                                    ; 2/11/78 DISALLOWED SPACES IN RESERVED WORDS. PUT IN SPECIAL CHECK FOR "GO TO"
  370 A:0000                                    ; 2/11/78 FIXED BUG WHERE ROUNDING OF THE FAC BEFORE PUSHING COULD CAUSE A STRING POINTER
  371 A:0000                                    ;  IN THE FAC TO BE INCREMENTED
  372 A:0000                                    ; 1/24/78 fixed problem where user defined function undefined check fix was smashing error number in [x]
  373 A:0000                                    ; 12/1/77 FIXED PROBLEM WHERE PEEK WAS SMASHING (POKER) CAUSING POKE OF PEEK TO FAIL
  374 A:0000                                    ; 12/1/77 FIXED PROBLEM WHERE PROBLEM WITH VARTXT=LINNUM=BUF-2 CAUSING BUF-1 COMMA TO DISAPPEAR
  375 A:0000                                    ; 12/1/77 FIXED BUFPAG.NE.0 PROBLEM AT NEWSTT AND STOP : CODE WAS STILL
  376 A:0000                                    ;  ASSUMING TXTPTR+1.EQ.0 IFF STATEMENT WAS DIRECT
  377 A:0000                                    ; *
  378 A:0000                                    ;NUMBER OF STACK LEVELS RESERVED

  380 A:0000                                    ;BY AN EXPLICIT CALL TO "GETSTK".
  381 A:0000                                    ;# OF LOCS PER STRING DESCRIPTOR.

  383 A:0000                                    ;NUMBER OF STRING TEMPORARIES.

  385 A:0000                                    ;CHARACTER TO SUPPRESS OUTPUT.

  388 A:0000                                    ; PAGE
  389 A:0000                                    ; SUBTTL SOME EXPLANATION.
  390 A:0000                                    ; COMMENT *
  391 A:0000                                    ;
  392 A:0000                                    ; M6502 BASIC CONFIGURES BASIC AS FOLLOWS
  393 A:0000                                    ;
  394 A:0000                                    ; LOW LOCATIONS
  395 A:0000                                    ;  PAGE ZERO
  396 A:0000                                    ;
  397 A:0000                                    ;   STARTUP:
  398 A:0000                                    ;   INITIALLY A JMP TO INITIALIZATION CODE BUT
  399 A:0000                                    ;   CHANGED TO A JMP TO "READY".
  400 A:0000                                    ;   RESTARTING THE MACHINE AT LOC 0 DURING PROGRAM
  401 A:0000                                    ;   EXECUTION CAN LEAVE THINGS MESSED UP.
  402 A:0000                                    ;
  403 A:0000                                    ;   LOC OF FAC TO INTEGER AND INTEGER TO FAC 
  404 A:0000                                    ;   ROUTINES.
  405 A:0000                                    ;
  406 A:0000                                    ;   "DIRECT" MEMORY:
  407 A:0000                                    ;   THESE ARE THE MOST COMMONLY USED LOCATIONS.
  408 A:0000                                    ;   THEY HOLD BOOKKEEPING INFO AND ALL OTHER
  409 A:0000                                    ;   FREQUENTLY USED INFORMATION.
  410 A:0000                                    ;   ALL TEMPORARIES, FLAGS, POINTERS, THE BUFFER AREA,
  411 A:0000                                    ;   THE FLOATING ACCUMULATOR, AND ANYTHING ELSE THAT
  412 A:0000                                    ;   IS USED TO STORE A CHANGING VALUE SHOULD BE LOCATED
  413 A:0000                                    ;   IN THIS AREA. CARE MUST BE MADE IN MOVING LOCATIONS
  414 A:0000                                    ;   IN THIS AREA SINCE THE JUXTAPOSITION OF TWO LOCATIONS
  415 A:0000                                    ;   IS OFTEN DEPENDED UPON.
  416 A:0000                                    ;
  417 A:0000                                    ;   STILL IN RAM WE HAVE THE BEGINNING OF THE "CHRGET"
  418 A:0000                                    ;   SUBROUTINE. IT IS HERE SO [TXTPTR] CAN BE THE
  419 A:0000                                    ;   EXTENDED ADDRESS OF A LOAD INSTRUCTION.
  420 A:0000                                    ;   THIS SAVES HAVING TO BOTHER ANY REGISTERS.
  421 A:0000                                    ;
  422 A:0000                                    ;  PAGE ONE
  423 A:0000                                    ;   THE STACK.
  424 A:0000                                    ;
  425 A:0000                                    ;  STORAGE PAGE TWO AND ON
  426 A:0000                                    ;   IN RAM VERSIONS THESE DATA STRUCTURES COME AT THE
  427 A:0000                                    ;   END OF BASIC. IN ROM VERSON THEY ARE AT RAMLOC WHICH
  428 A:0000                                    ;   CAN EITHER BE ABOVE OR BELOW ROMLOC, WHICH IS WHERE
  429 A:0000                                    ;   BASIC ITSELF RESIDES.
  430 A:0000                                    ;
  431 A:0000                                    ;     A ZERO.
  432 A:0000                                    ;   [TXTTAB] POINTER TO NEXT LINE'S POINTER.
  433 A:0000                                    ;     LINE # OF THIS LINE (2 BYTES).
  434 A:0000                                    ;     CHARACTERS ON THIS LINE.
  435 A:0000                                    ;     ZERO.
  436 A:0000                                    ;     POINTER AT NEXT LINE'S POINTER
  437 A:0000                                    ;      (POINTED TO BY THE ABOVE POINTER).
  438 A:0000                                    ;     ... REPEATS ...
  439 A:0000                                    ;   LAST LINE: POINTER AT ZERO POINTER.
  440 A:0000                                    ;     LINE # OF THIS LINE.
  441 A:0000                                    ;     CHARACTERS ON THIS LINE.
  442 A:0000                                    ;     ZERO.
  443 A:0000                                    ;     DOUBLE ZERO (POINTED TO BY THE ABOVE POINTER).
  444 A:0000                                    ;   [VARTAB] SIMPLE VARIABLES. 6 BYTES PER VALUE.
  445 A:0000                                    ;     2 BYTES GIVE THE NAME, 4 BYTES THE VALUE.
  446 A:0000                                    ;     ... REPEATS ...
  447 A:0000                                    ;   [ARYTAB] ARRAY VARIABLES. 2 BYTES NAME, 2 BYTE
  448 A:0000                                    ;     LENGTH, NUMBER OF DIMENSIONS , EXTENT OF
  449 A:0000                                    ;     EACH DIMENSION (2BYTES/), VALUES
  450 A:0000                                    ;     ... REPEATS ...
  451 A:0000                                    ;   [STREND] FREE SPACE.
  452 A:0000                                    ;     ... REPEATS ...
  453 A:0000                                    ;   [FRETOP] STRING SPACE IN USE.
  454 A:0000                                    ;     ... REPEATS ...
  455 A:0000                                    ;   [MEMSIZ] HIGHEST MACHINE LOCATION.
  456 A:0000                                    ;     UNUSED EXCEPT BY THE VAL FUNCTION.
  457 A:0000                                    ;
  458 A:0000                                    ;   ROM -- CONSTANTS AND CODE.
  459 A:0000                                    ;
  460 A:0000                                    ;  FUNCTION DISPATCH ADDRESSES (AT ROMLOC)
  461 A:0000                                    ;   "FUNDSP" CONTAINS THE ADDRESSES OF THE
  462 A:0000                                    ;   FUNCTION ROUTINES IN THE ORDER OF THE
  463 A:0000                                    ;   FUNCTION NAMES IN THE CRUNCH LIST.
  464 A:0000                                    ;   THE FUNCTIONS THAT TAKE MORE THAN ONE ARGUMENT
  465 A:0000                                    ;   ARE AT THE END. SEE THE EXPLANATION AT "ISFUN".
  466 A:0000                                    ;
  467 A:0000                                    ;  THE OPERATOR LIST
  468 A:0000                                    ;   THE "OPTAB" LIST CONTAINS AN OPERATOR'S PRECEDENCE
  469 A:0000                                    ;   FOLLOWED BY THE ADDRESS OF THE ROUTINE TO PERFORM
  470 A:0000                                    ;   THE OPERATION. THE INDEX INTO THE
  471 A:0000                                    ;   OPERATOR LIST IS MADE BY SUBTRACTING OFF THE CRUNCH VALUE
  472 A:0000                                    ;   OF THE LOWEST NUMBERED OPERATOR. THE ORDER
  473 A:0000                                    ;   OF OPERATORS IN THE CRUNCH LIST AND IN "OPTAB" IS IDENTICAL.
  474 A:0000                                    ;   THE PRECEDENCES ARE ARBITRARY EXCEPT FOR THEIR
  475 A:0000                                    ;   COMPARATIVE SIZES. NOTE THAT THE PRECEDENCE FOR
  476 A:0000                                    ;   UNARY OPERATORS SUCH AS "NOT" AND NEGATION ARE
  477 A:0000                                    ;   SETUP SPECIALLY WITHOUT USING THE LIST.
  478 A:0000                                    ;
  479 A:0000                                    ;  THE RESERVED WORD OR CRUNCH LIST
  480 A:0000                                    ;   WHEN A COMMAND OR PROGRAM LINE IS TYPED IN
  481 A:0000                                    ;   IT IS STORED IN "BUF". AS SOON AS THE WHOLE LINE
  482 A:0000                                    ;   HAS BEEN TYPED IN ("INLIN" RETURNS) "CRUNCH" IS
  483 A:0000                                    ;   CALLED TO CONVERT ALL RESERVED WORDS TO THEIR
  484 A:0000                                    ;   CRUNCHED VALUES. THIS REDUCES THE SIZE OF THE 
  485 A:0000                                    ;   PROGRAM AND SPEEDS UP EXECUTION BY ALLOWING
  486 A:0000                                    ;   LIST DISPATCHES TO PERFORM FUNCTIONS, STATEMENTS,
  487 A:0000                                    ;   AND OPERATIONS. THIS IS BECAUSE ALL THE STATEMENT
  488 A:0000                                    ;   NAMES ARE STORED CONSECUTIVELY IN THE CRUNCH LIST.
  489 A:0000                                    ;   WHEN A MATCH IS FOUND BETWEEN A STRING
  490 A:0000                                    ;   OF CHARACTERS AND A WORD IN THE CRUNCH LIST
  491 A:0000                                    ;   THE ENTIRE TEXT OF THE MATCHED WORD IS TAKEN OUT OF
  492 A:0000                                    ;   THE INPUT LINE AND A RESERVED WORD TOKEN IS PUT
  493 A:0000                                    ;   IN ITS PLACE. A RESERVED WORD TOKEN IS ALWAYS EQUAL
  494 A:0000                                    ;   TO OCTAL 200 PLUS THE POSITION OF THE MATCHED WORD
  495 A:0000                                    ;   IN THE CRUNCH LIST.
  496 A:0000                                    ;
  497 A:0000                                    ;  STATEMENT DISPATCH ADDRESSES
  498 A:0000                                    ;   WHEN A STATEMENT IS TO BE EXECUTED, THE FIRST
  499 A:0000                                    ;   CHARACTER OF THE STATEMENT IS EXAMINED
  500 A:0000                                    ;   TO SEE IF IT IS LESS THAN THE RESERVED
  501 A:0000                                    ;   WORD TOKEN FOR THE LOWEST NUMBERED STATEMENT NAME.
  502 A:0000                                    ;   IF SO, THE "LET" CODE IS CALLED TO
  503 A:0000                                    ;   TREAT THE STATEMENT AS AN ASSIGNMENT STATEMENT.
  504 A:0000                                    ;   OTHERWISE A CHECK IS MADE TO MAKE SURE THE
  505 A:0000                                    ;   RESERVED WORD NUMBER IS NOT TOO LARGE TO BE A
  506 A:0000                                    ;   STATEMENT TYPE NUMBER. IF NOT THE ADDRESS
  507 A:0000                                    ;   TO DISPATCH TO IS FETCHED FROM "STMDSP" (THE STATEMENT
  508 A:0000                                    ;   DISPATCH LIST) USING THE RESERVED WORD
  509 A:0000                                    ;   NUMBER FOR THE STATEMENT TO CALCULATE AN INDEX INTO
  510 A:0000                                    ;   THE LIST.
  511 A:0000                                    ;
  512 A:0000                                    ;  ERROR MESSAGES
  513 A:0000                                    ;   WHEN AN ERROR CONDITION IS DETECTED,
  514 A:0000                                    ;   [ACCX] MUST BE SET UP TO INDICATE WHICH ERROR
  515 A:0000                                    ;   MESSAGE IS APPROPRIATE AND A BRANCH MUST BE MADE
  516 A:0000                                    ;   TO "ERROR". THE STACK WILL BE RESET AND ALL
  517 A:0000                                    ;   PROGRAM CONTEXT WILL BE LOST. VARIABLES
  518 A:0000                                    ;   VALUES AND THE ACTUAL PROGRAM REMAIN INTACT.
  519 A:0000                                    ;   ONLY THE VALUE OF [ACCX] IS IMPORTANT WHEN
  520 A:0000                                    ;   THE BRANCH IS MADE TO ERROR. [ACCX] IS USED AS AN
  521 A:0000                                    ;   INDEX INTO "ERRTAB" WHICH GIVES THE TWO
  522 A:0000                                    ;   CHARACTER ERROR MESSAGE THAT WILL BE PRINTED ON THE
  523 A:0000                                    ;   USER'S TERMINAL.
  524 A:0000                                    ;
  525 A:0000                                    ;
  526 A:0000                                    ;  TEXTUAL MESSAGES
  527 A:0000                                    ;   CONSTANT MESSAGES ARE STORED HERE. UNLESS
  528 A:0000                                    ;   THE CODE TO CHECK IF A STRING MUST BE COPIED
  529 A:0000                                    ;   IS CHANGED THESE STRINGS MUST BE STORED ABOVE
  530 A:0000                                    ;   PAGE ZERO, OR ELSE THEY WILL BE COPIED BEFORE
  531 A:0000                                    ;   THEY ARE PRINTED.
  532 A:0000                                    ;
  533 A:0000                                    ;  FNDFOR 
  534 A:0000                                    ;   MOST SMALL ROUTINES ARE FAIRLY SIMPLE
  535 A:0000                                    ;   AND ARE DOCUMENTED IN PLACE. "FNDFOR" IS
  536 A:0000                                    ;   USED FOR FINDING "FOR" ENTRIES ON
  537 A:0000                                    ;   THE STACK. WHENEVER A "FOR" IS EXECUTED, A
  538 A:0000                                    ;   16-BYTE ENTRY IS PUSHED ONTO THE STACK.
  539 A:0000                                    ;   BEFORE THIS IS DONE, HOWEVER, A CHECK
  540 A:0000                                    ;   MUST BE MADE TO SEE IF THERE
  541 A:0000                                    ;   ARE ANY "FOR" ENTRIES ALREADY ON THE STACK
  542 A:0000                                    ;   FOR THE SAME LOOP VARIABLE. IF SO, THAT "FOR" ENTRY
  543 A:0000                                    ;   AND ALL OTHER "FOR" ENTRIES THAT WERE MADE AFTER IT
  544 A:0000                                    ;   ARE ELIMINATED FROM THE STACK. THIS IS SO A
  545 A:0000                                    ;   PROGRAM THAT JUMPS OUT OF THE MIDDLE
  546 A:0000                                    ;   OF A "FOR" LOOP AND THEN RESTARTS THE LOOP AGAIN
  547 A:0000                                    ;   AND AGAIN WON'T USE UP 18 BYTES OF STACK
  548 A:0000                                    ;   SPACE EVERY TIME. THE "NEXT" CODE ALSO
  549 A:0000                                    ;   CALLS "FNDFOR" TO SEARCH FOR A "FOR" ENTRY WITH
  550 A:0000                                    ;   THE LOOP VARIABLE IN
  551 A:0000                                    ;   THE "NEXT". AT WHATEVER POINT A MATCH IS FOUND
  552 A:0000                                    ;   THE STACK IS RESET. IF NO MATCH IS FOUND A
  553 A:0000                                    ;   "NEXT WITHOUT FOR"  ERROR OCCURS. GOSUB EXECUTION
  554 A:0000                                    ;   ALSO PUTS A 5-BYTE ENTRY ON STACK.
  555 A:0000                                    ;   WHEN A RETURN IS EXECUTED "FNDFOR" IS
  556 A:0000                                    ;   CALLED WITH A VARIABLE POINTER THAT CAN'T
  557 A:0000                                    ;   BE MATCHED. WHEN "FNDFOR" HAS RUN
  558 A:0000                                    ;   THROUGH ALL THE "FOR" ENTRIES ON THE STACK  
  559 A:0000                                    ;   IT RETURNS AND THE RETURN CODE MAKES
  560 A:0000                                    ;   SURE THE ENTRY THAT WAS STOPPED
  561 A:0000                                    ;   ON IS A GOSUB ENTRY. THIS ASSURES THAT
  562 A:0000                                    ;   IF YOU GOSUB TO A SECTION OF CODE
  563 A:0000                                    ;   IN WHICH A FOR LOOP IS ENTERED BUT NEVER
  564 A:0000                                    ;   EXITED THE RETURN WILL STILL BE
  565 A:0000                                    ;   ABLE TO FIND THE MOST RECENT
  566 A:0000                                    ;   GOSUB ENTRY. THE "RETURN" CODE ELIMINATES THE
  567 A:0000                                    ;   "GOSUB" ENTRY AND ALL "FOR" ENTRIES MADE AFTER
  568 A:0000                                    ;   THE GOSUB ENTRY.
  569 A:0000                                    ;
  570 A:0000                                    ;  NON-RUNTIME STUFF
  571 A:0000                                    ;   THE CODE TO INPUT A LINE, CRUNCH IT, GIVE ERRORS,
  572 A:0000                                    ;   FIND A SPECIFIC LINE IN THE PROGRAM,
  573 A:0000                                    ;   PERFORM A "NEW", "CLEAR", AND "LIST" ARE
  574 A:0000                                    ;   ALL IN THIS AREA. GIVEN THE EXPLANATION OF
  575 A:0000                                    ;   PROGRAM STORAGE SET FORTH ABOVE, THESE ARE
  576 A:0000                                    ;   ALL STRAIGHTFORWARD.
  577 A:0000                                    ;
  578 A:0000                                    ;  NEWSTT
  579 A:0000                                    ;   WHENEVER A STATEMENT FINISHES EXECUTION IT
  580 A:0000                                    ;   DOES A "RTS" WHICH TAKES
  581 A:0000                                    ;   EXECUTION BACK TO "NEWSTT". STATEMENTS THAT
  582 A:0000                                    ;   CREATE OR LOOK AT SEMI-PERMANENT STACK ENTRIES
  583 A:0000                                    ;   MUST GET RID OF THE RETURN ADDRESS OF "NEWSTT" AND
  584 A:0000                                    ;   JMP TO "NEWSTT" WHEN DONE. "NEWSTT" ALWAYS
  585 A:0000                                    ;   CHRGETS THE FIRST CHARACTER AFTER THE STATEMENT
  586 A:0000                                    ;   NAME BEFORE DISPATCHING. WHEN RETURNING
  587 A:0000                                    ;   BACK TO "NEWSTT" THE ONLY THING THAT
  588 A:0000                                    ;   MUST BE SET UP IS THE TEXT POINTER IN
  589 A:0000                                    ;   "TXTPTR". "NEWSTT" WILL CHECK TO MAKE SURE
  590 A:0000                                    ;   "TXTPTR" IS POINTING TO A STATEMENT TERMINATOR.
  591 A:0000                                    ;   IF A STATEMENT SHOULDN'T BE PERFORMED UNLESS
  592 A:0000                                    ;   IT IS PROPERLY FORMATTED (I.E. "NEW") IT CAN
  593 A:0000                                    ;   SIMPLY DO A RETURN AFTER READING ALL OF
  594 A:0000                                    ;   ITS ARGUMENTS. SINCE THE ZERO FLAG
  595 A:0000                                    ;   BEING OFF INDICATES THERE IS NOT
  596 A:0000                                    ;   A STATEMENT TERMINATOR "NEWSTT" WILL
  597 A:0000                                    ;   DO THE JMP TO THE "SYNTAX ERROR"
  598 A:0000                                    ;   ROUTINE. IF A STATEMENT SHOULD BE STARTED
  599 A:0000                                    ;   OVER IT CAN DO LDWD OLDTXT, STWD TXTPTR RTS SINCE THE TEXT PNTR
  600 A:0000                                    ;   AT "NEWSTT" IS ALWAYS STORED IN "OLDTXT".
  601 A:0000                                    ;   THE ^C CODE STORES [CURLIN] (THE
  602 A:0000                                    ;   CURRENT LINE NUMBER) IN "OLDLIN" SINCE THE ^C CHECK
  603 A:0000                                    ;   IS MADE BEFORE THE STATEMENT POINTED TO IS
  604 A:0000                                    ;   EXECUTED. "STOP" AND "END" STORE THE TEXT POINTER
  605 A:0000                                    ;   FROM "TXTPTR", WHICH POINTS AT THEIR TERMINATING
  606 A:0000                                    ;   CHARACTER, IN "OLDTXT".
  607 A:0000                                    ;
  608 A:0000                                    ;  STATEMENT CODE
  609 A:0000                                    ;   THE INDIVIDUAL STATEMENT CODE COMES
  610 A:0000                                    ;   NEXT. THE APPROACH USED IN EXECUTING EACH
  611 A:0000                                    ;   STATEMENT IS DOCUMENTED IN THE STATEMENT CODE
  612 A:0000                                    ;   ITSELF.
  613 A:0000                                    ;
  614 A:0000                                    ;  FRMEVL, THE FORMULA EVALUATOR
  615 A:0000                                    ;   GIVEN A TEXT POINTER POINTING TO THE STARTING
  616 A:0000                                    ;   CHARACTER OF A FORMULA, "FRMEVL"
  617 A:0000                                    ;   EVALUATES THE FORMULA AND LEAVES
  618 A:0000                                    ;   THE VALUE IN THE FLOATING ACCUMULATOR (FAC).
  619 A:0000                                    ;   "TXTPTR" IS RETURNED POINTING TO THE FIRST CHARACTER
  620 A:0000                                    ;   THAT COULD NOT BE INTERPRETED AS PART OF THE
  621 A:0000                                    ;   FORMULA. THE ALGORITHM USES THE STACK
  622 A:0000                                    ;   TO STORE TEMPORARY RESULTS:
  623 A:0000                                    ;
  624 A:0000                                    ;    0. PUT A DUMMY PRECEDENCE OF ZERO ON
  625 A:0000                                    ;     THE STACK.
  626 A:0000                                    ;    1. READ LEXEME (CONSTANT,FUNCTION,
  627 A:0000                                    ;     VARIABLE,FORMULA IN PARENS)
  628 A:0000                                    ;     AND TAKE THE LAST PRECEDENCE VALUE
  629 A:0000                                    ;     OFF THE STACK.
  630 A:0000                                    ;    2. SEE IF THE NEXT CHARACTER IS AN OPERATOR.
  631 A:0000                                    ;     IF NOT, CHECK PREVIOUS ONE. THIS MAY CAUSE
  632 A:0000                                    ;     OPERATOR APPLICATION OR AN ACTUAL
  633 A:0000                                    ;     RETURN FROM "FRMEVL".
  634 A:0000                                    ;    3. IF IT IS, SEE WHAT PRECEDENCE IT HAS
  635 A:0000                                    ;     AND COMPARE IT TO THE PRECEDENCE
  636 A:0000                                    ;     OF THE LAST OPERATOR ON THE STACK.
  637 A:0000                                    ;    4. IF = OR LESS REMEMBER THE OPERATOR
  638 A:0000                                    ;     POINTER OF THIS OPERATOR
  639 A:0000                                    ;     AND BRANCH TO "QCHNUM" TO CAUSE
  640 A:0000                                    ;     APPLICATION OF THE LAST OPERATOR.
  641 A:0000                                    ;     EVENTUALLY RETURN TO STEP 2
  642 A:0000                                    ;     BY RETURNING TO JUST AFTER "DOPREC".
  643 A:0000                                    ;    5. IF GREATER PUT THE LAST PRECEDENCE
  644 A:0000                                    ;     BACK ON, SAVE THE OPERATOR ADDRESS,
  645 A:0000                                    ;     CURRENT TEMPORARY RESULT,
  646 A:0000                                    ;     AND PRECEDENCE AND RETURN TO STEP 1.
  647 A:0000                                    ;
  648 A:0000                                    ;   RELATIONAL OPERATORS ARE ALL HANDLED THROUGH
  649 A:0000                                    ;   A COMMON ROUTINE. SPECIAL
  650 A:0000                                    ;   CARE IS TAKEN TO DETECT TYPE MISMATCHES SUCH AS 3+"F".
  651 A:0000                                    ;
  652 A:0000                                    ;  EVAL -- THE ROUTINE TO READ A LEXEME
  653 A:0000                                    ;   "EVAL" CHECKS FOR THE DIFFERENT TYPES OF
  654 A:0000                                    ;   ENTITIES IT IS SUPPOSED TO DETECT.
  655 A:0000                                    ;   LEADING PLUSES ARE IGNORED,
  656 A:0000                                    ;   DIGITS AND "." CAUSE "FIN" (FLOATING INPUT)
  657 A:0000                                    ;   TO BE CALLED. FUNCTION NAMES CAUSE THE
  658 A:0000                                    ;   FORMULA INSIDE THE PARENTHESES TO BE EVALUATED
  659 A:0000                                    ;   AND THE FUNCTION ROUTINE TO BE CALLED. VARIABLE
  660 A:0000                                    ;   NAMES CAUSE "PTRGET" TO BE CALLED TO GET A POINTER
  661 A:0000                                    ;   TO THE VALUE, AND THEN THE VALUE IS PUT INTO
  662 A:0000                                    ;   THE FAC. AN OPEN PARENTHESIS CAUSES "FRMEVL"
  663 A:0000                                    ;   TO BE CALLED (RECURSIVELY), AND THE ")" TO
  664 A:0000                                    ;   BE CHECKED FOR. UNARY OPERATORS (NOT AND
  665 A:0000                                    ;   NEGATION)  PUT THEIR PRECEDENCE ON THE STACK
  666 A:0000                                    ;   AND ENTER FORMULA EVALUATION AT STEP 1, SO
  667 A:0000                                    ;   THAT EVERYTHING UP TO AN OPERATOR GREATER THAN
  668 A:0000                                    ;   THEIR PRECEDENCE OR THE END OF THE FORMULA
  669 A:0000                                    ;   WILL BE EVALUATED.
  670 A:0000                                    ;
  671 A:0000                                    ;  DIMENSION AND VARIABLE SEARCHING
  672 A:0000                                    ;   SPACE IS ALLOCATED FOR VARIABLES AS THEY ARE
  673 A:0000                                    ;   ENCOUNTERED. THUS "DIM" STATEMENTS MUST BE
  674 A:0000                                    ;   EXECUTED TO HAVE EFFECT. 6 BYTES ARE ALLOCATED
  675 A:0000                                    ;   FOR EACH SIMPLE VARIABLE, WHETHER IT IS A STRING,
  676 A:0000                                    ;   NUMBER OR USER DEFINED FUNCTION. THE FIRST TWO
  677 A:0000                                    ;   BYTES GIVE THE NAME OF THE VARIABLE AND THE LAST FOUR
  678 A:0000                                    ;   GIVE ITS VALUE. [VARTAB] GIVES THE FIRST LOCATION
  679 A:0000                                    ;   WHERE A SIMPLE VARIABLE NAME IS FOUND AND [ARYTAB]
  680 A:0000                                    ;   GIVES THE LOCATION TO STOP SEARCHING FOR SIMPLE
  681 A:0000                                    ;   VARIABLES. A "FOR" ENTRY HAS A TEXT POINTER
  682 A:0000                                    ;   AND A POINTER TO A VARIABLE VALUE SO NEITHER
  683 A:0000                                    ;   THE PROGRAM OR THE SIMPLE VARIABLES CAN BE
  684 A:0000                                    ;   MOVED WHILE THERE ARE ACTIVE "FOR" ENTRIES ON THE STACK.
  685 A:0000                                    ;   USER DEFINED FUNCTION VALUES ALSO CONTAIN
  686 A:0000                                    ;   POINTERS INTO SIMPLE VARIABLE SPACE SO NO USER-DEFINED
  687 A:0000                                    ;   FUNCTION VALUES CAN BE RETAINED IF SIMPLE VARIABLES
  688 A:0000                                    ;   ARE MOVED. ADDING A SIMPLE VARIABLE IS JUST
  689 A:0000                                    ;   ADDING SIX TO [ARYTAB] AND [STREND], BLOCK TRANSFERING
  690 A:0000                                    ;   THE ARRAY VARIABLES UP BY SIX AND MAKING SURE THE
  691 A:0000                                    ;   NEW [STREND] IS NOT TOO CLOSE TO THE STRINGS.
  692 A:0000                                    ;   THIS MOVEMENT OF ARRAY VARIABLES MEANS
  693 A:0000                                    ;   THAT NO POINTER TO AN ARRAY WILL STAY VALID WHEN
  694 A:0000                                    ;   NEW SIMPLE VARIABLES CAN BE ENCOUNTERED. THIS IS
  695 A:0000                                    ;   WHY ARRAY VARIABLES ARE NOT ALLOWED FOR "FOR"
  696 A:0000                                    ;   LOOP VARIABLES. SETTING UP A NEW ARRAY VARIABLE
  697 A:0000                                    ;   MERELY INVOLVES BUILDING THE DESCRIPTOR,
  698 A:0000                                    ;   UPDATING [STREND], AND MAKING SURE THERE IS
  699 A:0000                                    ;   STILL ENOUGH ROOM BETWEEN [STREND] AND STRING SPACE.
  700 A:0000                                    ;   "PTRGET", THE ROUTINE WHICH RETURNS A POINTER
  701 A:0000                                    ;   TO A VARIABLE VALUE, HAS TWO IMPORTANT FLAGS. ONE IS
  702 A:0000                                    ;   "DIMFLG" WHICH INDICATES WHETHER "DIM" CALLED "PTRGET"
  703 A:0000                                    ;   OR NOT. IF SO, NO PRIOR ENTRY FOR THE VARIABLE IN
  704 A:0000                                    ;   QUESTION SHOULD BE FOUND, AND THE INDEX INDICATES
  705 A:0000                                    ;   HOW MUCH SPACE TO SET ASIDE. SIMPLE VARIABLES CAN
  706 A:0000                                    ;   BE "DIMENSIONED", BUT THE ONLY EFFECT WILL BE TO
  707 A:0000                                    ;   SET ASIDE SPACE FOR THE VARIABLE IF IT HASN'T BEEN
  708 A:0000                                    ;   ENCOUNTERED YET. THE OTHER IMPORTANT FLAG IS "SUBFLG"
  709 A:0000                                    ;   WHICH INDICATES WHETHER A SUBSCRIPTED VARIABLE SHOULD BE
  710 A:0000                                    ;   ALLOWED IN THE CURRENT CONTEXT. IF [SUBFLG] IS NON-ZERO
  711 A:0000                                    ;   THE OPEN PARENTHESIS FOR A SUBSCRIPTED VARIABLE
  712 A:0000                                    ;   WILL NOT BE SCANNED BY "PTRGET", AND "PTRGET" WILL RETURN
  713 A:0000                                    ;   WITH A TEXT POINTER POINTING TO THE "(", IF
  714 A:0000                                    ;   THERE WAS ONE.
  715 A:0000                                    ;  STRINGS
  716 A:0000                                    ;   IN THE VARIABLE TABLES STRINGS ARE STORED JUST LIKE
  717 A:0000                                    ;   NUMERIC VARIABLES. SIMPLE STRINGS HAVE THREE VALUE
  718 A:0000                                    ;   BYTES WHICH ARE INITIALIZED TO ALL ZEROS (WHICH
  719 A:0000                                    ;   REPRESENTS THE NULL STRING). THE ONLY DIFFERENCE
  720 A:0000                                    ;   IN HANDLING IS THAT WHEN "PTRGET" SEES A "$" AFTER THE
  721 A:0000                                    ;   NAME OF A VARIABLE, "PTRGET" SETS [VALTYP]
  722 A:0000                                    ;   TO NEGATIVE ONE AND TURNS
  723 A:0000                                    ;   ON THE MSB (MOST-SIGNIFIGANT-BIT) OF THE VALUE OF
  724 A:0000                                    ;   THE FIRST CHARACTER OF THE VARIABLE NAME.
  725 A:0000                                    ;   HAVING THIS BIT ON IN THE NAME OF THE VARIABLE ENSURES
  726 A:0000                                    ;   THAT THE SEARCH ROUTINE WILL NOT MATCH
  727 A:0000                                    ;   'A' WITH 'A$' OR 'A$' WITH 'A'. THE MEANING OF
  728 A:0000                                    ;   THE THREE VALUE BYTES ARE:
  729 A:0000                                    ;    LOW
  730 A:0000                                    ;     LENGTH OF THE STRING
  731 A:0000                                    ;     LOW 8 BITS
  732 A:0000                                    ;     HIGH 8 BITS  OF THE ADDRESS
  733 A:0000                                    ;      OF THE CHARACTERS IN THE
  734 A:0000                                    ;      STRING IF LENGTH.NE.0.
  735 A:0000                                    ;      MEANINGLESS OTHERWISE.
  736 A:0000                                    ;    HIGH
  737 A:0000                                    ;   THE VALUE OF A STRING VARIABLE (THESE 3 BYTES)
  738 A:0000                                    ;   IS CALLED THE STRING DESCRIPTOR TO DISTINGUISH
  739 A:0000                                    ;   IT FROM THE ACTUAL STRING DATA. WHENEVER A
  740 A:0000                                    ;   STRING CONSTANT IS ENCOUNTERED IN A FORMULA OR AS
  741 A:0000                                    ;   PART OF AN INPUT STRING, OR AS PART OF DATA, "STRLIT"
  742 A:0000                                    ;   IS CALLED, CAUSING A DESCRIPTOR TO BE BUILT FOR
  743 A:0000                                    ;   THE STRING. WHEN ASSIGNMENT IS MADE TO A STRING POINTING INTO
  744 A:0000                                    ;   "BUF" THE VALUE IS COPIED INTO STRING SPACE SINCE [BUF]
  745 A:0000                                    ;   IS ALWAYS CHANGING.
  746 A:0000                                    ;
  747 A:0000                                    ;   STRING FUNCTIONS AND THE ONE STRING OPERATOR "+"
  748 A:0000                                    ;   ALWAYS RETURN THEIR VALUES IN STRING SPACE.
  749 A:0000                                    ;   ASSIGNING A STRING A CONSTANT VALUE IN A PROGRAM
  750 A:0000                                    ;   THROUGH A "READ" OR ASSIGNMENT STATEMENT
  751 A:0000                                    ;   WILL NOT USE ANY STRING SPACE SINCE
  752 A:0000                                    ;   THE STRING DESCRIPTOR  WILL POINT INTO THE
  753 A:0000                                    ;   PROGRAM ITSELF. IN GENERAL, COPYING IS DONE
  754 A:0000                                    ;   WHEN A STRING VALUE IS IN "BUF", OR IT IS IN STRING
  755 A:0000                                    ;   SPACE AND THERE IS AN ACTIVE POINTER TO IT.
  756 A:0000                                    ;   THUS F$=G$ WILL CAUSE COPYING IF G$ HAS ITS
  757 A:0000                                    ;   STRING DATA IN STRING SPACE. F$=CHR$(7)
  758 A:0000                                    ;   WILL USE ONE BYTE OF STRING SPACE TO STORE THE
  759 A:0000                                    ;   NEW ONE CHARACTER STRING CREATED BY "CHR$", BUT
  760 A:0000                                    ;   THE ASSIGNMENT ITSELF WILL CAUSE NO COPYING SINCE
  761 A:0000                                    ;   THE ONLY POINTER AT THE NEW STRING IS A
  762 A:0000                                    ;   TEMPORARY DESCRIPTOR CREATED BY "FRMEVL" WHICH WILL
  763 A:0000                                    ;   GO AWAY AS SOON AS THE ASSIGNMENT IS DONE.
  764 A:0000                                    ;   IT IS THE NATURE OF GARBAGE COLLECTION THAT
  765 A:0000                                    ;   DISALLOWS HAVING TWO STRING DESCRIPTORS POINT TO THE SAME
  766 A:0000                                    ;   AREA IN STRING SPACE. STRING FUNCTIONS AND OPERATORS
  767 A:0000                                    ;   MUST PROCEED AS FOLLOWS:
  768 A:0000                                    ;    1) FIGURE OUT THE LENGTH OF THEIR RESULT.
  769 A:0000                                    ;
  770 A:0000                                    ;    2) CALL "GETSPA" TO FIND SPACE FOR THEIR
  771 A:0000                                    ;    RESULT. THE ARGUMENTS TO THE FUNCTION
  772 A:0000                                    ;    OR OPERATOR MAY CHANGE SINCE GARBAGE COLLECTION
  773 A:0000                                    ;    MAY BE INVOKED. THE ONLY THING THAT CAN
  774 A:0000                                    ;    BE SAVED DURING THE CALL TO "GETSPA" IS A POINTER
  775 A:0000                                    ;    TO THE DESCRIPTORS OF THE ARGUMENTS.
  776 A:0000                                    ;    3) CONSTRUCT THE RESULT DESCRIPTOR IN "DSCTMP".
  777 A:0000                                    ;    "GETSPA" RETURNS THE LOCATION OF THE AVAILABLE
  778 A:0000                                    ;    SPACE.
  779 A:0000                                    ;    4) CREATE THE NEW VALUE BY COPYING PARTS
  780 A:0000                                    ;    OF THE ARGUMENTS OR WHATEVER.
  781 A:0000                                    ;    5) FREE UP THE ARGUMENTS BY CALLING "FRETMP".
  782 A:0000                                    ;    6) JUMP TO "PUTNEW" TO GET THE DESCRIPTOR IN
  783 A:0000                                    ;    "DSCTMP" TRANSFERRED INTO A NEW STRING TEMPORARY.
  784 A:0000                                    ;
  785 A:0000                                    ;   THE REASON FOR STRING TEMPORARIES IS THAT GARBAGE
  786 A:0000                                    ;   COLLECTION HAS TO KNOW ABOUT ALL ACTIVE STRING DESCRIPTORS
  787 A:0000                                    ;   SO IT KNOWS WHAT IS AND ISN'T IN USE. STRING TEMPORARIES ARE
  788 A:0000                                    ;   USED TO STORE THE DESCRIPTORS OF STRING EXPRESSIONS.
  789 A:0000                                    ;   
  790 A:0000                                    ;   INSTEAD OF HAVING AN ACTUAL VALUE STORED IN THE
  791 A:0000                                    ;   FAC, AND HAVING THE VALUE OF A TEMPORARY RESULT
  792 A:0000                                    ;   BEING SAVED ON THE STACK, AS HAPPENS WITH NUMERIC
  793 A:0000                                    ;   VARIABLES, STRINGS HAVE THE POINTER TO A STRING DESCRIPTOR
  794 A:0000                                    ;   STORED IN THE FAC, AND IT IS THIS POINTER
  795 A:0000                                    ;   THAT GETS SAVED ON THE STACK BY FORMULA EVALUATION.
  796 A:0000                                    ;   STRING FUNCTIONS CANNOT FREE THEIR ARGUMENTS UP RIGHT
  797 A:0000                                    ;   AWAY SINCE "GETSPA" MAY FORCE
  798 A:0000                                    ;   GARBAGE COLLECTION AND THE ARGUMENT STRINGS
  799 A:0000                                    ;   MAY BE OVER-WRITTEN SINCE GARBAGE COLLECTION
  800 A:0000                                    ;   WILL NOT BE ABLE TO FIND AN ACTIVE POINTER TO
  801 A:0000                                    ;   THEM. FUNCTION AND OPERATOR RESULTS ARE BUILT IN
  802 A:0000                                    ;   "DSCTMP" SINCE STRING TEMPORARIES ARE ALLOCATED
  803 A:0000                                    ;   (PUTNEW) AND DEALLOCATED (FRETMP) IN A FIFO ORDERING
  804 A:0000                                    ;   (I.E. A STACK) SO THE NEW TEMPORARY CANNOT
  805 A:0000                                    ;   BE SET UP UNTIL THE OLD ONE(S) ARE FREED. TRYING
  806 A:0000                                    ;   TO BUILD A RESULT IN A TEMPORARY AFTER
  807 A:0000                                    ;   FREEING UP THE ARGUMENT TEMPORARIES COULD RESULT
  808 A:0000                                    ;   IN ONE OF THE ARGUMENT TEMPORARIES BEING OVERWRITTEN
  809 A:0000                                    ;   TOO SOON BY THE NEW RESULT.
  810 A:0000                                    ;
  811 A:0000                                    ;   STRING SPACE IS ALLOCATED AT THE VERY TOP
  812 A:0000                                    ;   OF MEMORY. "MEMSIZ" POINTS BEYOND THE LAST LOCATION OF
  813 A:0000                                    ;   STRING SPACE. STRINGS ARE STORED IN HIGH LOCATIONS
  814 A:0000                                    ;   FIRST. WHENEVER STRING SPACE IS ALLOCATED (GETSPA).
  815 A:0000                                    ;   [FRETOP], WHICH IS INITIALIZED TO [MEMSIZ], IS UPDATED
  816 A:0000                                    ;   TO GIVE THE HIGHEST LOCATION IN STRING SPACE
  817 A:0000                                    ;   THAT IS NOT IN USE. THE RESULT IS THAT
  818 A:0000                                    ;   [FRETOP] GETS SMALLER AND SMALLER, UNTIL SOME
  819 A:0000                                    ;   ALLOCATION WOULD MAKE [FRETOP] LESS THAN OR EQUAL TO
  820 A:0000                                    ;   [STREND]. THIS MEANS STRING SPACE HAS RUN INTO THE
  821 A:0000                                    ;   THE ARRAYS AND THAT GARBAGE COLLECTION MUST BE CALLED.
  822 A:0000                                    ;
  823 A:0000                                    ;   GARBAGE COLLECTION:
  824 A:0000                                    ;    0. [MINPTR]=[STREND] [FRETOP]=[MEMSIZ]
  825 A:0000                                    ;    1. [REMMIN]=0
  826 A:0000                                    ;    2. FOR EACH STRING DESCRIPTOR
  827 A:0000                                    ;    (TEMPORARIES, SIMPLE STRINGS, STRING ARRAYS)
  828 A:0000                                    ;    IF THE STRING IS NOT NULL AND ITS POINTER IS
  829 A:0000                                    ;    .GT.MINPTR AND .LT.FRETOP,
  830 A:0000                                    ;    [MINPTR]=THIS STRING DESCRIPTOR'S POINTER,
  831 A:0000                                    ;    [REMMIN]=POINTER AT THIS STRING DESCRIPTOR.
  832 A:0000                                    ;    END.
  833 A:0000                                    ;    3. IF REMMIN.NE.0 (WE FOUND AN UNCOLLECTED STRING),
  834 A:0000                                    ;    BLOCK TRANSFER THE STRING DATA POINTED
  835 A:0000                                    ;    TO IN THE STRING DESCRIPTOR POINTED TO BY "REMMIN"
  836 A:0000                                    ;    SO THAT THE LAST BYTE OF STRING DATA IS AT
  837 A:0000                                    ;    [FRETOP]. UPDATE [FRETOP] SO THAT IT
  838 A:0000                                    ;    POINTS TO THE LOCATION JUST BELOW THE ONE
  839 A:0000                                    ;    THE STRING DATA WAS MOVED INTO. UPDATE
  840 A:0000                                    ;    THE POINTER IN THE DESCRIPTOR SO IT POINTS
  841 A:0000                                    ;    TO THE NEW LOCATION OF THE STRING DATA.
  842 A:0000                                    ;    GO TO STEP 1.
  843 A:0000                                    ;
  844 A:0000                                    ;   AFTER CALLING GARBAGE COLLECTION "GETSPA" AGAIN CHECKS
  845 A:0000                                    ;   TO SEE IF [ACCA] CHARACTERS ARE AVAILABLE BETWEEN
  846 A:0000                                    ;   [STREND] AND [FRETOP]; IF NOT, AN "OUT OF STRING"
  847 A:0000                                    ;   ERROR IS INVOKED.
  848 A:0000                                    ;
  849 A:0000                                    ;  MATH PACKAGE
  850 A:0000                                    ;   THE MATH PACKAGE CONTAINS FLOATING INPUT (FIN),
  851 A:0000                                    ;   FLOATING OUTPUT (FOUT), FLOATING COMPARE (FCOMP)
  852 A:0000                                    ;   ... AND ALL THE NUMERIC OPERATORS AND FUNCTIONS.
  853 A:0000                                    ;   THE FORMATS, CONVENTIONS AND ENTRY POINTS ARE ALL
  854 A:0000                                    ;   DESCRIBED IN THE MATH PACKAGE ITSELF.
  855 A:0000                                    ;
  856 A:0000                                    ;  INIT -- THE INITIALIZATION ROUTINE
  857 A:0000                                    ;   THE AMOUNT OF MEMORY,
  858 A:0000                                    ;   TERMINAL WIDTH, AND WHICH FUNCTIONS TO BE RETAINED
  859 A:0000                                    ;   ARE ASCERTAINED FROM THE USER. A ZERO IS PUT DOWN
  860 A:0000                                    ;   AT THE FIRST LOCATION NOT USED BY THE MATH-PACKAGE
  861 A:0000                                    ;   AND [TXTTAB] IS SET UP TO POINT AT THE NEXT LOCATION.
  862 A:0000                                    ;   THIS DETERMINES WHERE PROGRAM STORAGE WILL START.
  863 A:0000                                    ;   SPECIAL CHECKS ARE MADE TO MAKE SURE
  864 A:0000                                    ;   ALL QUESTIONS IN "INIT" ARE ANSWERED REASONABLY, SINCE
  865 A:0000                                    ;   ONCE "INIT" FINISHES, THE LOCATIONS IT USES ARE
  866 A:0000                                    ;   USED FOR PROGRAM STORAGE. THE LAST THING "INIT" DOES IS
  867 A:0000                                    ;   CHANGE LOCATION ZERO TO BE A JUMP TO "READY" INSTEAD
  868 A:0000                                    ;   OF "INIT". ONCE THIS IS DONE THERE IS NO WAY TO RESTART
  869 A:0000                                    ;   "INIT".
  870 A:0000                                    ; HIGH LOCATIONS
  871 A:0000                                    ;
  872 A:0000                                    ; *
  873 A:0000                                    ; PAGE
  874 A:0000                                    ; SUBTTL PAGE ZERO.

  877 A:0000                                    
  877 A:0000  4c fb 26                           jmp INIT

  881 A:0003                           RDYJSR    
  881 A:0003  4c fb 26                           jmp INIT

  883 A:0006                           ADRAYI    
  883 A:0006  d5 16                              .word AYINT

  886 A:0008                           ADRGAY    
  886 A:0008  ab 18                              .word GIVAYF

  888 A:000a                                    ;ROUTINE TO CONVERT [Y,A] TO A FLOATING
  889 A:000a                                    ;POINT NUMBER IN THE FAC.

  892 A:000a                           USRPOK    
  892 A:000a  4c 61 17                           jmp FCERR

  894 A:000d                                    ;
  895 A:000d                                    ; THIS IS THE "VOLATILE" STORAGE AREA AND NONE OF IT
  896 A:000d                                    ; CAN BE KEPT IN ROM. ANY CONSTANTS IN THIS AREA CANNOT
  897 A:000d                                    ; BE KEPT IN A ROM, BUT MUST BE LOADED IN BY THE 
  898 A:000d                                    ; PROGRAM INSTRUCTIONS IN ROM.
  899 A:000d                                    ;
  900 A:000d                                    ; --- GENERAL RAM ---:
  901 A:000d                           CHARAC    
  901 A:000d  00                                 .dsb 1              ;A DELIMITING CHARACTER.
  902 A:000e                                    ;A ONE-BYTE INTEGER FROM "QINT".

  904 A:000e                           ENDCHR    
  904 A:000e  00                                 .dsb 1              ;THE OTHER DELIMITING CHARACTER.
  905 A:000f                           COUNT     
  905 A:000f  00                                 .dsb 1              ;A GENERAL COUNTER.

  907 A:0010                                    ; --- FLAGS ---:
  908 A:0010                           DIMFLG    
  908 A:0010  00                                 .dsb 1              ;IN GETTING A POINTER TO A VARIABLE
  909 A:0011                                    ;IT IS IMPORTANT TO REMEMBER WHETHER IT
  910 A:0011                                    ;IS BEING DONE FOR "DIM" OR NOT.
  911 A:0011                                    ;DIMFLG AND VALTYP MUST BE
  912 A:0011                                    ;CONSECUTIVE LOCATIONS.
  913 A:0011                                    ;PLACE TO PRESERVE Y DURING OUT.

  915 A:0011                           VALTYP    
  915 A:0011  00                                 .dsb 1              ;THE TYPE INDICATOR.
  916 A:0012                                    ;0=NUMERIC 1=STRING.

  919 A:0012                           INTFLG    
  919 A:0012  00                                 .dsb 1

  921 A:0013                           DORES     
  921 A:0013  00                                 .dsb 1              ;WHETHER CAN OR CAN'T CRUNCH RES'D WORDS.
  922 A:0014                                    ;TURNED ON WHEN "DATA"
  923 A:0014                                    ;BEING SCANNED BY CRUNCH SO UNQUOTED
  924 A:0014                                    ;STRINGS WON'T BE CRUNCHED.
  925 A:0014                                    ;WHETHER TO DO GARBAGE COLLECTION.

  927 A:0014                           SUBFLG    
  927 A:0014  00                                 .dsb 1              ;FLAG WHETHER SUB'D VARIABLE ALLOWED.
  928 A:0015                                    ;"FOR" AND USER-DEFINED FUNCTION
  929 A:0015                                    ;POINTER FETCHING TURN
  930 A:0015                                    ;THIS ON BEFORE CALLING "PTRGET"
  931 A:0015                                    ;SO ARRAYS WON'T BE DETECTED.
  932 A:0015                                    ;"STKINI" AND "PTRGET" CLEAR IT.
  933 A:0015                                    ;ALSO DISALLOWS INTEGERS THERE.
  934 A:0015                           INPFLG    
  934 A:0015  00                                 .dsb 1              ;FLAGS WHETHER WE ARE DOING "INPUT"
  935 A:0016                                    ;OR "READ".
  936 A:0016                           TANSGN    
  936 A:0016  00                                 .dsb 1              ;USED IN DETERMINING SIGN OF TANGENT.

  939 A:0017                           CNTWFL    
  939 A:0017  00                                 .dsb 1

  941 A:0018                                    ;NON-ZERO MEANS SUPPRESS.
  942 A:0018                                    ;RESET BY "INPUT", READY AND ERRORS.
  943 A:0018                                    ;COMPLEMENTED BY INPUT OF ^O.

  946 A:0018                                     *= 80

  948 A:0050                                    ; --- RAM DEALING WITH TERMINAL HANDLING ---:

  959 A:0050                                    
  959 A:0050  00                                 .dsb 1

  961 A:0051                           LINWID    
  961 A:0051  28                                 .byt 40              ;LENGTH OF LINE (WIDTH).
  962 A:0052                           NCMWID    
  962 A:0052  1e                                 .byt 30              ;POSITION BEYOND WHICH THERE ARE
  963 A:0053                                    ;NO MORE FIELDS.
  964 A:0053                           LINNUM    
  964 A:0053  00                                 .byt 0              ;LOCATION TO STORE LINE NUMBER BEFORE BUF
  965 A:0054                                    ;SO THAT "BLTUC" CAN STORE IT ALL AWAY AT ONCE.
  966 A:0054  2c                                 .byt 44              ;A COMMA (PRELOAD OR FROM ROM)
  967 A:0055                                    ;USED BY INPUT STATEMENT SINCE THE
  968 A:0055                                    ;DATA POINTER ALWAYS STARTS ON A
  969 A:0055                                    ;COMMA OR TERMINATOR.

  974 A:0055                                    ;DIRECT STATEMENTS EXECUTE OUT OF
  975 A:0055                                    ;HERE. REMEMBER "INPUT" SMASHES BUF.
  976 A:0055                                    ;MUST BE ON PAGE ZERO
  977 A:0055                                    ;OR ASSIGNMENT OF STRING
  978 A:0055                                    ;VALUES IN DIRECT STATEMENTS WON'T COPY
  979 A:0055                                    ;INTO STRING SPACE -- WHICH IT MUST.
  980 A:0055                                    ;N.B. TWO NONZERO BYTES MUST PRECEDE "BUFLNM".

  982 A:0055                                    ; --- STORAGE FOR TEMPORARY THINGS ---:
  983 A:0055                           TEMPPT    
  983 A:0055  00                                 .dsb 1              ;POINTER AT FIRST FREE TEMP DESCRIPTOR.
  984 A:0056                                    ;INITIALIZED TO POINT TO TEMPST.
  985 A:0056                           LASTPT    
  985 A:0056  00 ff                              .dsb 2              ;POINTER TO LAST-USED STRING TEMPORARY.
  986 A:0058                           TEMPST    
  986 A:0058  00 ff 03 00 00 64 03 ...           .dsb 3*3        ;STORAGE FOR NUMTMP TEMP DESCRIPTORS.
  987 A:0061                           INDEX1    
  987 A:0061  00 ff                              .dsb 2              ;INDEXES.

  989 A:0063                           INDEX2    
  989 A:0063  00 ff                              .dsb 2
  990 A:0065                           RESHO     
  990 A:0065  00                                 .dsb 1              ;RESULT OF MULTIPLIER AND DIVIDER.

  993 A:0066                           RESMOH    
  993 A:0066  00                                 .dsb 1

  995 A:0067                           RESMO     
  995 A:0067  00                                 .dsb 1
  996 A:0068                           RESLO     
  996 A:0068  00                                 .dsb 1
  997 A:0069                                    ;TEMPORARY USED BY "UMULT".

  999 A:0069  00                                 .byt 0              ;OVERFLOW FOR RES.

 1001 A:006a                                    ; --- POINTERS INTO DYNAMIC DATA STRUCTURES ---;
 1002 A:006a                           TXTTAB    
 1002 A:006a  00 ff                              .dsb 2              ;POINTER TO BEGINNING OF TEXT.
 1003 A:006c                                    ;DOESN'T CHANGE AFTER BEING
 1004 A:006c                                    ;SETUP BY "INIT".
 1005 A:006c                           VARTAB    
 1005 A:006c  00 ff                              .dsb 2              ;POINTER TO START OF SIMPLE
 1006 A:006e                                    ;VARIABLE SPACE.
 1007 A:006e                                    ;UPDATED WHENEVER THE SIZE OF THE
 1008 A:006e                                    ;PROGRAM CHANGES, SET TO [TXTTAB]
 1009 A:006e                                    ;BY "SCRATCH" ("NEW").
 1010 A:006e                           ARYTAB    
 1010 A:006e  00 ff                              .dsb 2              ;POINTER TO BEGINNING OF ARRAY
 1011 A:0070                                    ;TABLE.
 1012 A:0070                                    ;INCREMENTED BY 6 WHENEVER
 1013 A:0070                                    ;A NEW SIMPLE VARIABLE IS FOUND, AND
 1014 A:0070                                    ;SET TO [VARTAB] BY "CLEARC".
 1015 A:0070                           STREND    
 1015 A:0070  00 ff                              .dsb 2              ;END OF STORAGE IN USE.
 1016 A:0072                                    ;INCREASED WHENEVER A NEW ARRAY
 1017 A:0072                                    ;OR SIMPLE VARIABLE IS ENCOUNTERED.
 1018 A:0072                                    ;SET TO [VARTAB] BY "CLEARC".
 1019 A:0072                           FRETOP    
 1019 A:0072  00 ff                              .dsb 2              ;TOP OF STRING FREE SPACE.
 1020 A:0074                           FRESPC    
 1020 A:0074  00 ff                              .dsb 2              ;POINTER TO NEW STRING.
 1021 A:0076                           MEMSIZ    
 1021 A:0076  00 ff                              .dsb 2              ;HIGHEST LOCATION IN MEMORY.

 1023 A:0078                                    ; --- LINE NUMBERS AND TEXTUAL POINTERS ---:
 1024 A:0078                           CURLIN    
 1024 A:0078  00 ff                              .dsb 2              ;CURRENT LINE #.
 1025 A:007a                                    ;SET TO 0,255 FOR DIRECT STATEMENTS.
 1026 A:007a                           OLDLIN    
 1026 A:007a  00 ff                              .dsb 2              ;OLD LINE NUMBER (SETUP BY ^C,"STOP"
 1027 A:007c                                    ;OR "END" IN A PROGRAM).
 1028 A:007c                                    ;SET UP LOCATION USED BY POKE.

 1030 A:007c                                    ;TEMPORARY FOR INPUT AND READ CODE
 1031 A:007c                           OLDTXT    
 1031 A:007c  00 ff                              .dsb 2              ;OLD TEXT POINTER.
 1032 A:007e                                    ;POINTS AT STATEMENT TO BE EXEC'D NEXT.
 1033 A:007e                           DATLIN    
 1033 A:007e  00 ff                              .dsb 2              ;DATA LINE # -- REMEMBER FOR ERRORS.
 1034 A:0080                           DATPTR    
 1034 A:0080  00 ff                              .dsb 2              ;POINTER TO DATA. INITIALIZED TO POINT
 1035 A:0082                                    ;AT THE ZERO IN FRONT OF [TXTTAB]
 1036 A:0082                                    ;BY "RESTORE" WHICH IS CALLED BY "CLEARC".
 1037 A:0082                                    ;UPDATED BY EXECUTION OF A "READ".
 1038 A:0082                           INPPTR    
 1038 A:0082  00 ff                              .dsb 2              ;THIS REMEMBERS WHERE INPUT IS COMING FROM.

 1040 A:0084                                    ; --- STUFF USED IN EVALUATIONS ---:
 1041 A:0084                           VARNAM    
 1041 A:0084  00 ff                              .dsb 2              ;VARIABLE'S NAME IS STORED HERE.
 1042 A:0086                           VARPNT    
 1042 A:0086  00 ff                              .dsb 2              ;POINTER TO VARIABLE IN MEMORY.
 1043 A:0088                                    ;POINTER INTO POWER OF TENS OF "FOUT".

 1045 A:0088                           FORPNT    
 1045 A:0088  00 ff                              .dsb 2              ;A VARIABLE'S POINTER FOR "FOR" LOOPS
 1046 A:008a                                    ;AND "LET" STATEMENTS.
 1047 A:008a                                    ;PNTR TO LIST STRING.

 1049 A:008a                                    ;THE MASK USED BY WAIT FOR ANDING.

 1051 A:008a                                    ;THE MASK FOR EORING IN WAIT.

 1053 A:008a                           OPPTR     
 1053 A:008a  00 ff                              .dsb 2              ;POINTER TO CURRENT OP'S ENTRY IN "OPTAB".
 1054 A:008c                                    ;POINTER INTO LIST OF VARIABLES.

 1056 A:008c                           OPMASK    
 1056 A:008c  00                                 .dsb 1              ;MASK CREATED BY CURRENT OPERATOR.
 1057 A:008d                                    ;MASK IN USE BY RELATION OPERATIONS.

 1059 A:008d                           DEFPNT    
 1059 A:008d  00 ff                              .dsb 2              ;POINTER USED IN FUNCTION DEFINITION.
 1060 A:008f                                    ;ANOTHER USED IN GARBAGE COLLECTION.

 1062 A:008f                           DSCPNT    
 1062 A:008f  00 ff                              .dsb 2              ;POINTER TO A STRING DESCRIPTOR.

 1064 A:0091  00                                 .dsb 1

 1066 A:0092                           FOUR6     
 1066 A:0092  03                                 .byt 3              ;VARIABLE CONSTANT USED BY GARB COLLECT.

 1068 A:0093                                    ; --- ET CETERA ---:
 1069 A:0093                           JMPER     
 1069 A:0093  4c 60 ea                           jmp 60000

 1071 A:0096                                    ;THE OLD OVERFLOW.

 1073 A:0096                                    ;A THIRD FAC TEMPORARY (4 BYTES).

 1075 A:0096                           TEMPF1    
 1075 A:0096                                    

 1077 A:0096  00                                 .byt 0

 1079 A:0097                           HIGHDS    
 1079 A:0097  00 ff                              .dsb 2              ;DESINATION OF HIGHEST ELEMENT IN BLT.
 1080 A:0099                           HIGHTR    
 1080 A:0099  00 ff                              .dsb 2              ;SOURCE OF HIGHEST ELEMENT TO MOVE.
 1081 A:009b                           TEMPF2    
 1081 A:009b                                    

 1083 A:009b  00                                 .byt 0

 1085 A:009c                           LOWDS     
 1085 A:009c  00 ff                              .dsb 2              ;LOCATION OF LAST BYTE TRANSFERRED INTO.
 1086 A:009e                           LOWTR     
 1086 A:009e  00 ff                              .dsb 2              ;LAST THING TO MOVE IN BLT.
 1087 A:00a0                                    ;A POINTER USED IN ARRAY BUILDING.

 1089 A:00a0                                    ;A POINTER USED IN GARBAGE COLLECTION.

 1091 A:00a0                                    ;NUMBER OF PLACES BEFORE DECIMAL POINT.

 1093 A:00a0                                    ;HAS A DPT BEEN INPUT?

 1095 A:00a0                                    ;BASE TEN EXPONENT.

 1097 A:00a0                                    ;SIGN OF BASE TEN EXPONENT.

 1100 A:00a0                                    ; --- THE FLOATING ACCUMULATOR ---:
 1101 A:00a0                           FAC       
 1101 A:00a0                                    
 1102 A:00a0                           FACEXP    
 1102 A:00a0  00                                 .byt 0
 1103 A:00a1                           FACHO     
 1103 A:00a1  00                                 .byt 0              ;MOST SIGNIFICANT BYTE OF MANTISSA.

 1106 A:00a2                           FACMOH    
 1106 A:00a2  00                                 .byt 0

 1108 A:00a3                           FACMO     
 1108 A:00a3  00                                 .byt 0              ;MIDDLE ORDER OF MANTISSA.
 1109 A:00a4                           FACLO     
 1109 A:00a4  00                                 .byt 0              ;LEAST SIG BYTE OF MANTISSA.
 1110 A:00a5                           FACSGN    
 1110 A:00a5  00                                 .byt 0              ;SIGN OF FAC (0 OR -1) WHEN UNPACKED.
 1111 A:00a6                           SGNFLG    
 1111 A:00a6  00                                 .byt 0              ;SIGN OF FAC IS PRESERVED BERE BY "FIN".
 1112 A:00a7                                    ;A COUNT USED BY POLYNOMIALS.

 1114 A:00a7                                    ;THIS IS WHERE TEMP DESCS ARE BUILT.

 1116 A:00a7                                    ;INDICE IS SET UP HERE BY "QINT".

 1118 A:00a7                           BITS      
 1118 A:00a7  00                                 .byt 0              ;SOMETHING FOR "SHIFTR" TO USE.

 1120 A:00a8                                    ; --- THE FLOATING ARGUMENT (UNPACKED) ---:
 1121 A:00a8                           ARGEXP    
 1121 A:00a8  00                                 .byt 0
 1122 A:00a9                           ARGHO     
 1122 A:00a9  00                                 .byt 0

 1124 A:00aa                           ARGMOH    
 1124 A:00aa  00                                 .byt 0

 1126 A:00ab                           ARGMO     
 1126 A:00ab  00                                 .byt 0
 1127 A:00ac                           ARGLO     
 1127 A:00ac  00                                 .byt 0
 1128 A:00ad                           ARGSGN    
 1128 A:00ad  00                                 .byt 0

 1130 A:00ae                           ARISGN    
 1130 A:00ae  00                                 .byt 0              ;A SIGN REFLECTING THE RESULT.
 1131 A:00af                           FACOV     
 1131 A:00af  00                                 .byt 0              ;OVERFLOW BYTE OF THE FAC.
 1132 A:00b0                                    ;POINTER TO A STRING OR DESCRIPTOR.

 1135 A:00b0                           FBUFPT    
 1135 A:00b0  00 ff                              .dsb 2              ;POINTER INTO FBUFFR USED BY FOUT.
 1136 A:00b2                                    ;POINTER TO BUF USED BY "CRUNCH".

 1138 A:00b2                                    ;POINTER TO STRING OR DESC.

 1140 A:00b2                                    ;POINTER INTO POLYNOMIAL COEFFICIENTS.

 1142 A:00b2                                    ;ABSOLUTE LINEAR INDEX IS FORMED HERE.

 1144 A:00b2                                    ; PAGE
 1145 A:00b2                                    ; SUBTTL RAM CODE.
 1146 A:00b2                                    ; THIS CODE GETS CHANGED THROUGHOUT EXECUTION.
 1147 A:00b2                                    ; IT IS MADE TO BE FAST THIS WAY.
 1148 A:00b2                                    ; ALSO, [X] AND [Y] ARE NOT DISTURBED
 1149 A:00b2                                    ;
 1150 A:00b2                                    ; "CHRGET" USING [TXTPTR] AS THE CURRENT TEXT PNTR
 1151 A:00b2                                    ; FETCHES A NEW CHARACTER INTO ACCA AFTER INCREMENTING [TXTPTR]
 1152 A:00b2                                    ; AND SETS CONDITION CODES ACCORDING TO WHAT'S IN ACCA.
 1153 A:00b2                                    ; NOT C= NUMERIC   ("0" THRU "9")
 1154 A:00b2                                    ; Z= ":" OR END-OF-LINE (A NULL)
 1155 A:00b2                                    ;
 1156 A:00b2                                    ; [ACCA] = NEW CHAR.
 1157 A:00b2                                    ; [TXTPTR]=[TXTPTR]+1
 1158 A:00b2                                    ;
 1159 A:00b2                                    ; THE FOLLOWING EXISTS IN ROM IF ROM EXISTS AND IS LOADED
 1160 A:00b2                                    ; DOWN HERE BY INIT. OTHERWISE IT IS JUST LOADED INTO THIS
 1161 A:00b2                                    ; RAM LIKE ALL THE REST OF RAM IS LOADED.
 1162 A:00b2                                    ;
 1163 A:00b2                           CHRGET    
 1163 A:00b2  e6 b9                              inc CHRGET+7          ;INCREMENT THE WHOLE TXTPTR.
 1164 A:00b4  d0 02                              bne CHRGOT
 1165 A:00b6  e6 ba                              inc CHRGET+8
 1166 A:00b8                           CHRGOT    
 1166 A:00b8  ad 60 ea                           lda 60000              ;A LOAD WITH AN EXT ADDR.

 1168 A:00bb  c9 20                              cmp #" "             ;SKIP SPACES.
 1169 A:00bd  f0 f3                              beq CHRGET
 1170 A:00bf                           QNUM      
 1170 A:00bf  c9 3a                              cmp #":"             ;IS IT A ":"?
 1171 A:00c1  b0 06                              bcs CHRRTS                ;IT IS .GE. ":"
 1172 A:00c3  38                                 sec 
 1173 A:00c4  e9 30                              sbc #"0"             ;ALL CHARS .GT. "9" HAVE RET'D SO
 1174 A:00c6  38                                 sec 
 1175 A:00c7  e9 d0                              sbc #256-"0"       ;SEE IF NUMERIC.
 1176 A:00c9                                    ;TURN CARRY ON IF NUMERIC.
 1177 A:00c9                                    ;ALSO, SETZ IF NULL.
 1178 A:00c9                           CHRRTS    
 1178 A:00c9  60                                 rts                    ;RETURN TO CALLER.

 1180 A:00ca                           RNDX      
 1180 A:00ca  80                                 .byt 128              ;LOADED OR FROM ROM.
 1181 A:00cb  4f                                 .byt 79              ;THE INITIAL RANDOM NUMBER.
 1182 A:00cc  c7                                 .byt 199
 1183 A:00cd  52                                 .byt 82

 1185 A:00ce  59                                 .byt 89

 1188 A:00cf                                     *= 255              ;PAGE 1 STUFF COMING UP.
 1189 A:00ff                           LOFBUF    
 1189 A:00ff  00                                 .dsb 1              ;THE LOW FAC BUFFER. COPYABLE.
 1190 A:0100                                    ;---  PAGE ZERO/ONE BOUNDARY ---.
 1191 A:0100                                    ;MUST HAVE 13 CONTIGUOUS BYTES.
 1192 A:0100                           FBUFFR    
 1192 A:0100  00 28 ff 03 00 00 64 ...           .dsb (3*1)+13;BUFFER FOR "FOUT".
 1193 A:0110                                    ;ON PAGE 1 SO THAT STRING IS NOT COPIED.

 1195 A:0110                                    ;STACK IS LOCATED HERE. IE FROM THE END OF FBUFFR TO STKEND.
 1196 A:0110                                    ; PAGE
 1197 A:0110                                    ; SUBTTL DISPATCH TABLES, RESERVED WORDS, AND ERROR TEXTS.

 1199 A:0110                                     *= 2048

 1201 A:0800                           STMDSP    
 1201 A:0800  1f 0e                              .word END-1
 1202 A:0802  2a 0d                              .word FOR-1
 1203 A:0804  c7 12                              .word NEXT-1
 1204 A:0806  44 0f                              .word DATA-1

 1209 A:0808  80 11                              .word INPUT-1
 1210 A:080a  b0 15                              .word DIM-1
 1211 A:080c  ae 11                              .word READ-1
 1212 A:080e  f4 0f                              .word LET-1
 1213 A:0810  ee 0e                              .word GOTO-1
 1214 A:0812  c6 0e                              .word RUN-1
 1215 A:0814  77 0f                              .word IF-1
 1216 A:0816  01 0e                              .word RESTOR-1
 1217 A:0818  d1 0e                              .word GOSUB-1
 1218 A:081a  1b 0f                              .word RETURN-1
 1219 A:081c  8a 0f                              .word REM-1
 1220 A:081e  1d 0e                              .word STOP-1
 1221 A:0820  9a 0f                              .word ONGOTO-1

 1226 A:0822  4d 1d                              .word FNWAIT-1

 1261 A:0824  cd 18                              .word DEF-1
 1262 A:0826  44 1d                              .word POKE-1

 1267 A:0828  83 10                              .word PRINT-1
 1268 A:082a  49 0e                              .word CONT-1

 1273 A:082c  9b 0c                              .word LIST-1
 1274 A:082e  60 0c                              .word CLEAR-1

 1284 A:0830  6e 11                              .word GET-1

 1286 A:0832  44 0c                              .word SCRATH-1

 1288 A:0834                           FUNDSP    
 1288 A:0834  60 21                              .word SGN
 1289 A:0836  f3 21                              .word INT
 1290 A:0838  7f 21                              .word ABS

 1297 A:083a                           USRLOC    
 1297 A:083a  0a 00                              .word USRPOK

 1299 A:083c  97 18                              .word FRE
 1300 A:083e  b8 18                              .word POS
 1301 A:0840  59 24                              .word SQR
 1302 A:0842  7a 25                              .word RND
 1303 A:0844  0b 1f                              .word LOG
 1304 A:0846  d5 24                              .word EXP

 1313 A:0848                           COSFIX    
 1313 A:0848  b6 25                              .word COS
 1314 A:084a                           SINFIX    
 1314 A:084a  bd 25                              .word SIN
 1315 A:084c                           TANFIX    
 1315 A:084c  06 26                              .word TAN
 1316 A:084e                           ATNFIX    
 1316 A:084e  6a 26                              .word ATN

 1318 A:0850  2e 1d                              .word PEEK
 1319 A:0852  9c 1c                              .word LEN
 1320 A:0854  80 19                              .word STR
 1321 A:0856  cd 1c                              .word VAL
 1322 A:0858  ab 1c                              .word ASC
 1323 A:085a  0c 1c                              .word CHR
 1324 A:085c  20 1c                              .word LEFT
 1325 A:085e  4c 1c                              .word RIGHT
 1326 A:0860  57 1c                              .word MID
 1327 A:0862                           OPTAB     
 1327 A:0862  79                                 .byt 121
 1328 A:0863  8a 1d                              .word FADDT-1
 1329 A:0865  79                                 .byt 121
 1330 A:0866  73 1d                              .word FSUBT-1
 1331 A:0868  7b                                 .byt 123
 1332 A:0869  4b 1f                              .word FMULTT-1
 1333 A:086b  7b                                 .byt 123
 1334 A:086c  35 20                              .word FDIVT-1
 1335 A:086e  7f                                 .byt 127
 1336 A:086f  62 24                              .word FPWRT-1
 1337 A:0871  50                                 .byt 80
 1338 A:0872  18 15                              .word ANDOP-1
 1339 A:0874  46                                 .byt 70
 1340 A:0875  12 15                              .word OROP-1
 1341 A:0877                           NEGTAB    
 1341 A:0877  7d                                 .byt 125
 1342 A:0878  9b 24                              .word NEGOP-1
 1343 A:087a                           NOTTAB    
 1343 A:087a  5a                                 .byt 90
 1344 A:087b  69 14                              .word NOTOP-1
 1345 A:087d                           PTDORL    
 1345 A:087d  64                                 .byt 100              ;PRECEDENCE.
 1346 A:087e  45 15                              .word DOREL-1          ;OPERATOR ADDRESS.
 1347 A:0880                                    ;
 1348 A:0880                                    ; TOKENS FOR RESERVED WORDS ALWAYS HAVE THE MOST
 1349 A:0880                                    ; SIGNIFICANT BIT ON.
 1350 A:0880                                    ; THE LIST OF RESERVED WORDS:
 1351 A:0880                                    ;

 1353 A:0880                                    ; DEFINE DCI
 1354 A:0880                           RESLST    
 1354 A:0880  45 4e c4                           .byt 'E','N','D'|$80

 1356 A:0883  46 4f d2                           .byt 'F','O','R'|$80

 1358 A:0886  4e 45 58 d4                        .byt 'N','E','X','T'|$80
 1359 A:088a  44 41 54 c1                        .byt 'D','A','T','A'|$80

 1365 A:088e  49 4e 50 55 d4                     .byt 'I','N','P','U','T'|$80
 1366 A:0893  44 49 cd                           .byt 'D','I','M'|$80
 1367 A:0896  52 45 41 c4                        .byt 'R','E','A','D'|$80
 1368 A:089a  4c 45 d4                           .byt 'L','E','T'|$80
 1369 A:089d  47 4f 54 cf                        .byt 'G','O','T','O'|$80

 1371 A:08a1  52 55 ce                           .byt 'R','U','N'|$80
 1372 A:08a4  49 c6                              .byt 'I','F'|$80
 1373 A:08a6  52 45 53 54 4f 52 c5               .byt 'R','E','S','T','O','R','E'|$80
 1374 A:08ad  47 4f 53 55 c2                     .byt 'G','O','S','U','B'|$80

 1376 A:08b2  52 45 54 55 52 ce                  .byt 'R','E','T','U','R','N'|$80
 1377 A:08b8  52 45 cd                           .byt 'R','E','M'|$80

 1379 A:08bb  53 54 4f d0                        .byt 'S','T','O','P'|$80
 1380 A:08bf  4f ce                              .byt 'O','N'|$80

 1385 A:08c1  57 41 49 d4                        .byt 'W','A','I','T'|$80

 1395 A:08c5  44 45 c6                           .byt 'D','E','F'|$80
 1396 A:08c8  50 4f 4b c5                        .byt 'P','O','K','E'|$80

 1401 A:08cc  50 52 49 4e d4                     .byt 'P','R','I','N','T'|$80

 1403 A:08d1  43 4f 4e d4                        .byt 'C','O','N','T'|$80

 1408 A:08d5  4c 49 53 d4                        .byt 'L','I','S','T'|$80

 1411 A:08d9  43 4c 45 41 d2                     .byt 'C','L','E','A','R'|$80

 1426 A:08de  47 45 d4                           .byt 'G','E','T'|$80

 1428 A:08e1  4e 45 d7                           .byt 'N','E','W'|$80

 1430 A:08e4                                    ; END OF COMMAND LIST.
 1431 A:08e4  54                                 .byt "T"
 1432 A:08e5  41                                 .byt "A"
 1433 A:08e6  42                                 .byt "B"
 1434 A:08e7  a8                                 .byt "("+128

 1437 A:08e8  54 cf                              .byt 'T','O'|$80

 1439 A:08ea  46 ce                              .byt 'F','N'|$80

 1441 A:08ec  53                                 .byt "S"
 1442 A:08ed  50                                 .byt "P"
 1443 A:08ee  43                                 .byt "C"
 1444 A:08ef  a8                                 .byt "("+128        ;MACRO DOESNT LIKE ('S IN ARGUMENTS.

 1447 A:08f0  54 48 45 ce                        .byt 'T','H','E','N'|$80

 1449 A:08f4  4e 4f d4                           .byt 'N','O','T'|$80

 1451 A:08f7  53 54 45 d0                        .byt 'S','T','E','P'|$80

 1453 A:08fb  ab                                 .byt '+'|$80

 1455 A:08fc  ad                                 .byt '-'|$80

 1457 A:08fd  aa                                 .byt '*'|$80
 1458 A:08fe  af                                 .byt '/'|$80
 1459 A:08ff  de                                 .byt '^'|$80
 1460 A:0900  41 4e c4                           .byt 'A','N','D'|$80
 1461 A:0903  4f d2                              .byt 'O','R'|$80
 1462 A:0905  be                                 .byt 190              ;A GREATER THAN SIGN

 1465 A:0906  bd                                 .byt '='|$80

 1467 A:0907  bc                                 .byt 188
 1468 A:0908                                    ;A LESS THAN SIGN

 1471 A:0908                                    ;
 1472 A:0908                                    ; NOTE DANGER OF ONE RESERVED WORD BEING A PART
 1473 A:0908                                    ; OF ANOTHER:
 1474 A:0908                                    ; IE . . IF 2 GREATER THAN F OR T=5 THEN...
 1475 A:0908                                    ; WILL NOT WORK!!! SINCE "FOR" WILL BE CRUNCHED!!
 1476 A:0908                                    ; IN ANY CASE MAKE SURE THE SMALLER WORD APPEARS
 1477 A:0908                                    ; SECOND IN THE RESERVED WORD TABLE ("INP" AND "INPUT")
 1478 A:0908                                    ; ANOTHER EXAMPLE: IF T OR Q THEN ... "TO" IS CRUNCHED
 1479 A:0908                                    ;
 1480 A:0908  53 47 ce                           .byt 'S','G','N'|$80

 1482 A:090b  49 4e d4                           .byt 'I','N','T'|$80
 1483 A:090e  41 42 d3                           .byt 'A','B','S'|$80
 1484 A:0911  55 53 d2                           .byt 'U','S','R'|$80
 1485 A:0914  46 52 c5                           .byt 'F','R','E'|$80
 1486 A:0917  50 4f d3                           .byt 'P','O','S'|$80
 1487 A:091a  53 51 d2                           .byt 'S','Q','R'|$80
 1488 A:091d  52 4e c4                           .byt 'R','N','D'|$80
 1489 A:0920  4c 4f c7                           .byt 'L','O','G'|$80
 1490 A:0923  45 58 d0                           .byt 'E','X','P'|$80
 1491 A:0926  43 4f d3                           .byt 'C','O','S'|$80
 1492 A:0929  53 49 ce                           .byt 'S','I','N'|$80
 1493 A:092c  54 41 ce                           .byt 'T','A','N'|$80
 1494 A:092f  41 54 ce                           .byt 'A','T','N'|$80
 1495 A:0932  50 45 45 cb                        .byt 'P','E','E','K'|$80
 1496 A:0936  4c 45 ce                           .byt 'L','E','N'|$80
 1497 A:0939  53 54 52 a4                        .byt 'S','T','R','$'|$80
 1498 A:093d  56 41 cc                           .byt 'V','A','L'|$80
 1499 A:0940  41 53 c3                           .byt 'A','S','C'|$80
 1500 A:0943  43 48 52 a4                        .byt 'C','H','R','$'|$80
 1501 A:0947                                    ;NUMBER OF LAST FUNCTION

 1503 A:0947                                    ;THAT TAKES ONE ARG
 1504 A:0947  4c 45 46 54 a4                     .byt 'L','E','F','T','$'|$80
 1505 A:094c  52 49 47 48 54 a4                  .byt 'R','I','G','H','T','$'|$80
 1506 A:0952  4d 49 44 a4                        .byt 'M','I','D','$'|$80
 1507 A:0956  47 cf                              .byt 'G','O'|$80

 1509 A:0958  00                                 .byt 0              ;MARKS END OF RESERVED WORD LIST

 1514 A:0959                                    ; DEFINE DCE
 1515 A:0959                           ERRTAB    
 1515 A:0959                                    

 1517 A:0959  4e c6                              .byt 'N','F'|$80

 1520 A:095b  53 ce                              .byt 'S','N'|$80

 1523 A:095d  52 c7                              .byt 'R','G'|$80

 1526 A:095f  4f c4                              .byt 'O','D'|$80

 1529 A:0961  46 c3                              .byt 'F','C'|$80

 1532 A:0963  4f d6                              .byt 'O','V'|$80

 1535 A:0965  4f cd                              .byt 'O','M'|$80

 1538 A:0967  55 d3                              .byt 'U','S'|$80

 1541 A:0969  42 d3                              .byt 'B','S'|$80

 1544 A:096b  44 c4                              .byt 'D','D'|$80

 1547 A:096d  2f b0                              .byt '/','0'|$80

 1550 A:096f  49 c4                              .byt 'I','D'|$80

 1553 A:0971  54 cd                              .byt 'T','M'|$80

 1556 A:0973  4c d3                              .byt 'L','S'|$80

 1565 A:0975  53 d4                              .byt 'S','T'|$80

 1568 A:0977  43 ce                              .byt 'C','N'|$80

 1571 A:0979  55 c6                              .byt 'U','F'|$80

 1638 A:097b                                    ;
 1639 A:097b                                    ; NEEDED FOR MESSAGES IN ALL VERSIONS.
 1640 A:097b                                    ;
 1641 A:097b                           ERR       
 1641 A:097b  20 45 52 52 4f 52                  .asc " ERROR"
 1642 A:0981  00                                 .byt 0
 1643 A:0982                           INTXT     
 1643 A:0982  20 49 4e 20                        .asc " IN "
 1644 A:0986  00                                 .byt 0
 1645 A:0987                           REDDY     
 1645 A:0987                                    
 1646 A:0987  0d                                 .byt 13
 1647 A:0988  0a                                 .byt 10

 1654 A:0989  4f 4b                              .asc "OK"

 1657 A:098b  0d                                 .byt 13
 1658 A:098c  0a                                 .byt 10
 1659 A:098d  00                                 .byt 0
 1660 A:098e                           BRKTXT    
 1660 A:098e                                    
 1661 A:098e  0d                                 .byt 13
 1662 A:098f  0a                                 .byt 10
 1663 A:0990  42 52 45 41 4b                     .asc "BREAK"
 1664 A:0995  00                                 .byt 0
 1665 A:0996                                    ; PAGE
 1666 A:0996                                    ; SUBTTL GENERAL STORAGE MANAGEMENT ROUTINES.
 1667 A:0996                                    ;
 1668 A:0996                                    ; FIND A "FOR" ENTRY ON THE STACK VIA "VARPNT".
 1669 A:0996                                    ;

 1671 A:0996                           FNDFOR    
 1671 A:0996  ba                                 tsx                    ;LOAD XREG WITH STK PNTR.
 1672 A:0997  e8                                 inx 
 1673 A:0998  e8                                 inx 
 1674 A:0999  e8                                 inx 
 1675 A:099a  e8                                 inx 
 1676 A:099b                           FFLOOP    
 1676 A:099b  bd 01 01                           lda 257,X            ;GET STACK ENTRY.
 1677 A:099e  c9 7f                              cmp #127             ;IS IT A "FOR" TOKEN?
 1678 A:09a0  d0 21                              bne FFRTS                ;NO, NO "FOR" LOOPS WITH THIS PNTR.
 1679 A:09a2  a5 89                              lda FORPNT+1          ;GET HIGH.
 1680 A:09a4  d0 0a                              bne CMPFOR
 1681 A:09a6  bd 02 01                           lda 258,X            ;PNTR IS ZERO, SO ASSUME THIS ONE.
 1682 A:09a9  85 88                              sta FORPNT
 1683 A:09ab  bd 03 01                           lda 259,X
 1684 A:09ae  85 89                              sta FORPNT+1
 1685 A:09b0                           CMPFOR    
 1685 A:09b0  dd 03 01                           cmp 259,X
 1686 A:09b3  d0 07                              bne ADDFRS                ;NOT THIS ONE.
 1687 A:09b5  a5 88                              lda FORPNT                ;GET DOWN.
 1688 A:09b7  dd 02 01                           cmp 258,X
 1689 A:09ba  f0 07                              beq FFRTS                ;WE GOT IT! WE GOT IT!
 1690 A:09bc                           ADDFRS    
 1690 A:09bc  8a                                 txa 
 1691 A:09bd  18                                 clc                    ;ADD 16 TO X.
 1692 A:09be  69 12                              adc #18
 1693 A:09c0  aa                                 tax                    ;RESULT BACK INTO X.
 1694 A:09c1  d0 d8                              bne FFLOOP
 1695 A:09c3                           FFRTS     
 1695 A:09c3  60                                 rts                    ;RETURN TO CALLER.

 1697 A:09c4                                    ;
 1698 A:09c4                                    ; THIS IS THE BLOCK TRANSFER ROUTINE.
 1699 A:09c4                                    ; IT MAKES SPACE BY SHOVING EVERYTHING FORWARD.
 1700 A:09c4                                    ;
 1701 A:09c4                                    ; ON ENTRY:
 1702 A:09c4                                    ; [Y,A]=[HIGHDS]    (FOR REASON).
 1703 A:09c4                                    ; [HIGHDS]= DESTINATION OF [HIGH ADDRESS].
 1704 A:09c4                                    ; [LOWTR]= LOWEST ADDR TO BE TRANSFERRED.
 1705 A:09c4                                    ; [HIGHTR]= HIGHEST ADDR TO BE TRANSFERRED.
 1706 A:09c4                                    ;
 1707 A:09c4                                    ; A CHECK IS MADE TO ASCERTAIN THAT A REASONABLE
 1708 A:09c4                                    ; AMOUNT OF SPACE REMAINS BETWEEN THE BOTTOM
 1709 A:09c4                                    ; OF THE STRINGS AND THE HIGHEST LOCATION TRANSFERRED INTO.
 1710 A:09c4                                    ;
 1711 A:09c4                                    ; ON EXIT:
 1712 A:09c4                                    ; [LOWTR] ARE UNCHANGED.
 1713 A:09c4                                    ; [HIGHTR]=[LOWTR]-200 OCTAL.
 1714 A:09c4                                    ; [HIGHDS]=LOWEST ADDR TRANSFERRED INTO MINUS 200 OCTAL.
 1715 A:09c4                                    ;
 1716 A:09c4                           BLTU      
 1716 A:09c4  20 14 0a                           jsr REASON                ;ASCERTAIN THAT STRING SPACE WON'T
 1717 A:09c7                                    ;BE OVERRUN.

 1719 A:09c7  85 70                              sta STREND
 1720 A:09c9  84 71                              sty STREND+1
 1721 A:09cb                           BLTUC     
 1721 A:09cb  38                                 sec                    ;PREPARE TO SUBTRACT.
 1722 A:09cc  a5 99                              lda HIGHTR
 1723 A:09ce  e5 9e                              sbc LOWTR                ;COMPUTE NUMBER OF THINGS TO MOVE.
 1724 A:09d0  85 61                              sta INDEX1                ;SAVE FOR LATER.
 1725 A:09d2  a8                                 tay 
 1726 A:09d3  a5 9a                              lda HIGHTR+1
 1727 A:09d5  e5 9f                              sbc LOWTR+1
 1728 A:09d7  aa                                 tax                    ;PUT IT IN A COUNTER REGISTER.
 1729 A:09d8  e8                                 inx                    ;SO THAT COUNTER ALGORITHM WORKS.
 1730 A:09d9  98                                 tya                    ;SEE IF LOW PART OF COUNT IS ZERO.
 1731 A:09da  f0 23                              beq DECBLT                ;YES, GO START MOVING BLOCKS.
 1732 A:09dc  a5 99                              lda HIGHTR                ;NO, MUST MODIFY BASE ADDR.
 1733 A:09de  38                                 sec 
 1734 A:09df  e5 61                              sbc INDEX1                ;BORROW IS OFF SINCE [HIGHTR].GT.[LOWTR].
 1735 A:09e1  85 99                              sta HIGHTR                ;SAVE MODIFIED BASE ADDR.
 1736 A:09e3  b0 03                              bcs BLT1                ;IF NO BORROW, GO SHOVE IT.
 1737 A:09e5  c6 9a                              dec HIGHTR+1          ;BORROW IMPLIES SUB 1 FROM HIGH ORDER.
 1738 A:09e7  38                                 sec 
 1739 A:09e8                           BLT1      
 1739 A:09e8  a5 97                              lda HIGHDS                ;MOD BASE OF DEST ADDR.
 1740 A:09ea  e5 61                              sbc INDEX1
 1741 A:09ec  85 97                              sta HIGHDS
 1742 A:09ee  b0 08                              bcs MOREN1                ;NO BORROW.
 1743 A:09f0  c6 98                              dec HIGHDS+1          ;DECREMENT HIGH ORDER BYTE.
 1744 A:09f2  90 04                              bcc MOREN1                ;ALWAYS SKIP.
 1745 A:09f4                           BLTLP     
 1745 A:09f4  b1 99                              lda (HIGHTR),Y            ;FETCH BYTE TO MOVE
 1746 A:09f6  91 97                              sta (HIGHDS),Y            ;MOVE IT IN, MOVE IT OUT.
 1747 A:09f8                           MOREN1    
 1747 A:09f8  88                                 dey 
 1748 A:09f9  d0 f9                              bne BLTLP
 1749 A:09fb  b1 99                              lda (HIGHTR),Y            ;MOVE LAST OF THE BLOCK.
 1750 A:09fd  91 97                              sta (HIGHDS),Y
 1751 A:09ff                           DECBLT    
 1751 A:09ff  c6 9a                              dec HIGHTR+1
 1752 A:0a01  c6 98                              dec HIGHDS+1          ;START ON NEW BLOCKS.
 1753 A:0a03  ca                                 dex 
 1754 A:0a04  d0 f2                              bne MOREN1
 1755 A:0a06  60                                 rts                    ;RETURN TO CALLER.

 1757 A:0a07                                    ;
 1758 A:0a07                                    ; THIS ROUTINE IS USED TO ASCERTAIN THAT A GIVEN
 1759 A:0a07                                    ; NUMBER OF LOCS REMAIN AVAILABLE FOR THE STACK.
 1760 A:0a07                                    ;    THE CALL IS:
 1761 A:0a07                                    ; LDAI NUMBER OF 2-BYTE ENTRIES NEEDED.
 1762 A:0a07                                    ; JSR GETSTK
 1763 A:0a07                                    ;
 1764 A:0a07                                    ; THIS ROUTINE MUST BE CALLED BY ANY ROUTINE WHICH PUTS
 1765 A:0a07                                    ; AN ARBITRARY AMOUNT OF STUFF ON THE STACK,
 1766 A:0a07                                    ; I.E., ANY RECURSIVE ROUTINE LIKE "FRMEVL".
 1767 A:0a07                                    ; IT IS ALSO CALLED BY ROUTINES SUCH AS "GOSUB" AND "FOR"
 1768 A:0a07                                    ; WHICH MAKE PERMANENT ENTRIES ON THE STACK.
 1769 A:0a07                                    ;
 1770 A:0a07                                    ; ROUTINES WHICH MERELY USE AND FREE UP THE GUARANTEED
 1771 A:0a07                                    ; NUMLEV LOCATIONS NEED NOT CALL THIS.
 1772 A:0a07                                    ;
 1773 A:0a07                                    ;
 1774 A:0a07                                    ; ON EXIT:
 1775 A:0a07                                    ;    [A] AND [X] HAVE BEEN MODIFIED.
 1776 A:0a07                                    ;
 1777 A:0a07                           GETSTK    
 1777 A:0a07  0a                                 asl                    ;MULT [A] BY 2. NB, CLEARS C BIT.
 1778 A:0a08  69 3e                              adc #(((2*23)+3)*1)+13;MAKE SURE 2*NUMLEV+13 LOCS
 1779 A:0a0a                                    ;(13 BECAUSE OF FBUFFR)
 1780 A:0a0a  b0 35                              bcs OMERR                ;WILL REMAIN IN STACK.
 1781 A:0a0c  85 61                              sta INDEX1
 1782 A:0a0e  ba                                 tsx                    ;GET STACKED.
 1783 A:0a0f  e4 61                              cpx INDEX1                ;COMPARE.
 1784 A:0a11  90 2e                              bcc OMERR                ;IF STACK.LE.INDEX1, OM.
 1785 A:0a13  60                                 rts 

 1787 A:0a14                                    ;
 1788 A:0a14                                    ; [Y,A] IS A CERTAIN ADDRESS. "REASON" MAKES SURE
 1789 A:0a14                                    ; IT IS LESS THAN [FRETOP].
 1790 A:0a14                                    ;
 1791 A:0a14                           REASON    
 1791 A:0a14  c4 73                              cpy FRETOP+1
 1792 A:0a16  90 28                              bcc REARTS
 1793 A:0a18  d0 04                              bne TRYMOR                ;GO GARB COLLECT.
 1794 A:0a1a  c5 72                              cmp FRETOP
 1795 A:0a1c  90 22                              bcc REARTS
 1796 A:0a1e                           TRYMOR    
 1796 A:0a1e  48                                 pha 
 1797 A:0a1f  a2 09                              ldx #8+1       ;IF TEMPF2 HAS ZERO IN BETWEEN.
 1798 A:0a21  98                                 tya 
 1799 A:0a22                           REASAV    
 1799 A:0a22  48                                 pha 
 1800 A:0a23  b5 96                              lda HIGHDS-1,X        ;SAVE HIGHDS ON STACK.
 1801 A:0a25  ca                                 dex 
 1802 A:0a26  10 fa                              bpl REASAV                ;PUT 8 OF THEM ON STK.
 1803 A:0a28  20 41 1a                           jsr GARBA2                ;GO GARB COLLECT.
 1804 A:0a2b  a2 f7                              ldx #256-8-1
 1805 A:0a2d                           REASTO    
 1805 A:0a2d  68                                 pla 
 1806 A:0a2e  95 a0                              sta HIGHDS+8+1,X  ;RESTORE AFTER GARB COLLECT.
 1807 A:0a30  e8                                 inx 
 1808 A:0a31  30 fa                              bmi REASTO
 1809 A:0a33  68                                 pla 
 1810 A:0a34  a8                                 tay 
 1811 A:0a35  68                                 pla                    ;RESTORE A AND Y.
 1812 A:0a36  c4 73                              cpy FRETOP+1          ;COMPARE HIGHS
 1813 A:0a38  90 06                              bcc REARTS
 1814 A:0a3a  d0 05                              bne OMERR                ;HIGHER IS BAD.
 1815 A:0a3c  c5 72                              cmp FRETOP                ;AND THE LOWS.
 1816 A:0a3e  b0 01                              bcs OMERR
 1817 A:0a40                           REARTS    
 1817 A:0a40  60                                 rts 

 1819 A:0a41                                    ; PAGE
 1820 A:0a41                                    ; SUBTTL ERROR HANDLER, READY, TERMINAL INPUT, COMPACTIFY, NEW, REINIT.
 1821 A:0a41                           OMERR     
 1821 A:0a41  a2 0c                              ldx #12
 1822 A:0a43                           ERROR     
 1822 A:0a43                                    

 1825 A:0a43  46 17                              lsr CNTWFL

 1835 A:0a45                           ERRCRD    
 1835 A:0a45  20 bc 10                           jsr CRDO                ;OUTPUT CRLF.
 1836 A:0a48  20 29 11                           jsr OUTQST                ;PRINT A QUESTION MARK

 1839 A:0a4b  bd 59 09                           lda ERRTAB,X,
 1840 A:0a4e  20 2b 11                           jsr OUTDO
 1841 A:0a51  bd 5a 09                           lda ERRTAB+1,X,
 1842 A:0a54  20 2b 11                           jsr OUTDO

 1854 A:0a57                           TYPERR    
 1854 A:0a57  20 7a 0c                           jsr STKINI                ;RESET THE STACK AND FLAGS.
 1855 A:0a5a                                    ;GET PNTR TO " ERROR".
 1856 A:0a5a  a9 7b                              lda #ERR&255
 1857 A:0a5c  a0 09                              ldy #ERR/256
 1858 A:0a5e                           ERRFIN    
 1858 A:0a5e  20 06 11                           jsr STROUT                ;OUTPUT IT.
 1859 A:0a61  a4 79                              ldy CURLIN+1
 1860 A:0a63  c8                                 iny                    ;WAS NUMBER 64000?
 1861 A:0a64  f0 03                              beq READY                ;YES, DON'T TYPE LINE NUMBER.
 1862 A:0a66  20 e9 22                           jsr INPRT
 1863 A:0a69                           READY     
 1863 A:0a69                                    

 1866 A:0a69  46 17                              lsr CNTWFL

 1868 A:0a6b                                    ;SAY "OK".
 1869 A:0a6b  a9 87                              lda #REDDY&255
 1870 A:0a6d  a0 09                              ldy #REDDY/256

 1873 A:0a6f  20 03 00                           jsr RDYJSR

 1879 A:0a72                           MAIN      
 1879 A:0a72  20 4f 0b                           jsr INLIN                ;GET A LINE FROM TERMINAL.

 1881 A:0a75  86 b9                              stx CHRGOT+1
 1882 A:0a77  84 ba                              sty CHRGOT+1+1
 1883 A:0a79  20 b2 00                           jsr CHRGET
 1884 A:0a7c  aa                                 tax                    ;SET ZERO FLAG BASED ON [A]
 1885 A:0a7d                                    ;THIS DISTINGUISHES ":" AND 0
 1886 A:0a7d  f0 f3                              beq MAIN                ;IF BLANK LINE, GET ANOTHER.
 1887 A:0a7f  a2 ff                              ldx #255             ;SET DIRECT LINE NUMBER.
 1888 A:0a81  86 79                              stx CURLIN+1
 1889 A:0a83  90 06                              bcc MAIN1                ;IS A LINE NUMBER. NOT DIRECT.
 1890 A:0a85  20 88 0b                           jsr CRUNCH                ;COMPACTIFY.
 1891 A:0a88  4c c9 0d                           jmp GONE                ;EXECUTE IT.
 1892 A:0a8b                           MAIN1     
 1892 A:0a8b  20 bb 0f                           jsr LINGET                ;READ LINE NUMBER INTO "LINNUM".
 1893 A:0a8e  20 88 0b                           jsr CRUNCH
 1894 A:0a91  84 0f                              sty COUNT                ;RETAIN CHARACTER COUNT.
 1895 A:0a93  20 16 0c                           jsr FNDLIN
 1896 A:0a96  90 44                              bcc NODEL                ;NO MATCH, SO DON'T DELETE.
 1897 A:0a98  a0 01                              ldy #1
 1898 A:0a9a  b1 9e                              lda (LOWTR),Y
 1899 A:0a9c  85 62                              sta INDEX1+1
 1900 A:0a9e  a5 6c                              lda VARTAB
 1901 A:0aa0  85 61                              sta INDEX1
 1902 A:0aa2  a5 9f                              lda LOWTR+1          ;SET TRANSFER TO.
 1903 A:0aa4  85 64                              sta INDEX2+1
 1904 A:0aa6  a5 9e                              lda LOWTR
 1905 A:0aa8  88                                 dey 
 1906 A:0aa9  f1 9e                              sbc (LOWTR),Y            ;COMPUTE NEGATIVE LENGTH.
 1907 A:0aab  18                                 clc 
 1908 A:0aac  65 6c                              adc VARTAB                ;COMPUTE NEW VARTAB.
 1909 A:0aae  85 6c                              sta VARTAB
 1910 A:0ab0  85 63                              sta INDEX2                ;SET LOW OF TRANS TO.
 1911 A:0ab2  a5 6d                              lda VARTAB+1
 1912 A:0ab4  69 ff                              adc #255
 1913 A:0ab6  85 6d                              sta VARTAB+1          ;COMPUTE HIGH OF VARTAB.
 1914 A:0ab8  e5 9f                              sbc LOWTR+1          ;COMPUTE NUMBER OF BLOCKS TO MOVE.
 1915 A:0aba  aa                                 tax 
 1916 A:0abb  38                                 sec 
 1917 A:0abc  a5 9e                              lda LOWTR
 1918 A:0abe  e5 6c                              sbc VARTAB                ;COMPUTE OFFSET.
 1919 A:0ac0  a8                                 tay 
 1920 A:0ac1  b0 03                              bcs QDECT1                ;IF VARTAB.LE.LOWTR,
 1921 A:0ac3  e8                                 inx                    ;DECR DUE TO CARRY, AND
 1922 A:0ac4  c6 64                              dec INDEX2+1          ;DECREMENT STORE SO CARRY WORKS.
 1923 A:0ac6                           QDECT1    
 1923 A:0ac6  18                                 clc 
 1924 A:0ac7  65 61                              adc INDEX1
 1925 A:0ac9  90 03                              bcc MLOOP
 1926 A:0acb  c6 62                              dec INDEX1+1
 1927 A:0acd  18                                 clc                    ;FOR LATER ADCQ
 1928 A:0ace                           MLOOP     
 1928 A:0ace  b1 61                              lda (INDEX1),Y
 1929 A:0ad0  91 63                              sta (INDEX2),Y
 1930 A:0ad2  c8                                 iny 
 1931 A:0ad3  d0 f9                              bne MLOOP                ;BLOCK DONE?
 1932 A:0ad5  e6 62                              inc INDEX1+1
 1933 A:0ad7  e6 64                              inc INDEX2+1
 1934 A:0ad9  ca                                 dex 
 1935 A:0ada  d0 f2                              bne MLOOP                ;DO ANOTHER BLOCK. ALWAYS.
 1936 A:0adc                           NODEL     
 1936 A:0adc  20 5c 0c                           jsr RUNC                ;RESET ALL VARIABLE INFO SO GARBAGE
 1937 A:0adf                                    ;COLLECTION CAUSED BY REASON WILL WORK
 1938 A:0adf  20 22 0b                           jsr LNKPRG                ;FIX UP THE LINKS
 1939 A:0ae2  ad 00 02                           lda 512              ;SEE IF ANYTHNG THERE
 1940 A:0ae5  f0 8b                              beq MAIN
 1941 A:0ae7  18                                 clc 
 1942 A:0ae8  a5 6c                              lda VARTAB
 1943 A:0aea  85 99                              sta HIGHTR                ;SETUP HIGHTR.
 1944 A:0aec  65 0f                              adc COUNT                ;ADD LENGTH OF LINE TO INSERT.
 1945 A:0aee  85 97                              sta HIGHDS                ;THIS GIVES DEST ADDR.
 1946 A:0af0  a4 6d                              ldy VARTAB+1
 1947 A:0af2  84 9a                              sty HIGHTR+1          ;SAME FOR HIGH ORDERS.
 1948 A:0af4  90 01                              bcc NODELC
 1949 A:0af6  c8                                 iny 
 1950 A:0af7                           NODELC    
 1950 A:0af7  84 98                              sty HIGHDS+1
 1951 A:0af9  20 c4 09                           jsr BLTU

 1955 A:0afc  a5 53                              lda LINNUM
 1956 A:0afe  a4 54                              ldy LINNUM+1

 1958 A:0b00  8d fe 01                           sta 512-2
 1959 A:0b03  8c ff 01                           sty 512-2+1

 1962 A:0b06  a5 70                              lda STREND
 1963 A:0b08  a4 71                              ldy STREND+1

 1965 A:0b0a  85 6c                              sta VARTAB
 1966 A:0b0c  84 6d                              sty VARTAB+1
 1967 A:0b0e  a4 0f                              ldy COUNT
 1968 A:0b10  88                                 dey 
 1969 A:0b11                           STOLOP    
 1969 A:0b11  b9 fc 01                           lda 512-4,Y
 1970 A:0b14  91 9e                              sta (LOWTR),Y
 1971 A:0b16  88                                 dey 
 1972 A:0b17  10 f8                              bpl STOLOP
 1973 A:0b19                           FINI      
 1973 A:0b19  20 5c 0c                           jsr RUNC                ;DO CLEAR & SET UP STACK.
 1974 A:0b1c                                    ;AND SET [TXTPTR] TO [TXTTAB]-1.
 1975 A:0b1c  20 22 0b                           jsr LNKPRG                ;FIX UP PROGRAM LINKS
 1976 A:0b1f  4c 72 0a                           jmp MAIN
 1977 A:0b22                           LNKPRG    
 1977 A:0b22                                    ;SET [INDEX] TO [TXTTAB].
 1978 A:0b22  a5 6a                              lda TXTTAB
 1979 A:0b24  a4 6b                              ldy TXTTAB+1

 1981 A:0b26  85 61                              sta INDEX1
 1982 A:0b28  84 62                              sty INDEX1+1
 1983 A:0b2a  18                                 clc 
 1984 A:0b2b                                    ;
 1985 A:0b2b                                    ; CHEAD GOES THROUGH PROGRAM STORAGE AND FIXES
 1986 A:0b2b                                    ; UP ALL THE LINKS. THE END OF EACH LINE IS FOUND
 1987 A:0b2b                                    ; BY SEARCHING FOR THE ZERO AT THE END.
 1988 A:0b2b                                    ; THE DOUBLE ZERO LINK IS USED TO DETECT THE END OF THE PROGRAM.
 1989 A:0b2b                                    ;
 1990 A:0b2b                           CHEAD     
 1990 A:0b2b  a0 01                              ldy #1
 1991 A:0b2d  b1 61                              lda (INDEX1),Y            ;ARRIVED AT DOUBLE ZEROES?
 1992 A:0b2f  f0 1d                              beq LNKRTS
 1993 A:0b31  a0 04                              ldy #4
 1994 A:0b33                           CZLOOP    
 1994 A:0b33  c8                                 iny                    ;THERE IS AT LEAST ONE BYTE.
 1995 A:0b34  b1 61                              lda (INDEX1),Y
 1996 A:0b36  d0 fb                              bne CZLOOP                ;NO, CONTINUE SEARCHING.
 1997 A:0b38  c8                                 iny                    ;GO ONE BEYOND.
 1998 A:0b39  98                                 tya 
 1999 A:0b3a  65 61                              adc INDEX1
 2000 A:0b3c  aa                                 tax 
 2001 A:0b3d  a0 00                              ldy #0
 2002 A:0b3f  91 61                              sta (INDEX1),Y
 2003 A:0b41  a5 62                              lda INDEX1+1
 2004 A:0b43  69 00                              adc #0
 2005 A:0b45  c8                                 iny 
 2006 A:0b46  91 61                              sta (INDEX1),Y
 2007 A:0b48  86 61                              stx INDEX1
 2008 A:0b4a  85 62                              sta INDEX1+1
 2009 A:0b4c  90 dd                              bcc CHEAD                ;ALWAYS BRANCHES.
 2010 A:0b4e                           LNKRTS    
 2010 A:0b4e  60                                 rts 
 2011 A:0b4f                                    ;
 2012 A:0b4f                                    ; THIS IS THE LINE INPUT ROUTINE.
 2013 A:0b4f                                    ; IT READS CHARACTERS INTO BUF USING BACKARROW (UNDERSCORE, OR
 2014 A:0b4f                                    ; SHIFT O) AS THE DELETE CHARACTER AND @ AS THE 
 2015 A:0b4f                                    ; LINE DELETE CHARACTER. IF MORE THAN BUFLEN CHARACTERS
 2016 A:0b4f                                    ; ARE TYPED, NO ECHOING IS DONE UNTIL A BACKARROW OR @ OR CR
 2017 A:0b4f                                    ; IS TYPED. CONTROL-G WILL BE TYPED FOR EACH EXTRA CHARACTER.
 2018 A:0b4f                                    ; THE ROUTINE IS ENTERED AT INLIN.
 2019 A:0b4f                                    ;

 2022 A:0b4f                           INLIN     
 2022 A:0b4f  a2 80                              ldx #128
 2023 A:0b51  86 33                              stx 51
 2024 A:0b53  20 67 fd                           jsr 64871
 2025 A:0b56  e0 ef                              cpx #240-1
 2026 A:0b58  b0 02                              bcs GDBUFS
 2027 A:0b5a  a2 ef                              ldx #240-1
 2028 A:0b5c                           GDBUFS    
 2028 A:0b5c  a9 00                              lda #0
 2029 A:0b5e  9d 00 02                           sta 512,X
 2030 A:0b61  8a                                 txa 
 2031 A:0b62  f0 0b                              beq NOCHR
 2032 A:0b64                           LOPBHT    
 2032 A:0b64  bd ff 01                           lda 512-1,X
 2033 A:0b67  29 7f                              and #127
 2034 A:0b69  9d ff 01                           sta 512-1,X
 2035 A:0b6c  ca                                 dex 
 2036 A:0b6d  d0 f5                              bne LOPBHT
 2037 A:0b6f                           NOCHR     
 2037 A:0b6f  a9 00                              lda #0

 2039 A:0b71  a2 ff                              ldx #(512-1)&255
 2040 A:0b73  a0 01                              ldy #(512-1)/256
 2041 A:0b75  60                                 rts 

 2107 A:0b76                           INCHR     
 2107 A:0b76                                    

 2134 A:0b76  20 0c fd                           jsr 64780
 2135 A:0b79  29 7f                              and #127

 2149 A:0b7b  c9 0f                              cmp #15
 2150 A:0b7d  d0 08                              bne INCRTS
 2151 A:0b7f  48                                 pha 

 2153 A:0b80  a5 17                              lda CNTWFL
 2154 A:0b82  49 ff                              eor #255
 2155 A:0b84  85 17                              sta CNTWFL
 2156 A:0b86  68                                 pla 

 2158 A:0b87                           INCRTS    
 2158 A:0b87  60                                 rts                    ;END OF INCHR.

 2160 A:0b88                                    ;
 2161 A:0b88                                    ; ALL "RESERVED" WORDS ARE TRANSLATED INTO SINGLE
 2162 A:0b88                                    ; BYTES WITH THE MSB ON. THIS SAVES SPACE AND TIME 
 2163 A:0b88                                    ; BY ALLOWING FOR TABLE DISPATCH DURING EXECUTION.
 2164 A:0b88                                    ; THEREFORE ALL STATEMENTS APPEAR TOGETHER IN THE
 2165 A:0b88                                    ; RESERVED WORD LIST IN THE SAME ORDER THEY
 2166 A:0b88                                    ; APPEAR IN STMDSP.
 2167 A:0b88                                    ;
 2168 A:0b88                                    ;THE AMOUNT TO OFFSET THE LOW BYTE

 2170 A:0b88                                    ;OF THE TEXT POINTER TO GET TO BUF
 2171 A:0b88                                    ;AFTER TXTPTR HAS BEEN SETUP TO POINT INTO BUF

 2176 A:0b88                           CRUNCH    
 2176 A:0b88  a6 b9                              ldx CHRGOT+1          ;SET SOURCE POINTER.
 2177 A:0b8a  a0 04                              ldy #4             ;SET DESTINATION OFFSET.
 2178 A:0b8c  84 13                              sty DORES                ;ALLOW CRUNCHING.
 2179 A:0b8e                           KLOOP     
 2179 A:0b8e  bd 00 02                           lda 512,X

 2188 A:0b91                           CMPSPC    
 2188 A:0b91  c9 20                              cmp #" "             ;IS IT A SPACE TO SAVE?
 2189 A:0b93  f0 37                              beq STUFFH                ;YES, GO SAVE IT.
 2190 A:0b95  85 0e                              sta ENDCHR                ;IF IT'S A QUOTE, THIS WILL
 2191 A:0b97                                    ;STOP LOOP WHEN OTHER QUOTE APPEARS.
 2192 A:0b97  c9 22                              cmp #34             ;QUOTE SIGN?
 2193 A:0b99  f0 56                              beq STRNG                ;YES, DO SPECIAL STRING HANDLING.
 2194 A:0b9b  24 13                              bit DORES                ;TEST FLAG.
 2195 A:0b9d  70 2d                              bvs STUFFH                ;NO CRUNCH, JUST STORE.
 2196 A:0b9f  c9 3f                              cmp #"?"             ;A QMARK?
 2197 A:0ba1  d0 04                              bne KLOOP1
 2198 A:0ba3  a9 7f                              lda #127             ;YES, STUFF A "PRINT" TOKEN.
 2199 A:0ba5  d0 25                              bne STUFFH                ;ALWAYS GO TO STUFFH.
 2200 A:0ba7                           KLOOP1    
 2200 A:0ba7  c9 30                              cmp #"0"             ;SKIP NUMERICS.
 2201 A:0ba9  90 04                              bcc MUSTCR
 2202 A:0bab  c9 3c                              cmp #60             ;":" AND ";" ARE ENTERED STRAIGHTAWAY.
 2203 A:0bad  90 1d                              bcc STUFFH
 2204 A:0baf                           MUSTCR    
 2204 A:0baf  84 b0                              sty FBUFPT                ;SAVE BUFFER POINTER.
 2205 A:0bb1  a0 00                              ldy #0             ;LOAD RESLST POINTER.
 2206 A:0bb3  84 0f                              sty COUNT                ;ALSO CLEAR COUNT.
 2207 A:0bb5  88                                 dey 
 2208 A:0bb6  86 b9                              stx CHRGOT+1          ;SAVE TEXT POINTER FOR LATER USE.
 2209 A:0bb8  ca                                 dex 
 2210 A:0bb9                           RESER     
 2210 A:0bb9  c8                                 iny 
 2211 A:0bba                           RESPUL    
 2211 A:0bba  e8                                 inx 
 2212 A:0bbb                           RESCON    
 2212 A:0bbb  bd 00 02                           lda 512,X
 2213 A:0bbe  38                                 sec                    ;PREPARE TO SUBSTARCT.
 2214 A:0bbf  f9 80 08                           sbc RESLST,Y              ;CHARACTERS EQUAL?
 2215 A:0bc2  f0 f5                              beq RESER                ;YES, CONTINUE SEARCH.
 2216 A:0bc4  c9 80                              cmp #128             ;NO BUT MAYBE THE END IS HERE.
 2217 A:0bc6  d0 30                              bne NTHIS                ;NO, TRULY UNEQUAL.
 2218 A:0bc8  05 0f                              ora COUNT
 2219 A:0bca                           GETBPT    
 2219 A:0bca  a4 b0                              ldy FBUFPT                ;GET BUFFER PNTR.
 2220 A:0bcc                           STUFFH    
 2220 A:0bcc  e8                                 inx 
 2221 A:0bcd  c8                                 iny 
 2222 A:0bce  99 fb 01                           sta 512-5,Y
 2223 A:0bd1  b9 fb 01                           lda 512-5,Y
 2224 A:0bd4  f0 36                              beq CRDONE                ;NULL IMPLIES END OF LINE.
 2225 A:0bd6  38                                 sec                    ;PREPARE TO SUBSTARCT.
 2226 A:0bd7  e9 3a                              sbc #":"             ;IS IT A ":"?
 2227 A:0bd9  f0 04                              beq COLIS                ;YES, ALLOW CRUNCHING AGAIN.
 2228 A:0bdb  c9 45                              cmp #127-":"       ;IS IT A DATATK?
 2229 A:0bdd  d0 02                              bne NODATT                ;NO, SEE IF IT IS REM TOKEN.
 2230 A:0bdf                           COLIS     
 2230 A:0bdf  85 13                              sta DORES                ;SETUP FLAG.
 2231 A:0be1                           NODATT    
 2231 A:0be1  38                                 sec                    ;PREP TO SBCQ
 2232 A:0be2  e9 45                              sbc #127-":"       ;REM ONLY STOPS ON NULL.
 2233 A:0be4  d0 a8                              bne KLOOP                ;NO, CONTINUE CRUNCHING.
 2234 A:0be6  85 0e                              sta ENDCHR                ;REM STOPS ONLY ON NULL, NOT : OR ".
 2235 A:0be8                           STR1      
 2235 A:0be8  bd 00 02                           lda 512,X
 2236 A:0beb  f0 df                              beq STUFFH                ;YES, END OF LINE, SO DONE.
 2237 A:0bed  c5 0e                              cmp ENDCHR                ;END OF GOBBLE?
 2238 A:0bef  f0 db                              beq STUFFH                ;YES, DONE WITH STRING.
 2239 A:0bf1                           STRNG     
 2239 A:0bf1  c8                                 iny                    ;INCREMENT BUFFER POINTER.
 2240 A:0bf2  99 fb 01                           sta 512-5,Y
 2241 A:0bf5  e8                                 inx 
 2242 A:0bf6  d0 f0                              bne STR1                ;PROCESS NEXT CHARACTER.
 2243 A:0bf8                           NTHIS     
 2243 A:0bf8  a6 b9                              ldx CHRGOT+1          ;RESTORE TEXT POINTER.
 2244 A:0bfa  e6 0f                              inc COUNT                ;INCREMENT RES WORD COUNT.
 2245 A:0bfc                           NTHIS1    
 2245 A:0bfc  c8                                 iny 
 2246 A:0bfd  b9 7f 08                           lda RESLST-1,Y,       ;GET RES CHARACTER.
 2247 A:0c00  10 fa                              bpl NTHIS1                ;END OF ENTRY?
 2248 A:0c02  b9 80 08                           lda RESLST,Y,             ;YES. IS IT THE END?
 2249 A:0c05  d0 b4                              bne RESCON                ;NO, TRY THE NEXT WORD.
 2250 A:0c07  bd 00 02                           lda 512,X            ;YES, END OF TABLE. GET 1ST CHR.
 2251 A:0c0a  10 be                              bpl GETBPT                ;STORE IT AWAY (ALWAYS BRANCHES).
 2252 A:0c0c                           CRDONE    
 2252 A:0c0c  99 fd 01                           sta 512-3,Y,     ;SO THAT IF THIS IS A DIR STATEMENT
 2253 A:0c0f                                    ;ITS END WILL LOOK LIKE END OF PROGRAM.

 2256 A:0c0f  c6 ba                              dec CHRGOT+1+1

 2259 A:0c13  85 b9                              sta CHRGOT+1          ;CRUNCHED LINE.
 2260 A:0c15                           LISTRT    
 2260 A:0c15  60                                 rts                    ;RETURN TO CALLER.
 2261 A:0c16                                    ;
 2262 A:0c16                                    ; FNDLIN SEARCHES THE PROGRAM TEXT FOR THE LINE
 2263 A:0c16                                    ; WHOSE NUMBER IS PASSED IN "LINNUM".
 2264 A:0c16                                    ; THERE ARE TWO POSSIBLE RETURNS:
 2265 A:0c16                                    ;
 2266 A:0c16                                    ; 1) CARRY SET.
 2267 A:0c16                                    ;    LOWTR POINTS TO THE LINK FIELD IN THE LINE
 2268 A:0c16                                    ;    WHICH IS THE ONE SEARCHED FOR.
 2269 A:0c16                                    ;
 2270 A:0c16                                    ; 2) CARRY NOT SET.
 2271 A:0c16                                    ;    LINE NOT FOUND. [LOWTR] POINTS TO THE LINE IN THE
 2272 A:0c16                                    ;    PROGRAM GREATER THAN THE ONE SOUGHT AFTER.
 2273 A:0c16                                    ;
 2274 A:0c16                           FNDLIN    
 2274 A:0c16                                    ;LOAD [X,A] WITH [TXTTAB]
 2275 A:0c16  a5 6a                              lda TXTTAB
 2276 A:0c18  a6 6b                              ldx TXTTAB+1
 2277 A:0c1a                           FNDLNC    
 2277 A:0c1a  a0 01                              ldy #1
 2278 A:0c1c                                    ;STORE [X,A] INTO LOWTR
 2279 A:0c1c  85 9e                              sta LOWTR
 2280 A:0c1e  86 9f                              stx LOWTR+1
 2281 A:0c20  b1 9e                              lda (LOWTR),Y            ;SEE IF LINK IS 0
 2282 A:0c22  f0 21                              beq FLINRT
 2283 A:0c24  c8                                 iny 
 2284 A:0c25  c8                                 iny 
 2285 A:0c26  a5 54                              lda LINNUM+1          ;COMP HIGH ORDERS OF LINE NUMBERS.
 2286 A:0c28  d1 9e                              cmp (LOWTR),Y
 2287 A:0c2a  90 1a                              bcc FLNRTS                ;NO SUCH LINE NUMBER.
 2288 A:0c2c  f0 05                              beq FNDLO1
 2289 A:0c2e  88                                 dey 
 2290 A:0c2f  d0 0b                              bne AFFRTS                ;ALWAYS BRANCH.
 2291 A:0c31                           FNDLO1    
 2291 A:0c31  a5 53                              lda LINNUM
 2292 A:0c33  88                                 dey 
 2293 A:0c34  d1 9e                              cmp (LOWTR),Y            ;COMPARE LOW ORDERS.
 2294 A:0c36  90 0e                              bcc FLNRTS                ;NO SUCH NUMBER.
 2295 A:0c38  f0 0c                              beq FLNRTS                ;GO TIT.
 2296 A:0c3a                           AFFRTS    
 2296 A:0c3a  88                                 dey 
 2297 A:0c3b  b1 9e                              lda (LOWTR),Y            ;FETCH LINK.
 2298 A:0c3d  aa                                 tax 
 2299 A:0c3e  88                                 dey 
 2300 A:0c3f  b1 9e                              lda (LOWTR),Y
 2301 A:0c41  b0 d7                              bcs FNDLNC                ;ALWAYS BRANCHES.
 2302 A:0c43                           FLINRT    
 2302 A:0c43  18                                 clc                    ;C MAY BE HIGH.
 2303 A:0c44                           FLNRTS    
 2303 A:0c44  60                                 rts                    ;RETURN TO CALLER.
 2304 A:0c45                                    ;
 2305 A:0c45                                    ; THE "NEW" COMMAND CLEARS THE PROGRAM TEXT AS WELL
 2306 A:0c45                                    ; AS VARIABLE SPACE.
 2307 A:0c45                                    ;
 2308 A:0c45                           SCRATH    
 2308 A:0c45  d0 fd                              bne FLNRTS                ;MAKE SURE THERE IS A TERMINATOR.
 2309 A:0c47                           SCRTCH    
 2309 A:0c47  a9 00                              lda #0             ;GET A CLEARER.
 2310 A:0c49  a8                                 tay                    ;SET UP INDEX.
 2311 A:0c4a  91 6a                              sta (TXTTAB),Y            ;CLEAR FIRST LINK.
 2312 A:0c4c  c8                                 iny 
 2313 A:0c4d  91 6a                              sta (TXTTAB),Y
 2314 A:0c4f  a5 6a                              lda TXTTAB
 2315 A:0c51  18                                 clc 
 2316 A:0c52  69 02                              adc #2
 2317 A:0c54  85 6c                              sta VARTAB                ;SETUP [VARTAB].
 2318 A:0c56  a5 6b                              lda TXTTAB+1
 2319 A:0c58  69 00                              adc #0
 2320 A:0c5a  85 6d                              sta VARTAB+1
 2321 A:0c5c                           RUNC      
 2321 A:0c5c  20 8e 0c                           jsr STXTPT
 2322 A:0c5f  a9 00                              lda #0             ;SET ZERO FLAG
 2323 A:0c61                                    ;
 2324 A:0c61                                    ; THIS CODE IS FOR THE CLEAR COMMAND.
 2325 A:0c61                                    ;
 2326 A:0c61                           CLEAR     
 2326 A:0c61  d0 2c                              bne STKRTS                ;SYNTAX ERROR IF NO TERMINATOR.
 2327 A:0c63                                    ;
 2328 A:0c63                                    ; CLEAR INITIALIZES THE VARIABLE AND
 2329 A:0c63                                    ; ARRAY SPACE BY RESETING ARYTAB (THE END OF SIMPLE VARIABLE SPACE)
 2330 A:0c63                                    ; AND STREND (THE END OF ARRAY STORAGE). IT FALLS INTO "STKINI"
 2331 A:0c63                                    ; WHICH RESETS THE STACK. 
 2332 A:0c63                                    ;
 2333 A:0c63                           CLEARC    
 2333 A:0c63                                    ;FREE UP STRING SPACE.
 2334 A:0c63  a5 76                              lda MEMSIZ
 2335 A:0c65  a4 77                              ldy MEMSIZ+1

 2337 A:0c67  85 72                              sta FRETOP
 2338 A:0c69  84 73                              sty FRETOP+1

 2343 A:0c6b                                    ;LIBERATE THE
 2344 A:0c6b  a5 6c                              lda VARTAB
 2345 A:0c6d  a4 6d                              ldy VARTAB+1
 2346 A:0c6f                                    ;VARIABLES AND
 2347 A:0c6f  85 6e                              sta ARYTAB
 2348 A:0c71  84 6f                              sty ARYTAB+1
 2349 A:0c73                                    ;ARRAYS.
 2350 A:0c73  85 70                              sta STREND
 2351 A:0c75  84 71                              sty STREND+1
 2352 A:0c77                           FLOAD     
 2352 A:0c77  20 02 0e                           jsr RESTOR                ;RESTORE DATA.
 2353 A:0c7a                                    ;
 2354 A:0c7a                                    ; STKINI RESETS THE STACK POINTER ELIMINATING
 2355 A:0c7a                                    ; GOSUB AND FOR CONTEXT. STRING TEMPORARIES ARE FREED
 2356 A:0c7a                                    ; UP, SUBFLG IS RESET. CONTINUING IS PROHIBITED.
 2357 A:0c7a                                    ; AND A DUMMY ENTRY IS LEFT AT THE BOTTOM OF THE STACK SO "FNDFOR" WILL ALWAYS
 2358 A:0c7a                                    ; FIND A NON-"FOR" ENTRY AT THE BOTTOM OF THE STACK.
 2359 A:0c7a                                    ;
 2360 A:0c7a                           STKINI    
 2360 A:0c7a  a2 58                              ldx #TEMPST               ;INITIALIZE STRING TEMPORARIES.
 2361 A:0c7c  86 55                              stx TEMPPT
 2362 A:0c7e  68                                 pla                    ;SETUP RETURN ADDRESS.
 2363 A:0c7f  a8                                 tay 
 2364 A:0c80  68                                 pla 
 2365 A:0c81  a2 fa                              ldx #507-257
 2366 A:0c83  9a                                 txs 
 2367 A:0c84  48                                 pha 
 2368 A:0c85  98                                 tya 
 2369 A:0c86  48                                 pha 
 2370 A:0c87  a9 00                              lda #0
 2371 A:0c89  85 7d                              sta OLDTXT+1          ;DISALLOWING CONTINUING
 2372 A:0c8b  85 14                              sta SUBFLG                ;ALLOW SUBSCRIPTS.
 2373 A:0c8d                           STKRTS    
 2373 A:0c8d  60                                 rts 

 2375 A:0c8e                           STXTPT    
 2375 A:0c8e  18                                 clc 
 2376 A:0c8f  a5 6a                              lda TXTTAB
 2377 A:0c91  69 ff                              adc #255
 2378 A:0c93  85 b9                              sta CHRGOT+1
 2379 A:0c95  a5 6b                              lda TXTTAB+1
 2380 A:0c97  69 ff                              adc #255
 2381 A:0c99  85 ba                              sta CHRGOT+1+1    ;SETUP TEXT POINTER.
 2382 A:0c9b  60                                 rts 
 2383 A:0c9c                                    ; PAGE
 2384 A:0c9c                                    ; SUBTTL THE "LIST" COMMAND.

 2386 A:0c9c                           LIST      
 2386 A:0c9c  90 08                              bcc GOLST                ;IT IS A DIGIT.
 2387 A:0c9e  f0 06                              beq GOLST                ;IT IS A TERMINATOR.
 2388 A:0ca0  c9 81                              cmp #129             ;DASH PRECEDING?
 2389 A:0ca2  d0 e9                              bne STKRTS                ;NO, SO SYNTAX ERROR.
 2390 A:0ca4                           GOLST     
 2390 A:0ca4  20 bb 0f                           jsr LINGET                ;GET LINE NUMBER INTO NUMLIN.
 2391 A:0ca7  20 16 0c                           jsr FNDLIN                ;FIND LINE .GE. [NUMLIN].
 2392 A:0caa  20 b8 00                           jsr CHRGOT                ;GET LAST CHARACTER.
 2393 A:0cad  f0 0e                              beq LSTEND                ;IF END OF LINE, # IS THE END.
 2394 A:0caf  c9 81                              cmp #129             ;DASH?
 2395 A:0cb1  d0 91                              bne FLNRTS                ;IF NOT, SYNTAX ERROR.
 2396 A:0cb3  20 b2 00                           jsr CHRGET                ;GET NEXT CHAR.
 2397 A:0cb6  20 bb 0f                           jsr LINGET                ;GET END #.
 2398 A:0cb9  d0 89                              bne FLNRTS                ;IF NOT TERMINATOR, ERROR.
 2399 A:0cbb                           LSTEND    
 2399 A:0cbb  68                                 pla 
 2400 A:0cbc  68                                 pla                    ;GET RID OF "NEWSTT" RTS ADDR.
 2401 A:0cbd  a5 53                              lda LINNUM                ;SEE IF IT WAS EXISTENT.
 2402 A:0cbf  05 54                              ora LINNUM+1
 2403 A:0cc1  d0 08                              bne LIST4                ;IT WAS TYPED.
 2404 A:0cc3  a9 ff                              lda #255
 2405 A:0cc5  85 53                              sta LINNUM
 2406 A:0cc7  85 54                              sta LINNUM+1          ;MAKE IT HUGE.
 2407 A:0cc9                           LIST4     
 2407 A:0cc9  a0 01                              ldy #1

 2412 A:0ccb  b1 9e                              lda (LOWTR),Y            ;IS LINK ZERO?
 2413 A:0ccd  f0 3b                              beq GRODY                ;YES, GO TO READY.

 2416 A:0ccf  20 e1 ff                           jsr 65505

 2418 A:0cd2  20 bc 10                           jsr CRDO                ;PRINT CRLF TO START WITH.
 2419 A:0cd5  c8                                 iny 
 2420 A:0cd6  b1 9e                              lda (LOWTR),Y
 2421 A:0cd8  aa                                 tax 
 2422 A:0cd9  c8                                 iny 
 2423 A:0cda  b1 9e                              lda (LOWTR),Y            ;GET LINE NUMBER.
 2424 A:0cdc  c5 54                              cmp LINNUM+1          ;SEE IF BEYOND LAST.
 2425 A:0cde  d0 06                              bne TSTDUN                ;GO DETERMINE RELATION.
 2426 A:0ce0  e4 53                              cpx LINNUM                ;WAS EQUAL SO TEST LOW ORDER.
 2427 A:0ce2  f0 04                              beq TYPLIN                ;EQUAL, SO LIST IT.
 2428 A:0ce4                           TSTDUN    
 2428 A:0ce4  b0 24                              bcs GRODY                ;IF LINE IS GR THAN LAST, THEN DUNE.
 2429 A:0ce6                           TYPLIN    
 2429 A:0ce6  84 88                              sty FORPNT
 2430 A:0ce8  20 f4 22                           jsr LINPRT                ;PRINT AS INT WITHOUT LEADING SPACE.
 2431 A:0ceb  a9 20                              lda #" "             ;ALWAYS PRINT SPACE AFTER NUMBER.
 2432 A:0ced                           PRIT4     
 2432 A:0ced  a4 88                              ldy FORPNT                ;GET POINTER TO LINE BACK.
 2433 A:0cef  29 7f                              and #127
 2434 A:0cf1                           PLOOP     
 2434 A:0cf1  20 2b 11                           jsr OUTDO                ;PRINT CHAR.

 2444 A:0cf4                           PLOOP1    
 2444 A:0cf4  c8                                 iny 
 2445 A:0cf5  f0 13                              beq GRODY                ;IF WE HAVE PRINTED 256 CHARACTERS
 2446 A:0cf7                                    ;THE PROGRAM MUST BE MISFORMATED IN
 2447 A:0cf7                                    ;MEMORY DUE TO A BAD LOAD OR BAD
 2448 A:0cf7                                    ;HARDWARE. LET THE GUY RECOVER
 2449 A:0cf7  b1 9e                              lda (LOWTR),Y            ;GET NEXT CHAR. IS IT ZERO?
 2450 A:0cf9  d0 12                              bne QPLOP                ;YES. END OF LINE.
 2451 A:0cfb  a8                                 tay 
 2452 A:0cfc  b1 9e                              lda (LOWTR),Y
 2453 A:0cfe  aa                                 tax 
 2454 A:0cff  c8                                 iny 
 2455 A:0d00  b1 9e                              lda (LOWTR),Y
 2456 A:0d02  86 9e                              stx LOWTR
 2457 A:0d04  85 9f                              sta LOWTR+1
 2458 A:0d06  d0 c1                              bne LIST4                ;BRANCH IF SOMETHING TO LIST.
 2459 A:0d08                           GRODY     
 2459 A:0d08  4c 69 0a                           jmp READY
 2460 A:0d0b                                    ;IS IT A TOKEN?
 2461 A:0d0b                           QPLOP     
 2461 A:0d0b  10 e4                              bpl PLOOP                ;NO, HEAD FOR PRINTER.

 2469 A:0d0d  38                                 sec 
 2470 A:0d0e  e9 7f                              sbc #127             ;GET RID OF SIGN BIT AND ADD 1.
 2471 A:0d10  aa                                 tax                    ;MAKE IT A COUNTER.
 2472 A:0d11  84 88                              sty FORPNT                ;SAVE POINTER TO LINE.
 2473 A:0d13  a0 ff                              ldy #255             ;LOOK AT RES'D WORD LIST.
 2474 A:0d15                           RESRCH    
 2474 A:0d15  ca                                 dex                    ;IS THIS THE RES'D WORD?
 2475 A:0d16  f0 0a                              beq PRIT3                ;YES, GO TOSS IT UP..
 2476 A:0d18                           RESCR1    
 2476 A:0d18  c8                                 iny 
 2477 A:0d19  b9 80 08                           lda RESLST,Y,             ;END OF ENTRY?
 2478 A:0d1c  10 fa                              bpl RESCR1                ;NO, CONTINUE PASSING.
 2479 A:0d1e  30 f5                              bmi RESRCH
 2480 A:0d20                           PRIT3     
 2480 A:0d20  c8                                 iny 
 2481 A:0d21  b9 80 08                           lda RESLST,Y
 2482 A:0d24  30 c7                              bmi PRIT4                ;END OF RESERVED WORD.
 2483 A:0d26  20 2b 11                           jsr OUTDO                ;PRINT IT.
 2484 A:0d29  d0 f5                              bne PRIT3                ;END OF ENTRY? NO, TYPE REST.
 2485 A:0d2b                                    ; PAGE
 2486 A:0d2b                                    ; SUBTTL THE "FOR" STATEMENT.
 2487 A:0d2b                                    ;
 2488 A:0d2b                                    ; A "FOR" ENTRY ON THE STACK HAS THE FOLLOWING FORMAT:
 2489 A:0d2b                                    ;
 2490 A:0d2b                                    ; LOW ADDRESS
 2491 A:0d2b                                    ; TOKEN (FORTK) 1 BYTE
 2492 A:0d2b                                    ; A POINTER TO THE LOOP VARIABLE 2 BYTES
 2493 A:0d2b                                    ; THE STEP 4+ADDPRC BYTES
 2494 A:0d2b                                    ; A BYTE REFLECTING THE SIGN OF THE INCREMENT 1 BYTE
 2495 A:0d2b                                    ; THE UPPER VALUE 4+ADDPRC BYTES
 2496 A:0d2b                                    ; THE LINE NUMBER OF THE "FOR" STATEMENT 2 BYTES
 2497 A:0d2b                                    ; A TEXT POINTER INTO THE "FOR" STATEMENT 2 BYTES
 2498 A:0d2b                                    ; HIGH ADDRESS
 2499 A:0d2b                                    ;
 2500 A:0d2b                                    ; TOTAL 16+2*ADDPRC BYTES.
 2501 A:0d2b                                    ;

 2503 A:0d2b                           FOR       
 2503 A:0d2b  a9 80                              lda #128             ;DON'T RECOGNIZE
 2504 A:0d2d  85 14                              sta SUBFLG                ;SUBSCRIPTED VARIABLES.
 2505 A:0d2f  20 f5 0f                           jsr LET                ;READ THE VARIABLE AND ASSIGN IT
 2506 A:0d32                                    ;THE CORRECT INITIAL VALUE AND STORE
 2507 A:0d32                                    ;A POINTER TO THE VARIABLE IN VARPNT.
 2508 A:0d32  20 96 09                           jsr FNDFOR                ;PNTR IS IN VARPNT, AND FORPNT.
 2509 A:0d35  d0 07                              bne NOTOL                ;IF NO MATCH, DON'T ELIMINATE ANYTHING.
 2510 A:0d37  8a                                 txa                    ;MAKE IT ARITHMETICAL.
 2511 A:0d38  69 0f                              adc #18-3       ;ELIMINATE ALMOST ALL.
 2512 A:0d3a  aa                                 tax                    ;NOTE C=1, THEN PLA, PLA.
 2513 A:0d3b  9a                                 txs                    ;MANIFEST.
 2514 A:0d3c                           NOTOL     
 2514 A:0d3c  68                                 pla                    ;GET RID OF NEWSTT RETURN ADDRESS
 2515 A:0d3d  68                                 pla                    ;IN CASE THIS IS A TOTALLY NEW ENTRY.
 2516 A:0d3e  a9 09                              lda #8+1
 2517 A:0d40  20 07 0a                           jsr GETSTK                ;MAKE SURE 16 BYTES ARE AVAILABLE.
 2518 A:0d43  20 53 0f                           jsr DATAN                ;GET A COUNT IN [Y] OF THE NUMBER OF
 2519 A:0d46                                    ;CHACRACTERS LEFT IN THE "FOR" STATEMENT
 2520 A:0d46                                    ;[TXTPTR] IS UNAFFECTED.
 2521 A:0d46  18                                 clc                    ;PREP TO ADD.
 2522 A:0d47  98                                 tya                    ;SAVE IT FOR PUSHING.
 2523 A:0d48  65 b9                              adc CHRGOT+1
 2524 A:0d4a  48                                 pha 
 2525 A:0d4b  a5 ba                              lda CHRGOT+1+1
 2526 A:0d4d  69 00                              adc #0
 2527 A:0d4f  48                                 pha 
 2528 A:0d50                                    ;PUT LINE NUMBER ON STACK.
 2529 A:0d50  a5 79                              lda CURLIN+1
 2530 A:0d52  48                                 pha 
 2531 A:0d53  a5 78                              lda CURLIN
 2532 A:0d55  48                                 pha 
 2533 A:0d56                                    ;"TO" IS NECESSARY.
 2534 A:0d56  a9 80                              lda #128
 2535 A:0d58  20 9b 14                           jsr SYNCHR
 2536 A:0d5b  20 36 13                           jsr CHKNUM                ;VALUE MUST BE A NUMBER.
 2537 A:0d5e  20 33 13                           jsr FRMNUM                ;GET UPPER VALUE INTO FAC.
 2538 A:0d61  a5 a5                              lda FACSGN                ;PACK FAC.
 2539 A:0d63  09 7f                              ora #127
 2540 A:0d65  25 a1                              and FACHO
 2541 A:0d67  85 a1                              sta FACHO                ;SET PACKED SIGN BIT.

 2543 A:0d69  a9 74                              lda #LDFONE&255
 2544 A:0d6b  a0 0d                              ldy #LDFONE/256

 2546 A:0d6d  85 61                              sta INDEX1
 2547 A:0d6f  84 62                              sty INDEX1+1
 2548 A:0d71  4c f2 13                           jmp FORPSH                ;PUT FAC ONTO STACK, PACKED.
 2549 A:0d74                           LDFONE    
 2549 A:0d74                                    ;PUT 1.0 INTO FAC.
 2550 A:0d74  a9 dd                              lda #FONE&255
 2551 A:0d76  a0 1e                              ldy #FONE/256
 2552 A:0d78  20 c6 20                           jsr MOVFM
 2553 A:0d7b  20 b8 00                           jsr CHRGOT
 2554 A:0d7e  c9 81                              cmp #129             ;A STEP IS GIVEN?
 2555 A:0d80  d0 08                              bne ONEON                ;NO. ASSUME 1.0.
 2556 A:0d82  20 b2 00                           jsr CHRGET                ;YES. ADVANCE POINTER.
 2557 A:0d85  20 33 13                           jsr FRMNUM                ;READ THE STEP.
 2558 A:0d88                           ONEON     
 2558 A:0d88  20 52 21                           jsr SIGN                ;GET SIGN IN ACCA.
 2559 A:0d8b  20 e7 13                           jsr PUSHF                ;PUSH FAC ONTO STACK (THRU A).
 2560 A:0d8e                                    ;PUT PNTR TO VARIABLE ON STACK.
 2561 A:0d8e  a5 89                              lda FORPNT+1
 2562 A:0d90  48                                 pha 
 2563 A:0d91  a5 88                              lda FORPNT
 2564 A:0d93  48                                 pha 
 2565 A:0d94                           NXTCON    
 2565 A:0d94  a9 7f                              lda #127             ;PUT A FORTK ONTO STACK.
 2566 A:0d96  48                                 pha 
 2567 A:0d97                                    ; BNEA NEWSTT  ;SIMULATE BNE TO NEWSTT. JUST FALL IN.
 2568 A:0d97                                    ; PAGE
 2569 A:0d97                                    ; SUBTTL NEW STATEMENT FETCHER.
 2570 A:0d97                                    ;
 2571 A:0d97                                    ; BACK HERE FOR NEW STATEMENT. CHARACTER POINTED TO BY TXTPTR
 2572 A:0d97                                    ; IS ":" OR END-OF-LINE. THE ADDRESS OF THIS LOC IS LEFT
 2573 A:0d97                                    ; ON THE STACK WHEN A STATEMENT IS EXECUTED SO THAT
 2574 A:0d97                                    ; IT CAN MERELY DO A RTS WHEN IT IS DONE.
 2575 A:0d97                                    ;
 2576 A:0d97                           NEWSTT    
 2576 A:0d97                                    

 2578 A:0d97  20 e1 ff                           jsr 65505              ;LISTEN FOR CONTROL-C.

 2580 A:0d9a                                    ;LOOK AT CURRENT CHARACTER.
 2581 A:0d9a  a5 b9                              lda CHRGOT+1
 2582 A:0d9c  a4 ba                              ldy CHRGOT+1+1

 2585 A:0d9e  c0 02                              cpy #2

 2587 A:0da0  f0 06                              beq DIRCON
 2588 A:0da2                                    ;SAVE IN CASE OF RESTART BY INPUT.
 2589 A:0da2  85 7c                              sta OLDTXT
 2590 A:0da4  84 7d                              sty OLDTXT+1

 2592 A:0da6                           DIRCON    
 2592 A:0da6                                    

 2594 A:0da6  a0 00                              ldy #0

 2598 A:0da8  b1 b9                              lda (CHRGOT+1),Y
 2599 A:0daa  d0 42                              bne MORSTS                ;NOT NULL -- CHECK WHAT IT IS
 2600 A:0dac  a0 02                              ldy #2             ;LOOK AT LINK.
 2601 A:0dae  b1 b9                              lda (CHRGOT+1),Y      ;IS LINK 0?
 2602 A:0db0  18                                 clc                    ;CLEAR CARRY FOR ENDCON AND MATH THAT FOLLOWS
 2603 A:0db1                                    ;YES - RAN OFF THE END.
 2604 A:0db1  d0 03                              bne *+5
 2605 A:0db3  4c 3a 0e                           jmp ENDCON
 2606 A:0db6  c8                                 iny                    ;PUT LINE NUMBER IN CURLIN.
 2607 A:0db7  b1 b9                              lda (CHRGOT+1),Y
 2608 A:0db9  85 78                              sta CURLIN
 2609 A:0dbb  c8                                 iny 
 2610 A:0dbc  b1 b9                              lda (CHRGOT+1),Y
 2611 A:0dbe  85 79                              sta CURLIN+1
 2612 A:0dc0  98                                 tya 
 2613 A:0dc1  65 b9                              adc CHRGOT+1
 2614 A:0dc3  85 b9                              sta CHRGOT+1
 2615 A:0dc5  90 04                              bcc GONE
 2616 A:0dc7  e6 ba                              inc CHRGOT+1+1
 2617 A:0dc9                           GONE      
 2617 A:0dc9  20 b2 00                           jsr CHRGET                ;GET THE STATEMENT TYPE.
 2618 A:0dcc  20 d2 0d                           jsr GONE3
 2619 A:0dcf  4c 97 0d                           jmp NEWSTT
 2620 A:0dd2                           GONE3     
 2620 A:0dd2  f0 3e                              beq ISCRTS                ;IF TERMINATOR, TRY AGAIN.
 2621 A:0dd4                                    ;NO NEED TO SET UP CARRY SINCE IT WILL
 2622 A:0dd4                                    ;BE ON IF NON-NUMERIC AND NUMERICS
 2623 A:0dd4                                    ;WILL CAUSE A SYNTAX ERROR LIKE THEY SHOULD
 2624 A:0dd4                           GONE2     
 2624 A:0dd4  e9 7f                              sbc #127             ;" ON ... GOTO AND GOSUB" COME HERE.
 2625 A:0dd6  90 13                              bcc GLET
 2626 A:0dd8  c9 01                              cmp #127-127+1
 2627 A:0dda  b0 19                              bcs SNERRX                ;SOME RES'D WORD BUT NOT
 2628 A:0ddc                                    ;A STATEMENT RES'D WORD.
 2629 A:0ddc  0a                                 asl                    ;MULTIPLY BY TWO.
 2630 A:0ddd  a8                                 tay                    ;MAKE AN INDEX.
 2631 A:0dde  b9 01 08                           lda STMDSP+1,Y
 2632 A:0de1  48                                 pha 
 2633 A:0de2  b9 00 08                           lda STMDSP,Y
 2634 A:0de5  48                                 pha                    ;PUT DISP ADDR ONTO STACK.
 2635 A:0de6  4c b2 00                           jmp CHRGET
 2636 A:0de9                           GLET      
 2636 A:0de9  4c f5 0f                           jmp LET                ;MUST BE A LET
 2637 A:0dec                           MORSTS    
 2637 A:0dec  c9 3a                              cmp #":"
 2638 A:0dee  f0 d9                              beq GONE                ;IF A ":" CONTINUE STATEMENT
 2639 A:0df0                           SNERR1    
 2639 A:0df0  4c a4 14                           jmp SNERR                ;NEITHER 0 OR ":" SO SYNTAX ERROR
 2640 A:0df3                           SNERRX    
 2640 A:0df3  c9 04                              cmp #131-127
 2641 A:0df5  d0 f9                              bne SNERR1
 2642 A:0df7  20 b2 00                           jsr CHRGET                ;READ IN THE CHARACTER AFTER "GO "

 2644 A:0dfa  a9 80                              lda #128
 2645 A:0dfc  20 9b 14                           jsr SYNCHR
 2646 A:0dff  4c ef 0e                           jmp GOTO
 2647 A:0e02                                    ; PAGE
 2648 A:0e02                                    ; SUBTTL RESTORE,STOP,END,CONTINUE,NULL,CLEAR.

 2650 A:0e02                           RESTOR    
 2650 A:0e02  38                                 sec 
 2651 A:0e03  a5 6a                              lda TXTTAB
 2652 A:0e05  e9 01                              sbc #1
 2653 A:0e07  a4 6b                              ldy TXTTAB+1
 2654 A:0e09  b0 03                              bcs RESFIN
 2655 A:0e0b  88                                 dey 
 2656 A:0e0c                           RESFIN    
 2656 A:0e0c                                    ;READ FINISHES COME TO "RESFIN".
 2657 A:0e0c  85 80                              sta DATPTR
 2658 A:0e0e  84 81                              sty DATPTR+1
 2659 A:0e10                           ISCRTS    
 2659 A:0e10  60                                 rts 

 2685 A:0e11                                    
 2685 A:0e11  ad 00 c0                           lda 49152
 2686 A:0e14  c9 83                              cmp #131
 2687 A:0e16  f0 03                              beq ISCCAP
 2688 A:0e18  60                                 rts 
 2689 A:0e19                           ISCCAP    
 2689 A:0e19  20 76 0b                           jsr INCHR
 2690 A:0e1c  c9 83                              cmp #131

 2692 A:0e1e                           STOP      
 2692 A:0e1e  b0 03                              bcs STOPC                ;MAKE [C] NONZERO AS A FLAG.
 2693 A:0e20                           END       
 2693 A:0e20  18                                 clc 
 2694 A:0e21                           STOPC     
 2694 A:0e21  d0 42                              bne CONTRT                ;RETURN IF NOT CONT-C OR
 2695 A:0e23                                    ;IF NO TERMINATOR FOR STOP OR END.
 2696 A:0e23                                    ;[C]=0 SO WILL NOT PRINT "BREAK".

 2698 A:0e23  a5 b9                              lda CHRGOT+1
 2699 A:0e25  a4 ba                              ldy CHRGOT+1+1

 2702 A:0e27  a6 79                              ldx CURLIN+1
 2703 A:0e29  e8                                 inx 

 2705 A:0e2a  f0 0e                              beq DIRIS

 2707 A:0e2c  85 7c                              sta OLDTXT
 2708 A:0e2e  84 7d                              sty OLDTXT+1
 2709 A:0e30                           STPEND    
 2709 A:0e30                                    
 2710 A:0e30  a5 78                              lda CURLIN
 2711 A:0e32  a4 79                              ldy CURLIN+1

 2713 A:0e34  85 7a                              sta OLDLIN
 2714 A:0e36  84 7b                              sty OLDLIN+1
 2715 A:0e38                           DIRIS     
 2715 A:0e38  68                                 pla                    ;POP OFF NEWSTT ADDR.
 2716 A:0e39  68                                 pla 
 2717 A:0e3a                           ENDCON    
 2717 A:0e3a                                    
 2718 A:0e3a  a9 8e                              lda #BRKTXT&255
 2719 A:0e3c  a0 09                              ldy #BRKTXT/256

 2722 A:0e3e  a2 00                              ldx #0
 2723 A:0e40  86 17                              stx CNTWFL

 2725 A:0e42  90 05                              bcc GORDY                ;CARRY CLEAR SO DON'T PRINT "BREAK".
 2726 A:0e44  4c 5e 0a                           jmp ERRFIN
 2727 A:0e47                           GORDY     
 2727 A:0e47  4c 69 0a                           jmp READY                ;TYPE "READY".

 2736 A:0e4a                           CONT      
 2736 A:0e4a  d0 19                              bne CONTRT                ;MAKE SURE THERE IS A TERMINATOR.
 2737 A:0e4c  a2 20                              ldx #32             ;CONTINUE ERROR.
 2738 A:0e4e  a4 7d                              ldy OLDTXT+1          ;A STORED TXTPTR OF ZERO IS SETUP
 2739 A:0e50                                    ;BY STKINI AND INDICATES THERE IS
 2740 A:0e50                                    ;NOTHING TO CONTINUE.
 2741 A:0e50                                    ;"STOP", "END", TYPING CRLF TO 
 2742 A:0e50  d0 03                              bne *+5
 2743 A:0e52  4c 43 0a                           jmp ERROR
 2744 A:0e55                                    ;"INPUT" AND  ^C SETUP OLDTXT.
 2745 A:0e55  a5 7c                              lda OLDTXT

 2747 A:0e57  85 b9                              sta CHRGOT+1
 2748 A:0e59  84 ba                              sty CHRGOT+1+1

 2750 A:0e5b  a5 7a                              lda OLDLIN
 2751 A:0e5d  a4 7b                              ldy OLDLIN+1

 2753 A:0e5f  85 78                              sta CURLIN
 2754 A:0e61  84 79                              sty CURLIN+1
 2755 A:0e63                           CONTRT    
 2755 A:0e63  60                                 rts                    ;RETURN TO CALLER.

 2769 A:0e64                                    ; PAGE
 2770 A:0e64                                    ; SUBTTL LOAD AND SAVE SUBROUTINES.

 2848 A:0e64                           SAVE      
 2848 A:0e64  38                                 sec 
 2849 A:0e65  a5 6c                              lda VARTAB
 2850 A:0e67  e5 6a                              sbc TXTTAB
 2851 A:0e69  85 53                              sta LINNUM
 2852 A:0e6b  a5 6d                              lda VARTAB+1
 2853 A:0e6d  e5 6b                              sbc TXTTAB+1
 2854 A:0e6f  85 54                              sta LINNUM+1
 2855 A:0e71  20 a7 0e                           jsr VARTIO
 2856 A:0e74  20 cd fe                           jsr 65229
 2857 A:0e77  20 b6 0e                           jsr PROGIO
 2858 A:0e7a  4c cd fe                           jmp 65229

 2860 A:0e7d                           LOAD      
 2860 A:0e7d  20 a7 0e                           jsr VARTIO
 2861 A:0e80  20 fd fe                           jsr 65277
 2862 A:0e83  18                                 clc 
 2863 A:0e84  a5 6a                              lda TXTTAB
 2864 A:0e86  65 53                              adc LINNUM
 2865 A:0e88  85 6c                              sta VARTAB
 2866 A:0e8a  a5 6b                              lda TXTTAB+1
 2867 A:0e8c  65 54                              adc LINNUM+1
 2868 A:0e8e  85 6d                              sta VARTAB+1
 2869 A:0e90  20 b6 0e                           jsr PROGIO
 2870 A:0e93  20 fd fe                           jsr 65277

 2872 A:0e96  a9 a0                              lda #TPDONE&255
 2873 A:0e98  a0 0e                              ldy #TPDONE/256
 2874 A:0e9a  20 06 11                           jsr STROUT
 2875 A:0e9d  4c 19 0b                           jmp FINI

 2877 A:0ea0                           TPDONE    
 2877 A:0ea0  4c 4f 41 44 45 44                  .asc "LOADED"
 2878 A:0ea6  00                                 .byt 0

 2880 A:0ea7                           VARTIO    
 2880 A:0ea7                                    
 2881 A:0ea7  a9 53                              lda #LINNUM&255
 2882 A:0ea9  a0 00                              ldy #LINNUM/256

 2884 A:0eab  85 3c                              sta 60
 2885 A:0ead  84 3d                              sty 60+1
 2886 A:0eaf  a9 55                              lda #LINNUM+2

 2888 A:0eb1  85 3e                              sta 62
 2889 A:0eb3  84 3f                              sty 62+1
 2890 A:0eb5  60                                 rts 
 2891 A:0eb6                           PROGIO    
 2891 A:0eb6                                    
 2892 A:0eb6  a5 6a                              lda TXTTAB
 2893 A:0eb8  a4 6b                              ldy TXTTAB+1

 2895 A:0eba  85 3c                              sta 60
 2896 A:0ebc  84 3d                              sty 60+1

 2898 A:0ebe  a5 6c                              lda VARTAB
 2899 A:0ec0  a4 6d                              ldy VARTAB+1

 2901 A:0ec2  85 3e                              sta 62
 2902 A:0ec4  84 3f                              sty 62+1
 2903 A:0ec6  60                                 rts 

 2905 A:0ec7                                    ; PAGE
 2906 A:0ec7                                    ; SUBTTL RUN,GOTO,GOSUB,RETURN.
 2907 A:0ec7                           RUN       
 2907 A:0ec7                                    ;IF NO LINE # ARGUMENT.
 2908 A:0ec7  d0 03                              bne *+5
 2909 A:0ec9  4c 5c 0c                           jmp RUNC
 2910 A:0ecc  20 63 0c                           jsr CLEARC                ;CLEAN UP -- RESET THE STACK.
 2911 A:0ecf  4c e6 0e                           jmp RUNC2                ;MUST REPLACE RTS ADDR.
 2912 A:0ed2                                    ;
 2913 A:0ed2                                    ; A GOSUB ENTRY ON THE STACK HAS THE FOLLOWING FORMAT:
 2914 A:0ed2                                    ;
 2915 A:0ed2                                    ; LOW ADDRESS:
 2916 A:0ed2                                    ; THE GOSUTK ONE BYTE
 2917 A:0ed2                                    ; THE LINE NUMBER OF THE GOSUB STATEMENT TWO BYTES
 2918 A:0ed2                                    ; A POINTER INTO THE TEXT OF THE GOSUB TWO BYTES
 2919 A:0ed2                                    ;
 2920 A:0ed2                                    ; HIGH ADDRESS.
 2921 A:0ed2                                    ;
 2922 A:0ed2                                    ; TOTAL FIVE BYTES.
 2923 A:0ed2                                    ;
 2924 A:0ed2                           GOSUB     
 2924 A:0ed2  a9 03                              lda #3
 2925 A:0ed4  20 07 0a                           jsr GETSTK                ;MAKE SURE THERE IS ROOM.
 2926 A:0ed7                                    ;PUSH ON THE TEXT POINTER.
 2927 A:0ed7  a5 ba                              lda CHRGOT+1+1
 2928 A:0ed9  48                                 pha 
 2929 A:0eda  a5 b9                              lda CHRGOT+1
 2930 A:0edc  48                                 pha 
 2931 A:0edd                                    ;PUSH ON THE CURRENT LINE NUMBER.
 2932 A:0edd  a5 79                              lda CURLIN+1
 2933 A:0edf  48                                 pha 
 2934 A:0ee0  a5 78                              lda CURLIN
 2935 A:0ee2  48                                 pha 
 2936 A:0ee3  a9 7f                              lda #127
 2937 A:0ee5  48                                 pha                    ;PUSH ON A GOSUB TOKEN.
 2938 A:0ee6                           RUNC2     
 2938 A:0ee6  20 b8 00                           jsr CHRGOT                ;GET CHARACTER AND SET CODES FOR LINGET.
 2939 A:0ee9  20 ef 0e                           jsr GOTO                ;USE RTS SCHEME TO "NEWSTT".
 2940 A:0eec  4c 97 0d                           jmp NEWSTT

 2942 A:0eef                           GOTO      
 2942 A:0eef  20 bb 0f                           jsr LINGET                ;PICK UP THE LINE NUMBER IN "LINNUM".
 2943 A:0ef2  20 59 0f                           jsr REMN                ;SKIP TO END OF LINE.
 2944 A:0ef5  a5 79                              lda CURLIN+1
 2945 A:0ef7  c5 54                              cmp LINNUM+1
 2946 A:0ef9  b0 0d                              bcs LUK4IT
 2947 A:0efb  98                                 tya 
 2948 A:0efc  38                                 sec 
 2949 A:0efd  65 b9                              adc CHRGOT+1
 2950 A:0eff  a6 ba                              ldx CHRGOT+1+1
 2951 A:0f01  90 09                              bcc LUKALL
 2952 A:0f03  e8                                 inx 
 2953 A:0f04  b0 06                              bcs LUKALL                ;ALWAYS GOES.
 2954 A:0f06                           LUK4IT    
 2954 A:0f06                                    
 2955 A:0f06  a5 6a                              lda TXTTAB
 2956 A:0f08  a6 6b                              ldx TXTTAB+1
 2957 A:0f0a                           LUKALL    
 2957 A:0f0a  20 1a 0c                           jsr FNDLNC                ;[X,A] ARE ALL SET UP.
 2958 A:0f0d                           QFOUND    
 2958 A:0f0d  90 23                              bcc USERR                ;GOTO LINE IS NONEXISTANT.
 2959 A:0f0f  a5 9e                              lda LOWTR
 2960 A:0f11  e9 01                              sbc #1
 2961 A:0f13  85 b9                              sta CHRGOT+1
 2962 A:0f15  a5 9f                              lda LOWTR+1
 2963 A:0f17  e9 00                              sbc #0
 2964 A:0f19  85 ba                              sta CHRGOT+1+1
 2965 A:0f1b                           GORTS     
 2965 A:0f1b  60                                 rts                    ;PROCESS THE STATEMENT.
 2966 A:0f1c                                    ;
 2967 A:0f1c                                    ; "RETURN" RESTORES THE LINE NUMBER AND TEXT PNTR FROM THE STACK
 2968 A:0f1c                                    ; AND ELIMINATES ALL THE "FOR" ENTRIES IN FRONT OF THE "GOSUB" ENTRY.
 2969 A:0f1c                                    ;
 2970 A:0f1c                           RETURN    
 2970 A:0f1c  d0 fd                              bne GORTS                ;NO TERMINATOR=BLOW HIM UP.
 2971 A:0f1e  a9 ff                              lda #255
 2972 A:0f20  85 89                              sta FORPNT+1          ;MAKE SURE THE VARIABLE'S PNTR
 2973 A:0f22                                    ;NEVER GETS MATCHED.
 2974 A:0f22  20 96 09                           jsr FNDFOR                ;GO PAST ALL THE "FOR" ENTRIES.
 2975 A:0f25  9a                                 txs 
 2976 A:0f26  c9 7f                              cmp #127             ;RETURN WITHOUT GOSUB?
 2977 A:0f28  f0 10                              beq RETU1
 2978 A:0f2a  a2 04                              ldx #4
 2979 A:0f2c  00 02 2c 00                        .word 512,44
 2980 A:0f30                           USERR     
 2980 A:0f30  a2 0e                              ldx #14             ;NO MATCH SO "US" ERROR.
 2981 A:0f32  4c 43 0a                           jmp ERROR                ;YES.
 2982 A:0f35                           SNERR2    
 2982 A:0f35  4c a4 14                           jmp SNERR
 2983 A:0f38                           RETU1     
 2983 A:0f38  68                                 pla                    ;REMOVE GOSUTK.
 2984 A:0f39                                    ;GET LINE NUMBER "GOSUB" WAS FROM.
 2985 A:0f39  68                                 pla 
 2986 A:0f3a  85 78                              sta CURLIN
 2987 A:0f3c  68                                 pla 
 2988 A:0f3d  85 79                              sta CURLIN+1
 2989 A:0f3f                                    ;GET TEXT PNTR FROM "GOSUB".
 2990 A:0f3f  68                                 pla 
 2991 A:0f40  85 b9                              sta CHRGOT+1
 2992 A:0f42  68                                 pla 
 2993 A:0f43  85 ba                              sta CHRGOT+1+1
 2994 A:0f45                           DATA      
 2994 A:0f45  20 53 0f                           jsr DATAN                ;SKIP TO END OF STATEMENT, 
 2995 A:0f48                                    ;SINCE WHEN "GOSUB" STUCK THE TEXT  PNTR
 2996 A:0f48                                    ;ONTO THE STACK, THE LINE NUMBER ARG
 2997 A:0f48                                    ;HADN'T BEEN READ YET.
 2998 A:0f48                           ADDON     
 2998 A:0f48  98                                 tya 
 2999 A:0f49  18                                 clc 
 3000 A:0f4a  65 b9                              adc CHRGOT+1
 3001 A:0f4c  85 b9                              sta CHRGOT+1
 3002 A:0f4e  90 04                              bcc REMRTS
 3003 A:0f50  e6 ba                              inc CHRGOT+1+1
 3004 A:0f52                           REMRTS    
 3004 A:0f52  60                                 rts                    ;"NEWSTT" RTS ADDR IS STILL THERE.

 3006 A:0f53                           DATAN     
 3006 A:0f53  a2 3a                              ldx #":"             ;"DATA" TERMINATES ON ":" AND NULL.
 3007 A:0f55  00 02 2c 00                        .word 512,44
 3008 A:0f59                           REMN      
 3008 A:0f59  a2 00                              ldx #0             ;THE ONLY TERMINATOR IS NULL.
 3009 A:0f5b  86 0d                              stx CHARAC                ;PRESERVE IT.
 3010 A:0f5d  a0 00                              ldy #0             ;THIS MAKES CHARAC=0 AFTER SWAP.
 3011 A:0f5f  84 0e                              sty ENDCHR
 3012 A:0f61                           EXCHQT    
 3012 A:0f61  a5 0e                              lda ENDCHR
 3013 A:0f63  a6 0d                              ldx CHARAC
 3014 A:0f65  85 0d                              sta CHARAC
 3015 A:0f67  86 0e                              stx ENDCHR
 3016 A:0f69                           REMER     
 3016 A:0f69  b1 b9                              lda (CHRGOT+1),Y
 3017 A:0f6b  f0 e5                              beq REMRTS                ;NULL ALWAYS TERMINATES.
 3018 A:0f6d  c5 0e                              cmp ENDCHR                ;IS IT THE OTHER TERMINATOR?
 3019 A:0f6f  f0 e1                              beq REMRTS                ;YES, IT'S FINISHED.
 3020 A:0f71  c8                                 iny                    ;PROGRESS TO NEXT CHARACTER.
 3021 A:0f72  c9 22                              cmp #34             ;IS IT A QUOTE?
 3022 A:0f74  d0 f3                              bne REMER                ;NO, JUST CONTINUE.
 3023 A:0f76  f0 e9                              beq EXCHQT                ;YES, TIME TO TRADE.
 3024 A:0f78                                    ; PAGE
 3025 A:0f78                                    ; SUBTTL "IF ... THEN" CODE.
 3026 A:0f78                           IF        
 3026 A:0f78  20 4a 13                           jsr FRMEVL                ;EVALUATE A FORMULA.
 3027 A:0f7b  20 b8 00                           jsr CHRGOT                ;GET CURRENT CHARACTER.
 3028 A:0f7e  c9 7f                              cmp #127             ;IS TERMINATING CHARACTER A GOTOTK?
 3029 A:0f80  f0 07                              beq OKGOTO                ;YES.
 3030 A:0f82                                    ;NO, IT MUST BE "THEN".
 3031 A:0f82  a9 81                              lda #129
 3032 A:0f84  20 9b 14                           jsr SYNCHR
 3033 A:0f87                           OKGOTO    
 3033 A:0f87  a5 a0                              lda FACEXP                ;0=FALSE. ALL OTHERS TRUE.
 3034 A:0f89  d0 07                              bne DOCOND                ;TRUE !
 3035 A:0f8b                           REM       
 3035 A:0f8b  20 59 0f                           jsr REMN                ;SKIP REST OF STATEMENT.
 3036 A:0f8e  f0 b8                              beq ADDON                ;WILL ALWAYS BRANCH.
 3037 A:0f90                           DOCOND    
 3037 A:0f90  20 b8 00                           jsr CHRGOT                ;TEST CURRENT CHARACTER.
 3038 A:0f93  b0 05                              bcs DOCO                ;IF A NUMBER, GOTO IT.
 3039 A:0f95  4c ef 0e                           jmp GOTO
 3040 A:0f98                           DOCO      
 3040 A:0f98  4c d2 0d                           jmp GONE3                ;INTERPRET NEW STATEMENT.
 3041 A:0f9b                                    ; PAGE
 3042 A:0f9b                                    ; SUBTTL "ON ... GO TO ..." CODE.
 3043 A:0f9b                           ONGOTO    
 3043 A:0f9b  20 be 1c                           jsr GETBYT                ;GET VALUE IN FACLO.
 3044 A:0f9e  48                                 pha                    ;SAVE FOR LATER.
 3045 A:0f9f  c9 7f                              cmp #127             ;AN "ON ... GOSUB" PERHAPS?
 3046 A:0fa1  f0 06                              beq ONGLOP                ;YES.
 3047 A:0fa3                           SNERR3    
 3047 A:0fa3  c9 7f                              cmp #127             ;MUST BE "GOTOTK".
 3048 A:0fa5  d0 8e                              bne SNERR2
 3049 A:0fa7                           ONGLOP    
 3049 A:0fa7  c6 a4                              dec FACLO
 3050 A:0fa9  d0 06                              bne ONGLP1                ;SKIP ANOTHER LINE NUMBER.
 3051 A:0fab  68                                 pla                    ;GET DISPATCH CHARACTER.
 3052 A:0fac  4c d4 0d                           jmp GONE2
 3053 A:0faf                           ONGLP1    
 3053 A:0faf  20 b2 00                           jsr CHRGET                ;ADVANCE AND SET CODES.
 3054 A:0fb2  20 bb 0f                           jsr LINGET
 3055 A:0fb5  c9 2c                              cmp #44             ;IS IT A COMMA?
 3056 A:0fb7  f0 ee                              beq ONGLOP
 3057 A:0fb9  68                                 pla                    ;REMOVE STACK ENTRY (TOKEN).
 3058 A:0fba                           ONGRTS    
 3058 A:0fba  60                                 rts                    ;EITHER END-OF-LINE OR SYNTAX ERROR.
 3059 A:0fbb                                    ; PAGE
 3060 A:0fbb                                    ; SUBTTL LINGET -- READ A LINE NUMBER INTO LINNUM
 3061 A:0fbb                                    ;
 3062 A:0fbb                                    ; "LINGET" READS A LINE NUMBER FROM THE CURRENT TEXT POSITION.
 3063 A:0fbb                                    ;
 3064 A:0fbb                                    ; LINE NUMBERS RANGE FROM 0 TO 64000-1.
 3065 A:0fbb                                    ;
 3066 A:0fbb                                    ; THE ANSWER IS RETURNED IN "LINNUM".
 3067 A:0fbb                                    ; "TXTPTR" IS UPDATED TO POINT TO THE TERMINATING CHARCTER
 3068 A:0fbb                                    ; AND [A] = THE TERMINATING CHARACTER WITH CONDITION
 3069 A:0fbb                                    ; CODES SET UP TO REFLECT ITS VALUE.
 3070 A:0fbb                                    ;
 3071 A:0fbb                           LINGET    
 3071 A:0fbb  a2 00                              ldx #0
 3072 A:0fbd  86 53                              stx LINNUM                ;INITIALIZE LINE NUMBER TO ZERO.
 3073 A:0fbf  86 54                              stx LINNUM+1
 3074 A:0fc1                           MORLIN    
 3074 A:0fc1  b0 f7                              bcs ONGRTS                ;IT IS NOT A DIGIT.
 3075 A:0fc3  e9 2f                              sbc #"0"-1       ;-1 SINCE C=0.
 3076 A:0fc5  85 0d                              sta CHARAC                ;SAVE CHARACTER.
 3077 A:0fc7  a5 54                              lda LINNUM+1
 3078 A:0fc9  85 61                              sta INDEX1
 3079 A:0fcb  c9 19                              cmp #25             ;LINE NUMBER WILL BE .LT. 64000?
 3080 A:0fcd  b0 d4                              bcs SNERR3
 3081 A:0fcf  a5 53                              lda LINNUM
 3082 A:0fd1  0a                                 asl                    ;MULTIPLY BY 10.
 3083 A:0fd2  26 61                              rol INDEX1
 3084 A:0fd4  0a                                 asl 
 3085 A:0fd5  26 61                              rol INDEX1
 3086 A:0fd7  65 53                              adc LINNUM
 3087 A:0fd9  85 53                              sta LINNUM
 3088 A:0fdb  a5 61                              lda INDEX1
 3089 A:0fdd  65 54                              adc LINNUM+1
 3090 A:0fdf  85 54                              sta LINNUM+1
 3091 A:0fe1  06 53                              asl LINNUM
 3092 A:0fe3  26 54                              rol LINNUM+1
 3093 A:0fe5  a5 53                              lda LINNUM
 3094 A:0fe7  65 0d                              adc CHARAC                ;ADD IN DIGIT.
 3095 A:0fe9  85 53                              sta LINNUM
 3096 A:0feb  90 04                              bcc NXTLGC
 3097 A:0fed  e6 54                              inc LINNUM+1
 3098 A:0fef                           NXTLGC    
 3098 A:0fef  20 b2 00                           jsr CHRGET
 3099 A:0ff2  4c c1 0f                           jmp MORLIN

 3101 A:0ff5                                    ; PAGE
 3102 A:0ff5                                    ; SUBTTL "LET" CODE.
 3103 A:0ff5                           LET       
 3103 A:0ff5  20 bb 15                           jsr PTRGET                ;GET PNTR TO VARIABLE INTO "VARPNT".
 3104 A:0ff8                                    ;PRESERVE POINTER.
 3105 A:0ff8  85 88                              sta FORPNT
 3106 A:0ffa  84 89                              sty FORPNT+1
 3107 A:0ffc                                    ;"=" IS NECESSARY.
 3108 A:0ffc  a9 82                              lda #130
 3109 A:0ffe  20 9b 14                           jsr SYNCHR

 3112 A:1001  a5 12                              lda INTFLG
 3113 A:1003  48                                 pha 

 3115 A:1004  a5 11                              lda VALTYP                ;RETAIN THE VARIABLE'S VALUE TYPE.
 3116 A:1006  48                                 pha 
 3117 A:1007  20 4a 13                           jsr FRMEVL                ;GET VALUE OF FORMULA INTO "FAC".
 3118 A:100a  68                                 pla 
 3119 A:100b  2a                                 rol                    ;CARRY SET FOR STRING, OFF FOR
 3120 A:100c                                    ;NUMERIC.
 3121 A:100c  20 3c 13                           jsr CHKVAL                ;MAKE SURE "VALTYP" MATCHES CARRY.
 3122 A:100f                                    ;AND SET ZERO FLAG FOR NUMERIC.
 3123 A:100f  d0 1a                              bne COPSTR                ;IF NUMERIC, COPY IT.
 3124 A:1011                           COPNUM    
 3124 A:1011                                    

 3127 A:1011  68                                 pla 
 3128 A:1012                           QINTGR    
 3128 A:1012  10 14                              bpl COPFLT
 3129 A:1014  20 42 21                           jsr ROUND
 3130 A:1017  20 d5 16                           jsr AYINT
 3131 A:101a  a0 00                              ldy #0
 3132 A:101c  a5 a3                              lda FACMO
 3133 A:101e  91 88                              sta (FORPNT),Y
 3134 A:1020  c8                                 iny 
 3135 A:1021  a5 a4                              lda FACLO
 3136 A:1023  91 88                              sta (FORPNT),Y
 3137 A:1025  60                                 rts 

 3139 A:1026                           COPFLT    
 3139 A:1026  4c f7 20                           jmp MOVVF                ;PUT NUMBER @FORPNT.

 3141 A:1029                           COPSTR    
 3141 A:1029                                    

 3143 A:1029  68                                 pla 

 3145 A:102a                           INPCOM    
 3145 A:102a                                    

 3191 A:102a                           GETSPT    
 3191 A:102a  a0 02                              ldy #2             ;GET PNTR TO DESCRIPTOR.
 3192 A:102c  b1 a3                              lda (FACMO),Y
 3193 A:102e  c5 73                              cmp FRETOP+1          ;SEE IF IT POINTS INTO STRING SPACE.
 3194 A:1030  90 19                              bcc DNTCPY                ;IF [FRETOP],GT.[2&3,FACMO], DON'T COPY.
 3195 A:1032  d0 09                              bne QVARIA                ;IT IS LESS.
 3196 A:1034  88                                 dey 
 3197 A:1035  b1 a3                              lda (FACMO),Y
 3198 A:1037  c5 72                              cmp FRETOP                ;COMPARE LOW ORDERS.
 3199 A:1039  90 10                              bcc DNTCPY
 3200 A:103b                           QVARIA    
 3200 A:103b  a4 a4                              ldy FACLO
 3201 A:103d  c4 6d                              cpy VARTAB+1          ;IF [VARTAB].GT.[FACMO], DON'T COPY.
 3202 A:103f  90 0a                              bcc DNTCPY
 3203 A:1041  d0 0f                              bne COPY                ;IT IS LESS.
 3204 A:1043  a5 a3                              lda FACMO
 3205 A:1045  c5 6c                              cmp VARTAB                ;COMPARE LOW ORDERS.
 3206 A:1047  b0 09                              bcs COPY
 3207 A:1049                           DNTCPY    
 3207 A:1049                                    
 3208 A:1049  a5 a3                              lda FACMO
 3209 A:104b  a4 a4                              ldy FACMO+1
 3210 A:104d  4c 66 10                           jmp COPYZC
 3211 A:1050                           COPY      
 3211 A:1050  a0 00                              ldy #0
 3212 A:1052  b1 a3                              lda (FACMO),Y
 3213 A:1054  20 90 19                           jsr STRINI                ;GET ROOM TO COPY STRING INTO.
 3214 A:1057                                    ;GET POINTER TO OLD DESCRIPTOR, SO 
 3215 A:1057  a5 8f                              lda DSCPNT
 3216 A:1059  a4 90                              ldy DSCPNT+1
 3217 A:105b                                    ;MOVINS CAN FIND STRING.
 3218 A:105b  85 ae                              sta ARISGN
 3219 A:105d  84 af                              sty ARISGN+1
 3220 A:105f  20 9a 1b                           jsr MOVINS                ;COPY IT.
 3221 A:1062                                    ;GET POINTER TO OLD DESCRIPTOR.
 3222 A:1062  a9 a0                              lda #FAC&255
 3223 A:1064  a0 00                              ldy #FAC/256
 3224 A:1066                           COPYZC    
 3224 A:1066                                    ;REMEMBER POINTER TO DESCRIPTOR.
 3225 A:1066  85 8f                              sta DSCPNT
 3226 A:1068  84 90                              sty DSCPNT+1
 3227 A:106a  20 fb 1b                           jsr FRETMS                ;FREE UP THE TEMPORARY WITHOUT
 3228 A:106d                                    ;FREEING UP ANY STRING SPACE.
 3229 A:106d  a0 00                              ldy #0
 3230 A:106f  b1 8f                              lda (DSCPNT),Y
 3231 A:1071  91 88                              sta (FORPNT),Y
 3232 A:1073  c8                                 iny                    ;POINT TO STRING PNTR.
 3233 A:1074  b1 8f                              lda (DSCPNT),Y
 3234 A:1076  91 88                              sta (FORPNT),Y
 3235 A:1078  c8                                 iny 
 3236 A:1079  b1 8f                              lda (DSCPNT),Y
 3237 A:107b  91 88                              sta (FORPNT),Y
 3238 A:107d  60                                 rts 
 3239 A:107e                                    ; PAGE
 3240 A:107e                                    ; SUBTTL PRINT CODE.

 3256 A:107e                           STRDON    
 3256 A:107e  20 09 11                           jsr STRPRT
 3257 A:1081                           NEWCHR    
 3257 A:1081  20 b8 00                           jsr CHRGOT                ;REGET LAST CHARACTER.
 3258 A:1084                           PRINT     
 3258 A:1084  f0 38                              beq CRDO                ;TERMINATOR SO TYPE CRLF.
 3259 A:1086                           PRINTC    
 3259 A:1086  f0 48                              beq PRTRTS                ;HERE AFTER SEEING TAB(X) OR , OR ;
 3260 A:1088                                    ;IN WHICH CASE A TERMINATOR DOES NOT
 3261 A:1088                                    ;MEAN TYPE A CRLF BUT JUST RTS.
 3262 A:1088  c9 80                              cmp #128             ;TAB FUNCTION?
 3263 A:108a  f0 5c                              beq TABER                ;YES.
 3264 A:108c  c9 81                              cmp #129             ;SPACE FUNCTION?
 3265 A:108e  18                                 clc 
 3266 A:108f  f0 57                              beq TABER
 3267 A:1091  c9 2c                              cmp #44             ;A COMMA?
 3268 A:1093  f0 3c                              beq COMPRT                ;YES.
 3269 A:1095  c9 3b                              cmp #59             ;A SEMICOLON?
 3270 A:1097  f0 64                              beq NOTABR                ;YES.
 3271 A:1099  20 4a 13                           jsr FRMEVL                ;EVALUATE THE FORMULA.
 3272 A:109c  24 11                              bit VALTYP                ;A STRING?
 3273 A:109e  30 de                              bmi STRDON                ;YES.
 3274 A:10a0  20 04 23                           jsr FOUT
 3275 A:10a3  20 a2 19                           jsr STRLIT                ;BUILD DESCRIPTOR.

 3278 A:10a6  a0 00                              ldy #0
 3279 A:10a8  b1 a3                              lda (FACMO),Y
 3280 A:10aa  18                                 clc 
 3281 A:10ab  65 c6                              adc 198
 3282 A:10ad  c5 51                              cmp LINWID

 3284 A:10af  90 05                              bcc LINCHK
 3285 A:10b1  20 bc 10                           jsr CRDO

 3287 A:10b4                           LINCHK    
 3287 A:10b4  20 09 11                           jsr STRPRT                ;PRINT THE NUMBER.
 3288 A:10b7  20 23 11                           jsr OUTSPC                ;PRINT A SPACE
 3289 A:10ba  d0 c5                              bne NEWCHR                ;ALWAYS GOES.

 3312 A:10bc                           CRDO      
 3312 A:10bc                                    

 3315 A:10bc  a9 0d                              lda #13
 3316 A:10be  85 c6                              sta 198

 3328 A:10c0  20 2b 11                           jsr OUTDO
 3329 A:10c3  a9 0a                              lda #10
 3330 A:10c5  20 2b 11                           jsr OUTDO
 3331 A:10c8                           CRFIN     
 3331 A:10c8                                    

 3344 A:10c8  a9 00                              lda #0
 3345 A:10ca  85 c6                              sta 198

 3347 A:10cc  49 ff                              eor #255

 3363 A:10ce                           PRTRTS    
 3363 A:10ce  60                                 rts 

 3365 A:10cf                           COMPRT    
 3365 A:10cf  a5 c6                              lda 198
 3366 A:10d1                                    ;CLMWID BEYOND WHICH THERE ARE

 3371 A:10d1  c5 52                              cmp NCMWID

 3373 A:10d3  90 08                              bcc MORCOM
 3374 A:10d5  20 bc 10                           jsr CRDO
 3375 A:10d8  4c fb 10                           jmp NOTABR

 3377 A:10db                           MORCOM    
 3377 A:10db  38                                 sec 
 3378 A:10dc                           MORCO1    
 3378 A:10dc  e9 0e                              sbc #14             ;GET [A] MODULUS CLMWID.
 3379 A:10de  b0 fc                              bcs MORCO1
 3380 A:10e0  49 ff                              eor #255             ;FILL PRINT POS OUT TO EVEN CLMWID SO
 3381 A:10e2  69 01                              adc #1
 3382 A:10e4  d0 12                              bne ASPAC                ;PRINT [A] SPACES.

 3384 A:10e6                           TABER     
 3384 A:10e6  08                                 php                    ;REMEMBER IF SPC OR TAB FUNCTION.
 3385 A:10e7  20 bb 1c                           jsr GTBYTC                ;GET VALUE INTO ACCX.
 3386 A:10ea  c9 29                              cmp #41
 3387 A:10ec  d0 70                              bne SNERR4
 3388 A:10ee  28                                 plp 
 3389 A:10ef  90 08                              bcc XSPAC                ;PRINT [X] SPACES.
 3390 A:10f1  8a                                 txa 
 3391 A:10f2  e5 c6                              sbc 198
 3392 A:10f4  90 07                              bcc NOTABR                ;NEGATIVE, DON'T PRINT ANY.
 3393 A:10f6                           ASPAC     
 3393 A:10f6  aa                                 tax 
 3394 A:10f7                           XSPAC     
 3394 A:10f7  e8                                 inx 
 3395 A:10f8                           XSPAC2    
 3395 A:10f8  ca                                 dex                    ;DECREMENT THE COUNT.
 3396 A:10f9  d0 08                              bne XSPAC1
 3397 A:10fb                           NOTABR    
 3397 A:10fb  20 b2 00                           jsr CHRGET                ;REGET LAST CHARACTER.
 3398 A:10fe  4c 86 10                           jmp PRINTC                ;DON'T CALL CRDO.
 3399 A:1101                           XSPAC1    
 3399 A:1101  20 23 11                           jsr OUTSPC
 3400 A:1104  d0 f2                              bne XSPAC2
 3401 A:1106                                    ;
 3402 A:1106                                    ; PRINT THE STRING POINTED TO BY [Y,A] WHICH ENDS WITH A ZERO.
 3403 A:1106                                    ; IF THE STRING IS BELOW DSCTMP IT WILL BE COPIED INTO STRING SPACE.
 3404 A:1106                                    ;
 3405 A:1106                           STROUT    
 3405 A:1106  20 a2 19                           jsr STRLIT                ;GET A STRING LITERAL.
 3406 A:1109                                    ;
 3407 A:1109                                    ; PRINT THE STRING WHOSE DESCRIPTOR IS POINTED TO BY FACMO.
 3408 A:1109                                    ;
 3409 A:1109                           STRPRT    
 3409 A:1109  20 c6 1b                           jsr FREFAC                ;RETURN TEMP POINTER.
 3410 A:110c  aa                                 tax                    ;PUT COUNT INTO COUNTER.
 3411 A:110d  a0 00                              ldy #0
 3412 A:110f  e8                                 inx                    ;MOVE ONE AHEAD.
 3413 A:1110                           STRPR2    
 3413 A:1110  ca                                 dex 
 3414 A:1111  f0 bb                              beq PRTRTS                ;ALL DONE.
 3415 A:1113  b1 61                              lda (INDEX1),Y            ;PNTR TO ACT STRNG SET BY FREFAC.
 3416 A:1115  20 2b 11                           jsr OUTDO
 3417 A:1118  c8                                 iny 
 3418 A:1119  c9 0d                              cmp #13
 3419 A:111b  d0 f3                              bne STRPR2
 3420 A:111d  20 c8 10                           jsr CRFIN                ;TYPE REST OF CARRIAGE RETURN.
 3421 A:1120  4c 10 11                           jmp STRPR2                ;AND ON AND ON.
 3422 A:1123                                    ;
 3423 A:1123                                    ; OUTDO OUTPUTS THE CHARACTER IN ACCA, USING CNTWFL
 3424 A:1123                                    ; (SUPPRESS OR NOT), TRMPOS (PRINT HEAD POSITION),
 3425 A:1123                                    ; TIMING, ETCQ. NO REGISTERS ARE CHANGED.
 3426 A:1123                                    ;
 3427 A:1123                           OUTSPC    
 3427 A:1123                                    

 3430 A:1123  a9 20                              lda #" "

 3440 A:1125  00 02 2c 00                        .word 512,44
 3441 A:1129                           OUTQST    
 3441 A:1129  a9 3f                              lda #"?"
 3442 A:112b                           OUTDO     
 3442 A:112b                                    

 3444 A:112b  24 17                              bit CNTWFL                ;SHOULDN'T AFFECT CHANNEL I/O!
 3445 A:112d  30 1a                              bmi OUTRTS

 3449 A:112f  48                                 pha 
 3450 A:1130  c9 20                              cmp #32
 3451 A:1132  90 0d                              bcc TRYOUT
 3452 A:1134  a5 c6                              lda 198
 3453 A:1136  c5 51                              cmp LINWID
 3454 A:1138  d0 05                              bne OUTDO1
 3455 A:113a  20 bc 10                           jsr CRDO
 3456 A:113d                           OUTDO1    
 3456 A:113d                                    

 3462 A:113d                           INCTRM    
 3462 A:113d  e6 c6                              inc 198
 3463 A:113f                           TRYOUT    
 3463 A:113f  68                                 pla 

 3471 A:1140  09 80                              ora #128

 3475 A:1142                           OUTLOC    
 3475 A:1142  20 ed fd                           jsr 65005

 3488 A:1145  29 7f                              and #127

 3495 A:1147                           OUTRTS    
 3495 A:1147  29 ff                              and #255             ;SET Z=0.
 3496 A:1149                           GETRTS    
 3496 A:1149  60                                 rts 

 3498 A:114a                                    ; PAGE
 3499 A:114a                                    ; SUBTTL INPUT AND READ CODE.
 3500 A:114a                                    ;
 3501 A:114a                                    ; HERE WHEN THE DATA THAT WAS TYPED IN OR IN "DATA" STATEMENTS
 3502 A:114a                                    ; IS IMPROPERLY FORMATTED. FOR "INPUT" WE START AGAIN.
 3503 A:114a                                    ; FOR "READ" WE GIVE A SYNTAX ERROR AT THE DATA LINE.
 3504 A:114a                                    ;
 3505 A:114a                           TRMNOK    
 3505 A:114a  a5 15                              lda INPFLG
 3506 A:114c  f0 13                              beq TRMNO1                ;IF INPUT TRY AGAIN.

 3509 A:114e  30 06                              bmi GETDTL
 3510 A:1150  a0 ff                              ldy #255
 3511 A:1152  d0 06                              bne STCURL
 3512 A:1154                           GETDTL    
 3512 A:1154                                    

 3514 A:1154                                    ;GET DATA LINE NUMBER.
 3515 A:1154  a5 7e                              lda DATLIN
 3516 A:1156  a4 7f                              ldy DATLIN+1
 3517 A:1158                           STCURL    
 3517 A:1158                                    ;MAKE IT CURRENT LINE.
 3518 A:1158  85 78                              sta CURLIN
 3519 A:115a  84 79                              sty CURLIN+1
 3520 A:115c                           SNERR4    
 3520 A:115c  4c a4 14                           jmp SNERR
 3521 A:115f                           TRMNO1    
 3521 A:115f                                    

 3529 A:115f                           DOAGIN    
 3529 A:115f                                    
 3530 A:115f  a9 b5                              lda #TRYAGN&255
 3531 A:1161  a0 12                              ldy #TRYAGN/256
 3532 A:1163  20 06 11                           jsr STROUT                ;PRINT "?REDO FROM START".
 3533 A:1166                                    ;POINT AT START
 3534 A:1166  a5 7c                              lda OLDTXT
 3535 A:1168  a4 7d                              ldy OLDTXT+1
 3536 A:116a                                    ;OF THIS CURRENT LINE.
 3537 A:116a  85 b9                              sta CHRGOT+1
 3538 A:116c  84 ba                              sty CHRGOT+1+1
 3539 A:116e  60                                 rts                    ;GO TO "NEWSTT".

 3542 A:116f                           GET       
 3542 A:116f  20 be 18                           jsr ERRDIR

 3555 A:1172                           GETTTY    
 3555 A:1172                                    
 3556 A:1172  a2 01                              ldx #(512+1)&255
 3557 A:1174  a0 02                              ldy #(512+1)/256

 3560 A:1176  a9 00                              lda #0
 3561 A:1178  8d 01 02                           sta 512+1

 3567 A:117b  a9 40                              lda #64
 3568 A:117d  20 be 11                           jsr INPCO1

 3574 A:1180  60                                 rts 

 3592 A:1181                           INPUT     
 3592 A:1181                                    

 3594 A:1181  46 17                              lsr CNTWFL                ;BE TALKATIVE.

 3596 A:1183  c9 22                              cmp #34             ;A QUOTE?
 3597 A:1185  d0 0d                              bne NOTQTI                ;NO MESSAGE.
 3598 A:1187  20 53 14                           jsr STRTXT                ;LITERALIZE THE STRING IN TEXT
 3599 A:118a                                    ;MUST END WITH SEMICOLON.
 3600 A:118a  a9 3b                              lda #59
 3601 A:118c  20 9b 14                           jsr SYNCHR
 3602 A:118f  20 09 11                           jsr STRPRT                ;PRINT IT OUT.
 3603 A:1192                           NOTQTI    
 3603 A:1192  20 be 18                           jsr ERRDIR                ;USE COMMON ROUTINE SINCE DEF DIRECT
 3604 A:1195  a9 2c                              lda #44             ;GET COMMA.
 3605 A:1197  8d ff 01                           sta 512-1
 3606 A:119a                                    ;IS ALSO ILLEGAL.
 3607 A:119a                           GETAGN    
 3607 A:119a  20 a6 11                           jsr QINLIN                ;TYPE "?" AND INPUT A LINE OF TEXT.

 3619 A:119d  ad 00 02                           lda 512              ;ANYTHING INPUT?
 3620 A:11a0  d0 1c                              bne INPCON                ;YES, CONTINUE.

 3626 A:11a2  18                                 clc                    ;MAKE SURE DONT PRINT BREAK
 3627 A:11a3  4c 30 0e                           jmp STPEND                ;NO, STOP.
 3628 A:11a6                           QINLIN    
 3628 A:11a6                                    

 3634 A:11a6  20 29 11                           jsr OUTQST
 3635 A:11a9  20 23 11                           jsr OUTSPC
 3636 A:11ac                           GINLIN    
 3636 A:11ac  4c 4f 0b                           jmp INLIN
 3637 A:11af                           READ      
 3637 A:11af                                    ;GET LAST DATA LOCATION.
 3638 A:11af  a6 80                              ldx DATPTR
 3639 A:11b1  a4 81                              ldy DATPTR+1
 3640 A:11b3  00 02 a9 00                        .word 512,169        ;LDAI TYA TO MAKE IT NONZERO.

 3645 A:11b7  98                                 tya 

 3648 A:11b8  00 02 2c 00                        .word 512,44
 3649 A:11bc                           INPCON    
 3649 A:11bc  a9 00                              lda #0

 3651 A:11be                           INPCO1    
 3651 A:11be  85 15                              sta INPFLG                ;STORE THE FLAG.
 3652 A:11c0                                    ;
 3653 A:11c0                                    ; IN THE PROCESSING OF DATA AND READ STATEMENTS:
 3654 A:11c0                                    ; ONE POINTER POINTS TO THE DATA (IE, THE NUMBERS BEING FETCHED)
 3655 A:11c0                                    ; AND ANOTHER POINTS TO THE LIST OF VARIABLES.
 3656 A:11c0                                    ;
 3657 A:11c0                                    ; THE POINTER INTO THE DATA ALWAYS STARTS POINTING TO A
 3658 A:11c0                                    ; TERMINATOR -- A , : OR END-OF-LINE.
 3659 A:11c0                                    ;
 3660 A:11c0                                    ; AT THIS POINT TXTPTR POINTS TO LIST OF VARIABLES AND
 3661 A:11c0                                    ; [Y,X] POINTS TO DATA OR INPUT LINE.
 3662 A:11c0                                    ;

 3664 A:11c0  86 82                              stx INPPTR
 3665 A:11c2  84 83                              sty INPPTR+1
 3666 A:11c4                           INLOOP    
 3666 A:11c4  20 bb 15                           jsr PTRGET                ;READ VARIABLE LIST.
 3667 A:11c7                                    ;SAVE POINTER FOR "LET" STRING STUFFING.
 3668 A:11c7  85 88                              sta FORPNT
 3669 A:11c9  84 89                              sty FORPNT+1
 3670 A:11cb                                    ;RETURNS PNTR TOP VAR IN VARPNT.
 3671 A:11cb                                    ;SAVE TEXT PNTR.
 3672 A:11cb  a5 b9                              lda CHRGOT+1
 3673 A:11cd  a4 ba                              ldy CHRGOT+1+1

 3675 A:11cf  85 8a                              sta OPPTR
 3676 A:11d1  84 8b                              sty OPPTR+1

 3678 A:11d3  a6 82                              ldx INPPTR
 3679 A:11d5  a4 83                              ldy INPPTR+1

 3681 A:11d7  86 b9                              stx CHRGOT+1
 3682 A:11d9  84 ba                              sty CHRGOT+1+1
 3683 A:11db  20 b8 00                           jsr CHRGOT                ;GET IT AND SET Z IF TERM.
 3684 A:11de  d0 20                              bne DATBK1
 3685 A:11e0  24 15                              bit INPFLG

 3688 A:11e2  50 10                              bvc QDATA
 3689 A:11e4  20 0c fd                           jsr 64780

 3692 A:11e7  29 7f                              and #127

 3694 A:11e9  8d 00 02                           sta 512

 3696 A:11ec  a2 ff                              ldx #(512-1)&255
 3697 A:11ee  a0 01                              ldy #(512-1)/256

 3704 A:11f0  d0 0a                              bne DATBK

 3707 A:11f2                           QDATA     
 3707 A:11f2  30 73                              bmi DATLOP                ;SEARCH FOR ANOTHER DATA STATEMENT.

 3713 A:11f4  20 29 11                           jsr OUTQST
 3714 A:11f7                           GETNTH    
 3714 A:11f7  20 a6 11                           jsr QINLIN                ;GET ANOTHER LINE.
 3715 A:11fa                           DATBK     
 3715 A:11fa                                    ;SET FOR "CHRGET".
 3716 A:11fa  86 b9                              stx CHRGOT+1
 3717 A:11fc  84 ba                              sty CHRGOT+1+1
 3718 A:11fe                           DATBK1    
 3718 A:11fe  20 b2 00                           jsr CHRGET
 3719 A:1201  24 11                              bit VALTYP                ;GET VALUE TYPE.
 3720 A:1203  10 33                              bpl NUMINS                ;INPUT A NUMBER IF NUMERIC.

 3723 A:1205  24 15                              bit INPFLG
 3724 A:1207  50 0b                              bvc SETQUT
 3725 A:1209  e8                                 inx 
 3726 A:120a  86 b9                              stx CHRGOT+1
 3727 A:120c  a9 00                              lda #0
 3728 A:120e  85 0d                              sta CHARAC
 3729 A:1210  f0 0e                              beq RESETC

 3731 A:1212                           SETQUT    
 3731 A:1212  85 0d                              sta CHARAC                ;ASSUME QUOTED STRING.
 3732 A:1214  c9 22                              cmp #34             ;TERMINATORS OK?
 3733 A:1216  f0 09                              beq NOWGET                ;YES.
 3734 A:1218  a9 3a                              lda #":"             ;SET TERMINATORS TO ":" AND
 3735 A:121a  85 0d                              sta CHARAC
 3736 A:121c  a9 2c                              lda #44             ;COMMA.
 3737 A:121e                           RESETC    
 3737 A:121e  18                                 clc 
 3738 A:121f                           NOWGET    
 3738 A:121f  85 0e                              sta ENDCHR

 3740 A:1221  a5 b9                              lda CHRGOT+1
 3741 A:1223  a4 ba                              ldy CHRGOT+1+1
 3742 A:1225  69 00                              adc #0             ;C IS SET PROPERLY ABOVE.
 3743 A:1227  90 03                              bcc NOWGE1
 3744 A:1229  c8                                 iny 
 3745 A:122a                           NOWGE1    
 3745 A:122a  20 a8 19                           jsr STRLT2                ;MAKE A STRING DESCRIPTOR FOR THE VALUE
 3746 A:122d                                    ;AND COPY IF NECESSARY.
 3747 A:122d  20 03 1d                           jsr ST2TXT                ;SET TEXT POINTER.
 3748 A:1230  20 2a 10                           jsr INPCOM                ;DO ASSIGNMENT.
 3749 A:1233  4c 3e 12                           jmp STRDN2
 3750 A:1236                           NUMINS    
 3750 A:1236  20 1a 22                           jsr FIN

 3757 A:1239  a5 12                              lda INTFLG
 3758 A:123b  20 12 10                           jsr QINTGR

 3760 A:123e                           STRDN2    
 3760 A:123e  20 b8 00                           jsr CHRGOT                ;READ LAST CHARACTER.
 3761 A:1241  f0 09                              beq TRMOK                ;":" OR EOL IS OK.
 3762 A:1243  c9 2c                              cmp #44             ;A COMMA?

 3764 A:1245  f0 03                              beq *+5
 3765 A:1247  4c 4a 11                           jmp TRMNOK
 3766 A:124a                           TRMOK     
 3766 A:124a                                    
 3767 A:124a  a5 b9                              lda CHRGOT+1
 3768 A:124c  a4 ba                              ldy CHRGOT+1+1
 3769 A:124e                                    ;SAVE FOR MORE READS.
 3770 A:124e  85 82                              sta INPPTR
 3771 A:1250  84 83                              sty INPPTR+1

 3773 A:1252  a5 8a                              lda OPPTR
 3774 A:1254  a4 8b                              ldy OPPTR+1
 3775 A:1256                                    ;POINT TO VARIABLE LIST.
 3776 A:1256  85 b9                              sta CHRGOT+1
 3777 A:1258  84 ba                              sty CHRGOT+1+1
 3778 A:125a  20 b8 00                           jsr CHRGOT                ;LOOK AT LAST VARIABLE LIST CHARACTER.
 3779 A:125d  f0 2e                              beq VAREND                ;THAT'S THE END OF THE LIST.
 3780 A:125f  20 99 14                           jsr CHKCOM                ;NOT END. CHECK FOR COMMA.
 3781 A:1262  4c c4 11                           jmp INLOOP
 3782 A:1265                                    ;
 3783 A:1265                                    ; SUBROUTINE TO FIND DATA
 3784 A:1265                                    ; THE SEARCH IS MADE BY USING THE EXECUTION CODE FOR DATA TO
 3785 A:1265                                    ; SKIP OVER STATEMENTS. THE START WORD OF EACH STATEMENT
 3786 A:1265                                    ; IS COMPARED WITH "DATATK". EACH NEW LINE NUMBER
 3787 A:1265                                    ; IS STORED IN "DATLIN" SO THAT IF AN ERROR OCCURS
 3788 A:1265                                    ; WHILE READING DATA THE ERROR MESSAGE CAN GIVE THE LINE
 3789 A:1265                                    ; NUMBER OF THE ILL-FORMATTED DATA.
 3790 A:1265                                    ;
 3791 A:1265                           DATLOP    
 3791 A:1265  20 53 0f                           jsr DATAN                ;SKIP SOME TEXT.
 3792 A:1268  c8                                 iny 
 3793 A:1269  aa                                 tax                    ;END OF LINE?
 3794 A:126a  d0 14                              bne NOWLIN                ;SHO AIN'T.
 3795 A:126c  a2 06                              ldx #6             ;YES = "NO DATA" ERROR.
 3796 A:126e  c8                                 iny 
 3797 A:126f  b1 b9                              lda (CHRGOT+1),Y
 3798 A:1271  f0 6b                              beq ERRGO5
 3799 A:1273  c8                                 iny 
 3800 A:1274  b1 b9                              lda (CHRGOT+1),Y      ;GET HIGH BYTE OF LINE NUMBER.
 3801 A:1276  85 7e                              sta DATLIN
 3802 A:1278  c8                                 iny 
 3803 A:1279  b1 b9                              lda (CHRGOT+1),Y      ;GET LOW BYTE.
 3804 A:127b  c8                                 iny 
 3805 A:127c  85 7f                              sta DATLIN+1
 3806 A:127e                           NOWLIN    
 3806 A:127e  b1 b9                              lda (CHRGOT+1),Y      ;HOW IS IT?
 3807 A:1280  aa                                 tax 
 3808 A:1281  20 48 0f                           jsr ADDON                ;ADD [Y] TO [TXTPTR].
 3809 A:1284  e0 7f                              cpx #127             ;IS IT A "DATA" STATEMENT.
 3810 A:1286  d0 dd                              bne DATLOP                ;NOT QUITE RIGHT. KEEP LOOKING.
 3811 A:1288  4c fe 11                           jmp DATBK1                ;THIS IS THE ONE !
 3812 A:128b                           VAREND    
 3812 A:128b                                    ;PUT AWAY A NEW DATA PNTR MAYBE.
 3813 A:128b  a5 82                              lda INPPTR
 3814 A:128d  a4 83                              ldy INPPTR+1
 3815 A:128f  a6 15                              ldx INPFLG
 3816 A:1291  10 05                              bpl VARY0
 3817 A:1293  4c 0c 0e                           jmp RESFIN
 3818 A:1296                           VARY0     
 3818 A:1296  a0 00                              ldy #0
 3819 A:1298  b1 82                              lda (INPPTR),Y            ;LAST DATA CHR COULD HAVE BEEN
 3820 A:129a                                    ;COMMA OR COLON BUT SHOULD BE NULL.
 3821 A:129a  f0 09                              beq INPRTS                ;IT IS NULL.

 3828 A:129c  a9 a4                              lda #EXIGNT&255
 3829 A:129e  a0 12                              ldy #EXIGNT/256
 3830 A:12a0  4c 06 11                           jmp STROUT                ;TYPE "?EXTRA IGNORED"
 3831 A:12a3                           INPRTS    
 3831 A:12a3  60                                 rts                    ;DO NEXT STATEMENT.
 3832 A:12a4                           EXIGNT    
 3832 A:12a4  3f 45 58 54 52 41 20 ...           .asc "?EXTRA IGNORED"

 3834 A:12b2  0d                                 .byt 13
 3835 A:12b3  0a                                 .byt 10
 3836 A:12b4  00                                 .byt 0
 3837 A:12b5                           TRYAGN    
 3837 A:12b5  3f 52 45 44 4f 20 46 ...           .asc "?REDO FROM START"

 3839 A:12c5  0d                                 .byt 13
 3840 A:12c6  0a                                 .byt 10
 3841 A:12c7  00                                 .byt 0
 3842 A:12c8                                    ; PAGE
 3843 A:12c8                                    ; SUBTTL THE NEXT CODE IS THE "NEXT CODE"
 3844 A:12c8                                    ;
 3845 A:12c8                                    ; A "FOR" ENTRY ON THE STACK HAS THE FOLLOWING FORMAT:
 3846 A:12c8                                    ;
 3847 A:12c8                                    ; LOW ADDRESS
 3848 A:12c8                                    ; TOKEN (FORTK) 1 BYTE
 3849 A:12c8                                    ; A POINTER TO THE LOOP VARIABLE 2 BYTES
 3850 A:12c8                                    ; THE STEP 4+ADDPRC BYTES
 3851 A:12c8                                    ; A BYTE REFLECTING THE SIGN OF THE INCREMENT 1 BYTE
 3852 A:12c8                                    ; THE UPPER VALUE (PACKED) 4+ADDPRC BYTES
 3853 A:12c8                                    ; THE LINE NUMBER OF THE "FOR" STATEMENT 2 BYTES
 3854 A:12c8                                    ; A TEXT POINTER INTO THE "FOR" STATEMENT 2 BYTES
 3855 A:12c8                                    ; HIGH ADDRESS
 3856 A:12c8                                    ;
 3857 A:12c8                                    ; TOTAL 16+2*ADDPRC BYTES.
 3858 A:12c8                                    ;
 3859 A:12c8                           NEXT      
 3859 A:12c8  d0 06                              bne GETFOR
 3860 A:12ca  a0 00                              ldy #0             ;WITHOUT ARG CALL "FNDFOR" WITH
 3861 A:12cc  f0 05                              beq STXFOR                ;[FORPNT]=0.
 3862 A:12ce                           GETFOR    
 3862 A:12ce  20 bb 15                           jsr PTRGET                ;GET A POINTER TO LOOP VARIABLE
 3863 A:12d1                           STXFOR    
 3863 A:12d1                                    ;INTO "FORPNT".
 3864 A:12d1  85 88                              sta FORPNT
 3865 A:12d3  84 89                              sty FORPNT+1
 3866 A:12d5  20 96 09                           jsr FNDFOR                ;FIND THE MATCHING ENTRY IF ANY.
 3867 A:12d8  f0 06                              beq HAVFOR
 3868 A:12da  a2 00                              ldx #0             ;"NEXT WITHOUT FOR".
 3869 A:12dc                           ERRGO5    
 3869 A:12dc  f0 6b                              beq ERRGO4
 3870 A:12de                           HAVFOR    
 3870 A:12de  9a                                 txs                    ;SETUP STACK. CHOP FIRST.
 3871 A:12df  8a                                 txa 
 3872 A:12e0  18                                 clc 
 3873 A:12e1  69 04                              adc #4             ;POINT TO INCREMENT
 3874 A:12e3  48                                 pha                    ;SAVE THIS POINTER TO RESTORE TO [A]
 3875 A:12e4  69 06                              adc #5+1       ;POINT TO UPPER LIMIT
 3876 A:12e6  85 63                              sta INDEX2                ;SAVE AS INDEX
 3877 A:12e8  68                                 pla                    ;RESTORE POINTER TO INCREMENT
 3878 A:12e9  a0 01                              ldy #1             ;SET HI ADDR OF THING TO MOVE.
 3879 A:12eb  20 c6 20                           jsr MOVFM                ;GET QUANTITY INTO THE FAC.
 3880 A:12ee  ba                                 tsx 
 3881 A:12ef  bd 09 01                           lda 257+7+1,X, ;SET SIGN CORRECTLY.
 3882 A:12f2  85 a5                              sta FACSGN

 3884 A:12f4  a5 88                              lda FORPNT
 3885 A:12f6  a4 89                              ldy FORPNT+1
 3886 A:12f8  20 88 1d                           jsr FADD                ;ADD INC TO LOOP VARIABLE.
 3887 A:12fb  20 f7 20                           jsr MOVVF                ;PACK THE FAC INTO MEMORY.
 3888 A:12fe  a0 01                              ldy #1
 3889 A:1300  20 84 21                           jsr FCOMPN                ;COMPARE FAC WITH UPPER VALUE.
 3890 A:1303  ba                                 tsx 
 3891 A:1304  38                                 sec 
 3892 A:1305  fd 09 01                           sbc 257+7+1,X, ;SUBTRACT SIGN OF INC FROM SIGN OF
 3893 A:1308                                    ;OF (CURRENT VALUE-FINAL VALUE).
 3894 A:1308  f0 19                              beq LOOPDN                ;IF SIGN (FINAL-CURRENT)-SIGN STEP=0
 3895 A:130a                                    ;THEN LOOP IS DONE.
 3896 A:130a  bd 0f 01                           lda 2*1+12+257,X
 3897 A:130d  85 78                              sta CURLIN                ;STORE LINE NUMBER OF "FOR" STATEMENT.
 3898 A:130f  bd 10 01                           lda 257+13+2*1,X
 3899 A:1312  85 79                              sta CURLIN+1
 3900 A:1314  bd 12 01                           lda 2*1+15+257,X
 3901 A:1317  85 b9                              sta CHRGOT+1          ;STORE TEXT PNTR INTO "FOR" STATEMENT.
 3902 A:1319  bd 11 01                           lda 2*1+14+257,X
 3903 A:131c  85 ba                              sta CHRGOT+1+1
 3904 A:131e                           NEWSGO    
 3904 A:131e  4c 97 0d                           jmp NEWSTT                ;PROCESS NEXT STATEMENT.
 3905 A:1321                           LOOPDN    
 3905 A:1321  8a                                 txa 
 3906 A:1322  69 11                              adc #(2*1)+15;ADDS 16 WITH CARRY.
 3907 A:1324  aa                                 tax 
 3908 A:1325  9a                                 txs                    ;NEW STACK PNTR.
 3909 A:1326  20 b8 00                           jsr CHRGOT
 3910 A:1329  c9 2c                              cmp #44             ;COMMA AT END?
 3911 A:132b  d0 f1                              bne NEWSGO
 3912 A:132d  20 b2 00                           jsr CHRGET
 3913 A:1330  20 ce 12                           jsr GETFOR                ;DO NEXT BUT DON'T ALLOW BLANK VARIABLE
 3914 A:1333                                    ;PNTR. [VARPNT] IS THE STK PNTR WHICH
 3915 A:1333                                    ;NEVER MATCHES ANY POINTER.
 3916 A:1333                                    ;JSR TO PUT ON DUMMY NEWSTT ADDR.

 3918 A:1333                                    ; SUBTTL FORMULA EVALUATION CODE.
 3919 A:1333                                    ;
 3920 A:1333                                    ; THESE ROUTINES CHECK FOR CERTAIN "VALTYP".
 3921 A:1333                                    ; [C] IS NOT PRESERVED.
 3922 A:1333                                    ;
 3923 A:1333                           FRMNUM    
 3923 A:1333  20 4a 13                           jsr FRMEVL
 3924 A:1336                           CHKNUM    
 3924 A:1336  18                                 clc 
 3925 A:1337  00 02 24 00                        .word 512,36
 3926 A:133b                           CHKSTR    
 3926 A:133b  38                                 sec                    ;SET CARRY.
 3927 A:133c                           CHKVAL    
 3927 A:133c  24 11                              bit VALTYP                ;WILL NOT F UP "VALTYP".
 3928 A:133e  30 05                              bmi DOCSTR
 3929 A:1340  b0 05                              bcs CHKERR
 3930 A:1342                           CHKOK     
 3930 A:1342  60                                 rts 
 3931 A:1343                           DOCSTR    
 3931 A:1343  b0 fd                              bcs CHKOK
 3932 A:1345                           CHKERR    
 3932 A:1345  a2 18                              ldx #24
 3933 A:1347                           ERRGO4    
 3933 A:1347  4c 43 0a                           jmp ERROR
 3934 A:134a                                    ;
 3935 A:134a                                    ; THE FORMULA EVALUATOR STARTS WITH
 3936 A:134a                                    ; [TXTPTR] POINTING TO THE FIRST CHARACTER OF THE FORMULA.
 3937 A:134a                                    ; AT THE END [TXTPTR] POINTS TO THE TERMINATOR.
 3938 A:134a                                    ; THE RESULT IS LEFT IN THE FAC.
 3939 A:134a                                    ; ON RETURN [A] DOES NOT REFLECT THE TERMINATOR.
 3940 A:134a                                    ;
 3941 A:134a                                    ; THE FORMULA EVALUATOR USES THE OPERATOR LIST (OPTAB)
 3942 A:134a                                    ; TO DETERMINE PRECEDENCE AND DISPATCH ADDRESSES FOR 
 3943 A:134a                                    ; EACH OPERATOR.
 3944 A:134a                                    ; A TEMPORARY RESULT ON THE STACK HAS THE FOLLOWING FORMAT.
 3945 A:134a                                    ; THE ADDRESS OF THE OPERATOR ROUTINE.
 3946 A:134a                                    ; THE FLOATING POINT TEMPORARY RESULT.
 3947 A:134a                                    ; THE PRECEDENCE OF THE OPERATOR.
 3948 A:134a                                    ;
 3949 A:134a                           FRMEVL    
 3949 A:134a  a6 b9                              ldx CHRGOT+1
 3950 A:134c  d0 04                              bne FRMEV1
 3951 A:134e  c6 ba                              dec CHRGOT+1+1
 3952 A:1350                           FRMEV1    
 3952 A:1350  c6 b9                              dec CHRGOT+1
 3953 A:1352  a2 00                              ldx #0             ;INITIAL DUMMY PRECEDENCE IS 0.
 3954 A:1354  00 02 24 00                        .word 512,36
 3955 A:1358                           LPOPER    
 3955 A:1358  48                                 pha                    ;SAVE LOW PRECEDENCE. (MASK.)
 3956 A:1359  8a                                 txa 
 3957 A:135a  48                                 pha                    ;SAVE HIGH PRECEDENCE.
 3958 A:135b  a9 01                              lda #1
 3959 A:135d  20 07 0a                           jsr GETSTK                ;MAKE SURE THERE IS ROOM FOR
 3960 A:1360                                    ;RECURSIVE CALLS.
 3961 A:1360  20 32 14                           jsr EVAL                ;EVALUATE SOMETHING.
 3962 A:1363                                    ;PREPARE TO BUILD MASK MAYBE.
 3963 A:1363  a9 00                              lda #0
 3964 A:1365  85 8c                              sta OPMASK
 3965 A:1367                           TSTOP     
 3965 A:1367  20 b8 00                           jsr CHRGOT                ;REGET LAST CHARACTER.
 3966 A:136a                           LOPREL    
 3966 A:136a  38                                 sec                    ;PREP TO SUBTRACT.
 3967 A:136b  e9 82                              sbc #130             ;IS CURRENT CHARACTER A RELATION?
 3968 A:136d  90 19                              bcc ENDREL                ;NO. RELATIONS ALL THROUGH.
 3969 A:136f  c9 02                              cmp #131-130+1 ;REALLY RELATIONAL?
 3970 A:1371  b0 15                              bcs ENDREL                ;NO -- JUST BIG.
 3971 A:1373  c9 01                              cmp #1             ;RESET CARRY FOR ZERO ONLY.
 3972 A:1375  2a                                 rol                    ;0 TO 1, 1 TO 2, 2 TO 4.
 3973 A:1376  49 01                              eor #1
 3974 A:1378  45 8c                              eor OPMASK                ;BRING IN THE OLD BITS.
 3975 A:137a  c5 8c                              cmp OPMASK                ;MAKE SURE THE NEW MASK IS BIGGER.
 3976 A:137c  90 63                              bcc SNERR5                ;SYNTAX ERROR. BECAUSE TWO OF THE SAME.
 3977 A:137e  85 8c                              sta OPMASK                ;SAVE MASK.
 3978 A:1380  20 b2 00                           jsr CHRGET
 3979 A:1383  4c 6a 13                           jmp LOPREL                ;GET THE NEXT CANDIDATE.
 3980 A:1386                           ENDREL    
 3980 A:1386  a6 8c                              ldx OPMASK                ;WERE THERE ANY?
 3981 A:1388  d0 2e                              bne FINREL                ;YES, HANDLE AS SPECIAL OP.
 3982 A:138a  b0 7d                              bcs QOP                ;NOT AN OPERATOR.
 3983 A:138c  69 01                              adc #130-129
 3984 A:138e  90 79                              bcc QOP                ;NOT AN OPERATOR.
 3985 A:1390  65 11                              adc VALTYP                ;[C]=1.
 3986 A:1392                                    ;ONLY IF [A]=0 AND [VALTYP]=-1 (A STR).
 3987 A:1392  d0 03                              bne *+5
 3988 A:1394  4c 5d 1b                           jmp CAT
 3989 A:1397  69 ff                              adc #255             ;GET BACK ORIGINAL [A].
 3990 A:1399  85 61                              sta INDEX1
 3991 A:139b  0a                                 asl                    ;MULTIPLY BY 2.
 3992 A:139c  65 61                              adc INDEX1                ;BY THREE.
 3993 A:139e  a8                                 tay                    ;SET UP FOR LATER.
 3994 A:139f                           QPREC     
 3994 A:139f  68                                 pla                    ;GET PREVIOUS PRECEDENCE.
 3995 A:13a0  d9 62 08                           cmp OPTAB,Y              ;IS OLD PRECEDENCE GREATER OR EQUAL?
 3996 A:13a3  b0 69                              bcs QCHNUM                ;YES, GO OPERATE.
 3997 A:13a5  20 36 13                           jsr CHKNUM                ;CAN'T BE STRING HERE.
 3998 A:13a8                           DOPREC    
 3998 A:13a8  48                                 pha                    ;SAVE OLD PRECEDENCE.
 3999 A:13a9                           NEGPRC    
 3999 A:13a9  20 cf 13                           jsr DOPRE1                ;SET A RETURN ADDRESS FOR OP.
 4000 A:13ac  68                                 pla                    ;PULL OFF PREVIOUS PRECEDENCE.
 4001 A:13ad  a4 8a                              ldy OPPTR                ;GET POINTER TO OP.
 4002 A:13af  10 19                              bpl QPREC1                ;THAT'S A REAL OPERATOR.
 4003 A:13b1  aa                                 tax                    ;DONE ?
 4004 A:13b2  f0 58                              beq QOPGO                ;DONE !
 4005 A:13b4  d0 61                              bne PULSTK
 4006 A:13b6                           FINREL    
 4006 A:13b6  46 11                              lsr VALTYP                ;GET VALUE TYPE INTO "C".
 4007 A:13b8  8a                                 txa 
 4008 A:13b9  2a                                 rol                    ;PUT VALTYP INTO LOW ORDER BIT OF MASK.
 4009 A:13ba  a6 b9                              ldx CHRGOT+1          ;DECREMENT TEXT POINTER.
 4010 A:13bc  d0 04                              bne FINRE2
 4011 A:13be  c6 ba                              dec CHRGOT+1+1
 4012 A:13c0                           FINRE2    
 4012 A:13c0  c6 b9                              dec CHRGOT+1
 4013 A:13c2  a0 1b                              ldy #PTDORL-OPTAB           ;MAKE [YREG] POINT AT OPERATOR ENTRY.
 4014 A:13c4  85 8c                              sta OPMASK                ;SAVE THE OPERATION MASK.
 4015 A:13c6  d0 d7                              bne QPREC                ;SAVE IT ALL. BR ALWAYS.
 4016 A:13c8                                    ;NOTE B7(VALTYP)=0 SO CHKNUM CALL IS OK.
 4017 A:13c8                           QPREC1    
 4017 A:13c8  d9 62 08                           cmp OPTAB,Y              ;LAST PRECEDENCE IS GREATER?
 4018 A:13cb  b0 4a                              bcs PULSTK                ;YES, GO OPERATE.
 4019 A:13cd  90 d9                              bcc DOPREC                ;NO SAVE ARGUMENT AND GET OTHER OPERAND.
 4020 A:13cf                           DOPRE1    
 4020 A:13cf  b9 64 08                           lda OPTAB+2,Y
 4021 A:13d2  48                                 pha                    ;DISP ADDR GOES ONTO STACK.
 4022 A:13d3  b9 63 08                           lda OPTAB+1,Y
 4023 A:13d6  48                                 pha 
 4024 A:13d7  20 e2 13                           jsr PUSHF1                ;SAVE FAC ON STACK UNPACKED.
 4025 A:13da  a5 8c                              lda OPMASK                ;[ACCA] MAY BE MASK FOR REL.
 4026 A:13dc  4c 58 13                           jmp LPOPER
 4027 A:13df                           SNERR5    
 4027 A:13df  4c a4 14                           jmp SNERR                ;GO TO AN ERROR.
 4028 A:13e2                           PUSHF1    
 4028 A:13e2  a5 a5                              lda FACSGN
 4029 A:13e4  be 62 08                           ldx OPTAB,Y,             ;GET HIGH PRECEDENCE.
 4030 A:13e7                           PUSHF     
 4030 A:13e7  a8                                 tay                    ;GET POINTER INTO STACK.
 4031 A:13e8  68                                 pla 
 4032 A:13e9  85 61                              sta INDEX1
 4033 A:13eb  e6 61                              inc INDEX1
 4034 A:13ed  68                                 pla 
 4035 A:13ee  85 62                              sta INDEX1+1
 4036 A:13f0  98                                 tya 
 4037 A:13f1                                    ;STORE FAC ON STACK UNPACKED.
 4038 A:13f1  48                                 pha                    ;START WITH SIGN SET UP.
 4039 A:13f2                           FORPSH    
 4039 A:13f2  20 42 21                           jsr ROUND                ;PUT ROUNDED FAC ON STACK.
 4040 A:13f5  a5 a4                              lda FACLO                ;ENTRY POINT TO SKIP STORING SIGN.
 4041 A:13f7  48                                 pha 
 4042 A:13f8  a5 a3                              lda FACMO
 4043 A:13fa  48                                 pha 

 4046 A:13fb  a5 a2                              lda FACMOH
 4047 A:13fd  48                                 pha 

 4049 A:13fe  a5 a1                              lda FACHO
 4050 A:1400  48                                 pha 
 4051 A:1401  a5 a0                              lda FACEXP
 4052 A:1403  48                                 pha 
 4053 A:1404  6c 61 00                           jmp (INDEX1)              ;RETURN.
 4054 A:1407                           QOP       
 4054 A:1407  a0 ff                              ldy #255
 4055 A:1409  68                                 pla                    ;GET HIGH PRECEDENCE OF LAST OP.
 4056 A:140a                           QOPGO     
 4056 A:140a  f0 25                              beq QOPRTS                ;DONE !
 4057 A:140c                           QCHNUM    
 4057 A:140c  c9 64                              cmp #100             ;RELATIONAL OPERATOR?
 4058 A:140e  f0 05                              beq UNPSTK                ;YES, DON'T CHECK OPERAND.
 4059 A:1410  20 36 13                           jsr CHKNUM                ;MUST BE NUMBER.
 4060 A:1413                           UNPSTK    
 4060 A:1413  84 8a                              sty OPPTR                ;SAVE OPERATOR'S POINTER FOR NEXT TIME.
 4061 A:1415                           PULSTK    
 4061 A:1415  68                                 pla                    ;GET MASK FOR REL OP IF IT IS ONE.
 4062 A:1416  4a                                 lsr                    ;SETUP [C] FOR DOREL'S "CHKVAL".
 4063 A:1417  85 16                              sta TANSGN                ;SAVE FOR "DOCMP".
 4064 A:1419  68                                 pla                    ;UNPACK STACK INTO ARG.
 4065 A:141a  85 a8                              sta ARGEXP
 4066 A:141c  68                                 pla 
 4067 A:141d  85 a9                              sta ARGHO

 4070 A:141f  68                                 pla 
 4071 A:1420  85 aa                              sta ARGMOH

 4073 A:1422  68                                 pla 
 4074 A:1423  85 ab                              sta ARGMO
 4075 A:1425  68                                 pla 
 4076 A:1426  85 ac                              sta ARGLO
 4077 A:1428  68                                 pla 
 4078 A:1429  85 ad                              sta ARGSGN
 4079 A:142b  45 a5                              eor FACSGN                ;GET PROBABLE RESULT SIGN.
 4080 A:142d  85 ae                              sta ARISGN                ;ARITHMETIC SIGN. USED BY
 4081 A:142f                                    ;ADD, SUB, MULT, DIV.
 4082 A:142f                           QOPRTS    
 4082 A:142f  a5 a0                              lda FACEXP                ;GET IT AND SET CODES.
 4083 A:1431                           UNPRTS    
 4083 A:1431  60                                 rts                    ;RETURN.

 4085 A:1432                           EVAL      
 4085 A:1432                                    ;ASSUME VALUE WILL BE NUMERIC.
 4086 A:1432  a9 00                              lda #0
 4087 A:1434  85 11                              sta VALTYP
 4088 A:1436                           EVAL0     
 4088 A:1436  20 b2 00                           jsr CHRGET                ;GET A CHARACTER.
 4089 A:1439  b0 05                              bcs EVAL2
 4090 A:143b                           EVAL1     
 4090 A:143b  4c 1a 22                           jmp FIN                ;IT IS A NUMBER.
 4091 A:143e                           EVAL2     
 4091 A:143e  20 45 16                           jsr ISLETC                ;VARIABLE NAME?
 4092 A:1441  b0 6f                              bcs ISVAR                ;YES.

 4108 A:1443                           QDOT      
 4108 A:1443  c9 2a                              cmp #"*"             ;LEADING CHARACTER OF CONSTANT?
 4109 A:1445  f0 f4                              beq EVAL1
 4110 A:1447  c9 81                              cmp #129             ;NEGATION?
 4111 A:1449  f0 60                              beq DOMIN                ;SHO IS.
 4112 A:144b  c9 81                              cmp #129
 4113 A:144d  f0 e7                              beq EVAL0
 4114 A:144f  c9 22                              cmp #34             ;A QUOTE? A STRING?
 4115 A:1451  d0 11                              bne EVAL3
 4116 A:1453                           STRTXT    
 4116 A:1453                                    
 4117 A:1453  a5 b9                              lda CHRGOT+1
 4118 A:1455  a4 ba                              ldy CHRGOT+1+1
 4119 A:1457  69 00                              adc #0             ;TO INC, ADD C=1.
 4120 A:1459  90 03                              bcc STRTX2
 4121 A:145b  c8                                 iny 
 4122 A:145c                           STRTX2    
 4122 A:145c  20 a2 19                           jsr STRLIT                ;YES. GO PROCESS IT.
 4123 A:145f  4c 03 1d                           jmp ST2TXT
 4124 A:1462                           EVAL3     
 4124 A:1462  c9 81                              cmp #129             ;CHECK FOR "NOT" OPERATOR.
 4125 A:1464  d0 15                              bne EVAL4
 4126 A:1466  a0 18                              ldy #NOTTAB-OPTAB           ;"NOT" HAS PRECEDENCE 90.
 4127 A:1468  d0 43                              bne GONPRC                ;GO DO ITS EVALUATION.
 4128 A:146a                           NOTOP     
 4128 A:146a  20 d5 16                           jsr AYINT                ;INTEGERIZE.
 4129 A:146d  a5 a4                              lda FACLO                ;GET THE ARGUMENT.
 4130 A:146f  49 ff                              eor #255
 4131 A:1471  a8                                 tay 
 4132 A:1472  a5 a3                              lda FACMO
 4133 A:1474  49 ff                              eor #255
 4134 A:1476  4c ab 18                           jmp GIVAYF                ;FLOAT [Y,A] AS RESULT IN FAC.
 4135 A:1479                                    ;AND RETURN.
 4136 A:1479                           EVAL4     
 4136 A:1479  c9 80                              cmp #128             ;USER-DEFINED FUNCTION?

 4138 A:147b  d0 03                              bne *+5
 4139 A:147d  4c 0f 19                           jmp FNDOER
 4140 A:1480  c9 83                              cmp #131             ;A FUNCTION NAME?
 4141 A:1482  90 05                              bcc PARCHK                ;FUNCTIONS ARE THE HIGHEST NUMBERED
 4142 A:1484  4c d4 14                           jmp ISFUN                ;CHARACTERS SO NO NEED TO CHECK
 4143 A:1487                                    ;AN UPPER-BOUND.
 4144 A:1487                           PARCHK    
 4144 A:1487  20 93 14                           jsr CHKOPN                ;ONLY POSSIBILITY LEFT IS
 4145 A:148a  20 4a 13                           jsr FRMEVL                ;A FORMULA IN PARENTHESIS.
 4146 A:148d                                    ;RECURSIVELY EVALUATE THE FORMULA.
 4147 A:148d                           CHKCLS    
 4147 A:148d  a9 29                              lda #41             ;CHECK FOR A RIGHT PARENTHESE
 4148 A:148f  00 02 2c 00                        .word 512,44
 4149 A:1493                           CHKOPN    
 4149 A:1493  a9 28                              lda #40
 4150 A:1495  00 02 2c 00                        .word 512,44
 4151 A:1499                           CHKCOM    
 4151 A:1499  a9 2c                              lda #44
 4152 A:149b                                    ;
 4153 A:149b                                    ; "SYNCHK" LOOKS AT THE CURRENT CHARACTER TO MAKE SURE IT
 4154 A:149b                                    ; IS THE SPECIFIC THING LOADED INTO ACCA JUST BEFORE THE CALL TO
 4155 A:149b                                    ; "SYNCHK". IF NOT, IT CALLS THE "SYNTAX ERROR" ROUTINE.
 4156 A:149b                                    ; OTHERWISE IT GOBBLES THE NEXT CHAR AND RETURNS,
 4157 A:149b                                    ;
 4158 A:149b                                    ; [A]=NEW CHAR AND TXTPTR IS ADVANCED BY "CHRGET".
 4159 A:149b                                    ;
 4160 A:149b                           SYNCHR    
 4160 A:149b  a0 00                              ldy #0
 4161 A:149d  d1 b9                              cmp (CHRGOT+1),Y      ;CHARACTERS EQUAL?
 4162 A:149f  d0 05                              bne SNERR
 4163 A:14a1                           CHRGO5    
 4163 A:14a1  4c b2 00                           jmp CHRGET
 4164 A:14a4                           SNERR     
 4164 A:14a4  a2 02                              ldx #2             ;"SYNTAX ERROR"
 4165 A:14a6  4c 43 0a                           jmp ERROR
 4166 A:14a9                           DOMIN     
 4166 A:14a9  a0 15                              ldy #NEGTAB-OPTAB           ;A PRECEDENCE BELOW "^".
 4167 A:14ab                           GONPRC    
 4167 A:14ab  68                                 pla                    ;GET RID OF RTS ADDR.
 4168 A:14ac  68                                 pla 
 4169 A:14ad  4c a9 13                           jmp NEGPRC                ;EVALUTE FOR NEGATION.

 4171 A:14b0                           ISVAR     
 4171 A:14b0  20 bb 15                           jsr PTRGET                ;GET A PNTR TO VARIABLE.
 4172 A:14b3                           ISVRET    
 4172 A:14b3                                    
 4173 A:14b3  85 a3                              sta FACMO
 4174 A:14b5  84 a4                              sty FACMO+1

 4181 A:14b7  a6 11                              ldx VALTYP
 4182 A:14b9  f0 07                              beq GOOO                ;THE STRING IS SET UP.
 4183 A:14bb  a2 00                              ldx #0
 4184 A:14bd  86 af                              stx FACOV

 4203 A:14bf                           STRRTS    
 4203 A:14bf  60                                 rts 
 4204 A:14c0                           GOOO      
 4204 A:14c0                                    

 4207 A:14c0  a6 12                              ldx INTFLG
 4208 A:14c2  10 0f                              bpl GOOOOO
 4209 A:14c4  a0 00                              ldy #0
 4210 A:14c6  b1 a3                              lda (FACMO),Y
 4211 A:14c8  aa                                 tax 
 4212 A:14c9  c8                                 iny 
 4213 A:14ca  b1 a3                              lda (FACMO),Y
 4214 A:14cc  a8                                 tay 
 4215 A:14cd  8a                                 txa 
 4216 A:14ce  4c ab 18                           jmp GIVAYF

 4218 A:14d1                           GOOOOO    
 4218 A:14d1                                    

 4240 A:14d1                           QSTATV    
 4240 A:14d1                                    

 4257 A:14d1  4c c6 20                           jmp MOVFM                ;MOVE ACTUAL VALUE IN.
 4258 A:14d4                                    ;AND RETURN.

 4260 A:14d4                           ISFUN     
 4260 A:14d4  0a                                 asl                    ;MULTIPLY BY TWO.
 4261 A:14d5  48                                 pha 
 4262 A:14d6  aa                                 tax 
 4263 A:14d7  20 b2 00                           jsr CHRGET                ;SET UP FOR SYNCHK.
 4264 A:14da  e0 07                              cpx #((2*131)-256)+1;IS IT PAST "LASNUM"?
 4265 A:14dc  90 22                              bcc OKNORM                ;NO, MUST BE NORMAL FUNCTION.
 4266 A:14de                                    ;
 4267 A:14de                                    ; MOST FUNCTIONS TAKE A SINGLE ARGUMENT.
 4268 A:14de                                    ; THE RETURN ADDRESS OF THESE FUNCTIONS IS "CHKNUM"
 4269 A:14de                                    ; WHICH ASCERTAINS THAT [VALTYP]=0  (NUMERIC).
 4270 A:14de                                    ; NORMAL FUNCTIONS THAT RETURN STRING RESULTS
 4271 A:14de                                    ; (E.G., CHR$) MUST POP OFF THAT RETURN ADDR AND
 4272 A:14de                                    ; RETURN DIRECTLY TO "FRMEVL".
 4273 A:14de                                    ;
 4274 A:14de                                    ; THE SO-CALLED "FUNNY" FUNCTIONS CAN TAKE MORE THAN ONE ARGUMENT,
 4275 A:14de                                    ; THE FIRST OF WHICH MUST BE STRING AND THE SECOND OF WHICH
 4276 A:14de                                    ; MUST BE A NUMBER BETWEEN 0 AND 255.
 4277 A:14de                                    ; THE CLOSED PARENTHESIS MUST BE CHECKED AND RETURN IS DIRECTLY
 4278 A:14de                                    ; TO "FRMEVL" WITH THE TEXT PNTR POINTING BEYOND THE ")".
 4279 A:14de                                    ; THE POINTER TO THE DESCRIPTOR OF THE STRING ARGUMENT
 4280 A:14de                                    ; IS STORED ON THE STACK UNDERNEATH THE VALUE OF THE
 4281 A:14de                                    ; INTEGER ARGUMENT.
 4282 A:14de                                    ;
 4283 A:14de  20 93 14                           jsr CHKOPN                ;CHECK FOR AN OPEN PARENTHESE
 4284 A:14e1  20 4a 13                           jsr FRMEVL                ;EAT OPEN PAREN AND FIRST ARG.
 4285 A:14e4  20 99 14                           jsr CHKCOM                ;TWO ARGS SO COMMA MUST DELIMIT.
 4286 A:14e7  20 3b 13                           jsr CHKSTR                ;MAKE SURE FIRST WAS STRING.
 4287 A:14ea  68                                 pla                    ;GET FUNCTION NUMBER.
 4288 A:14eb  aa                                 tax 
 4289 A:14ec                                    ;SAVE POINTER AT STRING DESCRIPTOR
 4290 A:14ec  a5 a4                              lda FACMO+1
 4291 A:14ee  48                                 pha 
 4292 A:14ef  a5 a3                              lda FACMO
 4293 A:14f1  48                                 pha 
 4294 A:14f2  8a                                 txa 
 4295 A:14f3  48                                 pha                    ;RESAVE FUNCTION NUMBER.
 4296 A:14f4                                    ;THIS MUST BE ON STACK SINCE RECURSIVE.
 4297 A:14f4  20 be 1c                           jsr GETBYT                ;[X]=VALUE OF FORMULA.
 4298 A:14f7  68                                 pla                    ;GET FUNCTION NUMBER.
 4299 A:14f8  a8                                 tay 
 4300 A:14f9  8a                                 txa 
 4301 A:14fa  48                                 pha 
 4302 A:14fb  4c 03 15                           jmp FINGO                ;DISPATCH TO FUNCTION.
 4303 A:14fe                           OKNORM    
 4303 A:14fe  20 87 14                           jsr PARCHK                ;READ A FORMULA SURROUNDED BY PARENS.
 4304 A:1501  68                                 pla                    ;GET DISPATCH FUNCTION.
 4305 A:1502  a8                                 tay 
 4306 A:1503                           FINGO     
 4306 A:1503  b9 2e 08                           lda FUNDSP-2*131+256,Y, ;MODIFY DISPATCH ADDRESS.
 4307 A:1506  85 94                              sta JMPER+1
 4308 A:1508  b9 2f 08                           lda FUNDSP-2*131+257,Y
 4309 A:150b  85 95                              sta JMPER+2
 4310 A:150d  20 93 00                           jsr JMPER                ;DISPATCH!
 4311 A:1510                                    ;STRING FUNCTIONS REMOVE THIS RET ADDR.
 4312 A:1510  4c 36 13                           jmp CHKNUM                ;CHECK IT FOR NUMERICNESS AND RETURN.

 4314 A:1513                           OROP      
 4314 A:1513  a0 ff                              ldy #255             ;MUST ALWAYS COMPLEMENT..
 4315 A:1515  00 02 2c 00                        .word 512,44
 4316 A:1519                           ANDOP     
 4316 A:1519  a0 00                              ldy #0
 4317 A:151b  84 0f                              sty COUNT                ;OPERATOR.
 4318 A:151d  20 d5 16                           jsr AYINT                ;[FACMO&LO]=INT VALUE AND CHECK SIZE.
 4319 A:1520  a5 a3                              lda FACMO                ;USE DEMORGAN'S LAW ON HIGH
 4320 A:1522  45 0f                              eor COUNT
 4321 A:1524  85 0d                              sta CHARAC
 4322 A:1526  a5 a4                              lda FACLO                ;AND LOW.
 4323 A:1528  45 0f                              eor COUNT
 4324 A:152a  85 0e                              sta CHARAC+1
 4325 A:152c  20 23 21                           jsr MOVFA
 4326 A:152f  20 d5 16                           jsr AYINT                ;[FACMO&LO]=INT OF ARG.
 4327 A:1532  a5 a4                              lda FACLO
 4328 A:1534  45 0f                              eor COUNT
 4329 A:1536  25 0e                              and CHARAC+1
 4330 A:1538  45 0f                              eor COUNT                ;FINISH OUT DEMORGAN.
 4331 A:153a  a8                                 tay                    ;SAVE HIGH.
 4332 A:153b  a5 a3                              lda FACMO
 4333 A:153d  45 0f                              eor COUNT
 4334 A:153f  25 0d                              and CHARAC
 4335 A:1541  45 0f                              eor COUNT
 4336 A:1543  4c ab 18                           jmp GIVAYF                ;FLOAT [A.Y] AND RET TO USER.

 4338 A:1546                                    ;
 4339 A:1546                                    ; TIME TO PERFORM A RELATIONAL OPERATOR.
 4340 A:1546                                    ; [DOMASK] CONTAINS THE BITS AS TO WHICH RELATIONAL
 4341 A:1546                                    ; OPERATOR IT WAS. CARRY BIT ON=STRING COMPARE.
 4342 A:1546                                    ;
 4343 A:1546                           DOREL     
 4343 A:1546  20 3c 13                           jsr CHKVAL                ;CHECK FOR MATCH.
 4344 A:1549  b0 15                              bcs STRCMP                ;IT IS A STRING.
 4345 A:154b  a5 ad                              lda ARGSGN                ;PACK ARG FOR FCOMP.
 4346 A:154d  09 7f                              ora #127
 4347 A:154f  25 a9                              and ARGHO
 4348 A:1551  85 a9                              sta ARGHO

 4350 A:1553  a9 a8                              lda #ARGEXP&255
 4351 A:1555  a0 00                              ldy #ARGEXP/256
 4352 A:1557  20 82 21                           jsr FCOMP
 4353 A:155a  aa                                 tax 
 4354 A:155b  4c 91 15                           jmp QCOMP
 4355 A:155e                           STRCMP    
 4355 A:155e                                    ;RESULT WILL BE NUMERIC.
 4356 A:155e  a9 00                              lda #0
 4357 A:1560  85 11                              sta VALTYP
 4358 A:1562  c6 8c                              dec OPMASK                ;TURN OFF VALTYP WHICH WAS STRING.
 4359 A:1564  20 c6 1b                           jsr FREFAC                ;FREE THE FACLO STRING.
 4360 A:1567  85 a0                              sta FAC                ;SAVE FOR LATER.

 4362 A:1569  86 a1                              stx FAC+1
 4363 A:156b  84 a2                              sty FAC+1+1
 4364 A:156d                                    ;GET POINTER TO OTHER STRING.
 4365 A:156d  a5 ab                              lda ARGMO
 4366 A:156f  a4 ac                              ldy ARGMO+1
 4367 A:1571  20 ca 1b                           jsr FRETMP                ;FREES FIRST DESC POINTER.

 4369 A:1574  86 ab                              stx ARGMO
 4370 A:1576  84 ac                              sty ARGMO+1
 4371 A:1578  aa                                 tax                    ;COPY COUNT INTO X.
 4372 A:1579  38                                 sec 
 4373 A:157a  e5 a0                              sbc FAC                ;WHICH IS GREATER. IF 0, ALL SET UP.
 4374 A:157c  f0 0a                              beq STASGN                ;JUST PUT SIGN OF DIFFERENCE AWAY.
 4375 A:157e  a9 01                              lda #1
 4376 A:1580  90 06                              bcc STASGN                ;SIGN IS POSITIVE.
 4377 A:1582  a6 a0                              ldx FAC                ;LENGTH OF FAC IS SHORTER.
 4378 A:1584  a9 ff                              lda #255             ;GET A MINUS 1 FOR NEGATIVES.
 4379 A:1586                           STASGN    
 4379 A:1586  85 a5                              sta FACSGN                ;KEEP FOR LATER.
 4380 A:1588  a0 ff                              ldy #255             ;SET POINTER TO FIRST STRING. (ARG.)
 4381 A:158a  e8                                 inx                    ;TO LOOP PROPERLY.
 4382 A:158b                           NXTCMP    
 4382 A:158b  c8                                 iny 
 4383 A:158c  ca                                 dex                    ;ANY CHARACTERS LEFT TO COMPARE?
 4384 A:158d  d0 09                              bne GETCMP                ;NOT DONE YET.
 4385 A:158f  a6 a5                              ldx FACSGN                ;USE SIGN OF LENGTH DIFFERENCE
 4386 A:1591                                    ;SINCE ALL CHARACTERS ARE THE SAME.
 4387 A:1591                           QCOMP     
 4387 A:1591  30 11                              bmi DOCMP                ;C IS ALWAYS SET THEN.
 4388 A:1593  18                                 clc 
 4389 A:1594  90 0e                              bcc DOCMP                ;ALWAYS BRANCH.
 4390 A:1596                           GETCMP    
 4390 A:1596  b1 ab                              lda (ARGMO),Y            ;GET NEXT CHAR TO COMPARE.
 4391 A:1598  d1 a1                              cmp (FAC+1),Y      ;SAME?
 4392 A:159a  f0 ef                              beq NXTCMP                ;YEP. TRY FURTHER.
 4393 A:159c  a2 ff                              ldx #255             ;SET A POSITIVE DIFFERENCE.
 4394 A:159e  b0 04                              bcs DOCMP                ;PUT STACK BACK TOGETHER.
 4395 A:15a0  a2 01                              ldx #1             ;SET A NEGATIVE DIFFERENCE.
 4396 A:15a2                           DOCMP     
 4396 A:15a2  e8                                 inx                    ;-1 TO 1, 0 TO 2, 1 TO 4.
 4397 A:15a3  8a                                 txa 
 4398 A:15a4  2a                                 rol 
 4399 A:15a5  25 16                              and TANSGN
 4400 A:15a7  f0 04                              beq GOFLOT
 4401 A:15a9  a9 ff                              lda #255             ;MAP 0 TO 0. ALL OTHERS TO -1.
 4402 A:15ab                           GOFLOT    
 4402 A:15ab  4c 63 21                           jmp FLOAT                ;FLOAT THE ONE-BYTE RESULT INTO FAC.

 4404 A:15ae                                    ; PAGE
 4405 A:15ae                                    ; SUBTTL DIMENSION AND VARIABLE SEARCHING.
 4406 A:15ae                                    ;
 4407 A:15ae                                    ; THE "DIM" CODE SETS [DIMFLG] AND THEN FALLS INTO THE VARIABLE SEARCH
 4408 A:15ae                                    ; ROUTINE, WHICH LOOKS AT DIMFLG AT THREE DIFFERENT POINTS.
 4409 A:15ae                                    ; 1) IF AN ENTRY IS FOUND, "DIMFLG" BEING ON INDICATES
 4410 A:15ae                                    ;  A "DOUBLY" DIMENSIONED VARIABLE.
 4411 A:15ae                                    ; 2) WHEN A NEW ENTRY IS BEING BUILT "DIMFLG" BEING ON
 4412 A:15ae                                    ;  INDICTAES THE INDICES SHOULD BE USED FOR THE
 4413 A:15ae                                    ;  SIZE OF EACH INDEX. OTHERWISE THE DEFAULT OF TEN
 4414 A:15ae                                    ;  IS USED.
 4415 A:15ae                                    ; 3) WHEN THE BUILD ENTRY CODE FINISHES, ONLY IF "DIMFLG" IS OFF
 4416 A:15ae                                    ;  WILL INDEXING BE DONE.
 4417 A:15ae                                    ;
 4418 A:15ae                           DIM3      
 4418 A:15ae  20 99 14                           jsr CHKCOM                ;MUST BE A COMMA
 4419 A:15b1                           DIM       
 4419 A:15b1  aa                                 tax                    ;SET [ACCX] NONZERO.
 4420 A:15b2                                    ;[ACCA] MUST BE NONZERO TO WORK RIGHT.
 4421 A:15b2                           DIM1      
 4421 A:15b2  20 c0 15                           jsr PTRGT1
 4422 A:15b5                           DIMCON    
 4422 A:15b5  20 b8 00                           jsr CHRGOT                ;GET LAST CHARACTER.
 4423 A:15b8  d0 f4                              bne DIM3
 4424 A:15ba  60                                 rts 
 4425 A:15bb                                    ;
 4426 A:15bb                                    ; ROUTINE TO READ THE VARIABLE NAME AT THE CURRENT TEXT POSITION
 4427 A:15bb                                    ; AND  PUT A POINTER TO ITS VALUE IN VARPNT. [TXTPTR]
 4428 A:15bb                                    ; POINTS TO THE TERMINATING CHARCTER.. NOT THAT EVALUATING SUBSCRIPTS
 4429 A:15bb                                    ; IN A VARIABLE NAME CAN CAUSE RECURSIVE CALLS TO "PTRGET" SO AT
 4430 A:15bb                                    ; THAT POINT ALL VALUES MUST BE STORED ON THE STACK.
 4431 A:15bb                                    ;
 4432 A:15bb                           PTRGET    
 4432 A:15bb  a2 00                              ldx #0             ;MAKE [ACCX]=0.
 4433 A:15bd  20 b8 00                           jsr CHRGOT                ;RETRIEVE LAST CHARACTER.
 4434 A:15c0                           PTRGT1    
 4434 A:15c0  86 10                              stx DIMFLG                ;STORE FLAG AWAY.
 4435 A:15c2                           PTRGT2    
 4435 A:15c2  85 84                              sta VARNAM
 4436 A:15c4  20 b8 00                           jsr CHRGOT                ;GET CURRENT CHARACTER
 4437 A:15c7                                    ;MAYBE WITH FUNCTION BIT OFF.
 4438 A:15c7  20 45 16                           jsr ISLETC                ;CHECK FOR LETTER.
 4439 A:15ca  b0 05                              bcs PTRGT3                ;MUST HAVE A LETTER.
 4440 A:15cc                           INTERR    
 4440 A:15cc  4c a4 14                           jmp SNERR
 4441 A:15cf                           PTRGT3    
 4441 A:15cf  a2 00                              ldx #0             ;ASSUME NO SECOND CHARACTER.
 4442 A:15d1  86 11                              stx VALTYP                ;DEFAULT IS NUMERIC.

 4445 A:15d3  86 12                              stx INTFLG

 4447 A:15d5  20 b2 00                           jsr CHRGET                ;GET FOLLOWING CHARACTER.
 4448 A:15d8  90 07                              bcc ISSEC                ;CARRY RESET BY CHRGET IF NUMERIC.
 4449 A:15da  20 45 16                           jsr ISLETC                ;SET CARRY IF NOT ALPHABETIC.
 4450 A:15dd  90 0d                              bcc NOSEC                ;ALLOW ALPHABETICS.
 4451 A:15df                           ISSEC     
 4451 A:15df  aa                                 tax                    ;IT IS A NUMBER -- SAVE IN ACCX.
 4452 A:15e0                           EATEM     
 4452 A:15e0  20 b2 00                           jsr CHRGET                ;LOOK AT NEXT CHARACTER.
 4453 A:15e3  90 fb                              bcc EATEM                ;SKIP NUMERICS.
 4454 A:15e5  20 45 16                           jsr ISLETC
 4455 A:15e8  b0 f6                              bcs EATEM                ;SKIP ALPHABETICS.
 4456 A:15ea                           NOSEC     
 4456 A:15ea  c9 24                              cmp #"$"             ;IS IT A STRING?
 4457 A:15ec  d0 08                              bne NOTSTR                ;IF NOT, [VALTYP]=0.
 4458 A:15ee  a9 ff                              lda #255             ;SET [VALTYP]=255 (STRING !).
 4459 A:15f0  85 11                              sta VALTYP

 4462 A:15f2  d0 12                              bne TURNON
 4463 A:15f4                           NOTSTR    
 4463 A:15f4  c9 25                              cmp #"%"
 4464 A:15f6  d0 15                              bne STRNAM
 4465 A:15f8  a5 14                              lda SUBFLG
 4466 A:15fa  d0 d0                              bne INTERR
 4467 A:15fc  a9 80                              lda #128
 4468 A:15fe  85 12                              sta INTFLG
 4469 A:1600  05 84                              ora VARNAM
 4470 A:1602  85 84                              sta VARNAM

 4472 A:1604                           TURNON    
 4472 A:1604  8a                                 txa 
 4473 A:1605  09 80                              ora #128             ;TURN ON MSB OF SECOND CHARACTER.
 4474 A:1607  aa                                 tax 
 4475 A:1608  20 b2 00                           jsr CHRGET                ;GET CHARACTER AFTER $.

 4480 A:160b                           STRNAM    
 4480 A:160b  86 85                              stx VARNAM+1          ;STORE AWAY SECOND CHARACTER.
 4481 A:160d  38                                 sec 
 4482 A:160e  05 14                              ora SUBFLG                ;ADD FLAG WHETHER TO ALLOW ARRAYS.
 4483 A:1610  e9 28                              sbc #40             ;(CHECK FOR "(") WON'T MATCH IF SUBFLG SET. 
 4484 A:1612                                    ;IT IS!
 4485 A:1612  d0 03                              bne *+5
 4486 A:1614  4c e7 16                           jmp ISARY
 4487 A:1617                                    ;ALLOW SUBSCRIPTS AGAIN.
 4488 A:1617  a9 00                              lda #0
 4489 A:1619  85 14                              sta SUBFLG
 4490 A:161b  a5 6c                              lda VARTAB                ;PLACE TO START SEARCH.
 4491 A:161d  a6 6d                              ldx VARTAB+1
 4492 A:161f  a0 00                              ldy #0
 4493 A:1621                           STXFND    
 4493 A:1621  86 9f                              stx LOWTR+1
 4494 A:1623                           LOPFND    
 4494 A:1623  85 9e                              sta LOWTR
 4495 A:1625  e4 6f                              cpx ARYTAB+1          ;AT END OF TABLE YET?
 4496 A:1627  d0 06                              bne LOPFN
 4497 A:1629  c5 6e                              cmp ARYTAB
 4498 A:162b  f0 24                              beq NOTFNS                ;YES. WE COULDN'T FIND IT.
 4499 A:162d                           LOPFN     
 4499 A:162d  a5 84                              lda VARNAM
 4500 A:162f  d1 9e                              cmp (LOWTR),Y            ;COMPARE HIGH ORDERS.
 4501 A:1631  d0 0a                              bne NOTIT                ;NO COMPARISON.
 4502 A:1633  a5 85                              lda VARNAM+1
 4503 A:1635  c8                                 iny 
 4504 A:1636  d1 9e                              cmp (LOWTR),Y            ;AND THE LOW PART?
 4505 A:1638  f0 6c                              beq FINPTR                ;THAT'S IT ! THAT'S IT !
 4506 A:163a  88                                 dey 
 4507 A:163b                           NOTIT     
 4507 A:163b  18                                 clc 
 4508 A:163c  a5 9e                              lda LOWTR
 4509 A:163e  69 07                              adc #6+1       ;MAKES NO DIF AMONG TYPES.
 4510 A:1640  90 e1                              bcc LOPFND
 4511 A:1642  e8                                 inx 
 4512 A:1643  d0 dc                              bne STXFND                ;ALWAYS BRANCHES.

 4514 A:1645                                    ;
 4515 A:1645                                    ; TEST FOR A LETTER. / CARRY OFF= NOT A LETTER.
 4516 A:1645                                    ;     CARRY ON= A LETTER.
 4517 A:1645                                    ;
 4518 A:1645                           ISLETC    
 4518 A:1645  c9 41                              cmp #"A"
 4519 A:1647  90 07                              bcc ISLRTS                ;IF LESS THAN "A", RET.
 4520 A:1649  e9 5b                              sbc #"Z"+1
 4521 A:164b  38                                 sec 
 4522 A:164c  e9 a5                              sbc #256-"Z"-1 ;RESET CARRY IF [A] .GT. "Z".
 4523 A:164e                           ISLRTS    
 4523 A:164e  60                                 rts                    ;RETURN TO CALLER.

 4525 A:164f                           NOTFNS    
 4525 A:164f  68                                 pla                    ;CHECK WHO'S CALLING.
 4526 A:1650  48                                 pha                    ;RESTORE IT.
 4527 A:1651  c9 00                              cmp #((((ISVRET-1)-ISVRET)-1)/256)*256;IS EVAL CALLING?
 4528 A:1653  d0 0f                              bne NOTEVL                ;NO, CARRY ON.

 4531 A:1655  ba                                 tsx 
 4532 A:1656  bd 02 01                           lda 258,X
 4533 A:1659  c9 14                              cmp #(ISVRET-1)/256
 4534 A:165b  d0 07                              bne NOTEVL

 4536 A:165d                           LDZR      
 4536 A:165d                                    ;SET UP PNTR TO SIMULATED ZERO.
 4537 A:165d  a9 32                              lda #ZERO&255
 4538 A:165f  a0 24                              ldy #ZERO/256
 4539 A:1661  60                                 rts                    ;FOR STRINGS OR NUMERIC.
 4540 A:1662                                    ;AND FOR INTEGERS TOO.
 4541 A:1662                           NOTEVL    
 4541 A:1662                                    

 4561 A:1662                           QSTAVR    
 4561 A:1662                                    

 4569 A:1662                           VAROK     
 4569 A:1662                                    
 4570 A:1662  a5 6e                              lda ARYTAB
 4571 A:1664  a4 6f                              ldy ARYTAB+1
 4572 A:1666                                    ;LOWEST THING TO MOVE.
 4573 A:1666  85 9e                              sta LOWTR
 4574 A:1668  84 9f                              sty LOWTR+1
 4575 A:166a                                    ;GET HIGHEST ADDR TO MOVE.
 4576 A:166a  a5 70                              lda STREND
 4577 A:166c  a4 71                              ldy STREND+1

 4579 A:166e  85 99                              sta HIGHTR
 4580 A:1670  84 9a                              sty HIGHTR+1
 4581 A:1672  18                                 clc 
 4582 A:1673  69 07                              adc #6+1
 4583 A:1675  90 03                              bcc NOTEVE
 4584 A:1677  c8                                 iny 
 4585 A:1678                           NOTEVE    
 4585 A:1678                                    ;PLACE TO STUFF IT.
 4586 A:1678  85 97                              sta HIGHDS
 4587 A:167a  84 98                              sty HIGHDS+1
 4588 A:167c  20 c4 09                           jsr BLTU                ;MOVE IT ALL.
 4589 A:167f                                    ;NOTE [Y,A] HAS [HIGHDS] FOR REASON.
 4590 A:167f                                    ;AND SET UP
 4591 A:167f  a5 97                              lda HIGHDS
 4592 A:1681  a4 98                              ldy HIGHDS+1
 4593 A:1683  c8                                 iny 
 4594 A:1684                                    ;NEW START OF ARRAY TABLE.
 4595 A:1684  85 6e                              sta ARYTAB
 4596 A:1686  84 6f                              sty ARYTAB+1
 4597 A:1688  a0 00                              ldy #0             ;GET ADDR OF VARIABLE ENTRY.
 4598 A:168a  a5 84                              lda VARNAM
 4599 A:168c  91 9e                              sta (LOWTR),Y
 4600 A:168e  c8                                 iny 
 4601 A:168f  a5 85                              lda VARNAM+1
 4602 A:1691  91 9e                              sta (LOWTR),Y            ;STORE NAME OF VARIABLE.
 4603 A:1693  a9 00                              lda #0
 4604 A:1695  c8                                 iny 
 4605 A:1696  91 9e                              sta (LOWTR),Y
 4606 A:1698  c8                                 iny 
 4607 A:1699  91 9e                              sta (LOWTR),Y
 4608 A:169b  c8                                 iny 
 4609 A:169c  91 9e                              sta (LOWTR),Y
 4610 A:169e  c8                                 iny 
 4611 A:169f  91 9e                              sta (LOWTR),Y            ;FOURTH ZERO FOR DEF FUNC.

 4614 A:16a1  c8                                 iny 
 4615 A:16a2  91 9e                              sta (LOWTR),Y

 4617 A:16a4                           FINPTR    
 4617 A:16a4  a5 9e                              lda LOWTR
 4618 A:16a6  18                                 clc 
 4619 A:16a7  69 02                              adc #2
 4620 A:16a9  a4 9f                              ldy LOWTR+1
 4621 A:16ab  90 03                              bcc FINNOW
 4622 A:16ad  c8                                 iny 
 4623 A:16ae                           FINNOW    
 4623 A:16ae                                    ;THIS IS IT.
 4624 A:16ae  85 86                              sta VARPNT
 4625 A:16b0  84 87                              sty VARPNT+1
 4626 A:16b2  60                                 rts 
 4627 A:16b3                                    ; PAGE
 4628 A:16b3                                    ; SUBTTL MULTIPLE DIMENSION CODE.
 4629 A:16b3                           FMAPTR    
 4629 A:16b3  a5 0f                              lda COUNT
 4630 A:16b5  0a                                 asl 
 4631 A:16b6  69 05                              adc #5             ;POINT TO ENTRIES. C CLR'D BY ASL.
 4632 A:16b8  65 9e                              adc LOWTR
 4633 A:16ba  a4 9f                              ldy LOWTR+1
 4634 A:16bc  90 03                              bcc JSRGM
 4635 A:16be  c8                                 iny 
 4636 A:16bf                           JSRGM     
 4636 A:16bf                                    
 4637 A:16bf  85 97                              sta HIGHDS
 4638 A:16c1  84 98                              sty HIGHDS+1
 4639 A:16c3  60                                 rts 

 4641 A:16c4                           N32768    
 4641 A:16c4  90 80 00 00                        .byt 144,128,0,0;-32768.

 4643 A:16c8                                    ;
 4644 A:16c8                                    ; INTIDX READS A FORMULA FROM THE CURRENT POSITION AND
 4645 A:16c8                                    ; TURNS IT INTO A POSITIVE INTEGER
 4646 A:16c8                                    ; LEAVING THE RESULT IN FACMO&LO. NEGATIVE ARGUMENTS
 4647 A:16c8                                    ; ARE NOT ALLOWED.
 4648 A:16c8                                    ;
 4649 A:16c8                           INTIDX    
 4649 A:16c8  20 b2 00                           jsr CHRGET
 4650 A:16cb  20 4a 13                           jsr FRMEVL                ;GET A NUMBER
 4651 A:16ce                           POSINT    
 4651 A:16ce  20 36 13                           jsr CHKNUM
 4652 A:16d1  a5 a5                              lda FACSGN
 4653 A:16d3  30 0f                              bmi NONONO                ;IF NEGATIVE, BLOW HIM OUT.
 4654 A:16d5                           AYINT     
 4654 A:16d5  a5 a0                              lda FACEXP
 4655 A:16d7  c9 90                              cmp #144             ;FAC .GT. 32767?
 4656 A:16d9  90 0b                              bcc QINTGO
 4657 A:16db                                    ;GET ADDR OF -32768.
 4658 A:16db  a9 c4                              lda #N32768&255
 4659 A:16dd  a0 16                              ldy #N32768/256
 4660 A:16df  20 82 21                           jsr FCOMP                ;SEE IF FAC=[[Y,A]].
 4661 A:16e2                           NONONO    
 4661 A:16e2  d0 7f                              bne FCERR                ;NO, FAC IS TOO BIG.
 4662 A:16e4                           QINTGO    
 4662 A:16e4  4c c2 21                           jmp QINT                ;GO TO QINT AND SHOVE IT.
 4663 A:16e7                                    ;
 4664 A:16e7                                    ; FORMAT OF ARRAYS IN CORE.
 4665 A:16e7                                    ;
 4666 A:16e7                                    ; DESCRIPTOR:
 4667 A:16e7                                    ; LOWBYTE = FIRST CHARACTER.
 4668 A:16e7                                    ; HIGHBYTE = SECOND CHARACTER (200 BIT IS STRING FLAG).
 4669 A:16e7                                    ; LENGTH OF ARRAY IN CORE IN BYTES (INCLUDES EVERYTHING).
 4670 A:16e7                                    ; NUMBER OF DIMENSIONS.
 4671 A:16e7                                    ; FOR EACH DIMENSION STARTING WITH THE FIRST A LIST
 4672 A:16e7                                    ; (2 BYTES EACH) OF THE MAX INDICE+1
 4673 A:16e7                                    ; THE VALUES
 4674 A:16e7                                    ;
 4675 A:16e7                           ISARY     
 4675 A:16e7  a5 10                              lda DIMFLG

 4678 A:16e9  05 12                              ora INTFLG

 4680 A:16eb  48                                 pha                    ;SAVE [DIMFLG] FOR RECURSION.
 4681 A:16ec  a5 11                              lda VALTYP
 4682 A:16ee  48                                 pha                    ;SAVE [VALTYP] FOR RECURSION.
 4683 A:16ef  a0 00                              ldy #0             ;SET NUMBER OF DIMENSIONS TO ZERO.
 4684 A:16f1                           INDLOP    
 4684 A:16f1  98                                 tya                    ;SAVE NUMBER OF DIMS.
 4685 A:16f2  48                                 pha 
 4686 A:16f3                                    ;SAVE LOOKS.
 4687 A:16f3  a5 85                              lda VARNAM+1
 4688 A:16f5  48                                 pha 
 4689 A:16f6  a5 84                              lda VARNAM
 4690 A:16f8  48                                 pha 
 4691 A:16f9  20 c8 16                           jsr INTIDX                ;EVALUATE INDICE INTO FACMO&LO.
 4692 A:16fc                                    ;GET BACK ALL... WE'RE HOME.
 4693 A:16fc  68                                 pla 
 4694 A:16fd  85 84                              sta VARNAM
 4695 A:16ff  68                                 pla 
 4696 A:1700  85 85                              sta VARNAM+1
 4697 A:1702  68                                 pla                    ;(# OF DIMS).
 4698 A:1703  a8                                 tay 
 4699 A:1704  ba                                 tsx 
 4700 A:1705  bd 02 01                           lda 258,X
 4701 A:1708  48                                 pha                    ;PUSH DIMFLG AND VALTYP FURTHER.
 4702 A:1709  bd 01 01                           lda 257,X
 4703 A:170c  48                                 pha 
 4704 A:170d  a5 a3                              lda FACMO                ;PUT INDICE ONTO STACK.
 4705 A:170f  9d 02 01                           sta 258,X,           ;UNDER DIMFLG AND VALTYP.
 4706 A:1712  a5 a4                              lda FACMO+1
 4707 A:1714  9d 01 01                           sta 257,X
 4708 A:1717  c8                                 iny                    ;INCREMENT # OF DIMS.
 4709 A:1718  20 b8 00                           jsr CHRGOT                ;GET TERMINATING CHARACTER.
 4710 A:171b  c9 2c                              cmp #44             ;A COMMA?
 4711 A:171d  f0 d2                              beq INDLOP                ;YES.
 4712 A:171f  84 0f                              sty COUNT                ;SAVE COUNT OF DIMS.
 4713 A:1721  20 8d 14                           jsr CHKCLS                ;MUST BE CLOSED PAREN.
 4714 A:1724  68                                 pla 
 4715 A:1725  85 11                              sta VALTYP                ;GET VALTYP AND
 4716 A:1727  68                                 pla 

 4719 A:1728  85 12                              sta INTFLG
 4720 A:172a  29 7f                              and #127

 4722 A:172c  85 10                              sta DIMFLG                ;DIMFLG OFF STACK.
 4723 A:172e  a6 6e                              ldx ARYTAB                ;PLACE TO START SEARCH.
 4724 A:1730  a5 6f                              lda ARYTAB+1
 4725 A:1732                           LOPFDA    
 4725 A:1732  86 9e                              stx LOWTR
 4726 A:1734  85 9f                              sta LOWTR+1
 4727 A:1736  c5 71                              cmp STREND+1          ;END OF ARRAYS?
 4728 A:1738  d0 06                              bne LOPFDV
 4729 A:173a  e4 70                              cpx STREND
 4730 A:173c  f0 3e                              beq NOTFDD                ;A FINE THING! NO ARRAY!.
 4731 A:173e                           LOPFDV    
 4731 A:173e  a0 00                              ldy #0
 4732 A:1740  b1 9e                              lda (LOWTR),Y
 4733 A:1742  c8                                 iny 
 4734 A:1743  c5 84                              cmp VARNAM                ;COMPARE HIGH ORDERS.
 4735 A:1745  d0 08                              bne NMARY1                ;NO WAY IS IT THIS. GET OUT OF HERE.
 4736 A:1747  a5 85                              lda VARNAM+1
 4737 A:1749  d1 9e                              cmp (LOWTR),Y            ;LOW ORDERS?
 4738 A:174b  f0 1b                              beq GOTARY                ;WELL, HERE IT IS !!
 4739 A:174d                           NMARY1    
 4739 A:174d  c8                                 iny 
 4740 A:174e  b1 9e                              lda (LOWTR),Y            ;GET LENGTH.
 4741 A:1750  18                                 clc 
 4742 A:1751  65 9e                              adc LOWTR
 4743 A:1753  aa                                 tax 
 4744 A:1754  c8                                 iny 
 4745 A:1755  b1 9e                              lda (LOWTR),Y
 4746 A:1757  65 9f                              adc LOWTR+1
 4747 A:1759  90 d7                              bcc LOPFDA                ;ALWAYS BRANCHES.
 4748 A:175b                           BSERR     
 4748 A:175b  a2 10                              ldx #16             ;GET BAD SUB ERROR NUMBER.
 4749 A:175d  00 02 2c 00                        .word 512,44
 4750 A:1761                           FCERR     
 4750 A:1761  a2 08                              ldx #8             ;TOO BIG. "FUNCTION CALL" ERROR.
 4751 A:1763                           ERRGO3    
 4751 A:1763  4c 43 0a                           jmp ERROR
 4752 A:1766                           GOTARY    
 4752 A:1766  a2 12                              ldx #18             ;PERHAPS A "RE-DIMENSION" ERROR
 4753 A:1768  a5 10                              lda DIMFLG                ;TEST THE DIMFLG
 4754 A:176a  d0 f7                              bne ERRGO3
 4755 A:176c  20 b3 16                           jsr FMAPTR
 4756 A:176f  a5 0f                              lda COUNT                ;GET NUMBER OF DIMS INPUT.
 4757 A:1771  a0 04                              ldy #4
 4758 A:1773  d1 9e                              cmp (LOWTR),Y            ;# OF DIMS THE SAME?
 4759 A:1775  d0 e4                              bne BSERR                ;SAME SO GO GET DEFINITION.
 4760 A:1777  4c 04 18                           jmp GETDEF

 4762 A:177a                                    ;
 4763 A:177a                                    ; HERE WHEN VARIABLE IS NOT FOUND IN THE ARRAY TABLE.
 4764 A:177a                                    ;
 4765 A:177a                                    ; BUILDING AN ENTRY.
 4766 A:177a                                    ;
 4767 A:177a                                    ; PUT DOWN THE DESCRIPTOR.
 4768 A:177a                                    ; SETUP NUMBER OF DIMENSIONS.
 4769 A:177a                                    ; MAKE SURE THERE IS ROOM FOR THE NEW ENTRY.
 4770 A:177a                                    ; REMEMBER "VARPNT".
 4771 A:177a                                    ; TALLY=4.
 4772 A:177a                                    ; SKIP 2 LOCS FOR LATER FILL IN OF SIZE.
 4773 A:177a                                    ; LOOP: GET AN INDICE
 4774 A:177a                                    ; PUT DOWN NUMBER+1 AND INCREMENT VARPTR.
 4775 A:177a                                    ; TALLY=TALLY*NUMBER+1.
 4776 A:177a                                    ; DECREMENT NUMBER-DIMS.
 4777 A:177a                                    ; BNE LOOP
 4778 A:177a                                    ; CALL "REASON" WITH [Y,A] REFLECTING LAST LOC OF VARIABLE.
 4779 A:177a                                    ; UPDATE STREND.
 4780 A:177a                                    ; ZERO ALL.
 4781 A:177a                                    ; MAKE TALLY INCLUDE MAXDIMS AND DESCRIPTOR.
 4782 A:177a                                    ; PUT DOWN TALLY.
 4783 A:177a                                    ; IF CALLED BY DIMENSION, RETURN.
 4784 A:177a                                    ; OTHERWISE INDEX INTO THE VARIABLE AS IF IT
 4785 A:177a                                    ;  WERE FOUND ON THE INITIAL SEARCH.
 4786 A:177a                                    ;
 4787 A:177a                           NOTFDD    
 4787 A:177a  20 b3 16                           jsr FMAPTR                ;FORM ARYPNT.
 4788 A:177d  20 14 0a                           jsr REASON
 4789 A:1780  a9 00                              lda #0
 4790 A:1782  a8                                 tay 
 4791 A:1783  85 b1                              sta FBUFPT+1

 4798 A:1785  a2 05                              ldx #5

 4800 A:1787  a5 84                              lda VARNAM                ;THIS CODE ONLY WORKS FOR INTPRC=1
 4801 A:1789  91 9e                              sta (LOWTR),Y            ;IF ADDPRC=1.

 4804 A:178b  10 03                              bpl NOTFLT
 4805 A:178d  ca                                 dex 

 4807 A:178e                           NOTFLT    
 4807 A:178e  c8                                 iny 
 4808 A:178f  a5 85                              lda VARNAM+1
 4809 A:1791  91 9e                              sta (LOWTR),Y
 4810 A:1793  10 04                              bpl STOMLT
 4811 A:1795  ca                                 dex 

 4814 A:1796  ca                                 dex 

 4816 A:1797                           STOMLT    
 4816 A:1797  86 b0                              stx FBUFPT
 4817 A:1799  a5 0f                              lda COUNT
 4818 A:179b  c8                                 iny 
 4819 A:179c  c8                                 iny 
 4820 A:179d  c8                                 iny 
 4821 A:179e  91 9e                              sta (LOWTR),Y            ;SAVE NUMBER OF DIMENSIONS.
 4822 A:17a0                           LOPPTA    
 4822 A:17a0  a2 0b                              ldx #11             ;DEFAULT SIZE.
 4823 A:17a2  a9 00                              lda #0
 4824 A:17a4  24 10                              bit DIMFLG
 4825 A:17a6  50 0a                              bvc NOTDIM                ;NOT IN A DIM STATEMENT.
 4826 A:17a8  68                                 pla                    ;GET LOW ORDER OF INDICE.
 4827 A:17a9  18                                 clc 
 4828 A:17aa  69 01                              adc #1
 4829 A:17ac  aa                                 tax 
 4830 A:17ad  68                                 pla                    ;GET HIGH PART OF INDICE.
 4831 A:17ae  69 00                              adc #0
 4832 A:17b0                           NOTDIM    
 4832 A:17b0  c8                                 iny 
 4833 A:17b1  91 9e                              sta (LOWTR),Y            ;STORE HIGH PART OF INDICE.
 4834 A:17b3  c8                                 iny 
 4835 A:17b4  8a                                 txa 
 4836 A:17b5  91 9e                              sta (LOWTR),Y            ;STORE LOW ORDER OF INDICE.
 4837 A:17b7  20 66 18                           jsr UMULT                ;[X,A]=[CURTOL]*[LOWTR,Y]
 4838 A:17ba  86 b0                              stx FBUFPT                ;SAVE NEW TALLY.
 4839 A:17bc  85 b1                              sta FBUFPT+1
 4840 A:17be  a4 61                              ldy INDEX1
 4841 A:17c0  c6 0f                              dec COUNT                ;ANY MORE INDICES LEFT?
 4842 A:17c2  d0 dc                              bne LOPPTA                ;YES.
 4843 A:17c4  65 98                              adc HIGHDS+1
 4844 A:17c6  b0 5f                              bcs OMERR1                ;OVERFLOW.
 4845 A:17c8  85 98                              sta HIGHDS+1          ;COMPUTE WHERE TO ZERO.
 4846 A:17ca  a8                                 tay 
 4847 A:17cb  8a                                 txa 
 4848 A:17cc  65 97                              adc HIGHDS
 4849 A:17ce  90 05                              bcc GREASE
 4850 A:17d0  c8                                 iny 
 4851 A:17d1  f0 54                              beq OMERR1
 4852 A:17d3                           GREASE    
 4852 A:17d3  20 14 0a                           jsr REASON                ;GET ROOM.
 4853 A:17d6                                    ;NEW END OF STORAGE.
 4854 A:17d6  85 70                              sta STREND
 4855 A:17d8  84 71                              sty STREND+1
 4856 A:17da  a9 00                              lda #0             ;STORING [ACCA] IS FASTER THAN CLEAR.
 4857 A:17dc  e6 b1                              inc FBUFPT+1
 4858 A:17de  a4 b0                              ldy FBUFPT
 4859 A:17e0  f0 07                              beq DECCUR
 4860 A:17e2                           ZERITA    
 4860 A:17e2  88                                 dey 
 4861 A:17e3  91 97                              sta (HIGHDS),Y
 4862 A:17e5  d0 fb                              bne ZERITA                ;NO. CONTINUE.
 4863 A:17e7                           DECCUR    
 4863 A:17e7  c6 98                              dec HIGHDS+1
 4864 A:17e9  c6 b1                              dec FBUFPT+1
 4865 A:17eb  d0 f5                              bne ZERITA                ;DO ANOTHER BLOCK.
 4866 A:17ed  e6 98                              inc HIGHDS+1          ;BUMP BACK UP. WILL USE LATER.
 4867 A:17ef  38                                 sec 
 4868 A:17f0  a5 70                              lda STREND                ;RESTORE [ACCA].
 4869 A:17f2  e5 9e                              sbc LOWTR                ;DETERMINE LENGTH.
 4870 A:17f4  a0 02                              ldy #2
 4871 A:17f6  91 9e                              sta (LOWTR),Y            ;LOW.
 4872 A:17f8  a5 71                              lda STREND+1
 4873 A:17fa  c8                                 iny 
 4874 A:17fb  e5 9f                              sbc LOWTR+1
 4875 A:17fd  91 9e                              sta (LOWTR),Y            ;HIGH.
 4876 A:17ff  a5 10                              lda DIMFLG
 4877 A:1801  d0 64                              bne DIMRTS                ;BYE.
 4878 A:1803  c8                                 iny 
 4879 A:1804                                    ;
 4880 A:1804                                    ; AT THIS POINT [LOWTR,Y] POINTS BEYOND THE SIZE TO THE NUMBER OF
 4881 A:1804                                    ; DIMENSIONS. STRATEGY:
 4882 A:1804                                    ; NUMDIM=NUMBER OF DIMENSIONS.
 4883 A:1804                                    ; CURTOL=0.
 4884 A:1804                                    ; INLPNM:GET A NEW INDICE.
 4885 A:1804                                    ; MAKE SURE INDICE IS NOT TOO BIG.
 4886 A:1804                                    ; MULTIPLY CURTOL BY CURMAX.
 4887 A:1804                                    ; ADD INDICE TO CURTOL.
 4888 A:1804                                    ; NUMDIM=NUMDIM-1.
 4889 A:1804                                    ; BNE INLPNM.
 4890 A:1804                                    ; USE [CURTOL]*4 AS OFFSET.
 4891 A:1804                                    ;
 4892 A:1804                           GETDEF    
 4892 A:1804  b1 9e                              lda (LOWTR),Y
 4893 A:1806  85 0f                              sta COUNT                ;SAVE A COUNTER.
 4894 A:1808  a9 00                              lda #0             ;ZERO [CURTOL].
 4895 A:180a  85 b0                              sta FBUFPT
 4896 A:180c                           INLPNM    
 4896 A:180c  85 b1                              sta FBUFPT+1
 4897 A:180e  c8                                 iny 
 4898 A:180f  68                                 pla                    ;GET LOW INDICE.
 4899 A:1810  aa                                 tax 
 4900 A:1811  85 a3                              sta FACMO
 4901 A:1813  68                                 pla                    ;AND THE HIGH PART
 4902 A:1814  85 a4                              sta FACMO+1
 4903 A:1816  d1 9e                              cmp (LOWTR),Y            ;COMPARE WITH MAX INDICE.
 4904 A:1818  90 10                              bcc INLPN2
 4905 A:181a  d0 08                              bne BSERR7                ;IF GREATER, "BAD SUBSCRIPT" ERROR.
 4906 A:181c  c8                                 iny 
 4907 A:181d  8a                                 txa 
 4908 A:181e  d1 9e                              cmp (LOWTR),Y
 4909 A:1820  90 09                              bcc INLPN1
 4910 A:1822                           BSERR7    
 4910 A:1822  4c 5b 17                           jmp BSERR
 4911 A:1825                           OMERR1    
 4911 A:1825  4c 41 0a                           jmp OMERR
 4912 A:1828                           INLPN2    
 4912 A:1828  c8                                 iny 
 4913 A:1829                           INLPN1    
 4913 A:1829  a5 b1                              lda FBUFPT+1          ;DON'T MULTIPLY IF CURTOL=0.
 4914 A:182b  05 b0                              ora FBUFPT
 4915 A:182d  18                                 clc                    ;PREPARE TO GET INDICE BACK.
 4916 A:182e  f0 0c                              beq ADDIND                ;GET HIGH PART OF INDICE BACK.
 4917 A:1830  20 66 18                           jsr UMULT                ;MULTIPLY [CURTOL] BY [LOWTR,Y,Y+1].
 4918 A:1833  8a                                 txa 
 4919 A:1834  65 a3                              adc FACMO                ;ADD IN [INDICE].
 4920 A:1836  aa                                 tax 
 4921 A:1837  98                                 tya 
 4922 A:1838  a4 61                              ldy INDEX1
 4923 A:183a                           ADDIND    
 4923 A:183a  65 a4                              adc FACMO+1
 4924 A:183c  86 b0                              stx FBUFPT
 4925 A:183e  c6 0f                              dec COUNT                ;ANY MORE?
 4926 A:1840  d0 ca                              bne INLPNM                ;YES.
 4927 A:1842  85 b1                              sta FBUFPT+1          ;FIX ARRAY BUG ****

 4934 A:1844  a2 05                              ldx #5
 4935 A:1846  a5 84                              lda VARNAM
 4936 A:1848  10 03                              bpl NOTFL1
 4937 A:184a  ca                                 dex 

 4939 A:184b                           NOTFL1    
 4939 A:184b  a5 85                              lda VARNAM+1
 4940 A:184d  10 04                              bpl STOML1
 4941 A:184f  ca                                 dex 

 4944 A:1850  ca                                 dex 

 4946 A:1851                           STOML1    
 4946 A:1851  86 67                              stx RESMO
 4947 A:1853  a9 00                              lda #0
 4948 A:1855  20 6f 18                           jsr UMULTD                ;ON RTS, A&Y=HI . X=LO.
 4949 A:1858  8a                                 txa 
 4950 A:1859  65 97                              adc HIGHDS
 4951 A:185b  85 86                              sta VARPNT
 4952 A:185d  98                                 tya 
 4953 A:185e  65 98                              adc HIGHDS+1
 4954 A:1860  85 87                              sta VARPNT+1
 4955 A:1862  a8                                 tay 
 4956 A:1863  a5 86                              lda VARPNT
 4957 A:1865                           DIMRTS    
 4957 A:1865  60                                 rts                    ;RETURN TO CALLER.
 4958 A:1866                                    ; SUBTTL INTEGER ARITHMETIC ROUTINES.
 4959 A:1866                                    ;TWO BYTE UNSIGNED INTEGER MULTIPLY.
 4960 A:1866                                    ;THIS IS FOR MULTIPLY DIMENSIONED ARRAYS.
 4961 A:1866                                    ; [X,Y]=[X,A]=[CURTOL]*[LOWTR,Y,Y+1].
 4962 A:1866                           UMULT     
 4962 A:1866  84 61                              sty INDEX1
 4963 A:1868  b1 9e                              lda (LOWTR),Y
 4964 A:186a  85 67                              sta RESMO                ;LOW, THEN HIGH.
 4965 A:186c  88                                 dey 
 4966 A:186d  b1 9e                              lda (LOWTR),Y            ;PUT [LOWTR,Y,Y+1] IN FASTER MEMORY.
 4967 A:186f                           UMULTD    
 4967 A:186f  85 68                              sta RESMO+1
 4968 A:1871  a9 10                              lda #16
 4969 A:1873  85 9c                              sta LOWDS
 4970 A:1875  a2 00                              ldx #0             ;CLR THE ACCS.
 4971 A:1877  a0 00                              ldy #0             ;RESULT INITIALLY ZERO.
 4972 A:1879                           UMULTC    
 4972 A:1879  8a                                 txa 
 4973 A:187a  0a                                 asl                    ;MULTIPLY BY TWO.
 4974 A:187b  aa                                 tax 
 4975 A:187c  98                                 tya 
 4976 A:187d  2a                                 rol 
 4977 A:187e  a8                                 tay 
 4978 A:187f  b0 a4                              bcs OMERR1                ;TWO MUCH !
 4979 A:1881  06 b0                              asl FBUFPT
 4980 A:1883  26 b1                              rol FBUFPT+1
 4981 A:1885  90 0d                              bcc UMLCNT                ;NOTHING IN THIS POSITION TO MULTIPLY.
 4982 A:1887  18                                 clc 
 4983 A:1888  8a                                 txa 
 4984 A:1889  65 67                              adc RESMO
 4985 A:188b  aa                                 tax 
 4986 A:188c  98                                 tya 
 4987 A:188d  65 68                              adc RESMO+1
 4988 A:188f  a8                                 tay 
 4989 A:1890  b0 93                              bcs OMERR1                ;MAN, JUST TOO MUCH !
 4990 A:1892                           UMLCNT    
 4990 A:1892  c6 9c                              dec LOWDS                ;DONE?
 4991 A:1894  d0 e3                              bne UMULTC                ;KEEP IT UP.
 4992 A:1896                           UMLRTS    
 4992 A:1896  60                                 rts                    ;YES, ALL DONE.
 4993 A:1897                                    ; PAGE
 4994 A:1897                                    ; SUBTTL FRE FUNCTION AND INTEGER TO FLOATING ROUTINES.
 4995 A:1897                           FRE       
 4995 A:1897  a5 11                              lda VALTYP
 4996 A:1899  f0 05                              beq NOFREF
 4997 A:189b  20 c6 1b                           jsr FREFAC
 4998 A:189e                           NOFREF    
 4998 A:189e  20 41 1a                           jsr GARBA2
 4999 A:18a1  38                                 sec 
 5000 A:18a2  a5 72                              lda FRETOP                ;WE WANT
 5001 A:18a4  e5 70                              sbc STREND                ;[FRETOP]-[STREND].
 5002 A:18a6  a8                                 tay 
 5003 A:18a7  a5 73                              lda FRETOP+1
 5004 A:18a9  e5 71                              sbc STREND+1

 5006 A:18ab                           GIVAYF    
 5006 A:18ab  a2 00                              ldx #0
 5007 A:18ad  86 11                              stx VALTYP

 5009 A:18af  85 a1                              sta FACHO
 5010 A:18b1  84 a2                              sty FACHO+1
 5011 A:18b3  a2 90                              ldx #144             ;SET EXPONENT TO 2^16.
 5012 A:18b5  4c 6b 21                           jmp FLOATS                ;TURN IT TO A FLOATING PNT #.

 5014 A:18b8                           POS       
 5014 A:18b8  a4 c6                              ldy 198              ;GET POSITION.
 5015 A:18ba                           SNGFLT    
 5015 A:18ba  a9 00                              lda #0
 5016 A:18bc  f0 ed                              beq GIVAYF                ;FLOAT IT.
 5017 A:18be                                    ; PAGE
 5018 A:18be                                    ; SUBTTL SIMPLE-USER-DEFINED-FUNCTION CODE.
 5019 A:18be                                    ;
 5020 A:18be                                    ; NOTE ONLY SINGLE ARGUMENTS ARE ALLOWED TO FUNCTIONS
 5021 A:18be                                    ; AND FUNCTIONS MUST BE OF THE SINGLE LINE FORM:
 5022 A:18be                                    ; DEF FNA(X)=X^2+X-2
 5023 A:18be                                    ; NO STRINGS CAN BE INVOLVED WITH THESE FUNCTIONS.
 5024 A:18be                                    ;
 5025 A:18be                                    ; IDEA: CREATE A SIMPLE VARIABLE ENTRY
 5026 A:18be                                    ; WHOSE FIRST CHARACTER HAS THE 200 BIT SET.
 5027 A:18be                                    ; THE VALUE WILL BE:
 5028 A:18be                                    ;
 5029 A:18be                                    ; A TEXT PNTR TO THE FORMULA.
 5030 A:18be                                    ; A PNTR TO THE ARGUMENT VARIABLE.
 5031 A:18be                                    ;
 5032 A:18be                                    ; FUNCTION NAMES CAN BE LIKE "FNA4".
 5033 A:18be                                    ;
 5034 A:18be                                    ;
 5035 A:18be                                    ; SUBROUTINE TO SEE IF WE ARE IN DIRECT MODE.
 5036 A:18be                                    ; AND COMPLAIN IF SO.
 5037 A:18be                                    ;
 5038 A:18be                           ERRDIR    
 5038 A:18be  a6 79                              ldx CURLIN+1          ;DIR MODE HAS [CURLIN]=0,255
 5039 A:18c0  e8                                 inx                    ;SO NOW, IS RESULT ZERO?
 5040 A:18c1  d0 a2                              bne DIMRTS                ;YES.
 5041 A:18c3  a2 16                              ldx #22             ;INPUT DIRECT ERROR CODE.
 5042 A:18c5  00 02 2c 00                        .word 512,44
 5043 A:18c9                           ERRGUF    
 5043 A:18c9  a2 22                              ldx #34             ;USER DEFINED FUNCTION NEVER DEFINED
 5044 A:18cb                           ERRGO1    
 5044 A:18cb  4c 43 0a                           jmp ERROR

 5046 A:18ce                           DEF       
 5046 A:18ce  20 fc 18                           jsr GETFNM                ;GET A PNTR TO THE FUNCTION.
 5047 A:18d1  20 be 18                           jsr ERRDIR
 5048 A:18d4  20 93 14                           jsr CHKOPN                ;MUST HAVE "(".
 5049 A:18d7  a9 80                              lda #128
 5050 A:18d9  85 14                              sta SUBFLG                ;PROHIBIT SUBSCRIPTED VARIABLES.
 5051 A:18db  20 bb 15                           jsr PTRGET                ;GET PNTR TO ARGUMENT.
 5052 A:18de  20 36 13                           jsr CHKNUM                ;IS IT A NUMBER?
 5053 A:18e1  20 8d 14                           jsr CHKCLS                ;MUST HAVE ")"
 5054 A:18e4                                    ;MUST HAVE "=".
 5055 A:18e4  a9 82                              lda #130
 5056 A:18e6  20 9b 14                           jsr SYNCHR

 5058 A:18e9  48                                 pha 

 5061 A:18ea  a5 87                              lda VARPNT+1
 5062 A:18ec  48                                 pha 
 5063 A:18ed  a5 86                              lda VARPNT
 5064 A:18ef  48                                 pha 

 5066 A:18f0  a5 ba                              lda CHRGOT+1+1
 5067 A:18f2  48                                 pha 
 5068 A:18f3  a5 b9                              lda CHRGOT+1
 5069 A:18f5  48                                 pha 
 5070 A:18f6  20 45 0f                           jsr DATA
 5071 A:18f9  4c 6a 19                           jmp DEFFIN
 5072 A:18fc                                    ;
 5073 A:18fc                                    ; SUBROUTINE TO GET A PNTR TO A FUNCTION NAME.
 5074 A:18fc                                    ;
 5075 A:18fc                           GETFNM    
 5075 A:18fc                                    ;MUST START WITH FN.
 5076 A:18fc  a9 80                              lda #128
 5077 A:18fe  20 9b 14                           jsr SYNCHR
 5078 A:1901  09 80                              ora #128             ;PUT FUNCTION BIT ON.
 5079 A:1903  85 14                              sta SUBFLG
 5080 A:1905  20 c2 15                           jsr PTRGT2                ;GET POINTER TO FUNCTION OR CREATE ANEW.

 5082 A:1908  85 8d                              sta DEFPNT
 5083 A:190a  84 8e                              sty DEFPNT+1
 5084 A:190c  4c 36 13                           jmp CHKNUM                ;MAKE SURE IT'S NOT A STRING AND RETURN.

 5086 A:190f                           FNDOER    
 5086 A:190f  20 fc 18                           jsr GETFNM                ;GET THE FUNCTION'S NAME.

 5088 A:1912  a5 8e                              lda DEFPNT+1
 5089 A:1914  48                                 pha 
 5090 A:1915  a5 8d                              lda DEFPNT
 5091 A:1917  48                                 pha 
 5092 A:1918  20 87 14                           jsr PARCHK                ;EVALUATE PARAMETER.
 5093 A:191b  20 36 13                           jsr CHKNUM

 5095 A:191e  68                                 pla 
 5096 A:191f  85 8d                              sta DEFPNT
 5097 A:1921  68                                 pla 
 5098 A:1922  85 8e                              sta DEFPNT+1
 5099 A:1924  a0 02                              ldy #2
 5100 A:1926  b1 8d                              lda (DEFPNT),Y            ;GET POINTER TO VARIABLE.
 5101 A:1928  85 86                              sta VARPNT                ;SAVE VARIABLE POINTER.
 5102 A:192a  aa                                 tax 
 5103 A:192b  c8                                 iny 
 5104 A:192c  b1 8d                              lda (DEFPNT),Y
 5105 A:192e  f0 99                              beq ERRGUF
 5106 A:1930  85 87                              sta VARPNT+1

 5108 A:1932  c8                                 iny 

 5110 A:1933                           DEFSTF    
 5110 A:1933  b1 86                              lda (VARPNT),Y
 5111 A:1935  48                                 pha                    ;PUSH IT ALL ON STACK.
 5112 A:1936  88                                 dey                    ;SINCE WE ARE RECURSING MAYBE.
 5113 A:1937  10 fa                              bpl DEFSTF
 5114 A:1939  a4 87                              ldy VARPNT+1
 5115 A:193b  20 fb 20                           jsr MOVMF                ;PUT CURRENT FAC INTO OUR ARG VARIABLE.
 5116 A:193e                                    ;SAVE TEXT POINTER.
 5117 A:193e  a5 ba                              lda CHRGOT+1+1
 5118 A:1940  48                                 pha 
 5119 A:1941  a5 b9                              lda CHRGOT+1
 5120 A:1943  48                                 pha 
 5121 A:1944  b1 8d                              lda (DEFPNT),Y            ;PNTR TO FUNCTION.
 5122 A:1946  85 b9                              sta CHRGOT+1
 5123 A:1948  c8                                 iny 
 5124 A:1949  b1 8d                              lda (DEFPNT),Y
 5125 A:194b  85 ba                              sta CHRGOT+1+1
 5126 A:194d                                    ;SAVE VARIABLE POINTER.
 5127 A:194d  a5 87                              lda VARPNT+1
 5128 A:194f  48                                 pha 
 5129 A:1950  a5 86                              lda VARPNT
 5130 A:1952  48                                 pha 
 5131 A:1953  20 33 13                           jsr FRMNUM                ;EVALUATE FORMULA AND CHECK NUMERIC.

 5133 A:1956  68                                 pla 
 5134 A:1957  85 8d                              sta DEFPNT
 5135 A:1959  68                                 pla 
 5136 A:195a  85 8e                              sta DEFPNT+1
 5137 A:195c  20 b8 00                           jsr CHRGOT
 5138 A:195f                                    ;IT DIDN'T TERMINATE. HUH?
 5139 A:195f  f0 03                              beq *+5
 5140 A:1961  4c a4 14                           jmp SNERR
 5141 A:1964                                    ;RESTORE TEXT PNTR.
 5142 A:1964  68                                 pla 
 5143 A:1965  85 b9                              sta CHRGOT+1
 5144 A:1967  68                                 pla 
 5145 A:1968  85 ba                              sta CHRGOT+1+1
 5146 A:196a                           DEFFIN    
 5146 A:196a  a0 00                              ldy #0
 5147 A:196c  68                                 pla                    ;GET OLD ARG VALUE OFF STACK
 5148 A:196d  91 8d                              sta (DEFPNT),Y            ;AND PUT IT BACK IN VARIABLE.
 5149 A:196f  68                                 pla 
 5150 A:1970  c8                                 iny 
 5151 A:1971  91 8d                              sta (DEFPNT),Y
 5152 A:1973  68                                 pla 
 5153 A:1974  c8                                 iny 
 5154 A:1975  91 8d                              sta (DEFPNT),Y
 5155 A:1977  68                                 pla 
 5156 A:1978  c8                                 iny 
 5157 A:1979  91 8d                              sta (DEFPNT),Y

 5160 A:197b  68                                 pla 
 5161 A:197c  c8                                 iny 
 5162 A:197d  91 8d                              sta (DEFPNT),Y

 5164 A:197f                           DEFRTS    
 5164 A:197f  60                                 rts 
 5165 A:1980                                    ; PAGE
 5166 A:1980                                    ; SUBTTL STRING FUNCTIONS.
 5167 A:1980                                    ;
 5168 A:1980                                    ; THE STR$ FUNCTION TAKES A NUMBER AND GIVES A STRING
 5169 A:1980                                    ; WITH THE CHARACTERS THE OUTPUT OF THE NUMBER
 5170 A:1980                                    ; WOULD HAVE GIVEN.
 5171 A:1980                                    ;
 5172 A:1980                           STR       
 5172 A:1980  20 36 13                           jsr CHKNUM                ;ARG HAS TO BE NUMERIC.
 5173 A:1983  a0 00                              ldy #0
 5174 A:1985  20 06 23                           jsr FOUTC                ;DO ITS OUTPUT.
 5175 A:1988  68                                 pla 
 5176 A:1989  68                                 pla 
 5177 A:198a                           TIMSTR    
 5177 A:198a                                    
 5178 A:198a  a9 ff                              lda #LOFBUF&255
 5179 A:198c  a0 00                              ldy #LOFBUF/256
 5180 A:198e  f0 14                              beq STRLIT                ;SCAN IT AND TURN IT INTO A STRING.
 5181 A:1990                                    ;
 5182 A:1990                                    ; "STRINI" GET STRING SPACE FOR THE CREATION OF A STRING AND
 5183 A:1990                                    ; CREATES A DESCRIPTOR FOR IT IN "DSCTMP".
 5184 A:1990                                    ;
 5185 A:1990                           STRINI    
 5185 A:1990                                    ;GET FACMO TO STORE IN DSCPNT.
 5186 A:1990  a6 a3                              ldx FACMO
 5187 A:1992  a4 a4                              ldy FACMO+1
 5188 A:1994                                    ;RETAIN THE DESCRIPTOR POINTER.
 5189 A:1994  86 8f                              stx DSCPNT
 5190 A:1996  84 90                              sty DSCPNT+1
 5191 A:1998                           STRSPA    
 5191 A:1998  20 0f 1a                           jsr GETSPA                ;GET STRING SPACE.
 5192 A:199b                                    ;SAVE LOCATION.
 5193 A:199b  86 a1                              stx FAC+1
 5194 A:199d  84 a2                              sty FAC+1+1
 5195 A:199f  85 a0                              sta FAC                ;SAVE LENGTH.
 5196 A:19a1  60                                 rts                    ;ALL DONE.
 5197 A:19a2                                    ;
 5198 A:19a2                                    ; "STRLT2" TAKES THE STRING LITERAL WHOSE FIRST CHARACTER
 5199 A:19a2                                    ; IS POINTED TO BY [Y,A] AND BUILDS A DESCRIPTOR FOR IT.
 5200 A:19a2                                    ; THE DESCRIPTOR IS INITIALLY BUILT IN "DSCTMP", BUT "PUTNEW"
 5201 A:19a2                                    ; TRANSFERS IT INTO A TEMPORARY AND LEAVES A POINTER
 5202 A:19a2                                    ; AT THE TEMPORARY IN FACMO&LO. THE CHARACTERS OTHER THAN
 5203 A:19a2                                    ; ZERO THAT TERMINATE THE STRING SHOULD BE SET UP IN "CHARAC"
 5204 A:19a2                                    ; AND "ENDCHR". IF THE TERMINATOR IS A QUOTE, THE QUOTE IS SKIPPED
 5205 A:19a2                                    ; OVER. LEADING QUOTES SHOULD BE SKIPPED BEFORE JSR. ON RETURN
 5206 A:19a2                                    ; THE CHARACTER AFTER THE STRING LITERAL IS POINTED TO
 5207 A:19a2                                    ; BY [STRNG2].
 5208 A:19a2                                    ;
 5209 A:19a2                           STRLIT    
 5209 A:19a2  a2 22                              ldx #34             ;ASSUME STRING ENDS ON QUOTE.
 5210 A:19a4  86 0d                              stx CHARAC
 5211 A:19a6  86 0e                              stx ENDCHR
 5212 A:19a8                           STRLT2    
 5212 A:19a8                                    ;SAVE POINTER TO STRING.
 5213 A:19a8  85 ae                              sta ARISGN
 5214 A:19aa  84 af                              sty ARISGN+1
 5215 A:19ac                                    ;IN CASE NO STRCPY.
 5216 A:19ac  85 a1                              sta FAC+1
 5217 A:19ae  84 a2                              sty FAC+1+1
 5218 A:19b0  a0 ff                              ldy #255             ;INITIALIZE CHARACTER COUNT.
 5219 A:19b2                           STRGET    
 5219 A:19b2  c8                                 iny 
 5220 A:19b3  b1 ae                              lda (ARISGN),Y            ;GET CHARACTER.
 5221 A:19b5  f0 0e                              beq STRFI1                ;IF ZERO.
 5222 A:19b7  c5 0d                              cmp CHARAC                ;THIS TERMINATOR?
 5223 A:19b9  f0 06                              beq STRFIN                ;YES.
 5224 A:19bb  c5 0e                              cmp ENDCHR
 5225 A:19bd  d0 f3                              bne STRGET                ;LOOK FURTHER.
 5226 A:19bf                           STRFIN    
 5226 A:19bf  c9 22                              cmp #34             ;QUOTE?
 5227 A:19c1  f0 03                              beq STRFI2
 5228 A:19c3                           STRFI1    
 5228 A:19c3  18                                 clc                    ;NO, BACK UP.
 5229 A:19c4                           STRFI2    
 5229 A:19c4  84 a0                              sty FAC                ;RETAIN COUNT.
 5230 A:19c6  98                                 tya 
 5231 A:19c7  65 ae                              adc ARISGN                ;WISHING TO SET [TXTPTR].
 5232 A:19c9  85 b0                              sta FBUFPT
 5233 A:19cb  a6 af                              ldx ARISGN+1
 5234 A:19cd  90 03                              bcc STRST2
 5235 A:19cf  e8                                 inx 
 5236 A:19d0                           STRST2    
 5236 A:19d0  86 b1                              stx FBUFPT+1
 5237 A:19d2  a5 af                              lda ARISGN+1          ;IF PAGE 0, COPY SINCE IT IS EITHER
 5238 A:19d4                                    ;A STRING CONSTANT IN BUF OR A STR$
 5239 A:19d4                                    ;RESULT IN LOFBUF

 5242 A:19d4  f0 06                              beq STRCP
 5243 A:19d6  c9 02                              cmp #2

 5245 A:19d8  d0 0d                              bne PUTNEW
 5246 A:19da                           STRCP     
 5246 A:19da  98                                 tya 
 5247 A:19db  20 90 19                           jsr STRINI

 5249 A:19de  a6 ae                              ldx ARISGN
 5250 A:19e0  a4 af                              ldy ARISGN+1
 5251 A:19e2  20 a8 1b                           jsr MOVSTR                ;MOVE STRING.
 5252 A:19e5                                    ;
 5253 A:19e5                                    ; SOME STRING FUNCTION IS RETURNING A RESULT IN DSCTMP.
 5254 A:19e5                                    ; SETUP A TEMP DESCRIPTOR WITH DSCTMP IN IT.
 5255 A:19e5                                    ; PUT A POINTER TO THE DESCRIPTOR IN FACMO&LO AND FLAG THE
 5256 A:19e5                                    ; RESULT AS TYPE STRING.
 5257 A:19e5                                    ;
 5258 A:19e5                           PUTNEW    
 5258 A:19e5  a6 55                              ldx TEMPPT                ;POINTER TO FIRST FREE TEMP.

 5260 A:19e9  d0 09                              bne PUTNW1
 5261 A:19eb  a2 1e                              ldx #30             ;STRING TEMPORARY ERROR.
 5262 A:19ed                           ERRGO2    
 5262 A:19ed  4c 43 0a                           jmp ERROR                ;GO TELL HIM.
 5263 A:19f0                           PUTNW1    
 5263 A:19f0  a5 a0                              lda FAC
 5264 A:19f2  95 00                              sta 0,X
 5265 A:19f4  a5 a1                              lda FAC+1
 5266 A:19f6  95 01                              sta 1,X
 5267 A:19f8  a5 a2                              lda FAC+2
 5268 A:19fa  95 02                              sta 2,X
 5269 A:19fc  a0 00                              ldy #0

 5271 A:19fe  86 a3                              stx FACMO
 5272 A:1a00  84 a4                              sty FACMO+1
 5273 A:1a02  84 af                              sty FACOV
 5274 A:1a04  88                                 dey 
 5275 A:1a05  84 11                              sty VALTYP                ;TYPE IS "STRING".
 5276 A:1a07  86 56                              stx LASTPT                ;SET POINTER TO LAST-USED TEMP.
 5277 A:1a09  e8                                 inx 
 5278 A:1a0a  e8                                 inx 
 5279 A:1a0b  e8                                 inx                    ;POINT FURTHER.
 5280 A:1a0c  86 55                              stx TEMPPT                ;SAVE POINTER TO NEXT TEMP IF ANY.
 5281 A:1a0e  60                                 rts                    ;ALL DONE.

 5283 A:1a0f                                    ;
 5284 A:1a0f                                    ; GETSPA - GET SPACE FOR CHARACTER STRING.
 5285 A:1a0f                                    ; MAY FORCE GARBAGE COLLECTION.
 5286 A:1a0f                                    ;
 5287 A:1a0f                                    ; # OF CHARACTERS (BYTES) IN ACCA.
 5288 A:1a0f                                    ; RETURNS WITH POINTER IN [Y,X]. OTHERWISE (IF CAN'T GET
 5289 A:1a0f                                    ; SPACE) BLOWS OFF TO "OUT OF STRING SPACE" TYPE ERROR.
 5290 A:1a0f                                    ; ALSO PRESERVES [ACCA] AND SETS [FRESPC]=[Y,X]=PNTR AT SPACE.
 5291 A:1a0f                                    ;
 5292 A:1a0f                           GETSPA    
 5292 A:1a0f  46 13                              lsr DORES                ;SIGNAL NO GARBAGE COLLECTION YET.
 5293 A:1a11                           TRYAG2    
 5293 A:1a11  48                                 pha                    ;SAVE FOR LATER.
 5294 A:1a12  49 ff                              eor #255
 5295 A:1a14  38                                 sec                    ;ADD ONE TO COMPLETE NEGATION.
 5296 A:1a15  65 72                              adc FRETOP
 5297 A:1a17  a4 73                              ldy FRETOP+1
 5298 A:1a19  b0 05                              bcs TRYAG3
 5299 A:1a1b  88                                 dey 
 5300 A:1a1c                           TRYAG3    
 5300 A:1a1c  c4 71                              cpy STREND+1          ;COMPARE HIGH ORDERS.
 5301 A:1a1e  90 15                              bcc GARBAG                ;MAKE ROOM FOR MORE.
 5302 A:1a20  d0 08                              bne STRFRE                ;SAVE NEW FRETOP.
 5303 A:1a22  c5 70                              cmp STREND                ;COMPARE LOW ORDERS.
 5304 A:1a24  90 0f                              bcc GARBAG                ;CLEAN UP.
 5305 A:1a26                           STRFRE    
 5305 A:1a26                                    ;SAVE NEW [FRETOP].
 5306 A:1a26  85 72                              sta FRETOP
 5307 A:1a28  84 73                              sty FRETOP+1
 5308 A:1a2a                                    ;PUT IT THERE OLD MAN.
 5309 A:1a2a  85 74                              sta FRESPC
 5310 A:1a2c  84 75                              sty FRESPC+1
 5311 A:1a2e  aa                                 tax                    ;PRESERVE A IN X.
 5312 A:1a2f  68                                 pla                    ;GET COUNT BACK IN ACCA.
 5313 A:1a30  60                                 rts                    ;ALL DONE.
 5314 A:1a31                           GARBAG    
 5314 A:1a31  a2 0c                              ldx #12             ;"OUT OF STRING SPACE"
 5315 A:1a33  a5 13                              lda DORES
 5316 A:1a35  30 b6                              bmi ERRGO2
 5317 A:1a37  20 41 1a                           jsr GARBA2
 5318 A:1a3a  a9 80                              lda #128
 5319 A:1a3c  85 13                              sta DORES
 5320 A:1a3e  68                                 pla                    ;GET BACK STRING LENGTH.
 5321 A:1a3f  d0 d0                              bne TRYAG2                ;ALWAYS BRANCHES.
 5322 A:1a41                           GARBA2    
 5322 A:1a41                                    ;START FROM TOP DOWN.

 5325 A:1a41  a9 07                              lda #7
 5326 A:1a43  20 2b 11                           jsr OUTDO

 5328 A:1a46  a6 76                              ldx MEMSIZ
 5329 A:1a48  a5 77                              lda MEMSIZ+1
 5330 A:1a4a                           FNDVAR    
 5330 A:1a4a  86 72                              stx FRETOP                ;LIKE SO.
 5331 A:1a4c  85 73                              sta FRETOP+1
 5332 A:1a4e  a0 00                              ldy #0
 5333 A:1a50  84 8e                              sty DEFPNT+1
 5334 A:1a52  84 8d                              sty DEFPNT                ;BOTH BYTES SET TO ZERO (FIX BUG)

 5336 A:1a54  a5 70                              lda STREND
 5337 A:1a56  a6 71                              ldx STREND+1

 5339 A:1a58  85 9e                              sta LOWTR
 5340 A:1a5a  86 9f                              stx LOWTR+1

 5342 A:1a5c  a9 58                              lda #TEMPST&255
 5343 A:1a5e  a2 00                              ldx #TEMPST/256

 5345 A:1a60  85 61                              sta INDEX1
 5346 A:1a62  86 62                              stx INDEX1+1
 5347 A:1a64                           TVAR      
 5347 A:1a64  c5 55                              cmp TEMPPT                ;DONE WITH TEMPS?
 5348 A:1a66  f0 09                              beq SVARS                ;YEP.
 5349 A:1a68  20 e7 1a                           jsr DVAR
 5350 A:1a6b  f0 f7                              beq TVAR                ;LOOP.
 5351 A:1a6d                           SVARS     
 5351 A:1a6d  a9 07                              lda #6+1
 5352 A:1a6f  85 92                              sta FOUR6
 5353 A:1a71                                    ;GET START OF SIMPLE VARIABLES.
 5354 A:1a71  a5 6c                              lda VARTAB
 5355 A:1a73  a6 6d                              ldx VARTAB+1

 5357 A:1a75  85 61                              sta INDEX1
 5358 A:1a77  86 62                              stx INDEX1+1
 5359 A:1a79                           SVAR      
 5359 A:1a79  e4 6f                              cpx ARYTAB+1          ;DONE WITH SIMPLE VARIABLES?
 5360 A:1a7b  d0 08                              bne SVARGO                ;NO.
 5361 A:1a7d  c5 6e                              cmp ARYTAB
 5362 A:1a7f  f0 09                              beq ARYVAR                ;YEP.
 5363 A:1a81                           SVARGO    
 5363 A:1a81  20 dd 1a                           jsr DVARS                ;DO IT , AGAIN.
 5364 A:1a84  f0 f3                              beq SVAR                ;LOOP.
 5365 A:1a86                           ARYVAR    
 5365 A:1a86                                    ;SAVE FOR ADDITION.
 5366 A:1a86  85 97                              sta HIGHDS
 5367 A:1a88  86 98                              stx HIGHDS+1
 5368 A:1a8a  a9 03                              lda #3
 5369 A:1a8c  85 92                              sta FOUR6
 5370 A:1a8e                           ARYVA2    
 5370 A:1a8e                                    ;GET THE POINTER TO VARIABLE.
 5371 A:1a8e  a5 97                              lda HIGHDS
 5372 A:1a90  a6 98                              ldx HIGHDS+1
 5373 A:1a92                           ARYVA3    
 5373 A:1a92  e4 71                              cpx STREND+1          ;DONE WITH ARRAYS?
 5374 A:1a94  d0 0b                              bne ARYVGO                ;NO.
 5375 A:1a96  c5 70                              cmp STREND
 5376 A:1a98                                    ;YES, GO FINISH UP.
 5377 A:1a98  d0 03                              bne *+5
 5378 A:1a9a  4c 26 1b                           jmp GRBPAS
 5379 A:1a9d                           ARYVGO    
 5379 A:1a9d                                    
 5380 A:1a9d  85 61                              sta INDEX1
 5381 A:1a9f  86 62                              stx INDEX1+1
 5382 A:1aa1  a0 00                              ldy #1-1

 5385 A:1aa3  b1 61                              lda (INDEX1),Y
 5386 A:1aa5  aa                                 tax 
 5387 A:1aa6  c8                                 iny 

 5389 A:1aa7  b1 61                              lda (INDEX1),Y
 5390 A:1aa9  08                                 php 
 5391 A:1aaa  c8                                 iny 
 5392 A:1aab  b1 61                              lda (INDEX1),Y
 5393 A:1aad  65 97                              adc HIGHDS
 5394 A:1aaf  85 97                              sta HIGHDS                ;FORM POINTER TO NEXT ARRAY VAR.
 5395 A:1ab1  c8                                 iny 
 5396 A:1ab2  b1 61                              lda (INDEX1),Y
 5397 A:1ab4  65 98                              adc HIGHDS+1
 5398 A:1ab6  85 98                              sta HIGHDS+1
 5399 A:1ab8  28                                 plp 
 5400 A:1ab9  10 d3                              bpl ARYVA2

 5403 A:1abb  8a                                 txa 
 5404 A:1abc  30 d0                              bmi ARYVA2

 5406 A:1abe  c8                                 iny 
 5407 A:1abf  b1 61                              lda (INDEX1),Y
 5408 A:1ac1  a0 00                              ldy #0             ;RESET INDEX Y.
 5409 A:1ac3  0a                                 asl 
 5410 A:1ac4  69 05                              adc #5             ;CARRY IS OFF AND OFF AFTER ADD.
 5411 A:1ac6  65 61                              adc INDEX1
 5412 A:1ac8  85 61                              sta INDEX1
 5413 A:1aca  90 06                              bcc ARYGET
 5414 A:1acc  e6 62                              inc INDEX1+1
 5415 A:1ace                           ARYGET    
 5415 A:1ace  a6 62                              ldx INDEX1+1
 5416 A:1ad0                           ARYSTR    
 5416 A:1ad0  e4 98                              cpx HIGHDS+1          ;END OF THE ARRAY?
 5417 A:1ad2  d0 08                              bne GOGO
 5418 A:1ad4  c5 97                              cmp HIGHDS
 5419 A:1ad6  f0 ba                              beq ARYVA3                ;YES.
 5420 A:1ad8                           GOGO      
 5420 A:1ad8  20 e7 1a                           jsr DVAR
 5421 A:1adb  f0 f3                              beq ARYSTR                ;CYCLE.
 5422 A:1add                           DVARS     
 5422 A:1add                                    

 5425 A:1add  b1 61                              lda (INDEX1),Y
 5426 A:1adf  30 39                              bmi DVARTS

 5428 A:1ae1  c8                                 iny 
 5429 A:1ae2  b1 61                              lda (INDEX1),Y
 5430 A:1ae4  10 34                              bpl DVARTS
 5431 A:1ae6  c8                                 iny 
 5432 A:1ae7                           DVAR      
 5432 A:1ae7  b1 61                              lda (INDEX1),Y            ;IS LENGTH=0?
 5433 A:1ae9  f0 2f                              beq DVARTS                ;YES, RETURN.
 5434 A:1aeb  c8                                 iny 
 5435 A:1aec  b1 61                              lda (INDEX1),Y            ;GET LOW(ADR).
 5436 A:1aee  aa                                 tax 
 5437 A:1aef  c8                                 iny 
 5438 A:1af0  b1 61                              lda (INDEX1),Y
 5439 A:1af2  c5 73                              cmp FRETOP+1          ;COMPARE HIGHS.
 5440 A:1af4  90 0a                              bcc DVAR2                ;IF THIS STRING'S PNTR .GE. [FRETOP]
 5441 A:1af6  d0 22                              bne DVARTS                ;NO NEED TO MESS WITH IT FURTHER.
 5442 A:1af8  e4 72                              cpx FRETOP                ;COMPARE LOWS.
 5443 A:1afa  b0 1e                              bcs DVARTS
 5444 A:1afc                           DVAR2     
 5444 A:1afc  c5 9f                              cmp LOWTR+1
 5445 A:1afe  90 1a                              bcc DVARTS                ;IF THIS STRING IS BELOW PREVIOUS,
 5446 A:1b00                                    ;FORGET IT.
 5447 A:1b00  d0 08                              bne DVAR3
 5448 A:1b02  e4 9e                              cpx LOWTR                ;COMPARE LOW ORDERS.
 5449 A:1b04  90 14                              bcc DVARTS                ;[X,A] .LE. [GRBTOP].
 5450 A:1b06                           DVAR3     
 5450 A:1b06  86 9e                              stx LOWTR
 5451 A:1b08  85 9f                              sta LOWTR+1

 5453 A:1b0a  a5 61                              lda INDEX1
 5454 A:1b0c  a6 62                              ldx INDEX1+1

 5456 A:1b0e  85 8d                              sta DEFPNT
 5457 A:1b10  86 8e                              stx DEFPNT+1
 5458 A:1b12  a5 92                              lda FOUR6
 5459 A:1b14  85 94                              sta JMPER+1
 5460 A:1b16                           DVARTS    
 5460 A:1b16  a5 92                              lda FOUR6
 5461 A:1b18  18                                 clc 
 5462 A:1b19  65 61                              adc INDEX1
 5463 A:1b1b  85 61                              sta INDEX1
 5464 A:1b1d  90 06                              bcc GRBRTS
 5465 A:1b1f  e6 62                              inc INDEX1+1
 5466 A:1b21                           GRBRTS    
 5466 A:1b21  a6 62                              ldx INDEX1+1
 5467 A:1b23  a0 00                              ldy #0
 5468 A:1b25  60                                 rts                    ;DONE.
 5469 A:1b26                                    ;
 5470 A:1b26                                    ; HERE WHEN MADE ONE COMPLETE PASS THROUGH STRING VARIABLES.
 5471 A:1b26                                    ;
 5472 A:1b26                           GRBPAS    
 5472 A:1b26  a5 8e                              lda DEFPNT+1          ;VARIABLE POINTER.
 5473 A:1b28  05 8d                              ora DEFPNT
 5474 A:1b2a  f0 f5                              beq GRBRTS                ;ALL DONE.
 5475 A:1b2c  a5 94                              lda JMPER+1
 5476 A:1b2e  29 04                              and #4             ;LEAVES C OFF.
 5477 A:1b30  4a                                 lsr 
 5478 A:1b31  a8                                 tay 
 5479 A:1b32  85 94                              sta JMPER+1
 5480 A:1b34  b1 8d                              lda (DEFPNT),Y
 5481 A:1b36                                    ;NOTE: GRBTOP=LOWTR SO NO NEED TO SET LOWTR.
 5482 A:1b36  65 9e                              adc LOWTR
 5483 A:1b38  85 99                              sta HIGHTR
 5484 A:1b3a  a5 9f                              lda LOWTR+1
 5485 A:1b3c  69 00                              adc #0
 5486 A:1b3e  85 9a                              sta HIGHTR+1

 5488 A:1b40  a5 72                              lda FRETOP
 5489 A:1b42  a6 73                              ldx FRETOP+1
 5490 A:1b44                                    ;WHERE IT ALL GOES.
 5491 A:1b44  85 97                              sta HIGHDS
 5492 A:1b46  86 98                              stx HIGHDS+1
 5493 A:1b48  20 cb 09                           jsr BLTUC
 5494 A:1b4b  a4 94                              ldy JMPER+1
 5495 A:1b4d  c8                                 iny 
 5496 A:1b4e  a5 97                              lda HIGHDS                ;GET POSITION OF START OF RESULT.
 5497 A:1b50  91 8d                              sta (DEFPNT),Y
 5498 A:1b52  aa                                 tax 
 5499 A:1b53  e6 98                              inc HIGHDS+1
 5500 A:1b55  a5 98                              lda HIGHDS+1
 5501 A:1b57  c8                                 iny 
 5502 A:1b58  91 8d                              sta (DEFPNT),Y            ;CHANGE ADDR OF STRING IN VAR.
 5503 A:1b5a  4c 4a 1a                           jmp FNDVAR                ;GO TO FNDVAR WITH SOMETHING FOR
 5504 A:1b5d                                    ;[FRETOP].
 5505 A:1b5d                                    ;
 5506 A:1b5d                                    ; THE FOLLOWING ROUTINE CONCATENATES TWO STRINGS.
 5507 A:1b5d                                    ; THE FAC CONTAINS THE FIRST ONE AT THIS POINT.
 5508 A:1b5d                                    ; [TXTPTR] POINTS TO THE + SIGN.
 5509 A:1b5d                                    ;
 5510 A:1b5d                           CAT       
 5510 A:1b5d  a5 a4                              lda FACLO                ;PSH HIGH ORDER ONTO STACK.
 5511 A:1b5f  48                                 pha 
 5512 A:1b60  a5 a3                              lda FACMO                ;AND THE LOW.
 5513 A:1b62  48                                 pha 
 5514 A:1b63  20 32 14                           jsr EVAL                ;CAN COME BACK HERE SINCE
 5515 A:1b66                                    ;OPERATOR IS KNOWN.
 5516 A:1b66  20 3b 13                           jsr CHKSTR                ;RESULT MUST BE STRING.
 5517 A:1b69  68                                 pla 
 5518 A:1b6a  85 ae                              sta ARISGN                ;GET HIGH ORDER OF OLD DESC.
 5519 A:1b6c  68                                 pla 
 5520 A:1b6d  85 af                              sta ARISGN+1
 5521 A:1b6f  a0 00                              ldy #0
 5522 A:1b71  b1 ae                              lda (ARISGN),Y            ;GET LENGTH OF OLD STRING.
 5523 A:1b73  18                                 clc 
 5524 A:1b74  71 a3                              adc (FACMO),Y
 5525 A:1b76  90 09                              bcc SIZEOK                ;RESULT IS LESS THAN 256.
 5526 A:1b78  a2 1a                              ldx #26             ;ERROR "LONG STRING".
 5527 A:1b7a  4c 43 0a                           jmp ERROR
 5528 A:1b7d                           SIZEOK    
 5528 A:1b7d  20 90 19                           jsr STRINI                ;INITIALIZE STRING.
 5529 A:1b80  20 9a 1b                           jsr MOVINS                ;MOVE IT.
 5530 A:1b83                                    ;GET POINTER TO SECOND.
 5531 A:1b83  a5 8f                              lda DSCPNT
 5532 A:1b85  a4 90                              ldy DSCPNT+1
 5533 A:1b87  20 ca 1b                           jsr FRETMP                ;FREE IT.
 5534 A:1b8a  20 ac 1b                           jsr MOVDO

 5536 A:1b8d  a5 ae                              lda ARISGN
 5537 A:1b8f  a4 af                              ldy ARISGN+1
 5538 A:1b91  20 ca 1b                           jsr FRETMP
 5539 A:1b94  20 e5 19                           jsr PUTNEW
 5540 A:1b97  4c 67 13                           jmp TSTOP                ;"CAT" REENTERS FORM EVAL AT TSTOP.

 5542 A:1b9a                           MOVINS    
 5542 A:1b9a  a0 00                              ldy #0             ;GET ADDR OF STRING.
 5543 A:1b9c  b1 ae                              lda (ARISGN),Y
 5544 A:1b9e  48                                 pha 
 5545 A:1b9f  c8                                 iny 
 5546 A:1ba0  b1 ae                              lda (ARISGN),Y
 5547 A:1ba2  aa                                 tax 
 5548 A:1ba3  c8                                 iny 
 5549 A:1ba4  b1 ae                              lda (ARISGN),Y
 5550 A:1ba6  a8                                 tay 
 5551 A:1ba7  68                                 pla 
 5552 A:1ba8                           MOVSTR    
 5552 A:1ba8                                    
 5553 A:1ba8  86 61                              stx INDEX1
 5554 A:1baa  84 62                              sty INDEX1+1
 5555 A:1bac                           MOVDO     
 5555 A:1bac  a8                                 tay 
 5556 A:1bad  f0 0e                              beq MVDONE
 5557 A:1baf  48                                 pha 
 5558 A:1bb0                           MOVLP     
 5558 A:1bb0  88                                 dey 
 5559 A:1bb1  b1 61                              lda (INDEX1),Y
 5560 A:1bb3  91 74                              sta (FRESPC),Y
 5561 A:1bb5                           QMOVE     
 5561 A:1bb5  98                                 tya 
 5562 A:1bb6  d0 f8                              bne MOVLP
 5563 A:1bb8  68                                 pla 
 5564 A:1bb9                           MVDONE    
 5564 A:1bb9  18                                 clc 
 5565 A:1bba  65 74                              adc FRESPC
 5566 A:1bbc  85 74                              sta FRESPC
 5567 A:1bbe  90 06                              bcc MVSTRT
 5568 A:1bc0  e6 75                              inc FRESPC+1
 5569 A:1bc2                           MVSTRT    
 5569 A:1bc2  60                                 rts 
 5570 A:1bc3                                    ;
 5571 A:1bc3                                    ; "FRETMP" IS PASSED A STRING DESCRIPTOR PNTR IN [Y,A].
 5572 A:1bc3                                    ; A CHECK IS MADE TO SEE IF THE STRING DESCRIPTOR POINTS TO THE LAST
 5573 A:1bc3                                    ; TEMPORARY DESCRIPTOR ALLOCATED BY PUTNEW.
 5574 A:1bc3                                    ; IF SO, THE TEMPORARY IS FREED UP BY THE UPDATING OF [TEMPPT].
 5575 A:1bc3                                    ; IF A TEMP IS FREED UP, A FURTHER CHECK SEES IF THE STRING DATA THAT
 5576 A:1bc3                                    ; THAT STRING TEMP PNT'D TO IS THE LOWEST PART OF STRING SPACE IN USE.
 5577 A:1bc3                                    ; IF SO, [FRETOP] IS UPDATED TO REFLECT THE FACT THE FACT THAT THE SPACE
 5578 A:1bc3                                    ; IS NO LONGER IN USE.
 5579 A:1bc3                                    ; THE ADDR OF THE ACTUAL STRING IS RETURNED IN [Y,X] AND
 5580 A:1bc3                                    ; ITS LENGTH IN ACCA.
 5581 A:1bc3                                    ;
 5582 A:1bc3                           FRESTR    
 5582 A:1bc3  20 3b 13                           jsr CHKSTR                ;MAKE SURE ITS A STRING.
 5583 A:1bc6                           FREFAC    
 5583 A:1bc6                                    ;FREE UP STR PNT'D TO BY FAC.
 5584 A:1bc6  a5 a3                              lda FACMO
 5585 A:1bc8  a4 a4                              ldy FACMO+1
 5586 A:1bca                           FRETMP    
 5586 A:1bca                                    ;GET LENGTH FOR LATER.
 5587 A:1bca  85 61                              sta INDEX1
 5588 A:1bcc  84 62                              sty INDEX1+1
 5589 A:1bce  20 fb 1b                           jsr FRETMS                ;FREE UP THE TEMPORARY DESC.
 5590 A:1bd1  08                                 php                    ;SAVE CODES.
 5591 A:1bd2  a0 00                              ldy #0             ;PREP TO GET STUFF.
 5592 A:1bd4  b1 61                              lda (INDEX1),Y            ;GET COUNT AND
 5593 A:1bd6  48                                 pha                    ;SAVE IT.
 5594 A:1bd7  c8                                 iny 
 5595 A:1bd8  b1 61                              lda (INDEX1),Y
 5596 A:1bda  aa                                 tax                    ;SAVE LOW ORDER.
 5597 A:1bdb  c8                                 iny 
 5598 A:1bdc  b1 61                              lda (INDEX1),Y
 5599 A:1bde  a8                                 tay                    ;SAVE HIGH ORDER.
 5600 A:1bdf  68                                 pla 
 5601 A:1be0  28                                 plp                    ;RETURN STATUS.
 5602 A:1be1  d0 17                              bne FRETRT
 5603 A:1be3  c4 73                              cpy FRETOP+1          ;STRING IS LAST ONE IN?
 5604 A:1be5  d0 13                              bne FRETRT
 5605 A:1be7  e4 72                              cpx FRETOP
 5606 A:1be9  d0 0f                              bne FRETRT
 5607 A:1beb  48                                 pha 
 5608 A:1bec  18                                 clc 
 5609 A:1bed  65 72                              adc FRETOP
 5610 A:1bef  85 72                              sta FRETOP
 5611 A:1bf1  90 06                              bcc FREPLA
 5612 A:1bf3  e6 73                              inc FRETOP+1
 5613 A:1bf5                           FREPLA    
 5613 A:1bf5  68                                 pla                    ;GET COUNT BACK.
 5614 A:1bf6                           FRETRT    
 5614 A:1bf6                                    ;SAVE FOR LATER USE.
 5615 A:1bf6  86 61                              stx INDEX1
 5616 A:1bf8  84 62                              sty INDEX1+1
 5617 A:1bfa  60                                 rts 
 5618 A:1bfb                           FRETMS    
 5618 A:1bfb  c4 57                              cpy LASTPT+1          ;LAST ENTRY TO TEMP? 
 5619 A:1bfd  d0 10                              bne FRERTS
 5620 A:1bff  c5 56                              cmp LASTPT
 5621 A:1c01  d0 0c                              bne FRERTS
 5622 A:1c03  85 55                              sta TEMPPT
 5623 A:1c05  e9 03                              sbc #3             ;POINT TO LAST ONE.
 5624 A:1c07  85 56                              sta LASTPT                ;UPDATE TEMP PNTR.
 5625 A:1c09  a0 00                              ldy #0             ;ALSO CLEARS ZFLG SO WE DO REST OF FRETMP.
 5626 A:1c0b                           FRERTS    
 5626 A:1c0b  60                                 rts                    ;ALL DONE.
 5627 A:1c0c                                    ;
 5628 A:1c0c                                    ; CHR$(#) CREATES A STRING WHICH CONTAINS AS ITS ONLY
 5629 A:1c0c                                    ; CHARACTER THE ASCII EQUIVALENT OF THE INTEGER ARGUMENT (#)
 5630 A:1c0c                                    ; WHICH MUST BE .LT. 255.
 5631 A:1c0c                                    ;
 5632 A:1c0c                           CHR       
 5632 A:1c0c  20 c1 1c                           jsr CONINT                ;GET INTEGER IN RANGE.
 5633 A:1c0f  8a                                 txa 
 5634 A:1c10  48                                 pha 
 5635 A:1c11  a9 01                              lda #1             ;ONE-CHARACTER STRING.
 5636 A:1c13  20 98 19                           jsr STRSPA                ;GET SPACE FOR STRING.
 5637 A:1c16  68                                 pla 
 5638 A:1c17  a0 00                              ldy #0
 5639 A:1c19  91 a1                              sta (FAC+1),Y
 5640 A:1c1b  68                                 pla                    ;GET RID OF "CHKNUM" RETURN ADDR.
 5641 A:1c1c  68                                 pla 
 5642 A:1c1d                           RLZRET    
 5642 A:1c1d  4c e5 19                           jmp PUTNEW                ;SETUP FAC TO POINT TO DESC.
 5643 A:1c20                                    ;
 5644 A:1c20                                    ; THE FOLLOWING IS THE LEFT$($,#) FUNCTION.
 5645 A:1c20                                    ; IT TAKES THE LEFTMOST # CHARACTERS OF THE STRING.
 5646 A:1c20                                    ; IF # .GT. THE LEN OF THE STRING, IT RETURNS THE WHOLE STRING.
 5647 A:1c20                                    ;
 5648 A:1c20                           LEFT      
 5648 A:1c20  20 81 1c                           jsr PREAM                ;TEST PARAMETERS.
 5649 A:1c23  d1 8f                              cmp (DSCPNT),Y
 5650 A:1c25  98                                 tya 
 5651 A:1c26                           RLEFT     
 5651 A:1c26  90 08                              bcc RLEFT1
 5652 A:1c28  b1 8f                              lda (DSCPNT),Y
 5653 A:1c2a  aa                                 tax                    ;PUT LENGTH INTO X.
 5654 A:1c2b  98                                 tya                    ;ZERO A, THE OFFSET.
 5655 A:1c2c                           RLEFT1    
 5655 A:1c2c  48                                 pha                    ;SAVE OFFSET.
 5656 A:1c2d                           RLEFT2    
 5656 A:1c2d  8a                                 txa 
 5657 A:1c2e                           RLEFT3    
 5657 A:1c2e  48                                 pha                    ;SAVE LENGTH.
 5658 A:1c2f  20 98 19                           jsr STRSPA                ;GET SPACE.

 5660 A:1c32  a5 8f                              lda DSCPNT
 5661 A:1c34  a4 90                              ldy DSCPNT+1
 5662 A:1c36  20 ca 1b                           jsr FRETMP
 5663 A:1c39  68                                 pla 
 5664 A:1c3a  a8                                 tay 
 5665 A:1c3b  68                                 pla 
 5666 A:1c3c  18                                 clc 
 5667 A:1c3d  65 61                              adc INDEX1                ;COMPUTE WHERE TO COPY.
 5668 A:1c3f  85 61                              sta INDEX1
 5669 A:1c41  90 06                              bcc PULMOR
 5670 A:1c43  e6 62                              inc INDEX1+1
 5671 A:1c45                           PULMOR    
 5671 A:1c45  98                                 tya 
 5672 A:1c46  20 ac 1b                           jsr MOVDO                ;GO MOVE IT.
 5673 A:1c49  4c e5 19                           jmp PUTNEW
 5674 A:1c4c                           RIGHT     
 5674 A:1c4c  20 81 1c                           jsr PREAM
 5675 A:1c4f  18                                 clc                    ;[LENGTH DES'D]-[LENGTH]-1.
 5676 A:1c50  f1 8f                              sbc (DSCPNT),Y
 5677 A:1c52  49 ff                              eor #255             ;NEGATE.
 5678 A:1c54  4c 26 1c                           jmp RLEFT
 5679 A:1c57                                    ;
 5680 A:1c57                                    ; MID ($,#) RETURNS STRING WITH CHARS FROM # POSITION
 5681 A:1c57                                    ; ONWARD. IF # .GT. LEN ($) THEN RETURN NULL STRING.
 5682 A:1c57                                    ; MID ($,#,#) RETURNS STRING WITH CHARACTERS FROM
 5683 A:1c57                                    ; # POSITION FOR #2 CHARACTERS. IF #2 GOES PAST END OF STRING
 5684 A:1c57                                    ; RETURN AS MUCH AS POSSIBLE.
 5685 A:1c57                                    ;
 5686 A:1c57                           MID       
 5686 A:1c57  a9 ff                              lda #255             ;DEFAULT.
 5687 A:1c59  85 a4                              sta FACLO                ;SAVE FOR LATER COMPARE.
 5688 A:1c5b  20 b8 00                           jsr CHRGOT                ;GET CURRENT CHARACTER.
 5689 A:1c5e  c9 29                              cmp #41             ;IS IT A RIGHT PAREN )?
 5690 A:1c60  f0 0a                              beq MID2                ;NO THIRD PARAM.
 5691 A:1c62  20 99 14                           jsr CHKCOM                ;MUST HAVE COMMA.
 5692 A:1c65  20 be 1c                           jsr GETBYT                ;GET THE LENGTH INTO "FACLO".
 5693 A:1c68                           MID2      
 5693 A:1c68  20 81 1c                           jsr PREAM                ;CHECK IT OUT.
 5694 A:1c6b  f0 4f                              beq GOFUC                ;THERE IS NO POSTION 0
 5695 A:1c6d  ca                                 dex                    ;COMPUTE OFFSET.
 5696 A:1c6e  8a                                 txa 
 5697 A:1c6f  48                                 pha                    ;PRSERVE AWHILE.
 5698 A:1c70  18                                 clc 
 5699 A:1c71  a2 00                              ldx #0
 5700 A:1c73  f1 8f                              sbc (DSCPNT),Y            ;GET LENGTH OF WHAT'S LEFT.
 5701 A:1c75  b0 b6                              bcs RLEFT2                ;GIVE NULL STRING.
 5702 A:1c77  49 ff                              eor #255             ;IN SUB C WAS 0 SO JUST COMPLEMENT.
 5703 A:1c79  c5 a4                              cmp FACLO                ;GREATER THAN WHAT'S DESIRED?
 5704 A:1c7b  90 b1                              bcc RLEFT3                ;NO, COPY THAT MUCH.
 5705 A:1c7d  a5 a4                              lda FACLO                ;GET LENGTH OF WHAT'S DESIRED.
 5706 A:1c7f  b0 ad                              bcs RLEFT3                ;COPY IT.

 5708 A:1c81                                    ;
 5709 A:1c81                                    ; USED BY RIGHT$, LEFT$, MID$ FOR PARAMETER CHECKING AND SETUP.
 5710 A:1c81                                    ;
 5711 A:1c81                           PREAM     
 5711 A:1c81  20 8d 14                           jsr CHKCLS                ;PARAM LIST SHOULD END.
 5712 A:1c84  68                                 pla                    ;GET THE RETURN ADDRESS INTO
 5713 A:1c85  a8                                 tay                    ;[JMPER+1,Y]
 5714 A:1c86  68                                 pla 
 5715 A:1c87  85 94                              sta JMPER+1
 5716 A:1c89  68                                 pla                    ;GET RID OF FINGO'S JSR RET ADDR.
 5717 A:1c8a  68                                 pla 
 5718 A:1c8b  68                                 pla                    ;GET LENGTH.
 5719 A:1c8c  aa                                 tax 

 5721 A:1c8d  68                                 pla 
 5722 A:1c8e  85 8f                              sta DSCPNT
 5723 A:1c90  68                                 pla 
 5724 A:1c91  85 90                              sta DSCPNT+1
 5725 A:1c93  a5 94                              lda JMPER+1          ;PUT RETURN ADDRESS BACK ON
 5726 A:1c95  48                                 pha 
 5727 A:1c96  98                                 tya 
 5728 A:1c97  48                                 pha 
 5729 A:1c98  a0 00                              ldy #0
 5730 A:1c9a  8a                                 txa 
 5731 A:1c9b  60                                 rts 
 5732 A:1c9c                                    ;
 5733 A:1c9c                                    ; THE FUNCTION LEN($) RETURNS THE LENGTH OF THE STRING
 5734 A:1c9c                                    ; PASSED AS AN ARGUMENT.
 5735 A:1c9c                                    ;
 5736 A:1c9c                           LEN       
 5736 A:1c9c  20 a2 1c                           jsr LEN1
 5737 A:1c9f  4c ba 18                           jmp SNGFLT
 5738 A:1ca2                           LEN1      
 5738 A:1ca2  20 c3 1b                           jsr FRESTR                ;FREE UP STRING.
 5739 A:1ca5  a2 00                              ldx #0
 5740 A:1ca7  86 11                              stx VALTYP                ;FORCE NUMERIC.
 5741 A:1ca9  a8                                 tay                    ;SET CODES ON LENGTH.
 5742 A:1caa  60                                 rts                    ;DONE.
 5743 A:1cab                                    ;
 5744 A:1cab                                    ; THE FOLLOWING IS THE ASC($) FUNCTION. IT RETURNS
 5745 A:1cab                                    ; AN INTEGER WHICH IS THE DECIMAL ASCII EQUIVALENT.
 5746 A:1cab                                    ;
 5747 A:1cab                           ASC       
 5747 A:1cab  20 a2 1c                           jsr LEN1
 5748 A:1cae  f0 0c                              beq GOFUC                ;NULL STRING, BAD ARG.
 5749 A:1cb0  a0 00                              ldy #0
 5750 A:1cb2  b1 61                              lda (INDEX1),Y            ;GET CHARACTER.
 5751 A:1cb4  a8                                 tay 
 5752 A:1cb5  4c ba 18                           jmp SNGFLT
 5753 A:1cb8                           GOFUC     
 5753 A:1cb8  4c 61 17                           jmp FCERR                ;YES.

 5755 A:1cbb                           GTBYTC    
 5755 A:1cbb  20 b2 00                           jsr CHRGET
 5756 A:1cbe                           GETBYT    
 5756 A:1cbe  20 33 13                           jsr FRMNUM                ;READ FORMULA INTO FAC.
 5757 A:1cc1                           CONINT    
 5757 A:1cc1  20 ce 16                           jsr POSINT                ;CONVERT THE FAC TO A SINGLE BYTE INT.
 5758 A:1cc4  a6 a3                              ldx FACMO
 5759 A:1cc6  d0 f0                              bne GOFUC                ;RESULT MUST BE .LE. 255.
 5760 A:1cc8  a6 a4                              ldx FACLO
 5761 A:1cca                           CHRGO2    
 5761 A:1cca  4c b8 00                           jmp CHRGOT                ;SET CONDITION CODES ON TERMINATOR.
 5762 A:1ccd                                    ;
 5763 A:1ccd                                    ; THE "VAL" FUNCTION TAKES A STRING AND TURNS IT INTO
 5764 A:1ccd                                    ; A NUMBER BY INTERPRETING THE ASCII DIGITS ETCQ
 5765 A:1ccd                                    ; EXCEPT FOR THE PROBLEM THAT A TERMINATOR MUST BE SUPPLIED
 5766 A:1ccd                                    ; BY REPLACING THE CHARACTER BEYOND THE STRING, VAL IS MERELY
 5767 A:1ccd                                    ; A CALL TO FLOATING POINT INPUT ("FIN").
 5768 A:1ccd                                    ;
 5769 A:1ccd                           VAL       
 5769 A:1ccd  20 a2 1c                           jsr LEN1                ;DO SETUP. SET RESULT=NUMERIC.
 5770 A:1cd0                                    ;ZERO THE FAC ON A NULL STRING
 5771 A:1cd0  d0 03                              bne *+5
 5772 A:1cd2  4c 18 1e                           jmp ZEROFC

 5774 A:1cd5  a6 b9                              ldx CHRGOT+1
 5775 A:1cd7  a4 ba                              ldy CHRGOT+1+1
 5776 A:1cd9                                    ;SAVE FOR LATER.
 5777 A:1cd9  86 b0                              stx FBUFPT
 5778 A:1cdb  84 b1                              sty FBUFPT+1
 5779 A:1cdd  a6 61                              ldx INDEX1
 5780 A:1cdf  86 b9                              stx CHRGOT+1
 5781 A:1ce1  18                                 clc 
 5782 A:1ce2  65 61                              adc INDEX1
 5783 A:1ce4  85 63                              sta INDEX2
 5784 A:1ce6  a6 62                              ldx INDEX1+1
 5785 A:1ce8  86 ba                              stx CHRGOT+1+1
 5786 A:1cea  90 05                              bcc VAL2                ;NO CARRY, NO INC.
 5787 A:1cec  e8                                 inx 
 5788 A:1ced                           VAL2      
 5788 A:1ced  86 64                              stx INDEX2+1
 5789 A:1cef  a0 00                              ldy #0
 5790 A:1cf1  b1 63                              lda (INDEX2),Y            ;PRESERVE CHARACTER.
 5791 A:1cf3  48                                 pha 
 5792 A:1cf4  a9 00                              lda #0             ;SET A TERMINATOR.
 5793 A:1cf6  91 63                              sta (INDEX2),Y
 5794 A:1cf8  20 b8 00                           jsr CHRGOT                ;GET CHARACTER PNT'D TO AND SET FLAGS.
 5795 A:1cfb  20 1a 22                           jsr FIN
 5796 A:1cfe  68                                 pla                    ;GET PRES'D CHARACTER.
 5797 A:1cff  a0 00                              ldy #0
 5798 A:1d01  91 63                              sta (INDEX2),Y            ;STUFF IT BACK.
 5799 A:1d03                           ST2TXT    
 5799 A:1d03                                    
 5800 A:1d03  a6 b0                              ldx FBUFPT
 5801 A:1d05  a4 b1                              ldy FBUFPT+1

 5803 A:1d07  86 b9                              stx CHRGOT+1
 5804 A:1d09  84 ba                              sty CHRGOT+1+1
 5805 A:1d0b                           VALRTS    
 5805 A:1d0b  60                                 rts                    ;ALL DONE WITH STRINGS.
 5806 A:1d0c                                    ; PAGE
 5807 A:1d0c                                    ; SUBTTL PEEK, POKE, AND FNWAIT.

 5809 A:1d0c                           GETNUM    
 5809 A:1d0c  20 33 13                           jsr FRMNUM                ;GET ADDRESS.
 5810 A:1d0f  20 18 1d                           jsr GETADR                ;GET THAT LOCATION.
 5811 A:1d12                           COMBYT    
 5811 A:1d12  20 99 14                           jsr CHKCOM                ;CHECK FOR A COMMA.
 5812 A:1d15  4c be 1c                           jmp GETBYT                ;GET SOMETHING TO STORE AND RETURN.
 5813 A:1d18                           GETADR    
 5813 A:1d18  a5 a5                              lda FACSGN                ;EXAMINE SIGN.
 5814 A:1d1a  30 9c                              bmi GOFUC                ;FUNCTION CALL ERROR.
 5815 A:1d1c  a5 a0                              lda FACEXP                ;EXAMINE EXPONENT.
 5816 A:1d1e  c9 91                              cmp #145
 5817 A:1d20  b0 96                              bcs GOFUC                ;FUNCTION CALL ERROR.
 5818 A:1d22  20 c2 21                           jsr QINT                ;INTEGERIZE IT.

 5820 A:1d25  a5 a3                              lda FACMO
 5821 A:1d27  a4 a4                              ldy FACMO+1
 5822 A:1d29  84 53                              sty LINNUM
 5823 A:1d2b  85 54                              sta LINNUM+1
 5824 A:1d2d  60                                 rts                    ;IT'S DONE !.

 5826 A:1d2e                           PEEK      
 5826 A:1d2e                                    
 5827 A:1d2e  a5 54                              lda LINNUM+1
 5828 A:1d30  48                                 pha 
 5829 A:1d31  a5 53                              lda LINNUM
 5830 A:1d33  48                                 pha 
 5831 A:1d34  20 18 1d                           jsr GETADR
 5832 A:1d37  a0 00                              ldy #0

 5840 A:1d39                           GETCON    
 5840 A:1d39  b1 53                              lda (LINNUM),Y            ;GET THAT BYTE.
 5841 A:1d3b  a8                                 tay 
 5842 A:1d3c                           DOSGFL    
 5842 A:1d3c                                    
 5843 A:1d3c  68                                 pla 
 5844 A:1d3d  85 53                              sta LINNUM
 5845 A:1d3f  68                                 pla 
 5846 A:1d40  85 54                              sta LINNUM+1
 5847 A:1d42  4c ba 18                           jmp SNGFLT                ;FLOAT IT.

 5849 A:1d45                           POKE      
 5849 A:1d45  20 0c 1d                           jsr GETNUM
 5850 A:1d48  8a                                 txa 
 5851 A:1d49  a0 00                              ldy #0
 5852 A:1d4b  91 53                              sta (LINNUM),Y            ;STORE VALUE AWAY.
 5853 A:1d4d  60                                 rts                    ;SCANNED  EVERYTHING.

 5855 A:1d4e                                    ; THE WAIT LOCATION,MASK1,MASK2 STATEMENT WAITS UNTIL THE CONTENTS
 5856 A:1d4e                                    ; OF LOCATION IS NONZERO WHEN XORED WITH MASK2
 5857 A:1d4e                                    ; AND THEN ANDED WITH MASK1. IF MASK2 IS NOT PRESENT, IT
 5858 A:1d4e                                    ; IS ASSUMED TO BE ZERO.

 5860 A:1d4e                           FNWAIT    
 5860 A:1d4e  20 0c 1d                           jsr GETNUM
 5861 A:1d51  86 88                              stx FORPNT
 5862 A:1d53  a2 00                              ldx #0
 5863 A:1d55  20 b8 00                           jsr CHRGOT
 5864 A:1d58  f0 07                              beq STORDO
 5865 A:1d5a  20 12 1d                           jsr COMBYT                ;GET MASK2.
 5866 A:1d5d                           STORDO    
 5866 A:1d5d  86 89                              stx FORPNT+1
 5867 A:1d5f  a0 00                              ldy #0
 5868 A:1d61                           WAITER    
 5868 A:1d61  b1 53                              lda (LINNUM),Y
 5869 A:1d63  45 89                              eor FORPNT+1
 5870 A:1d65  25 88                              and FORPNT
 5871 A:1d67  f0 f8                              beq WAITER
 5872 A:1d69                           ZERRTS    
 5872 A:1d69  60                                 rts                    ;GOT A NONZERO.

 5874 A:1d6a                                    ; SUBTTL FLOATING POINT MATH PACKAGE CONFIGURATION.

 5876 A:1d6a                                    ; RADIX 8 ;!!!! ALERT !!!!
 5877 A:1d6a                                    ;THROUGHOUT THE MATH PACKAGE.
 5878 A:1d6a                                    ; COMMENT %
 5879 A:1d6a                                    ; THE FLOATING POINT FORMAT IS AS FOLLOWS:
 5880 A:1d6a                                    ;
 5881 A:1d6a                                    ; THE SIGN IS THE FIRST BIT OF THE MANTISSA.
 5882 A:1d6a                                    ; THE MANTISSA IS 24 BITS LONG.
 5883 A:1d6a                                    ; THE BINARY POINT IS TO THE LEFT OF THE MSB.
 5884 A:1d6a                                    ; NUMBER = MANTISSA * 2 ^ EXPONENT.
 5885 A:1d6a                                    ; THE MANTISSA IS POSITIVE WITH A ONE ASSUMED TO BE WHERE THE SIGN BIT IS.
 5886 A:1d6a                                    ; THE SIGN OF THE EXPONENT IS THE FIRST BIT OF THE EXPONENT.
 5887 A:1d6a                                    ; THE EXPONENT IS STORED IN EXCESS 200, I.E. WITH A BIAS OF +200.
 5888 A:1d6a                                    ; SO, THE EXPONENT IS A SIGNED 8-BIT NUMBER WITH 200 ADDED TO IT.
 5889 A:1d6a                                    ; AN EXPONENT OF ZERO MEANS THE NUMBER IS ZERO.
 5890 A:1d6a                                    ; THE OTHER BYTES MAY NOT BE ASSUMED TO BE ZERO.
 5891 A:1d6a                                    ; TO KEEP THE SAME NUMBER IN THE FAC WHILE SHIFTING,
 5892 A:1d6a                                    ;  TO SHIFT RIGHT, EXP:=EXP+1
 5893 A:1d6a                                    ;  TO SHIFT LEFT, EXP:=EXP-1
 5894 A:1d6a                                    ;
 5895 A:1d6a                                    ; IN MEMORY THE NUMBER LOOKS LIKE THIS:
 5896 A:1d6a                                    ;  [THE EXPONENT AS A SIGNED NUMBER +200]
 5897 A:1d6a                                    ;  [THE SIGN BIT IN 7, BITS 2-8 OF MANTISSA ARE IN BITS 6-0].
 5898 A:1d6a                                    ;   (REMEMBER BIT 1 OF MANTISSA IS ALWAYS A ONE.)
 5899 A:1d6a                                    ;  [BITS 9-16 OF THE MANTISSA]
 5900 A:1d6a                                    ;  [BITS 17-24] OF THE MANTISSA]
 5901 A:1d6a                                    ;
 5902 A:1d6a                                    ; ARITHMETIC ROUTINE CALLING CONVENTIONS:
 5903 A:1d6a                                    ;
 5904 A:1d6a                                    ; FOR ONE ARGUMENT FUNCTIONS:
 5905 A:1d6a                                    ;  THE ARGUMENT IS IN THE FAC.
 5906 A:1d6a                                    ;  THE RESULT IS LEFT IN THE FAC.
 5907 A:1d6a                                    ; FOR TWO ARGUMENT OPERATIONS:
 5908 A:1d6a                                    ;  THE FIRST ARGUMENT IS IN ARG (ARGEXP,HO,MO,LO AND ARGSGN).
 5909 A:1d6a                                    ;  THE SECOND ARGUMENT IS IN THE FAC.
 5910 A:1d6a                                    ;  THE RESULT IS LEFT IN THE FAC.
 5911 A:1d6a                                    ;
 5912 A:1d6a                                    ; THE "T" ENTRY POINTS TO THE TWO-ARGUMENT OPERATIONS HAVE BOTH ARGUMENTS
 5913 A:1d6a                                    ; SETUP IN THE RESPECTIVE REGISTERS. BEFORE CALLING ARG MAY HAVE BEEN
 5914 A:1d6a                                    ; POPPED OFF THE STACK AND INTO ARG, FOR EXAMPLE.
 5915 A:1d6a                                    ; THE OTHER ENTRY POINT ASSUMES [Y,A] POINTS TO THE ARGUMENT
 5916 A:1d6a                                    ; SOMEWHERE IN MEMORY. IT IS UNPACKED INTO ARG BY "CONUPK".
 5917 A:1d6a                                    ;
 5918 A:1d6a                                    ; ON THE STACK, THE SGN IS PUSHED ON FIRST, THE LO,MO,HO AND FINALLY EXP.
 5919 A:1d6a                                    ; NOTE ALL THINGS ARE KEPT UNPACKED IN ARG, FAC AND ON THE STACK.
 5920 A:1d6a                                    ;
 5921 A:1d6a                                    ; IT IS ONLY WHEN SOMETHING IS STORED AWAY THAT IT IS PACKED TO FOUR
 5922 A:1d6a                                    ; BYTES. THE UNPACKED FORMAT HAS A SGN BYTE REFLECTING THE SIGN OF THE
 5923 A:1d6a                                    ; NUMBER (POSITIVE=0, NEGATIVE=-1) A HO,MO AND LO WITH THE HIGH BIT
 5924 A:1d6a                                    ; OF THE HO TURNED ON. THE EXP IS THE SAME AS STORED FORMAT.
 5925 A:1d6a                                    ; THIS IS DONE FOR SPEED OF OPERATION.
 5926 A:1d6a                                    ; %
 5927 A:1d6a                                    ; PAGE
 5928 A:1d6a                                    ; SUBTTL FLOATING POINT ADDITION AND SUBTRACTION.
 5929 A:1d6a                           FADDH     
 5929 A:1d6a                                    ;ENTRY TO ADD 1/2.
 5930 A:1d6a  a9 30                              lda #FHALF&255
 5931 A:1d6c  a0 24                              ldy #FHALF/256
 5932 A:1d6e  4c 88 1d                           jmp FADD                ;UNPACK AND GO ADD IT.
 5933 A:1d71                           FSUB      
 5933 A:1d71  20 ad 1f                           jsr CONUPK                ;UNPACK ARGUMENT INTO ARG.
 5934 A:1d74                           FSUBT     
 5934 A:1d74  a5 a5                              lda FACSGN
 5935 A:1d76  49 ff                              eor #255             ;COMPLEMENT IT.
 5936 A:1d78  85 a5                              sta FACSGN
 5937 A:1d7a  45 ad                              eor ARGSGN                ;COMPLEMENT ARISGN.
 5938 A:1d7c  85 ae                              sta ARISGN
 5939 A:1d7e  a5 a0                              lda FACEXP                ;SET CODES ON FACEXP.
 5940 A:1d80  4c 8b 1d                           jmp FADDT                ;[Y]=ARGEXP..
 5941 A:1d83                                    ; XLIST
 5942 A:1d83                                    ; .XCREF

 5981 A:1d83                                    ; .CREF
 5982 A:1d83                                    ; LIST
 5983 A:1d83                           FADD5     
 5983 A:1d83  20 ba 1e                           jsr SHIFTR                ;DO A LONG SHIFT.
 5984 A:1d86  90 40                              bcc FADD4                ;CONTINUE WITH ADDITION.
 5985 A:1d88                           FADD      
 5985 A:1d88  20 ad 1f                           jsr CONUPK
 5986 A:1d8b                           FADDT     
 5986 A:1d8b                                    ;IF FAC=0, RESULT IS IN ARG.
 5987 A:1d8b  d0 03                              bne *+5
 5988 A:1d8d  4c 23 21                           jmp MOVFA
 5989 A:1d90  a6 af                              ldx FACOV
 5990 A:1d92  86 95                              stx JMPER+2
 5991 A:1d94  a2 a8                              ldx #ARGEXP               ;DEFAULT IS SHIFT ARGUMENT.
 5992 A:1d96  a5 a8                              lda ARGEXP                ;IF ARG=0, FAC IS RESULT.
 5993 A:1d98                           FADDC     
 5993 A:1d98  a8                                 tay                    ;ALSO COPY ACCA INTO ACCY.
 5994 A:1d99  f0 ce                              beq ZERRTS                ;RETURN.
 5995 A:1d9b  38                                 sec 
 5996 A:1d9c  e5 a0                              sbc FACEXP
 5997 A:1d9e  f0 28                              beq FADD4                ;NO SHIFTING.
 5998 A:1da0  90 16                              bcc FADDA                ;BR IF ARGEXP.LT.FACEXP.
 5999 A:1da2  84 a0                              sty FACEXP                ;RESULTING EXPONENT.
 6000 A:1da4  a4 ad                              ldy ARGSGN                ;SINCE ARG IS BIGGER, IT'S
 6001 A:1da6  84 a5                              sty FACSGN                ;SIGN IS SIGN OF RESULT.
 6002 A:1da8  49 ff                              eor #255             ;SHIFT A NEGATIVE NUMBER OF PLACES.
 6003 A:1daa  69 00                              adc #0             ;COMPLETE NEGATION. W/ C=1.
 6004 A:1dac  a0 00                              ldy #0             ;ZERO OLDOV.
 6005 A:1dae  84 95                              sty JMPER+2
 6006 A:1db0  a2 a0                              ldx #FAC               ;SHIFT THE FAC INSTEAD.
 6007 A:1db2  d0 08                              bne FADD1
 6008 A:1db4                           FADDA     
 6008 A:1db4  a0 00                              ldy #0
 6009 A:1db6  84 af                              sty FACOV
 6010 A:1db8                           FADD1     
 6010 A:1db8  c9 f9                              cmp #256-7       ;FOR SPEED AND NECESSITY.  GETS
 6011 A:1dba                                    ;MOST LIKELY CASE TO SHIFTR FASTEST
 6012 A:1dba                                    ;AND ALLOWS SHIFTING OF NEG NUMS
 6013 A:1dba                                    ;BY "QINT".
 6014 A:1dba  30 c7                              bmi FADD5                ;SHIFT BIG.
 6015 A:1dbc  a8                                 tay 
 6016 A:1dbd  a5 af                              lda FACOV                ;SET FACOV.
 6017 A:1dbf  56 01                              lsr 1,X,           ;GETS 0 IN MOST SIG BIT.
 6018 A:1dc1  20 d1 1e                           jsr ROLSHF                ;DO THE ROLLING.
 6019 A:1dc4                           FADD4     
 6019 A:1dc4  24 ae                              bit ARISGN                ;GET RESULTING SIGN.
 6020 A:1dc6  10 5b                              bpl FADD2                ;IF POSITIVE, ADD.
 6021 A:1dc8                                    ;CARRY IS CLEAR.
 6022 A:1dc8                           FADD3     
 6022 A:1dc8  a0 a0                              ldy #FACEXP
 6023 A:1dca  e0 a8                              cpx #ARGEXP               ;FAC IS BIGGER.
 6024 A:1dcc  f0 06                              beq SUBIT
 6025 A:1dce  a0 a8                              ldy #ARGEXP               ;ARG IS BIGGER.
 6026 A:1dd0                           SUBIT     
 6026 A:1dd0  38                                 sec 
 6027 A:1dd1  49 ff                              eor #255
 6028 A:1dd3  65 95                              adc JMPER+2
 6029 A:1dd5  85 af                              sta FACOV
 6030 A:1dd7  b9 04 00                           lda 3+1,Y
 6031 A:1dda  f5 04                              sbc 3+1,X
 6032 A:1ddc  85 a4                              sta FACLO
 6033 A:1dde  b9 03 00                           lda 2+1,Y
 6034 A:1de1  f5 03                              sbc 2+1,X
 6035 A:1de3  85 a3                              sta FACMO

 6038 A:1de5  b9 02 00                           lda 2,Y
 6039 A:1de8  f5 02                              sbc 2,X
 6040 A:1dea  85 a2                              sta FACMOH

 6042 A:1dec  b9 01 00                           lda 1,Y
 6043 A:1def  f5 01                              sbc 1,X
 6044 A:1df1  85 a1                              sta FACHO
 6045 A:1df3                           FADFLT    
 6045 A:1df3  b0 07                              bcs NORMAL                ;HERE IF SIGNS DIFFER. IF CARRY,
 6046 A:1df5                                    ;FAC IS SET OK.
 6047 A:1df5  20 68 1e                           jsr NEGFAC                ;NEGATE [FAC].
 6048 A:1df8                           NORMAL    
 6048 A:1df8  a0 00                              ldy #0
 6049 A:1dfa  98                                 tya 
 6050 A:1dfb  18                                 clc 
 6051 A:1dfc                           NORM3     
 6051 A:1dfc  a6 a1                              ldx FACHO
 6052 A:1dfe  d0 4e                              bne NORM1
 6053 A:1e00  a6 a2                              ldx FACHO+1          ;SHIFT 8 BITS AT A TIME FOR SPEED.
 6054 A:1e02  86 a1                              stx FACHO

 6057 A:1e04  a6 a3                              ldx FACMOH+1
 6058 A:1e06  86 a2                              stx FACMOH

 6060 A:1e08  a6 a4                              ldx FACMO+1
 6061 A:1e0a  86 a3                              stx FACMO
 6062 A:1e0c  a6 af                              ldx FACOV
 6063 A:1e0e  86 a4                              stx FACLO
 6064 A:1e10  84 af                              sty FACOV
 6065 A:1e12  69 08                              adc #8
 6066 A:1e14  c9 20                              cmp #(8*1)+24
 6067 A:1e16  d0 e4                              bne NORM3
 6068 A:1e18                           ZEROFC    
 6068 A:1e18  a9 00                              lda #0             ;NOT NEED BY NORMAL BUT BY OTHERS.
 6069 A:1e1a                           ZEROF1    
 6069 A:1e1a  85 a0                              sta FACEXP                ;NUMBER MUST BE ZERO.
 6070 A:1e1c                           ZEROML    
 6070 A:1e1c  85 a5                              sta FACSGN                ;MAKE SIGN POSITIVE.
 6071 A:1e1e  60                                 rts                    ;ALL DONE.
 6072 A:1e1f                           FADD2     
 6072 A:1e1f  65 95                              adc JMPER+2
 6073 A:1e21  85 af                              sta FACOV
 6074 A:1e23  a5 a4                              lda FACLO
 6075 A:1e25  65 ac                              adc ARGLO
 6076 A:1e27  85 a4                              sta FACLO
 6077 A:1e29  a5 a3                              lda FACMO
 6078 A:1e2b  65 ab                              adc ARGMO
 6079 A:1e2d  85 a3                              sta FACMO

 6082 A:1e2f  a5 a2                              lda FACMOH
 6083 A:1e31  65 aa                              adc ARGMOH
 6084 A:1e33  85 a2                              sta FACMOH

 6086 A:1e35  a5 a1                              lda FACHO
 6087 A:1e37  65 a9                              adc ARGHO
 6088 A:1e39  85 a1                              sta FACHO
 6089 A:1e3b  4c 57 1e                           jmp SQUEEZ                ;GO ROUND IF SIGNS SAME.

 6091 A:1e3e                           NORM2     
 6091 A:1e3e  69 01                              adc #1             ;DECREMENT SHIFT COUNT.
 6092 A:1e40  06 af                              asl FACOV                ;SHIFT ALL LEFT ONE BIT.
 6093 A:1e42  26 a4                              rol FACLO
 6094 A:1e44  26 a3                              rol FACMO

 6097 A:1e46  26 a2                              rol FACMOH

 6099 A:1e48  26 a1                              rol FACHO
 6100 A:1e4a                           NORM1     
 6100 A:1e4a  10 f2                              bpl NORM2                ;IF MSB=0 SHIFT AGAIN.
 6101 A:1e4c  38                                 sec 
 6102 A:1e4d  e5 a0                              sbc FACEXP
 6103 A:1e4f  b0 c7                              bcs ZEROFC
 6104 A:1e51  49 ff                              eor #255
 6105 A:1e53  69 01                              adc #1             ;COMPLEMENT.
 6106 A:1e55  85 a0                              sta FACEXP
 6107 A:1e57                           SQUEEZ    
 6107 A:1e57  90 12                              bcc RNDRTS                ;BITS TO SHIFT?
 6108 A:1e59                           RNDSHF    
 6108 A:1e59  e6 a0                              inc FACEXP
 6109 A:1e5b  f0 46                              beq OVERR
 6110 A:1e5d  66 a1                              ror FACHO

 6113 A:1e5f  66 a2                              ror FACMOH

 6115 A:1e61  66 a3                              ror FACMO
 6116 A:1e63  66 a4                              ror FACLO
 6117 A:1e65  66 af                              ror FACOV
 6118 A:1e67                           RNDRTS    
 6118 A:1e67  60                                 rts                    ;ALL DONE ADDING.

 6120 A:1e68                           NEGFAC    
 6120 A:1e68                                    ;COMPLEMENT FAC  ENTIRELY.
 6121 A:1e68  a5 a5                              lda FACSGN
 6122 A:1e6a  49 ff                              eor #255
 6123 A:1e6c  85 a5                              sta FACSGN
 6124 A:1e6e                           NEGFCH    
 6124 A:1e6e                                    ;COMPLEMENT JUST THE NUMBER.
 6125 A:1e6e  a5 a1                              lda FACHO
 6126 A:1e70  49 ff                              eor #255
 6127 A:1e72  85 a1                              sta FACHO

 6131 A:1e74  a5 a2                              lda FACMOH
 6132 A:1e76  49 ff                              eor #255
 6133 A:1e78  85 a2                              sta FACMOH

 6136 A:1e7a  a5 a3                              lda FACMO
 6137 A:1e7c  49 ff                              eor #255
 6138 A:1e7e  85 a3                              sta FACMO

 6140 A:1e80  a5 a4                              lda FACLO
 6141 A:1e82  49 ff                              eor #255
 6142 A:1e84  85 a4                              sta FACLO

 6144 A:1e86  a5 af                              lda FACOV
 6145 A:1e88  49 ff                              eor #255
 6146 A:1e8a  85 af                              sta FACOV
 6147 A:1e8c  e6 af                              inc FACOV
 6148 A:1e8e  d0 12                              bne INCFRT
 6149 A:1e90                           INCFAC    
 6149 A:1e90  e6 a4                              inc FACLO
 6150 A:1e92  d0 0e                              bne INCFRT
 6151 A:1e94  e6 a3                              inc FACMO
 6152 A:1e96  d0 0a                              bne INCFRT                ;IF NO CARRY, RETURN.

 6155 A:1e98  e6 a2                              inc FACMOH
 6156 A:1e9a  d0 06                              bne INCFRT

 6158 A:1e9c  e6 a1                              inc FACHO                ;CARRY INCREMENT.
 6159 A:1e9e                           INCFRT    
 6159 A:1e9e  60                                 rts 

 6161 A:1e9f                           OVERR     
 6161 A:1e9f  a2 0a                              ldx #10
 6162 A:1ea1  4c 43 0a                           jmp ERROR                ;TELL USER.
 6163 A:1ea4                                    ;
 6164 A:1ea4                                    ; "SHIFTR" SHIFTS [X+1:X+3] [-ACCA]  BITS RIGHT.
 6165 A:1ea4                                    ; SHIFTS BYTES TO START WITH IF POSSIBLE.
 6166 A:1ea4                                    ;
 6167 A:1ea4                           MULSHF    
 6167 A:1ea4  a2 64                              ldx #RESHO-1         ;ENTRY POINT FOR MULTIPLIER.
 6168 A:1ea6                           SHFTR2    
 6168 A:1ea6  b4 04                              ldy 3+1,X,     ;SHIFT BYTES FIRST.
 6169 A:1ea8  84 af                              sty FACOV

 6172 A:1eaa  b4 03                              ldy 3,X
 6173 A:1eac  94 04                              sty 4,X

 6175 A:1eae  b4 02                              ldy 2,X,           ;GET MO.
 6176 A:1eb0  94 03                              sty 3,X,           ;STORE LO.
 6177 A:1eb2  b4 01                              ldy 1,X,           ;GET HO.
 6178 A:1eb4  94 02                              sty 2,X,           ;STORE MO.
 6179 A:1eb6  a4 a7                              ldy BITS
 6180 A:1eb8  94 01                              sty 1,X,           ;STORE HO.
 6181 A:1eba                           SHIFTR    
 6181 A:1eba  69 08                              adc #8
 6182 A:1ebc  30 e8                              bmi SHFTR2
 6183 A:1ebe  f0 e6                              beq SHFTR2
 6184 A:1ec0  e9 08                              sbc #8             ;C CAN BE EITHER 1,0 AND IT WORKS.
 6185 A:1ec2  a8                                 tay 
 6186 A:1ec3  a5 af                              lda FACOV
 6187 A:1ec5  b0 18                              bcs SHFTRT                ;EQUIV TO BEQ HERE.

 6190 A:1ec7                           SHFTR3    
 6190 A:1ec7  16 01                              asl 1,X
 6191 A:1ec9  90 06                              bcc SHFTR4
 6192 A:1ecb  f6 01                              inc 1,X
 6193 A:1ecd                           SHFTR4    
 6193 A:1ecd  76 01                              ror 1,X
 6194 A:1ecf  76 01                              ror 1,X

 6206 A:1ed1                           ROLSHF    
 6206 A:1ed1                                    

 6209 A:1ed1  76 02                              ror 2,X
 6210 A:1ed3  76 03                              ror 3,X

 6212 A:1ed5  76 04                              ror 4,X

 6241 A:1ed7  6a                                 ror 

 6252 A:1ed8                           SHFTR7    
 6252 A:1ed8  c8                                 iny 
 6253 A:1ed9  d0 ec                              bne SHFTR3                ;$$$ ( MOST EXPENSIVE ! )
 6254 A:1edb                           SHFTRT    
 6254 A:1edb  18                                 clc                    ;CLEAR OUTPUT OF FACOV.
 6255 A:1edc  60                                 rts 
 6256 A:1edd                                    ; PAGE
 6257 A:1edd                                    ; SUBTTL NATURAL LOG FUNCTION.
 6258 A:1edd                                    ;
 6259 A:1edd                                    ; CALCULATION IS BY:
 6260 A:1edd                                    ; LN(F*2^N)=(N+LOG2(F))*LN(2)
 6261 A:1edd                                    ; AN APPROXIMATION POLYNOMIAL IS USED TO CALCULATE LOG2(F).
 6262 A:1edd                                    ;  CONSTANTS USED BY LOG:
 6263 A:1edd                           FONE      
 6263 A:1edd  81                                 .byt 129              ; 1.0
 6264 A:1ede  00                                 .byt 0
 6265 A:1edf  00                                 .byt 0
 6266 A:1ee0  00                                 .byt 0

 6268 A:1ee1  00                                 .byt 0

 6289 A:1ee2                           LOGCN2    
 6289 A:1ee2  03                                 .byt 3
 6290 A:1ee3  7f                                 .byt 127
 6291 A:1ee4  5e                                 .byt 94
 6292 A:1ee5  56                                 .byt 86
 6293 A:1ee6  cb                                 .byt 203
 6294 A:1ee7  79                                 .byt 121
 6295 A:1ee8  80                                 .byt 128
 6296 A:1ee9  13                                 .byt 19
 6297 A:1eea  9b                                 .byt 155
 6298 A:1eeb  0b                                 .byt 11
 6299 A:1eec  64                                 .byt 100
 6300 A:1eed  80                                 .byt 128
 6301 A:1eee  76                                 .byt 118
 6302 A:1eef  38                                 .byt 56
 6303 A:1ef0  93                                 .byt 147
 6304 A:1ef1  16                                 .byt 22
 6305 A:1ef2  82                                 .byt 130
 6306 A:1ef3  38                                 .byt 56
 6307 A:1ef4  aa                                 .byt 170
 6308 A:1ef5  3b                                 .byt 59
 6309 A:1ef6  20                                 .byt 32

 6311 A:1ef7                           SQRHLF    
 6311 A:1ef7  80                                 .byt 128              ; SQR(0.5)
 6312 A:1ef8  35                                 .byt 53
 6313 A:1ef9  04                                 .byt 4
 6314 A:1efa  f3                                 .byt 243

 6316 A:1efb  34                                 .byt 52

 6318 A:1efc                           SQRTWO    
 6318 A:1efc  81                                 .byt 129              ; SQR(2.0)
 6319 A:1efd  35                                 .byt 53
 6320 A:1efe  04                                 .byt 4
 6321 A:1eff  f3                                 .byt 243

 6323 A:1f00  34                                 .byt 52

 6325 A:1f01                           NEGHLF    
 6325 A:1f01  80                                 .byt 128              ; -1/2
 6326 A:1f02  80                                 .byt 128
 6327 A:1f03  00                                 .byt 0
 6328 A:1f04  00                                 .byt 0

 6330 A:1f05  00                                 .byt 0

 6332 A:1f06                           LOG2      
 6332 A:1f06  80                                 .byt 128              ; LN(2)
 6333 A:1f07  31                                 .byt 49
 6334 A:1f08  72                                 .byt 114

 6339 A:1f09  17                                 .byt 23
 6340 A:1f0a  f8                                 .byt 248

 6343 A:1f0b                           LOG       
 6343 A:1f0b  20 52 21                           jsr SIGN                ;IS IT POSITIVE?
 6344 A:1f0e  f0 06                              beq LOGERR
 6345 A:1f10  10 07                              bpl LOG1
 6346 A:1f12                           LOGERR    
 6346 A:1f12  4c 61 17                           jmp FCERR                ;CAN'T TOLERATE NEG OR ZERO.
 6347 A:1f15                           LOG1      
 6347 A:1f15  a5 a0                              lda FACEXP                ;GET EXPONENT INTO ACCA.
 6348 A:1f17  e9 7f                              sbc #127             ;REMOVE BIAS. (CARRY IS OFF)
 6349 A:1f19  48                                 pha                    ;SAVE AWHILE.
 6350 A:1f1a  a9 80                              lda #128
 6351 A:1f1c  85 a0                              sta FACEXP                ;RESULT IS FAC IN RANGE [0.5,1].
 6352 A:1f1e                                    ;GET POINTER TO SQR(0.5).
 6353 A:1f1e  a9 f7                              lda #SQRHLF&255
 6354 A:1f20  a0 1e                              ldy #SQRHLF/256

 6356 A:1f22                                    ; CALCULATE (F-SQR(.5))/(F+SQR(.5))

 6358 A:1f22  20 88 1d                           jsr FADD                ;ADD TO FAC.
 6359 A:1f25                                    ;GET SQR(2.).
 6360 A:1f25  a9 fc                              lda #SQRTWO&255
 6361 A:1f27  a0 1e                              ldy #SQRTWO/256
 6362 A:1f29  20 33 20                           jsr FDIV

 6364 A:1f2c  a9 dd                              lda #FONE&255
 6365 A:1f2e  a0 1e                              ldy #FONE/256
 6366 A:1f30  20 71 1d                           jsr FSUB

 6368 A:1f33  a9 e2                              lda #LOGCN2&255
 6369 A:1f35  a0 1e                              ldy #LOGCN2/256
 6370 A:1f37  20 28 25                           jsr POLYX                ;EVALUATE APPROXIMATION POLYNOMIAL.
 6371 A:1f3a                                    ;ADD IN LAST CONSTANT.
 6372 A:1f3a  a9 01                              lda #NEGHLF&255
 6373 A:1f3c  a0 1f                              ldy #NEGHLF/256
 6374 A:1f3e  20 88 1d                           jsr FADD
 6375 A:1f41  68                                 pla                    ;GET EXPONENT BACK.
 6376 A:1f42  20 a5 22                           jsr FINLOG                ;ADD IT IN.
 6377 A:1f45                           MULLN2    
 6377 A:1f45                                    ;MULTIPLY RESULT BY LOG(2.0).
 6378 A:1f45  a9 06                              lda #LOG2&255
 6379 A:1f47  a0 1f                              ldy #LOG2/256
 6380 A:1f49                                    ; JMP FMULT  ;MULTIPLY TOGETHER.
 6381 A:1f49                                    ; PAGE
 6382 A:1f49                                    ; SUBTTL FLOATING MULTIPLICATION AND DIVISION.
 6383 A:1f49                                    ;MULTIPLICATION  FAC:=ARG*FAC.
 6384 A:1f49                           FMULT     
 6384 A:1f49  20 ad 1f                           jsr CONUPK                ;UNPACK THE CONSTANT INTO ARG FOR USE.
 6385 A:1f4c                           FMULTT    
 6385 A:1f4c                                    ;IF FAC=0, RETURN. FAC IS SET.
 6386 A:1f4c  d0 03                              bne *+5
 6387 A:1f4e  4c ac 1f                           jmp MULTRT
 6388 A:1f51  20 d8 1f                           jsr MULDIV                ;FIX UP THE EXPONENTS.
 6389 A:1f54  a9 00                              lda #0             ;TO CLEAR RESULT.
 6390 A:1f56  85 65                              sta RESHO

 6393 A:1f58  85 66                              sta RESMOH

 6395 A:1f5a  85 67                              sta RESMO
 6396 A:1f5c  85 68                              sta RESLO
 6397 A:1f5e  a5 af                              lda FACOV
 6398 A:1f60  20 7a 1f                           jsr MLTPLY
 6399 A:1f63  a5 a4                              lda FACLO                ;MLTPLY ARG BY FACLO.
 6400 A:1f65  20 7a 1f                           jsr MLTPLY
 6401 A:1f68  a5 a3                              lda FACMO                ;MLTPLY ARG BY FACMO.
 6402 A:1f6a  20 7a 1f                           jsr MLTPLY

 6405 A:1f6d  a5 a2                              lda FACMOH
 6406 A:1f6f  20 7a 1f                           jsr MLTPLY

 6408 A:1f72  a5 a1                              lda FACHO                ;MLTPLY ARG BY FACHO.
 6409 A:1f74  20 7f 1f                           jsr MLTPL1
 6410 A:1f77  4c b3 20                           jmp MOVFR                ;MOVE RESULT INTO FAC,
 6411 A:1f7a                                    ;NORMALIZE RESULT, AND RETURN.
 6412 A:1f7a                           MLTPLY    
 6412 A:1f7a                                    ;SHIFT RESULT RIGHT 1 BYTE.
 6413 A:1f7a  d0 03                              bne *+5
 6414 A:1f7c  4c a4 1e                           jmp MULSHF
 6415 A:1f7f                           MLTPL1    
 6415 A:1f7f  4a                                 lsr 
 6416 A:1f80  09 80                              ora #128
 6417 A:1f82                           MLTPL2    
 6417 A:1f82  a8                                 tay 
 6418 A:1f83  90 1d                              bcc MLTPL3                ;IT MULT BIT=0, JUST SHIFT.
 6419 A:1f85  18                                 clc 
 6420 A:1f86  a5 68                              lda RESLO
 6421 A:1f88  65 ac                              adc ARGLO
 6422 A:1f8a  85 68                              sta RESLO
 6423 A:1f8c  a5 67                              lda RESMO
 6424 A:1f8e  65 ab                              adc ARGMO
 6425 A:1f90  85 67                              sta RESMO

 6428 A:1f92  a5 66                              lda RESMOH
 6429 A:1f94  65 aa                              adc ARGMOH
 6430 A:1f96  85 66                              sta RESMOH

 6432 A:1f98  a5 65                              lda RESHO
 6433 A:1f9a  65 a9                              adc ARGHO
 6434 A:1f9c  85 65                              sta RESHO
 6435 A:1f9e                           MLTPL3    
 6435 A:1f9e  66 65                              ror RESHO

 6438 A:1fa0  66 66                              ror RESMOH

 6440 A:1fa2  66 67                              ror RESMO
 6441 A:1fa4  66 68                              ror RESLO
 6442 A:1fa6  66 af                              ror FACOV                ;SAVE FOR ROUNDING.
 6443 A:1fa8  98                                 tya 
 6444 A:1fa9  4a                                 lsr                    ;CLEAR MSB SO WE GET A CLOSER TO 0.
 6445 A:1faa  d0 d6                              bne MLTPL2                ;SLOW AS A TURTLE !
 6446 A:1fac                           MULTRT    
 6446 A:1fac  60                                 rts 

 6448 A:1fad                                    ;ROUTINE TO UNPACK MEMORY INTO ARG.
 6449 A:1fad                           CONUPK    
 6449 A:1fad                                    
 6450 A:1fad  85 61                              sta INDEX1
 6451 A:1faf  84 62                              sty INDEX1+1
 6452 A:1fb1  a0 04                              ldy #3+1
 6453 A:1fb3  b1 61                              lda (INDEX1),Y
 6454 A:1fb5  85 ac                              sta ARGLO
 6455 A:1fb7  88                                 dey 
 6456 A:1fb8  b1 61                              lda (INDEX1),Y
 6457 A:1fba  85 ab                              sta ARGMO
 6458 A:1fbc  88                                 dey 

 6461 A:1fbd  b1 61                              lda (INDEX1),Y
 6462 A:1fbf  85 aa                              sta ARGMOH
 6463 A:1fc1  88                                 dey 

 6465 A:1fc2  b1 61                              lda (INDEX1),Y
 6466 A:1fc4  85 ad                              sta ARGSGN
 6467 A:1fc6  45 a5                              eor FACSGN
 6468 A:1fc8  85 ae                              sta ARISGN
 6469 A:1fca  a5 ad                              lda ARGSGN
 6470 A:1fcc  09 80                              ora #128
 6471 A:1fce  85 a9                              sta ARGHO
 6472 A:1fd0  88                                 dey 
 6473 A:1fd1  b1 61                              lda (INDEX1),Y
 6474 A:1fd3  85 a8                              sta ARGEXP
 6475 A:1fd5  a5 a0                              lda FACEXP                ;SET CODES OF FACEXP.
 6476 A:1fd7  60                                 rts 

 6478 A:1fd8                                    ;CHECK SPECIAL CASES AND ADD EXPONENTS FOR FMULT, FDIV.
 6479 A:1fd8                           MULDIV    
 6479 A:1fd8  a5 a8                              lda ARGEXP                ;EXP OF ARG=0?
 6480 A:1fda                           MLDEXP    
 6480 A:1fda  f0 26                              beq ZEREMV                ;SO WE GET ZERO EXPONENT.
 6481 A:1fdc  18                                 clc 
 6482 A:1fdd  65 a0                              adc FACEXP                ;RESULT IS IN ACCA.
 6483 A:1fdf  90 0b                              bcc TRYOFF                ;FIND [C] XOR [N].
 6484 A:1fe1  30 24                              bmi GOOVER                ;OVERFLOW IF BITS MATCH.
 6485 A:1fe3  18                                 clc 
 6486 A:1fe4  00 02 2c 00                        .word 512,44
 6487 A:1fe8                           TRYOFF    
 6487 A:1fe8  10 18                              bpl ZEREMV                ;UNDERFLOW.
 6488 A:1fea  69 80                              adc #128             ;ADD BIAS.
 6489 A:1fec  85 a0                              sta FACEXP
 6490 A:1fee                                    ;ZERO THE REST OF IT.
 6491 A:1fee  d0 03                              bne *+5
 6492 A:1ff0  4c 1c 1e                           jmp ZEROML
 6493 A:1ff3  a5 ae                              lda ARISGN
 6494 A:1ff5  85 a5                              sta FACSGN                ;ARISGN IS RESULT'S SIGN.
 6495 A:1ff7  60                                 rts                    ;DONE.
 6496 A:1ff8                           MLDVEX    
 6496 A:1ff8  a5 a5                              lda FACSGN                ;GET SIGN.
 6497 A:1ffa  49 ff                              eor #255             ;COMPLEMENT IT.
 6498 A:1ffc  30 09                              bmi GOOVER
 6499 A:1ffe                           ZEREMV    
 6499 A:1ffe  68                                 pla                    ;GET ADDR OFF STACK.
 6500 A:1fff  68                                 pla 
 6501 A:2000  4c 18 1e                           jmp ZEROFC                ;UNDERFLOW.
 6502 A:2003                           GOOVER    
 6502 A:2003  4c 9f 1e                           jmp OVERR                ;OVERFLOW.

 6504 A:2006                                    ;MULTIPLY FAC BY 10.
 6505 A:2006                           MUL10     
 6505 A:2006  20 33 21                           jsr MOVAF                ;COPY FAC INTO ARG.
 6506 A:2009  aa                                 tax 
 6507 A:200a  f0 14                              beq MUL10R                ;IF [FAC]=0, GOT ANSWER.
 6508 A:200c  18                                 clc 
 6509 A:200d  69 02                              adc #2             ;AUGMENT EXP BY 2.
 6510 A:200f  b0 f2                              bcs GOOVER                ;OVERFLOW.
 6511 A:2011                           FINML6    
 6511 A:2011  a2 00                              ldx #0
 6512 A:2013  86 ae                              stx ARISGN                ;SIGNS ARE SAME.
 6513 A:2015  20 98 1d                           jsr FADDC                ;ADD TOGETHER.
 6514 A:2018  e6 a0                              inc FACEXP                ;MULTIPLY BY TWO.
 6515 A:201a  f0 e7                              beq GOOVER                ;OVERFLOW.
 6516 A:201c                           MUL10R    
 6516 A:201c  60                                 rts 

 6518 A:201d                                    ; DIVIDE FAC BY 10.
 6519 A:201d                           TENZC     
 6519 A:201d  84                                 .byt 132
 6520 A:201e  20                                 .byt 32
 6521 A:201f  00                                 .byt 0
 6522 A:2020  00                                 .byt 0

 6524 A:2021  00                                 .byt 0

 6526 A:2022                           DIV10     
 6526 A:2022  20 33 21                           jsr MOVAF                ;MOVE FAC TO ARG.
 6527 A:2025                                    ;POINT TO CONSTANT OF 10.0
 6528 A:2025  a9 1d                              lda #TENZC&255
 6529 A:2027  a0 20                              ldy #TENZC/256
 6530 A:2029  a2 00                              ldx #0             ;SIGNS ARE BOTH POSITIVE.
 6531 A:202b                           FDIVF     
 6531 A:202b  86 ae                              stx ARISGN
 6532 A:202d  20 c6 20                           jsr MOVFM                ;PUT IT INTO FAC.
 6533 A:2030  4c 36 20                           jmp FDIVT                ;SKIP OVER NEXT TWO BYTES.
 6534 A:2033                           FDIV      
 6534 A:2033  20 ad 1f                           jsr CONUPK                ;UNPACK CONSTANT.
 6535 A:2036                           FDIVT     
 6535 A:2036  f0 7a                              beq DV0ERR                ;CAN'T DIVIDE BY ZERO !
 6536 A:2038                                    ;(NOT ENOUGH ROOM TO STORE RESULT.)
 6537 A:2038  20 42 21                           jsr ROUND                ;TAKE FACOV INTO ACCT IN FAC.
 6538 A:203b  a9 00                              lda #0             ;NEGATE FACEXP.
 6539 A:203d  38                                 sec 
 6540 A:203e  e5 a0                              sbc FACEXP
 6541 A:2040  85 a0                              sta FACEXP
 6542 A:2042  20 d8 1f                           jsr MULDIV                ;FIX UP EXPONENTS.
 6543 A:2045  e6 a0                              inc FACEXP                ;SCALE IT RIGHT.
 6544 A:2047  f0 ba                              beq GOOVER                ;OVERFLOW.
 6545 A:2049  a2 fc                              ldx #256-3-1 ;SETUP PROCEDURE.
 6546 A:204b  a9 01                              lda #1
 6547 A:204d                           DIVIDE    
 6547 A:204d                                    ;THIS IS THE BEST CODE IN THE WHOLE PILE.
 6548 A:204d  a4 a9                              ldy ARGHO                ;SEE WHAT RELATION HOLDS.
 6549 A:204f  c4 a1                              cpy FACHO
 6550 A:2051  d0 14                              bne SAVQUO                ;[C]=0,1. N(C=0)=0.

 6553 A:2053  a4 aa                              ldy ARGMOH
 6554 A:2055  c4 a2                              cpy FACMOH
 6555 A:2057  d0 0e                              bne SAVQUO

 6557 A:2059  a4 ab                              ldy ARGMO
 6558 A:205b  c4 a3                              cpy FACMO
 6559 A:205d  d0 08                              bne SAVQUO
 6560 A:205f  a4 ac                              ldy ARGLO
 6561 A:2061  c4 a4                              cpy FACLO
 6562 A:2063                           SAVQUO    
 6562 A:2063  08                                 php 
 6563 A:2064  2a                                 rol                    ;SAVE RESULT.
 6564 A:2065  90 0d                              bcc QSHFT                ;IF NOT DONE, CONTINUE.
 6565 A:2067  e8                                 inx 
 6566 A:2068  95 68                              sta RESLO,X
 6567 A:206a  f0 36                              beq LD100
 6568 A:206c  10 38                              bpl DIVNRM                ;NOTE THIS REQ 1 MO RAM THEN NECESS.
 6569 A:206e  a9 01                              lda #1
 6570 A:2070                           QSHFT     
 6570 A:2070  28                                 plp                    ;RETURN CONDITION CODES.
 6571 A:2071  b0 12                              bcs DIVSUB                ;FAC .LE. ARG.
 6572 A:2073                           SHFARG    
 6572 A:2073  06 ac                              asl ARGLO                ;SHIFT ARG ONE PLACE LEFT.
 6573 A:2075  26 ab                              rol ARGMO

 6576 A:2077  26 aa                              rol ARGMOH

 6578 A:2079  26 a9                              rol ARGHO
 6579 A:207b  b0 e6                              bcs SAVQUO                ;SAVE A RESULT OF ONE FOR THIS POSITION
 6580 A:207d                                    ;AND DIVIDE.
 6581 A:207d  30 ce                              bmi DIVIDE                ;IF MSB ON, GO DECIDE WHETHER TO SUB.
 6582 A:207f  10 e2                              bpl SAVQUO
 6583 A:2081                           DIVSUB    
 6583 A:2081  a8                                 tay                    ;NOTICE C MUST BE ON HERE.
 6584 A:2082  a5 ac                              lda ARGLO
 6585 A:2084  e5 a4                              sbc FACLO
 6586 A:2086  85 ac                              sta ARGLO
 6587 A:2088  a5 ab                              lda ARGMO
 6588 A:208a  e5 a3                              sbc FACMO
 6589 A:208c  85 ab                              sta ARGMO

 6592 A:208e  a5 aa                              lda ARGMOH
 6593 A:2090  e5 a2                              sbc FACMOH
 6594 A:2092  85 aa                              sta ARGMOH

 6596 A:2094  a5 a9                              lda ARGHO
 6597 A:2096  e5 a1                              sbc FACHO
 6598 A:2098  85 a9                              sta ARGHO
 6599 A:209a  98                                 tya 
 6600 A:209b  4c 73 20                           jmp SHFARG
 6601 A:209e                           LD100     
 6601 A:209e  a9 40                              lda #64             ;ONLY WANT TWO MORE BITS.
 6602 A:20a0  d0 ce                              bne QSHFT                ;ALWAYS BRANCHES.
 6603 A:20a2                           DIVNRM    
 6603 A:20a2  0a                                 asl                    ;GET LAST TWO BITS INTO MSB AND B6.
 6604 A:20a3  0a                                 asl 
 6605 A:20a4  0a                                 asl 
 6606 A:20a5  0a                                 asl 
 6607 A:20a6  0a                                 asl 
 6608 A:20a7  0a                                 asl 
 6609 A:20a8  85 af                              sta FACOV
 6610 A:20aa  28                                 plp                    ;TO GET GARBAGE OFF STACK.
 6611 A:20ab  4c b3 20                           jmp MOVFR                ;MOVE RESULT INTO FAC, THEN
 6612 A:20ae                                    ;NORMALIZE RESULT AND RETURN.
 6613 A:20ae                           DV0ERR    
 6613 A:20ae  a2 14                              ldx #20
 6614 A:20b0  4c 43 0a                           jmp ERROR
 6615 A:20b3                                    ; PAGE
 6616 A:20b3                                    ; SUBTTL FLOATING POINT MOVEMENT ROUTINES.
 6617 A:20b3                                    ;MOVE RESULT TO FAC.
 6618 A:20b3                           MOVFR     
 6618 A:20b3  a5 65                              lda RESHO
 6619 A:20b5  85 a1                              sta FACHO

 6622 A:20b7  a5 66                              lda RESMOH
 6623 A:20b9  85 a2                              sta FACMOH

 6625 A:20bb  a5 67                              lda RESMO
 6626 A:20bd  85 a3                              sta FACMO
 6627 A:20bf  a5 68                              lda RESLO                ;MOVE LO AND SGN.
 6628 A:20c1  85 a4                              sta FACLO
 6629 A:20c3  4c f8 1d                           jmp NORMAL                ;ALL DONE.

 6631 A:20c6                                    ;MOVE MEMORY INTO FAC (UNPACKED).
 6632 A:20c6                           MOVFM     
 6632 A:20c6                                    
 6633 A:20c6  85 61                              sta INDEX1
 6634 A:20c8  84 62                              sty INDEX1+1
 6635 A:20ca  a0 04                              ldy #3+1
 6636 A:20cc  b1 61                              lda (INDEX1),Y
 6637 A:20ce  85 a4                              sta FACLO
 6638 A:20d0  88                                 dey 
 6639 A:20d1  b1 61                              lda (INDEX1),Y
 6640 A:20d3  85 a3                              sta FACMO
 6641 A:20d5  88                                 dey 

 6644 A:20d6  b1 61                              lda (INDEX1),Y
 6645 A:20d8  85 a2                              sta FACMOH
 6646 A:20da  88                                 dey 

 6648 A:20db  b1 61                              lda (INDEX1),Y
 6649 A:20dd  85 a5                              sta FACSGN
 6650 A:20df  09 80                              ora #128
 6651 A:20e1  85 a1                              sta FACHO
 6652 A:20e3  88                                 dey 
 6653 A:20e4  b1 61                              lda (INDEX1),Y
 6654 A:20e6  85 a0                              sta FACEXP                ;LEAVE SWITCHES SET ON EXP.
 6655 A:20e8  84 af                              sty FACOV
 6656 A:20ea  60                                 rts 

 6658 A:20eb                                    ;MOVE NUMBER FROM FAC TO MEMORY.
 6659 A:20eb                           MOV2F     
 6659 A:20eb  a2 9b                              ldx #TEMPF2
 6660 A:20ed  00 02 2c 00                        .word 512,44
 6661 A:20f1                           MOV1F     
 6661 A:20f1  a2 96                              ldx #TEMPF1
 6662 A:20f3                           MOVML     
 6662 A:20f3  a0 00                              ldy #0
 6663 A:20f5  f0 08                              beq MOVMF                ;ALWAYS BRANCHES.
 6664 A:20f7                           MOVVF     
 6664 A:20f7                                    
 6665 A:20f7  a6 88                              ldx FORPNT
 6666 A:20f9  a4 89                              ldy FORPNT+1
 6667 A:20fb                           MOVMF     
 6667 A:20fb  20 42 21                           jsr ROUND

 6669 A:20fe  86 61                              stx INDEX1
 6670 A:2100  84 62                              sty INDEX1+1
 6671 A:2102  a0 04                              ldy #3+1
 6672 A:2104  a5 a4                              lda FACLO
 6673 A:2106  91 61                              sta (INDEX1),Y
 6674 A:2108  88                                 dey 
 6675 A:2109  a5 a3                              lda FACMO
 6676 A:210b  91 61                              sta (INDEX1),Y
 6677 A:210d  88                                 dey 

 6680 A:210e  a5 a2                              lda FACMOH
 6681 A:2110  91 61                              sta (INDEX1),Y
 6682 A:2112  88                                 dey 

 6684 A:2113  a5 a5                              lda FACSGN                ;INCLUDE SIGN IN HO.
 6685 A:2115  09 7f                              ora #127
 6686 A:2117  25 a1                              and FACHO
 6687 A:2119  91 61                              sta (INDEX1),Y
 6688 A:211b  88                                 dey 
 6689 A:211c  a5 a0                              lda FACEXP
 6690 A:211e  91 61                              sta (INDEX1),Y
 6691 A:2120  84 af                              sty FACOV                ;ZERO IT SINCE ROUNDED.
 6692 A:2122  60                                 rts                    ;[Y]=0.

 6694 A:2123                                    ;MOVE ARG INTO FAC.
 6695 A:2123                           MOVFA     
 6695 A:2123  a5 ad                              lda ARGSGN
 6696 A:2125                           MOVFA1    
 6696 A:2125  85 a5                              sta FACSGN
 6697 A:2127  a2 05                              ldx #4+1
 6698 A:2129                           MOVFAL    
 6698 A:2129  b5 a7                              lda ARGEXP-1,X
 6699 A:212b  95 9f                              sta FACEXP-1,X
 6700 A:212d  ca                                 dex 
 6701 A:212e  d0 f9                              bne MOVFAL
 6702 A:2130  86 af                              stx FACOV
 6703 A:2132  60                                 rts 

 6705 A:2133                                    ;MOVE FAC INTO ARG.
 6706 A:2133                           MOVAF     
 6706 A:2133  20 42 21                           jsr ROUND
 6707 A:2136                           MOVEF     
 6707 A:2136  a2 06                              ldx #5+1
 6708 A:2138                           MOVAFL    
 6708 A:2138  b5 9f                              lda FACEXP-1,X
 6709 A:213a  95 a7                              sta ARGEXP-1,X
 6710 A:213c  ca                                 dex 
 6711 A:213d  d0 f9                              bne MOVAFL
 6712 A:213f  86 af                              stx FACOV                ;ZERO IT SINCE ROUNDED.
 6713 A:2141                           MOVRTS    
 6713 A:2141  60                                 rts 

 6715 A:2142                           ROUND     
 6715 A:2142  a5 a0                              lda FACEXP                ;ZERO?
 6716 A:2144  f0 fb                              beq MOVRTS                ;YES. DONE ROUNDING.
 6717 A:2146  06 af                              asl FACOV                ;ROUND?
 6718 A:2148  90 f7                              bcc MOVRTS                ;NO. MSB OFF.
 6719 A:214a                           INCRND    
 6719 A:214a  20 90 1e                           jsr INCFAC                ;YES, ADD ONE TO LSB(FAC).
 6720 A:214d  d0 f2                              bne MOVRTS                ;NO CARRY MEANS DONE.
 6721 A:214f  4c 59 1e                           jmp RNDSHF                ;SQUEEZ MSB IN AND RTS.
 6722 A:2152                                    ;NOTE [C]=1 SINCE INCFAC DOESNT TOUCH C.
 6723 A:2152                                    ; PAGE
 6724 A:2152                                    ; SUBTTL SIGN, SGN, FLOAT, NEG, ABS.

 6726 A:2152                                    ;PUT SIGN OF FAC IN ACCA.
 6727 A:2152                           SIGN      
 6727 A:2152  a5 a0                              lda FACEXP
 6728 A:2154  f0 0d                              beq SIGNRT                ;IF NUMBER IS ZERO, SO IS RESULT.
 6729 A:2156                           FCSIGN    
 6729 A:2156  a5 a5                              lda FACSGN
 6730 A:2158                           FCOMPS    
 6730 A:2158  2a                                 rol 
 6731 A:2159  a9 ff                              lda #255             ;ASSUME NEGATIVE.
 6732 A:215b  b0 06                              bcs SIGNRT
 6733 A:215d  a9 01                              lda #1             ;GET +1.
 6734 A:215f                           SIGNRT    
 6734 A:215f  60                                 rts 

 6736 A:2160                                    ;SGN FUNCTION.
 6737 A:2160                           SGN       
 6737 A:2160  20 52 21                           jsr SIGN

 6739 A:2163                                    ;FLOAT THE SIGNED INTEGER IN ACCA.
 6740 A:2163                           FLOAT     
 6740 A:2163  85 a1                              sta FACHO                ;PUT [ACCA] IN HIGH ORDER.
 6741 A:2165  a9 00                              lda #0
 6742 A:2167  85 a2                              sta FACHO+1
 6743 A:2169  a2 88                              ldx #136             ;GET THE EXPONENT.

 6745 A:216b                                    ;FLOAT THE SIGNED NUMBER IN FAC.
 6746 A:216b                           FLOATS    
 6746 A:216b  a5 a1                              lda FACHO
 6747 A:216d  49 ff                              eor #255
 6748 A:216f  2a                                 rol                    ;GET COMP OF SIGN IN CARRY.
 6749 A:2170                           FLOATC    
 6749 A:2170  a9 00                              lda #0             ;ZERO [ACCA] BUT NOT CARRY.
 6750 A:2172  85 a4                              sta FACLO

 6753 A:2174  85 a3                              sta FACMO

 6755 A:2176                           FLOATB    
 6755 A:2176  86 a0                              stx FACEXP
 6756 A:2178  85 af                              sta FACOV
 6757 A:217a  85 a5                              sta FACSGN
 6758 A:217c  4c f3 1d                           jmp FADFLT

 6760 A:217f                                    ;ABSOLUTE VALUE OF FAC.
 6761 A:217f                           ABS       
 6761 A:217f  46 a5                              lsr FACSGN
 6762 A:2181  60                                 rts 

 6764 A:2182                                    ; PAGE
 6765 A:2182                                    ; SUBTTL COMPARE TWO NUMBERS.
 6766 A:2182                                    ;A=1 IF ARG .LT. FAC.
 6767 A:2182                                    ;A=0 IF ARG=FAC.
 6768 A:2182                                    ;A=-1 IF ARG .GT. FAC.
 6769 A:2182                           FCOMP     
 6769 A:2182  85 63                              sta INDEX2
 6770 A:2184                           FCOMPN    
 6770 A:2184  84 64                              sty INDEX2+1
 6771 A:2186  a0 00                              ldy #0
 6772 A:2188  b1 63                              lda (INDEX2),Y            ;HAS ARGEXP.
 6773 A:218a  c8                                 iny                    ;BUMP PNTR UP.
 6774 A:218b  aa                                 tax                    ;SAVE A IN X AND RESET CODES.
 6775 A:218c  f0 c4                              beq SIGN
 6776 A:218e  b1 63                              lda (INDEX2),Y
 6777 A:2190  45 a5                              eor FACSGN                ;SIGNS THE SAME.
 6778 A:2192  30 c2                              bmi FCSIGN                ;SIGNS DIFFER SO RESULT IS
 6779 A:2194                                    ;SIGN OF FAC AGAIN.
 6780 A:2194                           FOUTCP    
 6780 A:2194  e4 a0                              cpx FACEXP
 6781 A:2196  d0 25                              bne FCOMPC
 6782 A:2198  b1 63                              lda (INDEX2),Y
 6783 A:219a  09 80                              ora #128
 6784 A:219c  c5 a1                              cmp FACHO
 6785 A:219e  d0 1d                              bne FCOMPC
 6786 A:21a0  c8                                 iny 

 6789 A:21a1  b1 63                              lda (INDEX2),Y
 6790 A:21a3  c5 a2                              cmp FACMOH
 6791 A:21a5  d0 16                              bne FCOMPC
 6792 A:21a7  c8                                 iny 

 6794 A:21a8  b1 63                              lda (INDEX2),Y
 6795 A:21aa  c5 a3                              cmp FACMO
 6796 A:21ac  d0 0f                              bne FCOMPC
 6797 A:21ae  c8                                 iny 
 6798 A:21af  a9 7f                              lda #127
 6799 A:21b1  c5 af                              cmp FACOV
 6800 A:21b3  b1 63                              lda (INDEX2),Y
 6801 A:21b5  e5 a4                              sbc FACLO                ;GET ZERO IF EQUAL.
 6802 A:21b7  f0 2c                              beq QINTRT
 6803 A:21b9                           FCOMPC    
 6803 A:21b9  a5 a5                              lda FACSGN
 6804 A:21bb  90 06                              bcc FCOMPD
 6805 A:21bd  49 ff                              eor #255
 6806 A:21bf                           FCOMPD    
 6806 A:21bf  4c 58 21                           jmp FCOMPS                ;A PART OF SIGN SETS ACCA UP.

 6808 A:21c2                                    ; PAGE
 6809 A:21c2                                    ; SUBTTL GREATEST INTEGER FUNCTION.
 6810 A:21c2                                    ;QUICK GREATEST INTEGER FUNCTION.
 6811 A:21c2                                    ;LEAVES INT(FAC) IN FACHO&MO&LO SIGNED.
 6812 A:21c2                                    ;ASSUMES FAC .LT. 2^23 = 8388608
 6813 A:21c2                           QINT      
 6813 A:21c2  a5 a0                              lda FACEXP
 6814 A:21c4  f0 4e                              beq CLRFAC                ;IF ZERO, GOT IT.
 6815 A:21c6  38                                 sec 
 6816 A:21c7  e9 a0                              sbc #(8*1)+152;GET NUMBER OF PLACES TO SHIFT.
 6817 A:21c9  24 a5                              bit FACSGN
 6818 A:21cb  10 0d                              bpl QISHFT
 6819 A:21cd  aa                                 tax 
 6820 A:21ce  a9 ff                              lda #255
 6821 A:21d0  85 a7                              sta BITS                ;PUT 377 IN WHEN SHFTR SHIFTS BYTES.
 6822 A:21d2  20 6e 1e                           jsr NEGFCH                ;TRULY NEGATE QUANTITY IN FAC.
 6823 A:21d5  8a                                 txa 
 6824 A:21d6                           QISHFT    
 6824 A:21d6  a2 a0                              ldx #FAC
 6825 A:21d8  c9 f9                              cmp #256-7
 6826 A:21da  10 0a                              bpl QINT1                ;IF NUMBER OF PLACES .GE. 7
 6827 A:21dc                                    ;SHIFT 1 PLACE AT A TIME.
 6828 A:21dc  20 ba 1e                           jsr SHIFTR                ;START SHIFTING BYTES, THEN BITS.
 6829 A:21df  84 a7                              sty BITS                ;ZERO BITS SINCE ADDER WANTS ZERO.
 6830 A:21e1                           QINTRT    
 6830 A:21e1  60                                 rts 
 6831 A:21e2                           QINT1     
 6831 A:21e2  a8                                 tay                    ;PUT COUNT IN COUNTER.
 6832 A:21e3  a5 a5                              lda FACSGN
 6833 A:21e5  29 80                              and #128             ;GET SIGN BIT.
 6834 A:21e7  46 a1                              lsr FACHO                ;SAVE FIRST SHIFTED BYTE.
 6835 A:21e9  05 a1                              ora FACHO
 6836 A:21eb  85 a1                              sta FACHO
 6837 A:21ed  20 d1 1e                           jsr ROLSHF                ;SHIFT THE REST.
 6838 A:21f0  84 a7                              sty BITS                ;ZERO [BITS].
 6839 A:21f2  60                                 rts 

 6841 A:21f3                                    ;GREATEST INTEGER FUNCTION.
 6842 A:21f3                           INT       
 6842 A:21f3  a5 a0                              lda FACEXP
 6843 A:21f5  c9 a0                              cmp #(8*1)+152
 6844 A:21f7  b0 24                              bcs INTRTS                ;FORGET IT.
 6845 A:21f9  20 c2 21                           jsr QINT
 6846 A:21fc  84 af                              sty FACOV                ;CLR OVERFLOW BYTE.
 6847 A:21fe  a5 a5                              lda FACSGN
 6848 A:2200  84 a5                              sty FACSGN                ;MAKE FAC LOOK POSITIVE.
 6849 A:2202  49 80                              eor #128             ;GET COMPLEMENT OF SIGN IN CARRY.
 6850 A:2204  2a                                 rol 
 6851 A:2205  a9 a0                              lda #(8*1)+152
 6852 A:2207  85 a0                              sta FACEXP
 6853 A:2209  a5 a4                              lda FACLO
 6854 A:220b  85 0d                              sta CHARAC
 6855 A:220d  4c f3 1d                           jmp FADFLT
 6856 A:2210                           CLRFAC    
 6856 A:2210  85 a1                              sta FACHO                ;MAKE IT REALLY ZERO.

 6858 A:2212  85 a2                              sta FACMOH

 6860 A:2214  85 a3                              sta FACMO
 6861 A:2216  85 a4                              sta FACLO
 6862 A:2218  a8                                 tay 
 6863 A:2219                           INTRTS    
 6863 A:2219  60                                 rts 
 6864 A:221a                                    ; PAGE
 6865 A:221a                                    ; SUBTTL FLOATING POINT INPUT ROUTINE.
 6866 A:221a                                    ;NUMBER INPUT IS LEFT IN FAC.
 6867 A:221a                                    ;AT ENTRY [TXTPTR] POINTS TO THE FIRST CHARACTER IN A TEXT BUFFER.
 6868 A:221a                                    ;THE FIRST CHARACTER IS ALSO IN ACCA. FIN PACKS THE DIGITS
 6869 A:221a                                    ;INTO THE FAC AS AN INTEGER AND KEEPS TRACK OF WHERE THE
 6870 A:221a                                    ;DECIMAL POINT IS. [DPTFLG] TELL WHETHER A DP HAS BEEN
 6871 A:221a                                    ;SEEN. [DECCNT] IS THE NUMBER OF DIGITS AFTER THE DP.
 6872 A:221a                                    ;AT THE END [DECCNT] AND THE EXPONENT ARE USED TO
 6873 A:221a                                    ;DETERMINE HOW MANY TIMES TO MULTIPLY OR DIVIDE BY TEN
 6874 A:221a                                    ;TO GET THE CORRECT NUMBER.
 6875 A:221a                           FIN       
 6875 A:221a  a0 00                              ldy #0             ;ZERO FACSGN&SGNFLG.
 6876 A:221c  a2 0a                              ldx #9+1       ;ZERO EXP AND HO (AND MOH).
 6877 A:221e                           FINZLP    
 6877 A:221e  94 9c                              sty LOWDS,X              ;ZERO MO AND LO.
 6878 A:2220  ca                                 dex                    ;ZERO TENEXP AND EXPSGN
 6879 A:2221  10 fb                              bpl FINZLP                ;ZERO DECCNT, DPTFLG.
 6880 A:2223  90 13                              bcc FINDGQ                ;FLAGS STILL SET FROM CHRGET.
 6881 A:2225  c9 2d                              cmp #"-"             ;A NEGATIVE SIGN?
 6882 A:2227  d0 08                              bne QPLUS                ;NO, TRY PLUS SIGN.
 6883 A:2229  86 a6                              stx SGNFLG                ;IT'S NEGATIVE. (X=377).
 6884 A:222b  f0 08                              beq FINC                ;ALWAYS BRANCHES.
 6885 A:222d                           QPLUS     
 6885 A:222d  c9 2b                              cmp #"+"             ;PLUS SIGN?
 6886 A:222f  d0 09                              bne FIN1                ;YES, SKIP IT.
 6887 A:2231                           FINC      
 6887 A:2231  20 b2 00                           jsr CHRGET
 6888 A:2234                           FINDGQ    
 6888 A:2234  90 5f                              bcc FINDIG
 6889 A:2236                           FIN1      
 6889 A:2236  c9 2a                              cmp #"*"             ;THE DP?
 6890 A:2238  f0 32                              beq FINDP                ;NO KIDDING.
 6891 A:223a  c9 45                              cmp #"E"             ;EXPONENT FOLLOWS.
 6892 A:223c  d0 34                              bne FINE                ;NO.
 6893 A:223e                                    ;HERE TO CHECK FOR SIGN OF EXP.
 6894 A:223e  20 b2 00                           jsr CHRGET                ;YES. GET ANOTHER.
 6895 A:2241  90 1b                              bcc FNEDG1                ;IT IS A DIGIT. (EASIER THAN
 6896 A:2243                                    ;BACKING UP POINTER.)
 6897 A:2243  c9 81                              cmp #129             ;MINUS?
 6898 A:2245  f0 12                              beq FINEC1                ;NEGATE.
 6899 A:2247  c9 2d                              cmp #"-"             ;MINUS SIGN?
 6900 A:2249  f0 0e                              beq FINEC1
 6901 A:224b  c9 81                              cmp #129             ;PLUS?
 6902 A:224d  f0 0c                              beq FINEC
 6903 A:224f  c9 2b                              cmp #"+"             ;PLUS SIGN?
 6904 A:2251  f0 08                              beq FINEC
 6905 A:2253  d0 0b                              bne FINEC2
 6906 A:2255                           FINEC1    
 6906 A:2255  66 9f                              ror LOWTR+1          ;TURN IT ON.
 6907 A:2257                           FINEC     
 6907 A:2257  20 b2 00                           jsr CHRGET                ;GET ANOTHER.
 6908 A:225a                           FNEDG1    
 6908 A:225a  90 60                              bcc FINEDG                ;IT IS A DIGIT.
 6909 A:225c                           FINEC2    
 6909 A:225c  24 9f                              bit LOWTR+1
 6910 A:225e  10 12                              bpl FINE
 6911 A:2260  a9 00                              lda #0
 6912 A:2262  38                                 sec 
 6913 A:2263  e5 9d                              sbc LOWDS+1
 6914 A:2265  4c 70 22                           jmp FINE1
 6915 A:2268                           FINDP     
 6915 A:2268  66 9e                              ror LOWTR
 6916 A:226a  24 9e                              bit LOWTR
 6917 A:226c  50 c3                              bvc FINC
 6918 A:226e                           FINE      
 6918 A:226e  a5 9d                              lda LOWDS+1
 6919 A:2270                           FINE1     
 6919 A:2270  38                                 sec 
 6920 A:2271  e5 9c                              sbc LOWDS                ;GET NUMBER OF PLACES TO SHIFT.
 6921 A:2273  85 9d                              sta LOWDS+1
 6922 A:2275  f0 16                              beq FINQNG                ;NEGATE?
 6923 A:2277  10 0d                              bpl FINMUL                ;POSITIVE SO MULTIPLY.
 6924 A:2279                           FINDIV    
 6924 A:2279  20 22 20                           jsr DIV10
 6925 A:227c  e6 9d                              inc LOWDS+1          ;DONE?
 6926 A:227e  d0 f9                              bne FINDIV                ;NO.
 6927 A:2280  f0 0b                              beq FINQNG                ;YES.
 6928 A:2282                           FINMUL    
 6928 A:2282  20 06 20                           jsr MUL10
 6929 A:2285  c6 9d                              dec LOWDS+1          ;DONE?
 6930 A:2287  d0 f9                              bne FINMUL                ;NO
 6931 A:2289                           FINQNG    
 6931 A:2289  a5 a6                              lda SGNFLG
 6932 A:228b  30 05                              bmi NEGXQS                ;IF POSITIVE, RETURN.
 6933 A:228d  60                                 rts 
 6934 A:228e                           NEGXQS    
 6934 A:228e  4c 9c 24                           jmp NEGOP                ;OTHERWISE, NEGATE AND RETURN.

 6936 A:2291                           FINDIG    
 6936 A:2291  48                                 pha 
 6937 A:2292  24 9e                              bit LOWTR
 6938 A:2294  10 06                              bpl FINDG1
 6939 A:2296  e6 9c                              inc LOWDS
 6940 A:2298                           FINDG1    
 6940 A:2298  20 06 20                           jsr MUL10
 6941 A:229b  68                                 pla                    ;GET IT BACK.
 6942 A:229c  38                                 sec 
 6943 A:229d  e9 30                              sbc #"0"
 6944 A:229f  20 a5 22                           jsr FINLOG                ;ADD IT IN.
 6945 A:22a2  4c 31 22                           jmp FINC

 6947 A:22a5                           FINLOG    
 6947 A:22a5  48                                 pha 
 6948 A:22a6  20 33 21                           jsr MOVAF                ;SAVE FAC FOR LATER.
 6949 A:22a9  68                                 pla 
 6950 A:22aa  20 63 21                           jsr FLOAT                ;FLOAT THE VALUE IN ACCA.
 6951 A:22ad  a5 ad                              lda ARGSGN
 6952 A:22af  45 a5                              eor FACSGN
 6953 A:22b1  85 ae                              sta ARISGN                ;RESULTANT SIGN.
 6954 A:22b3  a6 a0                              ldx FACEXP                ;SET SIGNS ON THING TO ADD.
 6955 A:22b5  4c 8b 1d                           jmp FADDT                ;ADD TOGETHER AND RETURN.

 6957 A:22b8                                    ;HERE PACK IN THE NEXT DIGIT OF THE EXPONENT.
 6958 A:22b8                                    ;MULTIPLY THE OLD EXP BY 10 AND ADD IN THE NEXT
 6959 A:22b8                                    ;DIGIT. NOTE: EXP OVERFLOW IS NOT CHECKED FOR.
 6960 A:22b8                           FINEDG    
 6960 A:22b8  a5 9d                              lda LOWDS+1          ;GET EXP SO FAR.
 6961 A:22ba  c9 0a                              cmp #10             ;WILL RESULT BE .GE. 100?
 6962 A:22bc  90 0d                              bcc MLEX10
 6963 A:22be  a9 64                              lda #100             ;GET 100.
 6964 A:22c0  24 9f                              bit LOWTR+1
 6965 A:22c2  30 15                              bmi MLEXMI                ;IF NEG EXP, NO CHK FOR OVERR.
 6966 A:22c4  4c 9f 1e                           jmp OVERR
 6967 A:22c7                           MLEX10    
 6967 A:22c7  0a                                 asl                    ;MULT BY 2 TWICE
 6968 A:22c8  0a                                 asl 
 6969 A:22c9  18                                 clc                    ;POSSIBLE SHIFT OUT OF HIGH.
 6970 A:22ca  65 9d                              adc LOWDS+1          ;LIKE MULTIPLYING BY FIVE.
 6971 A:22cc  0a                                 asl                    ;AND NOW BY TEN.
 6972 A:22cd  18                                 clc 
 6973 A:22ce  a0 00                              ldy #0
 6974 A:22d0  71 b9                              adc (CHRGOT+1),Y
 6975 A:22d2  38                                 sec 
 6976 A:22d3  e9 30                              sbc #"0"
 6977 A:22d5                           MLEXMI    
 6977 A:22d5  85 9d                              sta LOWDS+1          ;SAVE RESULT.
 6978 A:22d7  4c 57 22                           jmp FINEC
 6979 A:22da                                    ; PAGE
 6980 A:22da                                    ; SUBTTL FLOATING POINT OUTPUT ROUTINE.

 6999 A:22da                           NZ0999    
 6999 A:22da  9b                                 .byt 155
 7000 A:22db  3e                                 .byt 62
 7001 A:22dc  bc                                 .byt 188
 7002 A:22dd  1f                                 .byt 31
 7003 A:22de  fd                                 .byt 253
 7004 A:22df                           NZ9999    
 7004 A:22df  9e                                 .byt 158
 7005 A:22e0  6e                                 .byt 110
 7006 A:22e1  6b                                 .byt 107
 7007 A:22e2  27                                 .byt 39
 7008 A:22e3  fd                                 .byt 253
 7009 A:22e4                           NZMIL     
 7009 A:22e4  9e                                 .byt 158
 7010 A:22e5  6e                                 .byt 110
 7011 A:22e6  6b                                 .byt 107
 7012 A:22e7  28                                 .byt 40
 7013 A:22e8  00                                 .byt 0

 7015 A:22e9                                    ;ENTRY TO LINPRT.
 7016 A:22e9                           INPRT     
 7016 A:22e9                                    
 7017 A:22e9  a9 82                              lda #INTXT&255
 7018 A:22eb  a0 09                              ldy #INTXT/256
 7019 A:22ed  20 01 23                           jsr STROU2
 7020 A:22f0  a5 79                              lda CURLIN+1
 7021 A:22f2  a6 78                              ldx CURLIN
 7022 A:22f4                           LINPRT    
 7022 A:22f4                                    
 7023 A:22f4  85 a1                              sta FACHO
 7024 A:22f6  86 a2                              stx FACHO+1
 7025 A:22f8  a2 90                              ldx #144             ;EXPONENT OF 16.
 7026 A:22fa  38                                 sec                    ;NUMBER IS POSITIVE.
 7027 A:22fb  20 70 21                           jsr FLOATC
 7028 A:22fe  20 04 23                           jsr FOUT
 7029 A:2301                           STROU2    
 7029 A:2301  4c 06 11                           jmp STROUT                ;PRINT AND RETURN.

 7031 A:2304                           FOUT      
 7031 A:2304  a0 01                              ldy #1
 7032 A:2306                           FOUTC     
 7032 A:2306  a9 20                              lda #" "             ;PRINT SPACE IF POSITIVE.
 7033 A:2308  24 a5                              bit FACSGN
 7034 A:230a  10 06                              bpl FOUT1
 7035 A:230c  a9 2d                              lda #"-"
 7036 A:230e                           FOUT1     
 7036 A:230e  99 ff 00                           sta FBUFFR-1,Y,       ;STORE THE CHARACTER.
 7037 A:2311  85 a5                              sta FACSGN                ;MAKE FAC POS FOR QINT.
 7038 A:2313  84 b0                              sty FBUFPT                ;SAVE FOR LATER.
 7039 A:2315  c8                                 iny 
 7040 A:2316  a9 30                              lda #"0"             ;GET ZERO TO TYPE IF FAC=0.
 7041 A:2318  a6 a0                              ldx FACEXP

 7043 A:231a  d0 03                              bne *+5
 7044 A:231c  4c 23 24                           jmp FOUT19
 7045 A:231f  a9 00                              lda #0
 7046 A:2321  e0 80                              cpx #128             ;IS NUMBER .LT. 1.0 ?
 7047 A:2323  f0 06                              beq FOUT37                ;NO.
 7048 A:2325  b0 0d                              bcs FOUT7
 7049 A:2327                           FOUT37    
 7049 A:2327                                    ;MULTIPLY BY 10^6.
 7050 A:2327  a9 e4                              lda #NZMIL&255
 7051 A:2329  a0 22                              ldy #NZMIL/256
 7052 A:232b  20 49 1f                           jsr FMULT
 7053 A:232e  a9 f7                              lda #((256-3)*1)-6
 7054 A:2330                           FOUT7     
 7054 A:2330  85 9c                              sta LOWDS                ;SAVE COUNT OR ZERO IT.
 7055 A:2332                           FOUT4     
 7055 A:2332                                    
 7056 A:2332  a9 df                              lda #NZ9999&255
 7057 A:2334  a0 22                              ldy #NZ9999/256
 7058 A:2336  20 82 21                           jsr FCOMP                ;IS NUMBER .GT. 999999.499 ?
 7059 A:2339                                    ;OR 999999999.499?
 7060 A:2339  f0 22                              beq BIGGES
 7061 A:233b  10 16                              bpl FOUT9                ;YES. MAKE IT SMALLER.
 7062 A:233d                           FOUT3     
 7062 A:233d                                    
 7063 A:233d  a9 da                              lda #NZ0999&255
 7064 A:233f  a0 22                              ldy #NZ0999/256
 7065 A:2341  20 82 21                           jsr FCOMP                ;IS NUMBER .GT. 99999.9499 ?
 7066 A:2344                                    ; OR 99999999.9499?
 7067 A:2344  f0 06                              beq FOUT38
 7068 A:2346  10 12                              bpl FOUT5                ;YES. DONE MULTIPLYING.
 7069 A:2348                           FOUT38    
 7069 A:2348  20 06 20                           jsr MUL10                ;MAKE IT BIGGER.
 7070 A:234b  c6 9c                              dec LOWDS
 7071 A:234d  d0 ee                              bne FOUT3                ;SEE IF THAT DOES IT.
 7072 A:234f                                    ;THIS ALWAYS GOES.
 7073 A:234f                           FOUT9     
 7073 A:234f  20 22 20                           jsr DIV10                ;MAKE IT SMALLER.
 7074 A:2352  e6 9c                              inc LOWDS
 7075 A:2354  d0 dc                              bne FOUT4                ;SEE IF THAT DOES IT.
 7076 A:2356                                    ;THIS ALWAYS GOES.

 7078 A:2356                           FOUT5     
 7078 A:2356  20 6a 1d                           jsr FADDH                ;ADD A HALF TO ROUND UP.
 7079 A:2359                           BIGGES    
 7079 A:2359  20 c2 21                           jsr QINT
 7080 A:235c  a2 01                              ldx #1             ;DECIMAL POINT COUNT.
 7081 A:235e  a5 9c                              lda LOWDS
 7082 A:2360  18                                 clc 
 7083 A:2361  69 0a                              adc #(3*1)+7;SHOULD NUMBER BE PRINTED IN E NOTATION?
 7084 A:2363                                    ;IE, IS NUMBER .LT. .01 ?
 7085 A:2363  30 0d                              bmi FOUTPI                ;YES.
 7086 A:2365  c9 0b                              cmp #(3*1)+8;IS IT .GT. 999999 (999999999)?
 7087 A:2367  b0 0a                              bcs FOUT6                ;YES. USE E NOTATION.
 7088 A:2369  69 ff                              adc #255             ;NUMBER OF PLACES BEFORE DECIMAL POINT.
 7089 A:236b  aa                                 tax                    ;PUT INTO ACCX.
 7090 A:236c  a9 02                              lda #2             ;NO E NOTATION.
 7091 A:236e                           FOUTPI    
 7091 A:236e  38                                 sec 
 7092 A:236f                           FOUT6     
 7092 A:236f  e9 02                              sbc #2             ;EFFECTIVELY ADD 5 TO ORIG EXP.
 7093 A:2371  85 9d                              sta LOWDS+1          ;THAT IS THE EXPONENT TO PRINT.
 7094 A:2373  86 9c                              stx LOWDS                ;NUMBER OF DECIMAL PLACES.
 7095 A:2375  8a                                 txa 
 7096 A:2376  f0 06                              beq FOUT39
 7097 A:2378  10 17                              bpl FOUT8                ;SOME PLACES BEFORE DEC PNT.
 7098 A:237a                           FOUT39    
 7098 A:237a  a4 b0                              ldy FBUFPT                ;GET POINTER TO OUTPUT.
 7099 A:237c  a9 2a                              lda #"*"             ;PUT IN "."
 7100 A:237e  c8                                 iny 
 7101 A:237f  99 ff 00                           sta FBUFFR-1,Y
 7102 A:2382  8a                                 txa 
 7103 A:2383  f0 0a                              beq FOUT16
 7104 A:2385  a9 30                              lda #"0"             ;GET THE ENSUING ZERO.
 7105 A:2387  c8                                 iny 
 7106 A:2388  99 ff 00                           sta FBUFFR-1,Y
 7107 A:238b                           FOUT16    
 7107 A:238b  84 b0                              sty FBUFPT                ;SAVE FOR LATER.
 7108 A:238d                           FOUT8     
 7108 A:238d  a0 00                              ldy #0
 7109 A:238f                           FOUTIM    
 7109 A:238f  a2 80                              ldx #128             ;FIRST PASS THRU, ACCX HAS MSB SET.
 7110 A:2391                           FOUT2     
 7110 A:2391  a5 a4                              lda FACLO
 7111 A:2393  18                                 clc 
 7112 A:2394  79 38 24                           adc FOUTBL+2+1,Y
 7113 A:2397  85 a4                              sta FACLO
 7114 A:2399  a5 a3                              lda FACMO
 7115 A:239b  79 37 24                           adc FOUTBL+1+1,Y
 7116 A:239e  85 a3                              sta FACMO

 7119 A:23a0  a5 a2                              lda FACMOH
 7120 A:23a2  79 36 24                           adc FOUTBL+1,Y
 7121 A:23a5  85 a2                              sta FACMOH

 7123 A:23a7  a5 a1                              lda FACHO
 7124 A:23a9  79 35 24                           adc FOUTBL,Y
 7125 A:23ac  85 a1                              sta FACHO
 7126 A:23ae  e8                                 inx                    ;IT WAS DONE YET ANOTHER TIME.
 7127 A:23af  b0 08                              bcs FOUT41
 7128 A:23b1  10 de                              bpl FOUT2
 7129 A:23b3  30 06                              bmi FOUT40
 7130 A:23b5                           FOUT41    
 7130 A:23b5  30 da                              bmi FOUT2
 7131 A:23b7                           FOUT40    
 7131 A:23b7  8a                                 txa 
 7132 A:23b8  90 08                              bcc FOUTYP                ;CAN USE ACCA AS IS.
 7133 A:23ba  49 ff                              eor #255             ;FIND 11.-[A].
 7134 A:23bc  69 0a                              adc #10             ;C IS STILL ON TO COMPLETE NEGATION.
 7135 A:23be                                    ;AND WILL ALWAYS BE ON AFTER.
 7136 A:23be                           FOUTYP    
 7136 A:23be  69 2f                              adc #"0"-1       ;GET A CHARACTER TO PRINT.
 7137 A:23c0                                    ; REPEAT 3+ADDPRC ignored
 7138 A:23c0  84 86                              sty VARPNT
 7139 A:23c2  a4 b0                              ldy FBUFPT
 7140 A:23c4  c8                                 iny                    ;POINT TO PLACE TO STORE OUTPUT.
 7141 A:23c5  aa                                 tax 
 7142 A:23c6  29 7f                              and #127             ;GET RID OF MSB.
 7143 A:23c8  99 ff 00                           sta FBUFFR-1,Y
 7144 A:23cb  c6 9c                              dec LOWDS
 7145 A:23cd  d0 0a                              bne STXBUF                ;NOT TIME FOR DP YET.
 7146 A:23cf  a9 2a                              lda #"*"
 7147 A:23d1  c8                                 iny 
 7148 A:23d2  99 ff 00                           sta FBUFFR-1,Y,       ;STORE DP.
 7149 A:23d5                           STXBUF    
 7149 A:23d5  84 b0                              sty FBUFPT                ;STORE PNTR FOR LATER.
 7150 A:23d7  a4 86                              ldy VARPNT
 7151 A:23d9                           FOUTCM    
 7151 A:23d9  8a                                 txa                    ;COMPLEMENT ACCX
 7152 A:23da  49 ff                              eor #255             ;COMPLEMENT ACCA.
 7153 A:23dc  29 80                              and #128             ;SAVE ONLY MSB.
 7154 A:23de  aa                                 tax 
 7155 A:23df  c0 24                              cpy #FDCEND-FOUTBL

 7161 A:23e1  d0 ae                              bne FOUT2                ;CONTINUE WITH OUTPUT.
 7162 A:23e3                           FOULDY    
 7162 A:23e3  a4 b0                              ldy FBUFPT                ;GET BACK OUTPUT PNTR.
 7163 A:23e5                           FOUT11    
 7163 A:23e5  b9 ff 00                           lda FBUFFR-1,Y,       ;REMOVE TRAILING ZEROES.
 7164 A:23e8  88                                 dey 
 7165 A:23e9  c9 30                              cmp #"0"
 7166 A:23eb  f0 f8                              beq FOUT11
 7167 A:23ed  c9 2a                              cmp #"*"
 7168 A:23ef  f0 05                              beq FOUT12                ;RUN INTO DP. STOP.
 7169 A:23f1  c8                                 iny                    ;SOMETHING ELSE. SAVE IT.
 7170 A:23f2                           FOUT12    
 7170 A:23f2  a9 2b                              lda #"+"
 7171 A:23f4  a6 9d                              ldx LOWDS+1
 7172 A:23f6  f0 32                              beq FOUT17                ;NO EXPONENT TO OUTPUT.
 7173 A:23f8  10 0c                              bpl FOUT14
 7174 A:23fa  a9 00                              lda #0
 7175 A:23fc  38                                 sec 
 7176 A:23fd  e5 9d                              sbc LOWDS+1
 7177 A:23ff  aa                                 tax 
 7178 A:2400  a9 2d                              lda #"-"             ;EXPONENT IS NEGATIVE.
 7179 A:2402                           FOUT14    
 7179 A:2402  99 01 01                           sta FBUFFR-1+2,Y, ;STORE SIGN OF EXP
 7180 A:2405  a9 45                              lda #"E"
 7181 A:2407  99 00 01                           sta FBUFFR-1+1,Y, ;STORE THE "E" CHARACTER.
 7182 A:240a  8a                                 txa 
 7183 A:240b  a2 2f                              ldx #"0"-1
 7184 A:240d  38                                 sec 
 7185 A:240e                           FOUT15    
 7185 A:240e  e8                                 inx                    ;MOVE CLOSER TO OUTPUT VALUE.
 7186 A:240f  e9 0a                              sbc #10             ;SUBTRACT 10.
 7187 A:2411  b0 fb                              bcs FOUT15                ;NOT NEGATIVE YET.
 7188 A:2413  69 3a                              adc #"0"+10       ;GET SECOND OUTPUT CHARACTER.
 7189 A:2415  99 03 01                           sta FBUFFR-1+4,Y, ;STORE HIGH DIGIT.
 7190 A:2418  8a                                 txa 
 7191 A:2419  99 02 01                           sta FBUFFR-1+3,Y, ;STORE LOW DIGIT.
 7192 A:241c  a9 00                              lda #0             ;PUT IN TERMINATOR.
 7193 A:241e  99 04 01                           sta FBUFFR-1+5,Y,
 7194 A:2421  f0 0c                              beq FOUT20                ;RETURN. (ALWAYS BRANCHES).
 7195 A:2423                           FOUT19    
 7195 A:2423  99 ff 00                           sta FBUFFR-1,Y,       ;STORE THE CHARACTER.
 7196 A:2426                           FOUT17    
 7196 A:2426  a9 00                              lda #0             ;A TERMINATOR.
 7197 A:2428  99 00 01                           sta FBUFFR-1+1,Y
 7198 A:242b                           FOUT20    
 7198 A:242b                                    
 7199 A:242b  a9 00                              lda #FBUFFR&255
 7200 A:242d  a0 01                              ldy #FBUFFR/256
 7201 A:242f                           FPWRRT    
 7201 A:242f  60                                 rts                    ;ALL DONE.
 7202 A:2430                           FHALF     
 7202 A:2430  80                                 .byt 128              ;1/2
 7203 A:2431  00                                 .byt 0
 7204 A:2432                           ZERO      
 7204 A:2432  00                                 .byt 0
 7205 A:2433  00                                 .byt 0

 7207 A:2434  00                                 .byt 0

 7210 A:2435                                    ;POWER OF TEN TABLE

 7235 A:2435                           FOUTBL    
 7235 A:2435  fa                                 .byt 250
 7236 A:2436  0a                                 .byt 10
 7237 A:2437  1f                                 .byt 31
 7238 A:2438  00                                 .byt 0
 7239 A:2439  00                                 .byt 0
 7240 A:243a  98                                 .byt 152
 7241 A:243b  96                                 .byt 150
 7242 A:243c  80                                 .byt 128
 7243 A:243d  ff                                 .byt 255
 7244 A:243e  f0                                 .byt 240
 7245 A:243f  bd                                 .byt 189
 7246 A:2440  c0                                 .byt 192
 7247 A:2441  00                                 .byt 0
 7248 A:2442  01                                 .byt 1
 7249 A:2443  86                                 .byt 134
 7250 A:2444  a0                                 .byt 160
 7251 A:2445  ff                                 .byt 255
 7252 A:2446  ff                                 .byt 255
 7253 A:2447  d8                                 .byt 216
 7254 A:2448  f0                                 .byt 240
 7255 A:2449  00                                 .byt 0
 7256 A:244a  00                                 .byt 0
 7257 A:244b  03                                 .byt 3
 7258 A:244c  e8                                 .byt 232
 7259 A:244d  ff                                 .byt 255
 7260 A:244e  ff                                 .byt 255
 7261 A:244f  ff                                 .byt 255
 7262 A:2450  9c                                 .byt 156
 7263 A:2451  00                                 .byt 0
 7264 A:2452  00                                 .byt 0
 7265 A:2453  00                                 .byt 0
 7266 A:2454  0a                                 .byt 10
 7267 A:2455  ff                                 .byt 255
 7268 A:2456  ff                                 .byt 255
 7269 A:2457  ff                                 .byt 255
 7270 A:2458  ff                                 .byt 255

 7272 A:2459                           FDCEND    
 7272 A:2459                                    

 7302 A:2459                                    ; PAGE
 7303 A:2459                                    ; SUBTTL EXPONENTIATION AND SQUARE ROOT FUNCTION.
 7304 A:2459                                    ;SQUARE ROOT FUNCTION --- SQR(A)
 7305 A:2459                                    ;USE SQR(X)=X^.5
 7306 A:2459                           SQR       
 7306 A:2459  20 33 21                           jsr MOVAF                ;MOVE FAC INTO ARG.

 7308 A:245c  a9 30                              lda #FHALF&255
 7309 A:245e  a0 24                              ldy #FHALF/256
 7310 A:2460  20 c6 20                           jsr MOVFM                ;PUT MEMORY INTO FAC.
 7311 A:2463                                    ;LAST THING FETCHED IS FACEXP. INTO ACCX.
 7312 A:2463                                    ; JMP FPWRT  ;FALL INTO FPWRT.

 7314 A:2463                                    ;EXPONENTIATION ---  X^Y.
 7315 A:2463                                    ;N.B.  0^0=1
 7316 A:2463                                    ;FIRST CHECK IF Y=0. IF SO, THE RESULT IS 1.
 7317 A:2463                                    ;NEXT CHECK IF X=0. IF SO THE RESULT IS 0.
 7318 A:2463                                    ;THEN CHECK IF X.GT.0. IF NOT CHECK THAT Y IS AN INTEGER.
 7319 A:2463                                    ;IF SO, NEGATE X, SO THAT LOG DOESN'T GIVE FCERR.
 7320 A:2463                                    ;IF X IS NEGATIVE AND Y IS ODD, NEGATE THE RESULT
 7321 A:2463                                    ;RETURNED BY EXP.
 7322 A:2463                                    ;TO COMPUTE THE RESULT USE X^Y=EXP((Y*LOG(X)).
 7323 A:2463                           FPWRT     
 7323 A:2463  f0 74                              beq EXP                ;IF FAC=0, JUST EXPONENTIATE THAT.
 7324 A:2465  a5 a8                              lda ARGEXP                ;IS X=0?
 7325 A:2467  d0 07                              bne FPWRT1
 7326 A:2469  4c 1a 1e                           jmp ZEROF1                ;ZERO FAC.
 7327 A:246c                           FPWRT1    
 7327 A:246c                                    ;SAVE FOR LATER IN A TEMP.
 7328 A:246c  a2 8d                              ldx #DEFPNT&255
 7329 A:246e  a0 00                              ldy #DEFPNT/256
 7330 A:2470  20 fb 20                           jsr MOVMF
 7331 A:2473                                    ;Y=0 ALREADY. GOOD IN CASE NO ONE CALLS INT.
 7332 A:2473  a5 ad                              lda ARGSGN
 7333 A:2475  10 13                              bpl FPWR1                ;NO PROBLEMS IF X.GT.0.
 7334 A:2477  20 f3 21                           jsr INT                ;INTEGERIZE THE FAC.
 7335 A:247a                                    ;GET ADDR OF COMPERAND.
 7336 A:247a  a9 8d                              lda #DEFPNT&255
 7337 A:247c  a0 00                              ldy #DEFPNT/256
 7338 A:247e  20 82 21                           jsr FCOMP                ;EQUAL?
 7339 A:2481  d0 07                              bne FPWR1                ;LEAVE X NEG. LOG WILL BLOW HIM OUT.
 7340 A:2483                                    ;A=-1 AND Y IS IRRELEVANT.
 7341 A:2483  98                                 tya                    ;NEGATE X. MAKE POSITIVE.
 7342 A:2484  a4 0d                              ldy CHARAC                ;GET EVENNESS.
 7343 A:2486                           FPWR1     
 7343 A:2486  20 25 21                           jsr MOVFA1                ;ALTERNATE ENTRY POINT.
 7344 A:2489  98                                 tya 
 7345 A:248a  48                                 pha                    ;SAVE EVENNESS FOR LATER.
 7346 A:248b  20 0b 1f                           jsr LOG                ;FIND LOG.
 7347 A:248e                                    ;MULTIPLY FAC TIMES LOG(X).
 7348 A:248e  a9 8d                              lda #DEFPNT&255
 7349 A:2490  a0 00                              ldy #DEFPNT/256
 7350 A:2492  20 49 1f                           jsr FMULT
 7351 A:2495  20 d5 24                           jsr EXP                ;EXPONENTIATE THE FAC.
 7352 A:2498  68                                 pla 
 7353 A:2499  4a                                 lsr                    ;IS IT EVEN?
 7354 A:249a  90 0e                              bcc NEGRTS                ;YES. OR X.GT.0.
 7355 A:249c                                    ;NEGATE THE NUMBER IN FAC.
 7356 A:249c                           NEGOP     
 7356 A:249c  a5 a0                              lda FACEXP
 7357 A:249e  f0 0a                              beq NEGRTS

 7359 A:24a0  a5 a5                              lda FACSGN
 7360 A:24a2  49 ff                              eor #255
 7361 A:24a4  85 a5                              sta FACSGN
 7362 A:24a6                           NEGRTS    
 7362 A:24a6  60                                 rts 

 7364 A:24a7                                    ; PAGE
 7365 A:24a7                                    ; SUBTTL EXPONENTIATION FUNCTION.
 7366 A:24a7                                    ;FIRST SAVE THE ORIGINAL ARGUMENT AND MULTIPLY THE FAC BY
 7367 A:24a7                                    ;LOG2(E). THE RESULT IS USED TO DETERMINE IF OVERFLOW
 7368 A:24a7                                    ;WILL OCCUR SINCE EXP(X)=2^(X*LOG2(E)) WHERE
 7369 A:24a7                                    ;LOG2(E)=LOG(E) BASE 2. THEN SAVE THE INTEGER PART OF
 7370 A:24a7                                    ;THIS TO SCALE THE ANSWER AT THE END. SINCE
 7371 A:24a7                                    ;2^Y=2^INT(Y)*2^(Y-INT(Y)) AND 2^INT(Y) IS EASY TO COMPUTE.
 7372 A:24a7                                    ;NOW COMPUTE 2^(X*LOG2(E)-INT(X*LOG2(E)) BY
 7373 A:24a7                                    ;P(LN(2)*(INT(X*LOG2(E))+1)-X) WHERE P IS AN APPROXIMATION
 7374 A:24a7                                    ;POLYNOMIAL. THE RESULT IS THEN SCALED BY THE POWER OF 2
 7375 A:24a7                                    ;PREVIOUSLY SAVED.

 7377 A:24a7                           LOGEB2    
 7377 A:24a7  81                                 .byt 129              ;LOG(E) BASE 2.
 7378 A:24a8  38                                 .byt 56
 7379 A:24a9  aa                                 .byt 170
 7380 A:24aa  3b                                 .byt 59

 7382 A:24ab  29                                 .byt 41

 7421 A:24ac                           EXPCON    
 7421 A:24ac  07                                 .byt 7
 7422 A:24ad  71                                 .byt 113
 7423 A:24ae  34                                 .byt 52
 7424 A:24af  58                                 .byt 88
 7425 A:24b0  3e                                 .byt 62
 7426 A:24b1  56                                 .byt 86
 7427 A:24b2  74                                 .byt 116
 7428 A:24b3  16                                 .byt 22
 7429 A:24b4  7e                                 .byt 126
 7430 A:24b5  b3                                 .byt 179
 7431 A:24b6  1b                                 .byt 27
 7432 A:24b7  77                                 .byt 119
 7433 A:24b8  2f                                 .byt 47
 7434 A:24b9  ee                                 .byt 238
 7435 A:24ba  e3                                 .byt 227
 7436 A:24bb  85                                 .byt 133
 7437 A:24bc  7a                                 .byt 122
 7438 A:24bd  1d                                 .byt 29
 7439 A:24be  84                                 .byt 132
 7440 A:24bf  1c                                 .byt 28
 7441 A:24c0  2a                                 .byt 42
 7442 A:24c1  7c                                 .byt 124
 7443 A:24c2  63                                 .byt 99
 7444 A:24c3  59                                 .byt 89
 7445 A:24c4  58                                 .byt 88
 7446 A:24c5  0a                                 .byt 10
 7447 A:24c6  7e                                 .byt 126
 7448 A:24c7  75                                 .byt 117
 7449 A:24c8  fd                                 .byt 253
 7450 A:24c9  e7                                 .byt 231
 7451 A:24ca  c6                                 .byt 198
 7452 A:24cb  80                                 .byt 128
 7453 A:24cc  31                                 .byt 49
 7454 A:24cd  72                                 .byt 114
 7455 A:24ce  18                                 .byt 24
 7456 A:24cf  10                                 .byt 16
 7457 A:24d0  81                                 .byt 129
 7458 A:24d1  00                                 .byt 0
 7459 A:24d2  00                                 .byt 0
 7460 A:24d3  00                                 .byt 0
 7461 A:24d4  00                                 .byt 0

 7464 A:24d5                           EXP       
 7464 A:24d5                                    
 7465 A:24d5                                    ;MULTIPLY BY LOG(E) BASE 2.
 7466 A:24d5  a9 a7                              lda #LOGEB2&255
 7467 A:24d7  a0 24                              ldy #LOGEB2/256
 7468 A:24d9  20 49 1f                           jsr FMULT
 7469 A:24dc  a5 af                              lda FACOV
 7470 A:24de  69 50                              adc #80
 7471 A:24e0  90 07                              bcc STOLD
 7472 A:24e2  20 4a 21                           jsr INCRND
 7473 A:24e5                           STOLD     
 7473 A:24e5  85 95                              sta JMPER+2
 7474 A:24e7  20 36 21                           jsr MOVEF                ;TO SAVE IN ARG WITHOUT ROUND.
 7475 A:24ea  a5 a0                              lda FACEXP
 7476 A:24ec  c9 88                              cmp #136             ;IF ABS(FAC) .GE. 128, TOO BIG.
 7477 A:24ee  90 07                              bcc EXP1
 7478 A:24f0                           GOMLDV    
 7478 A:24f0  20 f8 1f                           jsr MLDVEX                ;OVERFLOW OR OVERFLOW.
 7479 A:24f3                           EXP1      
 7479 A:24f3  20 f3 21                           jsr INT
 7480 A:24f6  a5 0d                              lda CHARAC                ;GET LOW PART.
 7481 A:24f8  18                                 clc 
 7482 A:24f9  69 81                              adc #129
 7483 A:24fb  f0 f3                              beq GOMLDV                ;OVERFLOW OR OVERFLOW !!
 7484 A:24fd  38                                 sec 
 7485 A:24fe  e9 01                              sbc #1             ;SUBTRACT 1.
 7486 A:2500  48                                 pha                    ;SAVE A WHILE.
 7487 A:2501  a2 05                              ldx #4+1       ;PREP TO SWAP FAC AND ARG.
 7488 A:2503                           SWAPLP    
 7488 A:2503  b5 a8                              lda ARGEXP,X
 7489 A:2505  b4 a0                              ldy FACEXP,X
 7490 A:2507  95 a0                              sta FACEXP,X
 7491 A:2509  94 a8                              sty ARGEXP,X
 7492 A:250b  ca                                 dex 
 7493 A:250c  10 f5                              bpl SWAPLP
 7494 A:250e  a5 95                              lda JMPER+2
 7495 A:2510  85 af                              sta FACOV
 7496 A:2512  20 74 1d                           jsr FSUBT
 7497 A:2515  20 9c 24                           jsr NEGOP                ;NEGATE FAC.

 7499 A:2518  a9 ac                              lda #EXPCON&255
 7500 A:251a  a0 24                              ldy #EXPCON/256
 7501 A:251c  20 3e 25                           jsr POLY
 7502 A:251f                                    ;MULTIPLY BY POSITIVE 1.0.
 7503 A:251f  a9 00                              lda #0
 7504 A:2521  85 ae                              sta ARISGN
 7505 A:2523  68                                 pla                    ;GET SCALE FACTOR.
 7506 A:2524  20 da 1f                           jsr MLDEXP                ;MODIFY FACEXP AND CHECK FOR OVERFLOW.
 7507 A:2527  60                                 rts                    ;HAS TO DO JSR DUE TO PULAS IN MULDIV.

 7510 A:2528                                    ; PAGE
 7511 A:2528                                    ; SUBTTL POLYNOMIAL EVALUATOR AND THE RANDOM NUMBER GENERATOR.
 7512 A:2528                                    ;EVALUATE P(X^2)*X
 7513 A:2528                                    ;POINTER TO DEGREE IS IN [Y,A].
 7514 A:2528                                    ;THE CONSTANTS FOLLOW THE DEGREE.
 7515 A:2528                                    ;FOR X=FAC, COMPUTE:
 7516 A:2528                                    ; C0*X+C1*X^3+C2*X^5+C3*X^7+...+C(N)*X^(2*N+1)
 7517 A:2528                           POLYX     
 7517 A:2528                                    ;RETAIN POLYNOMIAL POINTER FOR LATER.
 7518 A:2528  85 b0                              sta FBUFPT
 7519 A:252a  84 b1                              sty FBUFPT+1
 7520 A:252c  20 f1 20                           jsr MOV1F                ;SAVE FAC IN FACTMP.
 7521 A:252f  a9 96                              lda #TEMPF1
 7522 A:2531  20 49 1f                           jsr FMULT                ;COMPUTE X^2.
 7523 A:2534  20 42 25                           jsr POLY1                ;COMPUTE P(X^2).

 7525 A:2537  a9 96                              lda #TEMPF1&255
 7526 A:2539  a0 00                              ldy #TEMPF1/256
 7527 A:253b  4c 49 1f                           jmp FMULT                ;MULTIPLY BY FAC AGAIN.

 7529 A:253e                                    ;POLYNOMIAL EVALUATOR.
 7530 A:253e                                    ;POINTER TO DEGREE IS IN [Y,A].
 7531 A:253e                                    ;COMPUTE:
 7532 A:253e                                    ; C0+C1*X+C2*X^2+C3*X^3+C4*X^4+...+C(N-1)*X^(N-1)+C(N)*X^N.
 7533 A:253e                           POLY      
 7533 A:253e                                    
 7534 A:253e  85 b0                              sta FBUFPT
 7535 A:2540  84 b1                              sty FBUFPT+1
 7536 A:2542                           POLY1     
 7536 A:2542  20 eb 20                           jsr MOV2F                ;SAVE FAC.
 7537 A:2545  b1 b0                              lda (FBUFPT),Y
 7538 A:2547  85 a6                              sta SGNFLG
 7539 A:2549  a4 b0                              ldy FBUFPT
 7540 A:254b  c8                                 iny 
 7541 A:254c  98                                 tya 
 7542 A:254d  d0 06                              bne POLY3
 7543 A:254f  e6 b1                              inc FBUFPT+1
 7544 A:2551                           POLY3     
 7544 A:2551  85 b0                              sta FBUFPT
 7545 A:2553  a4 b1                              ldy FBUFPT+1
 7546 A:2555                           POLY2     
 7546 A:2555  20 49 1f                           jsr FMULT
 7547 A:2558                                    ;GET CURRENT POINTER.
 7548 A:2558  a5 b0                              lda FBUFPT
 7549 A:255a  a4 b1                              ldy FBUFPT+1
 7550 A:255c  18                                 clc 
 7551 A:255d  69 05                              adc #4+1
 7552 A:255f  90 05                              bcc POLY4
 7553 A:2561  c8                                 iny 
 7554 A:2562                           POLY4     
 7554 A:2562                                    
 7555 A:2562  85 b0                              sta FBUFPT
 7556 A:2564  84 b1                              sty FBUFPT+1
 7557 A:2566  20 88 1d                           jsr FADD                ;ADD IN CONSTANT.
 7558 A:2569                                    ;MULTIPLY THE ORIGINAL FAC.
 7559 A:2569  a9 9b                              lda #TEMPF2&255
 7560 A:256b  a0 00                              ldy #TEMPF2/256
 7561 A:256d  c6 a6                              dec SGNFLG                ;DONE?
 7562 A:256f  d0 e4                              bne POLY2
 7563 A:2571                           RANDRT    
 7563 A:2571  60                                 rts                    ;YES.

 7565 A:2572                                    ;PSUEDO-RANDOM NUMBER GENERATOR.
 7566 A:2572                                    ;IF ARG=0, THE LAST RANDOM NUMBER GENERATED IS RETURNED.
 7567 A:2572                                    ;IF ARG .LT. 0, A NEW SEQUENCE OF RANDOM NUMBERS IS
 7568 A:2572                                    ;STARTED USING THE ARGUMENT.
 7569 A:2572                                    ;   TO FORM THE NEXT RANDOM NUMBER IN THE SEQUENCE,
 7570 A:2572                                    ;MULTIPLY THE PREVIOUS RANDOM NUMBER BY A RANDOM CONSTANT
 7571 A:2572                                    ;AND ADD IN ANOTHER RANDOM CONSTANT. THE THEN HO
 7572 A:2572                                    ;AND LO BYTES ARE SWITCHED, THE EXPONENT IS PUT WHERE
 7573 A:2572                                    ;IT WILL BE SHIFTED IN BY NORMAL, AND THE EXPONENT IN THE FAC
 7574 A:2572                                    ;IS SET TO 200 SO THE RESULT WILL BE LESS THAN 1. THIS
 7575 A:2572                                    ;IS THEN NORMALIZED AND SAVED FOR THE NEXT TIME.
 7576 A:2572                                    ;THE HO AND LOW BYTES WERE SWITCHED SO THERE WILL BE A
 7577 A:2572                                    ;RANDOM CHANCE OF GETTING A NUMBER LESS THAN OR GREATER
 7578 A:2572                                    ;THAN .5 .

 7580 A:2572                           RMULZC    
 7580 A:2572  98                                 .byt 152
 7581 A:2573  35                                 .byt 53
 7582 A:2574  44                                 .byt 68
 7583 A:2575  7a                                 .byt 122
 7584 A:2576                           RADDZC    
 7584 A:2576  68                                 .byt 104
 7585 A:2577  28                                 .byt 40
 7586 A:2578  b1                                 .byt 177
 7587 A:2579  46                                 .byt 70

 7589 A:257a                           RND       
 7589 A:257a  20 52 21                           jsr SIGN                ;GET SIGN INTO ACCX.

 7592 A:257d  aa                                 tax 

 7594 A:257e  30 1c                              bmi RND1                ;START NEW SEQUENCE IF NEGATIVE.

 7612 A:2580                           QSETNR    
 7612 A:2580                                    ;GET LAST ONE INTO FAC.
 7613 A:2580  a9 ca                              lda #RNDX&255
 7614 A:2582  a0 00                              ldy #RNDX/256
 7615 A:2584  20 c6 20                           jsr MOVFM

 7618 A:2587  8a                                 txa 
 7619 A:2588  f0 e7                              beq RANDRT

 7621 A:258a                                    ;MULTIPLY BY RANDOM CONSTANT.
 7622 A:258a  a9 72                              lda #RMULZC&255
 7623 A:258c  a0 25                              ldy #RMULZC/256
 7624 A:258e  20 49 1f                           jsr FMULT

 7626 A:2591  a9 76                              lda #RADDZC&255
 7627 A:2593  a0 25                              ldy #RADDZC/256
 7628 A:2595  20 88 1d                           jsr FADD                ;ADD RANDOM CONSTANT.
 7629 A:2598                           RND1      
 7629 A:2598  a6 a4                              ldx FACLO
 7630 A:259a  a5 a1                              lda FACHO
 7631 A:259c  85 a4                              sta FACLO
 7632 A:259e  86 a1                              stx FACHO                ;REVERSE HO AND LO.

 7640 A:25a0                           STRNEX    
 7640 A:25a0                                    ;MAKE NUMBER POSITIVE.
 7641 A:25a0  a9 00                              lda #0
 7642 A:25a2  85 a5                              sta FACSGN
 7643 A:25a4  a5 a0                              lda FACEXP                ;PUT EXP WHERE IT WILL
 7644 A:25a6  85 af                              sta FACOV                ;BE SHIFTED IN BY NORMAL.
 7645 A:25a8  a9 80                              lda #128
 7646 A:25aa  85 a0                              sta FACEXP                ;MAKE RESULT BETWEEN 0 AND 1.
 7647 A:25ac  20 f8 1d                           jsr NORMAL                ;NORMALIZE.

 7649 A:25af  a2 ca                              ldx #RNDX&255
 7650 A:25b1  a0 00                              ldy #RNDX/256
 7651 A:25b3                           GMOVMF    
 7651 A:25b3  4c fb 20                           jmp MOVMF                ;PUT NEW ONE INTO MEMORY.

 7653 A:25b6                                    ; PAGE
 7654 A:25b6                                    ; SUBTTL SINE, COSINE AND TANGENT FUNCTIONS.

 7659 A:25b6                           COS       
 7659 A:25b6                                    
 7660 A:25b6  a9 32                              lda #PI2&255
 7661 A:25b8  a0 26                              ldy #PI2/256
 7662 A:25ba  20 88 1d                           jsr FADD

 7675 A:25bd                           SIN       
 7675 A:25bd  20 33 21                           jsr MOVAF

 7677 A:25c0  a9 37                              lda #TWOPI&255
 7678 A:25c2  a0 26                              ldy #TWOPI/256
 7679 A:25c4  a6 ad                              ldx ARGSGN
 7680 A:25c6  20 2b 20                           jsr FDIVF
 7681 A:25c9  20 33 21                           jsr MOVAF
 7682 A:25cc  20 f3 21                           jsr INT

 7684 A:25cf  a9 00                              lda #0
 7685 A:25d1  85 ae                              sta ARISGN
 7686 A:25d3  20 74 1d                           jsr FSUBT

 7688 A:25d6  a9 3c                              lda #FR4&255
 7689 A:25d8  a0 26                              ldy #FR4/256
 7690 A:25da  20 71 1d                           jsr FSUB
 7691 A:25dd  a5 a5                              lda FACSGN
 7692 A:25df  48                                 pha 
 7693 A:25e0  10 11                              bpl SIN1
 7694 A:25e2  20 6a 1d                           jsr FADDH
 7695 A:25e5  a5 a5                              lda FACSGN
 7696 A:25e7  30 0d                              bmi SIN2

 7698 A:25e9  a5 16                              lda TANSGN
 7699 A:25eb  49 ff                              eor #255
 7700 A:25ed  85 16                              sta TANSGN
 7701 A:25ef                           SIN1      
 7701 A:25ef  20 9c 24                           jsr NEGOP
 7702 A:25f2                           SIN2      
 7702 A:25f2                                    
 7703 A:25f2  a9 3c                              lda #FR4&255
 7704 A:25f4  a0 26                              ldy #FR4/256
 7705 A:25f6  20 88 1d                           jsr FADD
 7706 A:25f9  68                                 pla 
 7707 A:25fa  10 07                              bpl SIN3
 7708 A:25fc  20 9c 24                           jsr NEGOP
 7709 A:25ff                           SIN3      
 7709 A:25ff                                    
 7710 A:25ff  a9 41                              lda #SINCON&255
 7711 A:2601  a0 26                              ldy #SINCON/256
 7712 A:2603                           GPOLYX    
 7712 A:2603  4c 28 25                           jmp POLYX

 7716 A:2606                           TAN       
 7716 A:2606  20 f1 20                           jsr MOV1F

 7718 A:2609  a9 00                              lda #0
 7719 A:260b  85 16                              sta TANSGN
 7720 A:260d  20 bd 25                           jsr SIN

 7722 A:2610  a2 8d                              ldx #DEFPNT&255
 7723 A:2612  a0 00                              ldy #DEFPNT/256
 7724 A:2614  20 b3 25                           jsr GMOVMF

 7726 A:2617  a9 96                              lda #TEMPF1&255
 7727 A:2619  a0 00                              ldy #TEMPF1/256
 7728 A:261b  20 c6 20                           jsr MOVFM

 7730 A:261e  a9 00                              lda #0
 7731 A:2620  85 a5                              sta FACSGN
 7732 A:2622  a5 16                              lda TANSGN
 7733 A:2624  20 2e 26                           jsr COSC

 7735 A:2627  a9 8d                              lda #DEFPNT&255
 7736 A:2629  a0 00                              ldy #DEFPNT/256
 7737 A:262b                           GFDIV     
 7737 A:262b  4c 33 20                           jmp FDIV
 7738 A:262e                           COSC      
 7738 A:262e  48                                 pha 
 7739 A:262f  4c ef 25                           jmp SIN1

 7741 A:2632                           PI2       
 7741 A:2632  81                                 .byt 129
 7742 A:2633  49                                 .byt 73
 7743 A:2634  0f                                 .byt 15
 7744 A:2635  da                                 .byt 219-1

 7746 A:2636  a2                                 .byt 162

 7748 A:2637                           TWOPI     
 7748 A:2637  83                                 .byt 131
 7749 A:2638  49                                 .byt 73
 7750 A:2639  0f                                 .byt 15
 7751 A:263a  da                                 .byt 219-1

 7753 A:263b  a2                                 .byt 162

 7755 A:263c                           FR4       
 7755 A:263c  7f                                 .byt 127
 7756 A:263d  00                                 .byt 0
 7757 A:263e  00                                 .byt 0
 7758 A:263f  00                                 .byt 0

 7760 A:2640  00                                 .byt 0

 7788 A:2641                           SINCON    
 7788 A:2641  05                                 .byt 5
 7789 A:2642  84                                 .byt 132
 7790 A:2643  e6                                 .byt 230
 7791 A:2644  1a                                 .byt 26
 7792 A:2645  2d                                 .byt 45
 7793 A:2646  1b                                 .byt 27
 7794 A:2647  86                                 .byt 134
 7795 A:2648  28                                 .byt 40
 7796 A:2649  07                                 .byt 7
 7797 A:264a  fb                                 .byt 251
 7798 A:264b  f8                                 .byt 248
 7799 A:264c  87                                 .byt 135
 7800 A:264d  99                                 .byt 153
 7801 A:264e  68                                 .byt 104
 7802 A:264f  89                                 .byt 137
 7803 A:2650  01                                 .byt 1
 7804 A:2651  87                                 .byt 135
 7805 A:2652  23                                 .byt 35
 7806 A:2653  35                                 .byt 53
 7807 A:2654  df                                 .byt 223
 7808 A:2655  e1                                 .byt 225
 7809 A:2656  86                                 .byt 134
 7810 A:2657  a5                                 .byt 165
 7811 A:2658  5d                                 .byt 93
 7812 A:2659  e7                                 .byt 231
 7813 A:265a  28                                 .byt 40
 7814 A:265b  83                                 .byt 131
 7815 A:265c  49                                 .byt 73
 7816 A:265d  0f                                 .byt 15
 7817 A:265e  da                                 .byt 218
 7818 A:265f  a2                                 .byt 162
 7819 A:2660  a1                                 .byt 161
 7820 A:2661  54                                 .byt 84
 7821 A:2662  46                                 .byt 70
 7822 A:2663  8f                                 .byt 143
 7823 A:2664  13                                 .byt 19
 7824 A:2665  8f                                 .byt 143
 7825 A:2666  52                                 .byt 82
 7826 A:2667  43                                 .byt 67
 7827 A:2668  89                                 .byt 137
 7828 A:2669  cd                                 .byt 205

 7830 A:266a                                    ; PAGE
 7831 A:266a                                    ; SUBTTL ARCTANGENT FUNCTION.

 7834 A:266a                           ATN       
 7834 A:266a  a5 a5                              lda FACSGN
 7835 A:266c  48                                 pha 
 7836 A:266d  10 07                              bpl ATN1
 7837 A:266f  20 9c 24                           jsr NEGOP

 7839 A:2672                           ATN1      
 7839 A:2672  a5 a0                              lda FACEXP
 7840 A:2674  48                                 pha 
 7841 A:2675  c9 81                              cmp #129
 7842 A:2677  90 0b                              bcc ATN2

 7844 A:2679  a9 dd                              lda #FONE&255
 7845 A:267b  a0 1e                              ldy #FONE/256
 7846 A:267d  20 33 20                           jsr FDIV

 7848 A:2680                           ATN2      
 7848 A:2680                                    
 7849 A:2680  a9 9a                              lda #ATNCON&255
 7850 A:2682  a0 26                              ldy #ATNCON/256
 7851 A:2684  20 28 25                           jsr POLYX
 7852 A:2687  68                                 pla 
 7853 A:2688  c9 81                              cmp #129
 7854 A:268a  90 0b                              bcc ATN3

 7856 A:268c  a9 32                              lda #PI2&255
 7857 A:268e  a0 26                              ldy #PI2/256
 7858 A:2690  20 71 1d                           jsr FSUB
 7859 A:2693                           ATN3      
 7859 A:2693  68                                 pla 
 7860 A:2694  10 07                              bpl ATN4
 7861 A:2696  4c 9c 24                           jmp NEGOP
 7862 A:2699                           ATN4      
 7862 A:2699  60                                 rts 

 7907 A:269a                           ATNCON    
 7907 A:269a  0b                                 .byt 11
 7908 A:269b  76                                 .byt 118
 7909 A:269c  b3                                 .byt 179
 7910 A:269d  83                                 .byt 131
 7911 A:269e  bd                                 .byt 189
 7912 A:269f  d3                                 .byt 211
 7913 A:26a0  79                                 .byt 121
 7914 A:26a1  1e                                 .byt 30
 7915 A:26a2  f4                                 .byt 244
 7916 A:26a3  a6                                 .byt 166
 7917 A:26a4  f5                                 .byt 245
 7918 A:26a5  7b                                 .byt 123
 7919 A:26a6  83                                 .byt 131
 7920 A:26a7  fc                                 .byt 252
 7921 A:26a8  b0                                 .byt 176
 7922 A:26a9  10                                 .byt 16
 7923 A:26aa  7c                                 .byt 124
 7924 A:26ab  0c                                 .byt 12
 7925 A:26ac  1f                                 .byt 31
 7926 A:26ad  67                                 .byt 103
 7927 A:26ae  ca                                 .byt 202
 7928 A:26af  7c                                 .byt 124
 7929 A:26b0  de                                 .byt 222
 7930 A:26b1  53                                 .byt 83
 7931 A:26b2  cb                                 .byt 203
 7932 A:26b3  c1                                 .byt 193
 7933 A:26b4  7d                                 .byt 125
 7934 A:26b5  14                                 .byt 20
 7935 A:26b6  64                                 .byt 100
 7936 A:26b7  70                                 .byt 112
 7937 A:26b8  4c                                 .byt 76
 7938 A:26b9  7d                                 .byt 125
 7939 A:26ba  b7                                 .byt 183
 7940 A:26bb  ea                                 .byt 234
 7941 A:26bc  51                                 .byt 81
 7942 A:26bd  7a                                 .byt 122
 7943 A:26be  7d                                 .byt 125
 7944 A:26bf  63                                 .byt 99
 7945 A:26c0  30                                 .byt 48
 7946 A:26c1  88                                 .byt 136
 7947 A:26c2  7e                                 .byt 126
 7948 A:26c3  7e                                 .byt 126
 7949 A:26c4  92                                 .byt 146
 7950 A:26c5  44                                 .byt 68
 7951 A:26c6  99                                 .byt 153
 7952 A:26c7  3a                                 .byt 58
 7953 A:26c8  7e                                 .byt 126
 7954 A:26c9  4c                                 .byt 76
 7955 A:26ca  cc                                 .byt 204
 7956 A:26cb  91                                 .byt 145
 7957 A:26cc  c7                                 .byt 199
 7958 A:26cd  7f                                 .byt 127
 7959 A:26ce  aa                                 .byt 170
 7960 A:26cf  aa                                 .byt 170
 7961 A:26d0  aa                                 .byt 170
 7962 A:26d1  13                                 .byt 19
 7963 A:26d2  81                                 .byt 129
 7964 A:26d3  00                                 .byt 0
 7965 A:26d4  00                                 .byt 0
 7966 A:26d5  00                                 .byt 0
 7967 A:26d6  00                                 .byt 0

 7970 A:26d7                                    ; PAGE
 7971 A:26d7                                    ; SUBTTL SYSTEM INITIALIZATION CODE.
 7972 A:26d7                                    ; RADIX 10 ;IN ALL NON-MATH-PACKAGE CODE.
 7973 A:26d7                                    ; THIS INITIALIZES THE BASIC INTERPRETER FOR THE M6502 AND SHOULD BE
 7974 A:26d7                                    ; LOCATED WHERE IT WILL BE WIPED OUT IN RAM IF CODE IS ALL IN RAM.

 7980 A:26d7                                    ;RESTARTING INIT
 7981 A:26d7                           INITAT    
 7981 A:26d7  e6 b9                              inc CHRGET+7          ;INCREMENT THE WHOLE TXTPTR.
 7982 A:26d9  d0 06                              bne CHZGOT
 7983 A:26db  e6 ba                              inc CHRGET+8
 7984 A:26dd                           CHZGOT    
 7984 A:26dd  ad 60 ea                           lda 60000              ;A LOAD WITH AN EXT ADDR.
 7985 A:26e0  c9 3a                              cmp #":"             ;IS IT A ":"?
 7986 A:26e2  b0 0e                              bcs CHZRTS                ;IT IS .GE. ":"
 7987 A:26e4  c9 20                              cmp #" "             ;SKIP SPACES.
 7988 A:26e6  f0 ef                              beq INITAT
 7989 A:26e8  38                                 sec 
 7990 A:26e9  e9 30                              sbc #"0"             ;ALL CHARS .GT. "9" HAVE RET'D SO
 7991 A:26eb  38                                 sec 
 7992 A:26ec  e9 d0                              sbc #256-"0"       ;SEE IF NUMERIC.
 7993 A:26ee                                    ;TURN CARRY ON IF NUMERIC.
 7994 A:26ee                                    ;ALSO, SETZ IF NULL.
 7995 A:26ee                           CHZRTS    
 7995 A:26ee  60                                 rts                    ;RETURN TO CALLER.

 7997 A:26ef  80                                 .byt 128              ;LOADED OR FROM ROM.
 7998 A:26f0  4f                                 .byt 79              ;THE INITIAL RANDOM NUMBER.
 7999 A:26f1  c7                                 .byt 199
 8000 A:26f2  52                                 .byt 82

 8002 A:26f3  58                                 .byt 88

 8008 A:26f4                           TYPAUT    
 8008 A:26f4                                    
 8009 A:26f4  a9 2c                              lda #AUTTXT&255
 8010 A:26f6  a0 28                              ldy #AUTTXT/256
 8011 A:26f8  20 06 11                           jsr STROUT

 8014 A:26fb                           INIT      
 8014 A:26fb                                    

 8017 A:26fb  a2 ff                              ldx #255
 8018 A:26fd  86 79                              stx CURLIN+1

 8022 A:26ff  a2 fb                              ldx #507-256

 8024 A:2701  9a                                 txs 

 8028 A:2702  a9 fb                              lda #INIT&255
 8029 A:2704  a0 26                              ldy #INIT/256

 8031 A:2706  85 01                              sta 0+1
 8032 A:2708  84 02                              sty 0+1+1

 8034 A:270a  85 04                              sta RDYJSR+1
 8035 A:270c  84 05                              sty RDYJSR+1+1

 8037 A:270e  a9 d5                              lda #AYINT&255
 8038 A:2710  a0 16                              ldy #AYINT/256

 8040 A:2712  85 06                              sta ADRAYI
 8041 A:2714  84 07                              sty ADRAYI+1

 8043 A:2716  a9 ab                              lda #GIVAYF&255
 8044 A:2718  a0 18                              ldy #GIVAYF/256

 8046 A:271a  85 08                              sta ADRGAY
 8047 A:271c  84 09                              sty ADRGAY+1

 8049 A:271e  a9 4c                              lda #76             ;JMP INSTRUCTION.

 8055 A:2720  85 00                              sta 0
 8056 A:2722  85 03                              sta RDYJSR

 8058 A:2724  85 93                              sta JMPER

 8061 A:2726  85 0a                              sta USRPOK

 8063 A:2728  a9 61                              lda #FCERR&255
 8064 A:272a  a0 17                              ldy #FCERR/256

 8066 A:272c  85 0b                              sta USRPOK+1
 8067 A:272e  84 0c                              sty USRPOK+1+1

 8069 A:2730  a9 28                              lda #40             ;THESE MUST BE NON-ZERO SO CHEAD WILL
 8070 A:2732  85 51                              sta LINWID                ;WORK AFTER MOVING A NEW LINE IN BUF
 8071 A:2734                                    ;INTO THE PROGRAM
 8072 A:2734  a9 1e                              lda #30
 8073 A:2736  85 52                              sta NCMWID
 8074 A:2738  a2 1c                              ldx #RNDX+4-CHRGET
 8075 A:273a                           MOVCHG    
 8075 A:273a  bd d6 26                           lda INITAT-1,X,
 8076 A:273d  95 b1                              sta CHRGET-1,X,       ;MOVE TO RAM.
 8077 A:273f  ca                                 dex 
 8078 A:2740  d0 f8                              bne MOVCHG
 8079 A:2742  a9 03                              lda #3
 8080 A:2744  85 92                              sta FOUR6
 8081 A:2746  8a                                 txa                    ;SET CONST IN RAM.
 8082 A:2747  85 a7                              sta BITS

 8087 A:2749  85 57                              sta LASTPT+1

 8092 A:274b  48                                 pha                    ;PUT ZERO AT THE END OF THE STACK
 8093 A:274c                                    ;SO FNDFOR WILL STOP

 8096 A:274c  85 17                              sta CNTWFL

 8100 A:274e  e8                                 inx 
 8101 A:274f  8e fd 01                           stx 512-3
 8102 A:2752  8e fc 01                           stx 512-4

 8106 A:2755  20 bc 10                           jsr CRDO

 8108 A:2758  a2 58                              ldx #TEMPST
 8109 A:275a  86 55                              stx TEMPPT                ;SET UP STRING TEMPORARIES.

 8115 A:275c  a9 4c                              lda #MEMORY&255
 8116 A:275e  a0 28                              ldy #MEMORY/256
 8117 A:2760  20 06 11                           jsr STROUT
 8118 A:2763  20 a6 11                           jsr QINLIN

 8120 A:2766  86 b9                              stx CHRGOT+1
 8121 A:2768  84 ba                              sty CHRGOT+1+1
 8122 A:276a  20 b2 00                           jsr CHRGET

 8125 A:276d  c9 41                              cmp #"A"
 8126 A:276f  f0 83                              beq TYPAUT

 8128 A:2771  a8                                 tay 
 8129 A:2772  d0 29                              bne USEDE9

 8146 A:2774  a9 00                              lda #10752&255
 8147 A:2776  a0 2a                              ldy #10752/256

 8153 A:2778  85 6a                              sta TXTTAB
 8154 A:277a  84 6b                              sty TXTTAB+1

 8157 A:277c  85 53                              sta LINNUM
 8158 A:277e  84 54                              sty LINNUM+1

 8165 A:2780  a0 00                              ldy #0

 8167 A:2782                           LOOPMM    
 8167 A:2782  e6 53                              inc LINNUM
 8168 A:2784  d0 06                              bne LOOPM1
 8169 A:2786  e6 54                              inc LINNUM+1

 8174 A:2788                           LOOPM1    
 8174 A:2788  a9 55                              lda #85
 8175 A:278a  91 53                              sta (LINNUM),Y
 8176 A:278c  d1 53                              cmp (LINNUM),Y
 8177 A:278e  d0 19                              bne USEDEC
 8178 A:2790  0a                                 asl 
 8179 A:2791  91 53                              sta (LINNUM),Y
 8180 A:2793  d1 53                              cmp (LINNUM),Y

 8183 A:2795  d0 12                              bne USEDEC

 8187 A:2797  f0 e9                              beq LOOPMM

 8200 A:2799                           USEDE9    
 8200 A:2799  20 b8 00                           jsr CHRGOT
 8201 A:279c  20 bb 0f                           jsr LINGET
 8202 A:279f  a8                                 tay 
 8203 A:27a0  f0 07                              beq USEDEC
 8204 A:27a2  4c a4 14                           jmp SNERR

 8206 A:27a5                           USEDEC    
 8206 A:27a5                                    
 8207 A:27a5  a5 53                              lda LINNUM
 8208 A:27a7  a4 54                              ldy LINNUM+1
 8209 A:27a9                           USEDEF    
 8209 A:27a9                                    

 8214 A:27a9  a9 3e                              lda #16190&255
 8215 A:27ab  a0 3f                              ldy #16190/256

 8217 A:27ad                                    ;THIS IS THE SIZE OF MEMORY.
 8218 A:27ad  85 76                              sta MEMSIZ
 8219 A:27af  84 77                              sty MEMSIZ+1
 8220 A:27b1                                    ;TOP OF STRINGS TOO.
 8221 A:27b1  85 72                              sta FRETOP
 8222 A:27b3  84 73                              sty FRETOP+1
 8223 A:27b5                           TTYW      
 8223 A:27b5                                    

 8229 A:27b5  a9 58                              lda #TTYWID&255
 8230 A:27b7  a0 28                              ldy #TTYWID/256
 8231 A:27b9  20 06 11                           jsr STROUT
 8232 A:27bc  20 a6 11                           jsr QINLIN

 8234 A:27bf  86 b9                              stx CHRGOT+1
 8235 A:27c1  84 ba                              sty CHRGOT+1+1
 8236 A:27c3  20 b2 00                           jsr CHRGET
 8237 A:27c6  a8                                 tay 
 8238 A:27c7  f0 20                              beq ASKAGN
 8239 A:27c9  20 bb 0f                           jsr LINGET
 8240 A:27cc  a5 54                              lda LINNUM+1
 8241 A:27ce  d0 e5                              bne TTYW
 8242 A:27d0  a5 53                              lda LINNUM
 8243 A:27d2  c9 10                              cmp #16
 8244 A:27d4  90 df                              bcc TTYW
 8245 A:27d6  85 51                              sta LINWID
 8246 A:27d8                           MORCPS    
 8246 A:27d8  e9 0e                              sbc #14
 8247 A:27da  b0 fc                              bcs MORCPS
 8248 A:27dc  49 ff                              eor #255
 8249 A:27de  e9 0c                              sbc #14-2
 8250 A:27e0  18                                 clc 
 8251 A:27e1  65 51                              adc LINWID
 8252 A:27e3  85 52                              sta NCMWID

 8254 A:27e5                           ASKAGN    
 8254 A:27e5                                    

 8317 A:27e5  a2 00                              ldx #10752&255
 8318 A:27e7  a0 2a                              ldy #10752/256

 8320 A:27e9  86 6a                              stx TXTTAB
 8321 A:27eb  84 6b                              sty TXTTAB+1

 8323 A:27ed  a0 00                              ldy #0
 8324 A:27ef  98                                 tya 
 8325 A:27f0  91 6a                              sta (TXTTAB),Y            ;SET UP TEXT TABLE.
 8326 A:27f2  e6 6a                              inc TXTTAB

 8329 A:27f4  d0 06                              bne QROOM
 8330 A:27f6  e6 6b                              inc TXTTAB+1

 8332 A:27f8                           QROOM     
 8332 A:27f8                                    ;PREPARE TO USE "REASON".
 8333 A:27f8  a5 6a                              lda TXTTAB
 8334 A:27fa  a4 6b                              ldy TXTTAB+1
 8335 A:27fc  20 14 0a                           jsr REASON

 8345 A:27ff  20 bc 10                           jsr CRDO

 8347 A:2802  a5 76                              lda MEMSIZ                ;COMPUTE [MEMSIZ]-[VARTAB].
 8348 A:2804  38                                 sec 
 8349 A:2805  e5 6a                              sbc TXTTAB
 8350 A:2807  aa                                 tax 
 8351 A:2808  a5 77                              lda MEMSIZ+1
 8352 A:280a  e5 6b                              sbc TXTTAB+1
 8353 A:280c  20 f4 22                           jsr LINPRT                ;TYPE THIS VALUE.
 8354 A:280f                                    ;MORE BULLSHIT.
 8355 A:280f  a9 67                              lda #WORDS&255
 8356 A:2811  a0 28                              ldy #WORDS/256
 8357 A:2813  20 06 11                           jsr STROUT
 8358 A:2816  20 47 0c                           jsr SCRTCH                ;SET UP EVERYTHING ELSE.

 8366 A:2819  a9 06                              lda #STROUT&255
 8367 A:281b  a0 11                              ldy #STROUT/256

 8369 A:281d  85 04                              sta RDYJSR+1
 8370 A:281f  84 05                              sty RDYJSR+1+1

 8372 A:2821  a9 69                              lda #READY&255
 8373 A:2823  a0 0a                              ldy #READY/256

 8375 A:2825  85 01                              sta 0+1
 8376 A:2827  84 02                              sty 0+1+1
 8377 A:2829  6c 01 00                           jmp (0+1)

 8386 A:282c                           AUTTXT    
 8386 A:282c                                    
 8387 A:282c  0d                                 .byt 13
 8388 A:282d  0a                                 .byt 10
 8389 A:282e  0c                                 .byt 12
 8390 A:282f  57 52 49 54 54 45 4e 20            .asc "WRITTEN "
 8391 A:2837  42 59 20 57 45 49 4c ...           .asc "BY WEILAND & GATES"

 8393 A:2849  0d                                 .byt 13
 8394 A:284a  0a                                 .byt 10
 8395 A:284b  00                                 .byt 0

 8397 A:284c                           MEMORY    
 8397 A:284c  4d 45 4d 4f 52 59 20 ...           .asc "MEMORY SIZE"
 8398 A:2857  00                                 .byt 0
 8399 A:2858                           TTYWID    
 8399 A:2858                                    

 8402 A:2858  54 45 52 4d 49 4e 41 ...           .asc "TERMINAL "

 8404 A:2861  57 49 44 54 48                     .asc "WIDTH"
 8405 A:2866  00                                 .byt 0

 8407 A:2867                           WORDS     
 8407 A:2867  20 42 59 54 45 53 20 ...           .asc " BYTES FREE"

 8411 A:2872  0d                                 .byt 13
 8412 A:2873  0a                                 .byt 10

 8414 A:2874  0d                                 .byt 13
 8415 A:2875  0a                                 .byt 10

 8438 A:2876  41 50 50 4c 45 20 42 ...           .asc "APPLE BASIC V1.1"

 8446 A:2886  0d                                 .byt 13
 8447 A:2887  0a                                 .byt 10
 8448 A:2888  43 4f 50 59 52 49 47 ...           .asc "COPYRIGHT 1978 MICROSOFT"

 8450 A:28a0  0d                                 .byt 13
 8451 A:28a1  0a                                 .byt 10

 8453 A:28a2  00                                 .byt 0
 8454 A:28a3                           LASTWR    
 8454 A:28a3                                    
 8455 A:28a3  00 ff 64 00 00 64 f8 ...           .dsb 100              ;SPACE FOR TEMP STACK.

 8468 A:2907                                    ; END $Z+START
