================================================================================
HEX LISTING
================================================================================

Page 1   BASIC M6502 8K VER 1.1 BY MICRO-SOFT
          SWITCHES,MACROS.
--------------------------------------------------------------------------------
0000:                                  .title  BASIC M6502 8K VER 1.1 BY MICRO-SOFT
0000:                                  .include "M6502.lib.asm"
0000:                          ; 6502 opcode macros
0000:                          .pagesize 60
0000:                          .bytesperline 4
0000:              
0000:              ;Sall
0000:              ;Radix 10			;throughout all but math-pak.
0000:              
0000:              $Z:
0000:                                                   ;Starting point FOR m6502 simulator
0000:                      .org    0                    ;START off at location ZERO.
0000:                      .subttl SWITCHES,MACROS.
0000:              
0000:         0004 REALIO  =       4                    ;5=Stm
0000:                                                   ;4=Apple.
0000:                                                   ;3=Commodore.
0000:                                                   ;2=Osi
0000:                                                   ;1=Mos tech,kim
0000:                                                   ;0=Pdp-10 simulating 6502
0000:         0001 INTPRC  =       1                    ;Integer arrays.
0000:         0001 ADDPRC  =       1                    ;FOR additional precision.
0000:         0000 LNGERR  =       0                    ;Long ERROR messages.
0000:         0000 TIME    =       0                    ;Capability to set and READ a clk.
0000:         0000 EXTIO   =       0                    ;External i/o.
0000:         0000 DISKO   =       0                    ;SAVE and LOAD commands
0000:         0001 NULCMD  =       1                    ;FOR the "null" command
0000:         0001 GETCMD  =       1
0000:         0001 RORSW   =       1
0000:         0001 ROMSW   =       1                    ;Tells IF this is on rom.
0000:         000E CLMWID  =       14
0000:         0001 LONGI   =       1                    ;Long initialization switch.
0000:         01FF STKEND  =       511
0000:         0000 BUFPAG  =       0
0000:         0048 LINLEN  =       72                   ;Terminal line length.
0000:         0048 BUFLEN  =       72                   ;INPUT buffer SIZE.
0000:         2000 ROMLOC  =       0o20000              ;Address of START of pure segment.
0000:         0001 KIMROM  =       1
0000:                      .IF     ROMSW == 0
0000:              KIMROM  =       0
0000:                      .endif
0000:                      .IF     REALIO != 1
0000:         0000 KIMROM  =       0
0000:                      .endif
0000:                      .IF     ROMSW != 0
0000:         4000 RAMLOC  =       0o40000              ;Used only IF ROMSW=1
0000:                      .IF     REALIO == 0
0000:              ROMLOC  =       0o20000              ;START at 8k.
0000:              RAMLOC  =       0o1400
0000:                      .endif
0000:                      .endif
0000:                      .IF     REALIO == 3
0000:              DISKO   =       1
0000:              RAMLOC  =       0o2000
0000:              ROMLOC  =       0o140000
0000:              NULCMD  =       0
0000:              GETCMD  =       1
0000:              LINLEN  =       40
0000:              BUFLEN  =       81
0000:              CQOPEN  =       0o177700

Page 2   BASIC M6502 8K VER 1.1 BY MICRO-SOFT
          SWITCHES,MACROS.
--------------------------------------------------------------------------------
0000:              CQCLOS  =       0o177703
0000:              CQOIN   =       0o177706             ;Open channel FOR INPUT
0000:              CQOOUT  =       0o177711             ;Fill FOR commo.
0000:              CQCCHN  =       0o177714
0000:              CQINCH  =       0o177717             ;INCHR's call to GET a character
0000:              OUTCH   =       0o177722
0000:              CQLOAD  =       0o177725
0000:              CQSAVE  =       0o177730
0000:              CQVERF  =       0o177733
0000:              CQSYS   =       0o177736
0000:              ISCNTC  =       0o177741
0000:              CZGETL  =       0o177744             ;Call point FOR "GET"
0000:              CQCALL  =       0o177747             ;Close all channels
0000:              CQTIMR  =       0o215
0000:              BUFPAG  =       2
0000:              BUF     =       256 * BUFPAG
0000:              STKEND  =       507
0000:              CQSTAT  =       0o226
0000:              CQHTIM  =       0o164104
0000:              EXTIO   =       1
0000:              TIME    =       1
0000:              GETCMD  =       1
0000:              CLMWID  =       10
0000:              PI      =       255                  ;Value of pi character FOR commodore.
0000:              ROMSW   =       1
0000:              RORSW   =       1
0000:              TRMPOS  =       0o306
0000:                      .endif
0000:                      .IF     REALIO == 1
0000:              GETCMD  =       1
0000:              DISKO   =       1
0000:              OUTCH   =       0o17240              ;1Ea0
0000:              ROMLOC  =       0o20000
0000:              RORSW   =       0
0000:              CZGETL  =       0o17132
0000:                      .endif
0000:                      .IF     REALIO == 2
0000:              RORSW   =       0
0000:              RAMLOC  =       0o1000
0000:                      .IF     ROMSW != 0
0000:              RORSW   =       0
0000:              RAMLOC  =       0o100000
0000:                      .endif
0000:              OUTCH   =       0o177013
0000:                      .endif
0000:                      .IF     REALIO == 4
0000:         0001 LNGERR  =       1
0000:         0001 DISKO   =       1
0000:         0001 RORSW   =       1
0000:         0000 NULCMD  =       0
0000:         0001 GETCMD  =       1
0000:         FD67 CQINLN  =       0o176547             ;fd67	GETLNZ
0000:         0033 CQPRMP  =       0o63                 ;33		Prompt
0000:         FD0C CQINCH  =       0o176414             ;fd0c	RDKEY
0000:         FECD CQCOUT  =       0o177315             ;fecd	WRITE
0000:         FEFD CQCSIN  =       0o177375             ;fefd	READ
0000:         0002 BUFPAG  =       2
0000:         0200 BUF     =       BUFPAG * 256
0000:         D000 ROMLOC  =       0o150000             ;d000
0000:         0800 RAMLOC  =       0o4000               ;0800

Page 3   BASIC M6502 8K VER 1.1 BY MICRO-SOFT
          SWITCHES,MACROS.
--------------------------------------------------------------------------------
0000:         FDED OUTCH   =       0o176755             ;fded	COUT
0000:         FD0C CZGETL  =       0o176414             ;fd0c	RDKEY
0000:         0028 LINLEN  =       40
0000:         00F0 BUFLEN  =       240
0000:         0001 RORSW   =       1
0000:         01FB STKEND  =       507
0000:                      .endif
0000:                      .IF     RORSW == 0
0000:                      .macro  ROR, WD
0000:                      LDA     #0
0000:                      BCC     * + 4
0000:                      LDA     #0o200
0000:                      LSR     \WD
0000:                      ORA     \WD
0000:                      STA     \WD
0000:                      .endmacro
0000:                      .endif
0000:              
0000:                      .macro  ACRLF
0000:                      .byte   13
0000:                      .byte   10
0000:                      .endmacro
0000:                      .macro  SYNCHK, Q
0000:                      LDA     #\Q
0000:                      JSR     SYNCHR
0000:                      .endmacro
0000:                      .macro  DT, Q
0000:              IRPC	\Q,(IFDIF (\Q)("),(EXP "\Q"))
0000:                      .endmacro
0000:                      .macro  LDWD, WD
0000:                      LDA     \WD
0000:                      LDY     \WD + 1
0000:                      .endmacro
0000:                      .macro  LDWDI, WD
0000:                      LDA     #\WD & 0o377
0000:                      LDY     #\WD / 0o400
0000:                      .endmacro
0000:                      .macro  LDWX, WD
0000:                      LDA     \WD
0000:                      LDX     \WD + 1
0000:                      .endmacro
0000:                      .macro  LDWXI, WD
0000:                      LDA     #\WD & 0o377
0000:                      LDX     #\WD / 0o400
0000:                      .endmacro
0000:                      .macro  LDXY, WD
0000:                      LDX     \WD
0000:                      LDY     \WD + 1
0000:                      .endmacro
0000:                      .macro  LDXYI, WD
0000:                      LDX     #\WD & 0o377
0000:                      LDY     #\WD / 0o400
0000:                      .endmacro
0000:                      .macro  STWD, WD
0000:                      STA     \WD
0000:                      STY     \WD + 1
0000:                      .endmacro
0000:                      .macro  STWX, WD
0000:                      STA     \WD
0000:                      STX     \WD + 1

Page 4   BASIC M6502 8K VER 1.1 BY MICRO-SOFT
          SWITCHES,MACROS.
--------------------------------------------------------------------------------
0000:                      .endmacro
0000:                      .macro  STXY, WD
0000:                      STX     \WD
0000:                      STY     \WD + 1
0000:                      .endmacro
0000:                      .macro  CLR, WD
0000:                      LDA     #0
0000:                      STA     \WD
0000:                      .endmacro
0000:                      .macro  COM, WD
0000:                      LDA     \WD
0000:                      EOR     #0o377
0000:                      STA     \WD
0000:                      .endmacro
0000:                      .macro  PULWD, WD
0000:                      PLA
0000:                      STA     \WD
0000:                      PLA
0000:                      STA     \WD + 1
0000:                      .endmacro
0000:                      .macro  PSHWD, WD
0000:                      LDA     \WD + 1
0000:                      PHA
0000:                      LDA     \WD
0000:                      PHA
0000:                      .endmacro
0000:                      .macro  JEQ, WD
0000:                      BNE     * + 5
0000:                      JMP     \WD
0000:                      .endmacro
0000:                      .macro  JNE, WD
0000:                      BEQ     * + 5
0000:                      JMP     \WD
0000:                      .endmacro
0000:                      .macro  BCCA, Q
0000:                      BCC     \Q
0000:                      .endmacro
0000:                                                   ;Branches that always branch
0000:                      .macro  BCSA, Q
0000:                      BCS     \Q
0000:                      .endmacro
0000:                                                   ;These are used on the 6502 because
0000:                      .macro  BEQA, Q
0000:                      BEQ     \Q
0000:                      .endmacro
0000:                                                   ;There is no unconditional branch
0000:                      .macro  BNEA, Q
0000:                      BNE     \Q
0000:                      .endmacro
0000:                      .macro  BMIA, Q
0000:                      BMI     \Q
0000:                      .endmacro
0000:                      .macro  BPLA, Q
0000:                      BPL     \Q
0000:                      .endmacro
0000:                      .macro  BVCA, Q
0000:                      BVC     \Q
0000:                      .endmacro
0000:                      .macro  BVSA, Q
0000:                      BVS     \Q

Page 5   BASIC M6502 8K VER 1.1 BY MICRO-SOFT
          SWITCHES,MACROS.
--------------------------------------------------------------------------------
0000:                      .endmacro
0000:                      .macro  INCW, R
0000:                      INC     \R
0000:                      BNE     @Q
0000:                      INC     \R + 1
0000:              @Q:
0000:                      .endmacro
0000:                      .macro  SKIP1
0000:                      .byte   0o044
0000:                      .endmacro
0000:                                                   ;Bit ZERO page trick.
0000:                      .macro  SKIP2
0000:                      .byte   0o054
0000:                      .endmacro
0000:                                                   ;Bit ABS trick.
0000:                      .IF     1
0000:                      .IF     REALIO == 0
0000:                      .PRINT  SIMULATE
0000:                      .endif
0000:                      .IF     REALIO == 1
0000:                      .PRINT  KIM
0000:                      .endif
0000:                      .IF     REALIO == 2
0000:                      .PRINT  OSI
0000:                      .endif
0000:                      .IF     REALIO == 3
0000:                      .PRINT  COMMODORE
0000:                      .endif
0000:                      .IF     REALIO == 4
0000:                      .PRINT  APPLE
*** APPLE
0000:                      .endif
0000:                      .IF     REALIO == 5
0000:                      .PRINT  STM
0000:                      .endif
0000:                      .IF     ADDPRC != 0
0000:                      .PRINT  ADDITIONAL PRECISION
*** ADDITIONAL PRECISION
0000:                      .endif
0000:                      .IF     INTPRC != 0
0000:                      .PRINT  INTEGER ARRAYS
*** INTEGER ARRAYS
0000:                      .endif
0000:                      .IF     LNGERR != 0
0000:                      .PRINT  LONG ERRORS
*** LONG ERRORS
0000:                      .endif
0000:                      .IF     DISKO != 0
0000:                      .PRINT  SAVE AND LOAD
*** SAVE AND LOAD
0000:                      .endif
0000:                      .IF     ROMSW == 0
0000:                      .PRINT  RAM
0000:                      .endif
0000:                      .IF     ROMSW != 0
0000:                      .PRINT  ROM
*** ROM
0000:                      .endif
0000:                      .IF     RORSW == 0
0000:                      .PRINT  NO ROR

Page 6   BASIC M6502 8K VER 1.1 BY MICRO-SOFT
          SWITCHES,MACROS.
--------------------------------------------------------------------------------
0000:                      .endif
0000:                      .IF     RORSW != 0
0000:                      .PRINT  ROR ASSUMED
*** ROR ASSUMED
0000:                      .endif
0000:                      .endif
0000:                      .page

Page 7   BASIC M6502 8K VER 1.1 BY MICRO-SOFT
          INTRODUCTION AND COMPILATION PARAMETERS.
--------------------------------------------------------------------------------
0000:                      .subttl INTRODUCTION AND COMPILATION PARAMETERS.
0000:              
0000:              ; --------- ---- -- ---------
0000:              ; Copyright 1976 by microsoft
0000:              ; --------- ---- -- ---------
0000:              ; 7/27/78 Fixed bug where FOR variable at byte ff matched RETURN searching
0000:              ; 	FOR GOSUB entry on stack in FNDFOR call by changing sta FORPNT
0000:              ; 	To sta FORPNT+1. this is a serious bug in all versions.
0000:              ; 7/27/78 Fixed bug at NEWSTT under ifn BUFPAG when check of CURLIN
0000:              ; 	Was done before CURLIN set up so INPUT retries of first statement
0000:              ; 	Was giving syntax ERROR instead of redo from START (code was 12/1/77 fix)
0000:              ; 7/1/78	Saved a few bytes in INIT FOR commodore (14)
0000:              ; 7/1/78 Fixed bug where replacing a line overflowing MEMORY LEFT links
0000:              ; 	In a bad state. (code at NODEL and FINI) bug#4
0000:              ; 7/1/78 Fixed bug where garbage collection never(!) collects temps
0000:              ; 	(Sty GRBPNT  at FNDVAR, lda GRBPNT ora GRBPNT+1 at GRBPAS)
0000:              ; 	This was commodore bug #2
0000:              ; 7/1/78 Fixed bug where delete/insert of line could cause a garbage collection with bad VARTAB IF out of MEMORY
0000:              ; 	 (Ldwd MEMSIZ stwd FRETOP=jsr RUNC clc also at NODEL)
0000:              ; 3/9/78 Edit to fix commo TRMPOS and change LEFT$ and RIGHT$ to allow a second argument of 0 and RETURN a null string
0000:              ; 2/25/78 Fixed bug that INPFLG was set wrong when BUFPAG.ne.0
0000:              ; 	Increased NUMLEV from 19 to 23
0000:              ; 2/11/78 Disallowed spaces in reserved WORDS. put in special check FOR "go to"
0000:              ; 2/11/78 Fixed bug where rounding of the FAC before pushing could cause a string pointer
0000:              ; 	In the FAC to be incremented
0000:              ; 1/24/78 fixed problem where user defined function undefined check fix was smashing ERROR number in [x]
0000:              ; 12/1/77 Fixed problem where PEEK was smashing (POKER) causing POKE of PEEK to fail
0000:              ; 12/1/77 Fixed problem where problem with VARTXT=LINNUM=BUF-2 causing BUF-1 comma to disappear
0000:              ; 12/1/77 Fixed BUFPAG.ne.0 problem at NEWSTT and STOP : code was still
0000:              ; 	Assuming TXTPTR+1.eq.0 iff statement was direct
0000:              
0000:         0017 NUMLEV  =       23                   ;Number of stack levels reserved
0000:                                                   ;By an explicit call to "GETSTK"*
0000:         0003 STRSIZ  =       3                    ;# Of locs per string descriptor.
0000:         0003 NUMTMP  =       3                    ;Number of string temporaries.
0000:         000F CONTW   =       15                   ;Character to suppress output.
0000:              
0000:                      .page

Page 8   BASIC M6502 8K VER 1.1 BY MICRO-SOFT
          SOME EXPLANATION.
--------------------------------------------------------------------------------
0000:                      .subttl SOME EXPLANATION.
0000:              
0000:              ; M6502 basic configures basic as follows
0000:              
0000:              ; Low locations
0000:              ; 	Page	ZERO
0000:              
0000:              ; 		Startup:
0000:              ; 		Initially a jmp to initialization code but
0000:              ; 		Changed to a jmp to "READY".
0000:              ; 		Restarting the machine at loc 0 during program
0000:              ; 		Execution can leave things messed up.
0000:              
0000:              ; 		Loc of FAC to integer and integer to FAC
0000:              ; 		Routines.
0000:              
0000:              ; 		"Direct" MEMORY:
0000:              ; 		These are the most commonly used locations.
0000:              ; 		They hold bookkeeping info and all other
0000:              ; 		Frequently used information.
0000:              ; 		All temporaries, flags, pointers, the buffer area,
0000:              ; 		The floating accumulator, and anything else that
0000:              ; 		Is used to store a changing value should be located
0000:              ; 		In this area. care must be made in moving locations
0000:              ; 		In this area since the juxtaposition of two locations
0000:              ; 		Is often depended upon.
0000:              
0000:              ; 		Still in ram we have the beginning of the "CHRGET"
0000:              ; 		Subroutine. it is here so [TXTPTR] can be the
0000:              ; 		Extended address of a LOAD instruction.
0000:              ; 		This saves having to bother any registers.
0000:              
0000:              ; 	Page	one
0000:              ; 		The stack.
0000:              
0000:              ; 	Storage page two and on
0000:              ; 		In ram versions these DATA structures come at the
0000:              ; 		END of basic. in rom version they are at RAMLOC which
0000:              ; 		Can either be above or below ROMLOC, which is where
0000:              ; 		Basic itself resides.
0000:              
0000:              ; 				A ZERO.
0000:              ; 		[TXTTAB]	pointer to NEXT line's pointer.
0000:              ; 				Line # of this line (2 bytes).
0000:              ; 				Characters on this line.
0000:              ; 				ZERO.
0000:              ; 				Pointer at NEXT line's pointer
0000:              ; 					(Pointed to by the above pointer).
0000:              ; 				... Repeats ...
0000:              ; 		Last line:	pointer at ZERO pointer.
0000:              ; 				Line # of this line.
0000:              ; 				Characters on this line.
0000:              ; 				ZERO.
0000:              ; 				Double ZERO (pointed to by the above pointer).
0000:              ; 		[VARTAB]	simple variables. 6 bytes per value.
0000:              ; 				2 Bytes give the name, 4 bytes the value.
0000:              ; 				... Repeats ...
0000:              ; 		[ARYTAB]	array variables. 2 bytes name, 2 byte
0000:              ; 				Length, number of dimensions , extent of
0000:              ; 				Each dimension (2bytes/), values

Page 9   BASIC M6502 8K VER 1.1 BY MICRO-SOFT
          SOME EXPLANATION.
--------------------------------------------------------------------------------
0000:              ; 				... Repeats ...
0000:              ; 		[STREND]	free space.
0000:              ; 				... Repeats ...
0000:              ; 		[FRETOP]	string space in use.
0000:              ; 				... Repeats ...
0000:              ; 		[MEMSIZ]	highest machine location.
0000:              ; 				Unused except by the VAL function.
0000:              
0000:              ; 		Rom -- constants and code.
0000:              
0000:              ; 	Function dispatch addresses (at ROMLOC)
0000:              ; 		"FUNDSP" contains the addresses of the
0000:              ; 		Function routines in the order of the
0000:              ; 		Function names in the CRUNCH LIST.
0000:              ; 		The functions that take more than one argument
0000:              ; 		Are at the END. see the explanation at "ISFUN".
0000:              
0000:              ; 	The operator LIST
0000:              ; 		The "OPTAB" LIST contains an operator's precedence
0000:              ; 		Followed by the address of the routine to perform
0000:              ; 		The operation. the INDEX into the
0000:              ; 		Operator LIST is made by subtracting off the CRUNCH value
0000:              ; 		Of the lowest numbered operator. the order
0000:              ; 		Of operators in the CRUNCH LIST and in "OPTAB" is identical.
0000:              ; 		The precedences are arbitrary except FOR their
0000:              ; 		Comparative sizes. note that the precedence FOR
0000:              ; 		Unary operators such as "not" and negation are
0000:              ; 		Setup specially without using the LIST.
0000:              
0000:              ; 	The reserved word or CRUNCH LIST
0000:              ; 		When a command or program line is typed in
0000:              ; 		It is stored in "BUF". as soon as the whole line
0000:              ; 		Has been typed in ("INLIN" returns) "CRUNCH" is
0000:              ; 		Called to convert all reserved WORDS to their
0000:              ; 		Crunched values. this reduces the SIZE of the
0000:              ; 		Program and speeds up execution by allowing
0000:              ; 		LIST dispatches to perform functions, statements,
0000:              ; 		And operations. this is because all the statement
0000:              ; 		Names are stored consecutively in the CRUNCH LIST.
0000:              ; 		When a match is found between a string
0000:              ; 		Of characters and a word in the CRUNCH LIST
0000:              ; 		The entire text of the matched word is taken out of
0000:              ; 		The INPUT line and a reserved word token is put
0000:              ; 		In its place. a reserved word token is always equal
0000:              ; 		To octal 200 plus the position of the matched word
0000:              ; 		In the CRUNCH LIST.
0000:              
0000:              ; 	Statement dispatch addresses
0000:              ; 		When a statement is to be executed, the first
0000:              ; 		Character of the statement is examined
0000:              ; 		To see IF it is less than the reserved
0000:              ; 		Word token FOR the lowest numbered statement name.
0000:              ; 		IF so, the "LET" code is called to
0000:              ; 		Treat the statement as an assignment statement.
0000:              ; 		Otherwise a check is made to make sure the
0000:              ; 		Reserved word number is not too large to be a
0000:              ; 		Statement type number. IF not the address
0000:              ; 		To dispatch to is fetched from "STMDSP" (the statement
0000:              ; 		Dispatch LIST) using the reserved word
0000:              ; 		Number FOR the statement to calculate an INDEX into

Page 10   BASIC M6502 8K VER 1.1 BY MICRO-SOFT
          SOME EXPLANATION.
--------------------------------------------------------------------------------
0000:              ; 		The LIST.
0000:              
0000:              ; 	ERROR messages
0000:              ; 		When an ERROR condition is detected,
0000:              ; 		[Accx] must be set up to indicate which ERROR
0000:              ; 		Message is appropriate and a branch must be made
0000:              ; 		To "ERROR". the stack will be reset and all
0000:              ; 		Program context will be lost. variables
0000:              ; 		Values and the actual program remain intact.
0000:              ; 		Only the value of [accx] is important when
0000:              ; 		The branch is made to ERROR. [accx] is used as an
0000:              ; 		INDEX into "ERRTAB" which gives the two
0000:              ; 		Character ERROR message that will be printed on the
0000:              ; 		User's terminal.
0000:              
0000:              ; 	Textual messages
0000:              ; 		Constant messages are stored here. unless
0000:              ; 		The code to check IF a string must be copied
0000:              ; 		Is changed these strings must be stored above
0000:              ; 		Page ZERO, or else they will be copied before
0000:              ; 		They are printed.
0000:              
0000:              ; 	FNDFOR
0000:              ; 		Most small routines are fairly simple
0000:              ; 		And are documented in place. "FNDFOR" is
0000:              ; 		Used FOR finding "FOR" entries on
0000:              ; 		The stack. whenever a "FOR" is executed, a
0000:              ; 		16-Byte entry is pushed onto the stack.
0000:              ; 		Before this is done, however, a check
0000:              ; 		Must be made to see IF there
0000:              ; 		Are any "FOR" entries already on the stack
0000:              ; 		FOR the same loop variable. IF so, that "FOR" entry
0000:              ; 		And all other "FOR" entries that were made after it
0000:              ; 		Are eliminated from the stack. this is so a
0000:              ; 		Program that jumps out of the middle
0000:              ; 		Of a "FOR" loop and then restarts the loop again
0000:              ; 		And again won't use up 18 bytes of stack
0000:              ; 		Space every TIME. the "NEXT" code also
0000:              ; 		Calls "FNDFOR" to search FOR a "FOR" entry with
0000:              ; 		The loop variable in
0000:              ; 		The "NEXT". at whatever point a match is found
0000:              ; 		The stack is reset. IF no match is found a
0000:              ; 		"NEXT without FOR"  ERROR occurs. GOSUB execution
0000:              ; 		Also puts a 5-byte entry on stack.
0000:              ; 		When a RETURN is executed "FNDFOR" is
0000:              ; 		Called with a variable pointer that can't
0000:              ; 		Be matched. when "FNDFOR" has RUN
0000:              ; 		Through all the "FOR" entries on the stack
0000:              ; 		It returns and the RETURN code makes
0000:              ; 		Sure the entry that was stopped
0000:              ; 		On is a GOSUB entry. this assures that
0000:              ; 		IF you GOSUB to a section of code
0000:              ; 		In which a FOR loop is entered but never
0000:              ; 		Exited the RETURN will still be
0000:              ; 		Able to find the most recent
0000:              ; 		GOSUB entry. the "RETURN" code eliminates the
0000:              ; 		"GOSUB" entry and all "FOR" entries made after
0000:              ; 		The GOSUB entry.
0000:              
0000:              ; 	Non-runtime stuff

Page 11   BASIC M6502 8K VER 1.1 BY MICRO-SOFT
          SOME EXPLANATION.
--------------------------------------------------------------------------------
0000:              ; 		The code to INPUT a line, CRUNCH it, give errors,
0000:              ; 		Find a specific line in the program,
0000:              ; 		Perform a "new", "CLEAR", and "LIST" are
0000:              ; 		All in this area. given the explanation of
0000:              ; 		Program storage set forth above, these are
0000:              ; 		All straightforward.
0000:              
0000:              ; 	NEWSTT
0000:              ; 		Whenever a statement finishes execution it
0000:              ; 		Does a "rts" which takes
0000:              ; 		Execution back to "NEWSTT". statements that
0000:              ; 		Create or look at semi-permanent stack entries
0000:              ; 		Must GET rid of the RETURN address of "NEWSTT" and
0000:              ; 		Jmp to "NEWSTT" when done. "NEWSTT" always
0000:              ; 		Chrgets the first character after the statement
0000:              ; 		Name before dispatching. when returning
0000:              ; 		Back to "NEWSTT" the only thing that
0000:              ; 		Must be set up is the text pointer in
0000:              ; 		"TXTPTR". "NEWSTT" will check to make sure
0000:              ; 		"TXTPTR" is pointing to a statement terminator.
0000:              ; 		IF a statement shouldn't be performed unless
0000:              ; 		It is properly formatted (i.e. "new") it can
0000:              ; 		Simply do a RETURN after reading all of
0000:              ; 		Its arguments. since the ZERO flag
0000:              ; 		Being off indicates there is not
0000:              ; 		A statement terminator "NEWSTT" will
0000:              ; 		Do the jmp to the "syntax ERROR"
0000:              ; 		Routine. IF a statement should be started
0000:              ; 		Over it can do ldwd OLDTXT, stwd TXTPTR rts since the text pntr
0000:              ; 		At "NEWSTT" is always stored in "OLDTXT".
0000:              ; 		The ^c code stores [CURLIN] (the
0000:              ; 		Current line number) in "OLDLIN" since the ^c check
0000:              ; 		Is made before the statement pointed to is
0000:              ; 		Executed. "STOP" and "END" store the text pointer
0000:              ; 		From "TXTPTR", which points at their terminating
0000:              ; 		Character, in "OLDTXT".
0000:              
0000:              ; 	Statement code
0000:              ; 		The individual statement code comes
0000:              ; 		NEXT. the approach used in executing each
0000:              ; 		Statement is documented in the statement code
0000:              ; 		Itself.
0000:              
0000:              ; 	FRMEVL, the formula evaluator
0000:              ; 		Given a text pointer pointing to the starting
0000:              ; 		Character of a formula, "FRMEVL"
0000:              ; 		Evaluates the formula and leaves
0000:              ; 		The value in the floating accumulator (FAC).
0000:              ; 		"TXTPTR" is returned pointing to the first character
0000:              ; 		That could not be interpreted as part of the
0000:              ; 		Formula. the algorithm uses the stack
0000:              ; 		To store temporary results:
0000:              
0000:              ; 			0. Put a dummy precedence of ZERO on
0000:              ; 				The stack.
0000:              ; 			1. READ lexeme (constant,function,
0000:              ; 				Variable,formula in parens)
0000:              ; 				And take the last precedence value
0000:              ; 				Off the stack.
0000:              ; 			2. See IF the NEXT character is an operator.

Page 12   BASIC M6502 8K VER 1.1 BY MICRO-SOFT
          SOME EXPLANATION.
--------------------------------------------------------------------------------
0000:              ; 				IF not, check previous one. this may cause
0000:              ; 				Operator application or an actual
0000:              ; 				RETURN from "FRMEVL".
0000:              ; 			3. IF it is, see what precedence it has
0000:              ; 				And compare it to the precedence
0000:              ; 				Of the last operator on the stack.
0000:              ; 			4. IF = or less remember the operator
0000:              ; 				Pointer of this operator
0000:              ; 				And branch to "QCHNUM" to cause
0000:              ; 				Application of the last operator.
0000:              ; 				Eventually RETURN to step 2
0000:              ; 				By returning to just after "DOPREC".
0000:              ; 			5. IF greater put the last precedence
0000:              ; 				Back on, SAVE the operator address,
0000:              ; 				Current temporary result,
0000:              ; 				And precedence and RETURN to step 1.
0000:              
0000:              ; 		Relational operators are all handled through
0000:              ; 		A common routine. special
0000:              ; 		Care is taken to detect type mismatches such as 3+"f".
0000:              
0000:              ; 	EVAL -- the routine to READ a lexeme
0000:              ; 		"EVAL" checks FOR the different types of
0000:              ; 		Entities it is supposed to detect.
0000:              ; 		Leading pluses are ignored,
0000:              ; 		Digits and "." cause "FIN" (floating INPUT)
0000:              ; 		To be called. function names cause the
0000:              ; 		Formula inside the parentheses to be evaluated
0000:              ; 		And the function routine to be called. variable
0000:              ; 		Names cause "PTRGET" to be called to GET a pointer
0000:              ; 		To the value, and then the value is put into
0000:              ; 		The FAC. an open parenthesis causes "FRMEVL"
0000:              ; 		To be called (recursively), and the ")" to
0000:              ; 		Be checked FOR. unary operators (not and
0000:              ; 		Negation)  put their precedence on the stack
0000:              ; 		And enter formula evaluation at step 1, so
0000:              ; 		That everything up to an operator greater than
0000:              ; 		Their precedence or the END of the formula
0000:              ; 		Will be evaluated.
0000:              
0000:              ; 	Dimension and variable searching
0000:              ; 		Space is allocated FOR variables as they are
0000:              ; 		Encountered. thus "DIM" statements must be
0000:              ; 		Executed to have effect. 6 bytes are allocated
0000:              ; 		FOR each simple variable, whether it is a string,
0000:              ; 		Number or user defined function. the first two
0000:              ; 		Bytes give the name of the variable and the last four
0000:              ; 		Give its value. [VARTAB] gives the first location
0000:              ; 		Where a simple variable name is found and [ARYTAB]
0000:              ; 		Gives the location to STOP searching FOR simple
0000:              ; 		Variables. a "FOR" entry has a text pointer
0000:              ; 		And a pointer to a variable value so neither
0000:              ; 		The program or the simple variables can be
0000:              ; 		Moved while there are active "FOR" entries on the stack.
0000:              ; 		User defined function values also contain
0000:              ; 		Pointers into simple variable space so no user-defined
0000:              ; 		Function values can be retained IF simple variables
0000:              ; 		Are moved. adding a simple variable is just
0000:              ; 		Adding six to [ARYTAB] and [STREND], block transfering
0000:              ; 		The array variables up by six and making sure the

Page 13   BASIC M6502 8K VER 1.1 BY MICRO-SOFT
          SOME EXPLANATION.
--------------------------------------------------------------------------------
0000:              ; 		New [STREND] is not too close to the strings.
0000:              ; 		This movement of array variables means
0000:              ; 		That no pointer to an array will stay valid when
0000:              ; 		New simple variables can be encountered. this is
0000:              ; 		Why array variables are not allowed FOR "FOR"
0000:              ; 		Loop variables. setting up a new array variable
0000:              ; 		Merely involves building the descriptor,
0000:              ; 		Updating [STREND], and making sure there is
0000:              ; 		Still enough room between [STREND] and string space.
0000:              ; 		"PTRGET", the routine which returns a pointer
0000:              ; 		To a variable value, has two important flags. one is
0000:              ; 		"DIMFLG" which indicates whether "DIM" called "PTRGET"
0000:              ; 		Or not. IF so, no prior entry FOR the variable in
0000:              ; 		Question should be found, and the INDEX indicates
0000:              ; 		How much space to set aside. simple variables can
0000:              ; 		Be "dimensioned", but the only effect will be to
0000:              ; 		Set aside space FOR the variable IF it hasn't been
0000:              ; 		Encountered yet. the other important flag is "SUBFLG"
0000:              ; 		Which indicates whether a subscripted variable should be
0000:              ; 		Allowed in the current context. IF [SUBFLG] is non-ZERO
0000:              ; 		The open parenthesis FOR a subscripted variable
0000:              ; 		Will not be scanned by "PTRGET", and "PTRGET" will RETURN
0000:              ; 		With a text pointer pointing to the "(", IF
0000:              ; 		There was one.
0000:              ; 	Strings
0000:              ; 		In the variable tables strings are stored just like
0000:              ; 		Numeric variables. simple strings have three value
0000:              ; 		Bytes which are initialized to all zeros (which
0000:              ; 		Represents the null string). the only difference
0000:              ; 		In handling is that when "PTRGET" sees a "$" after the
0000:              ; 		Name of a variable, "PTRGET" sets [VALTYP]
0000:              ; 		To negative one and turns
0000:              ; 		On the msb (most-signifigant-bit) of the value of
0000:              ; 		The first character of the variable name.
0000:              ; 		Having this bit on in the name of the variable ensures
0000:              ; 		That the search routine will not match
0000:              ; 		'A' with 'a$' or 'a$' with 'a'. the meaning of
0000:              ; 		The three value bytes are:
0000:              ; 			Low
0000:              ; 				Length of the string
0000:              ; 				Low 8 BITS
0000:              ; 				High 8 BITS  of the address
0000:              ; 					Of the characters in the
0000:              ; 					String IF length.ne.0.
0000:              ; 					Meaningless otherwise.
0000:              ; 			High
0000:              ; 		The value of a string variable (these 3 bytes)
0000:              ; 		Is called the string descriptor to distinguish
0000:              ; 		It from the actual string DATA. whenever a
0000:              ; 		String constant is encountered in a formula or as
0000:              ; 		Part of an INPUT string, or as part of DATA, "STRLIT"
0000:              ; 		Is called, causing a descriptor to be built FOR
0000:              ; 		The string. when assignment is made to a string pointing into
0000:              ; 		"BUF" the value is copied into string space since [BUF]
0000:              ; 		Is always changing.
0000:              
0000:              ; 		String functions and the one string operator "+"
0000:              ; 		Always RETURN their values in string space.
0000:              ; 		Assigning a string a constant value in a program
0000:              ; 		Through a "READ" or assignment statement

Page 14   BASIC M6502 8K VER 1.1 BY MICRO-SOFT
          SOME EXPLANATION.
--------------------------------------------------------------------------------
0000:              ; 		Will not use any string space since
0000:              ; 		The string descriptor  will point into the
0000:              ; 		Program itself. in general, copying is done
0000:              ; 		When a string value is in "BUF", or it is in string
0000:              ; 		Space and there is an active pointer to it.
0000:              ; 		Thus f$=g$ will cause copying IF g$ has its
0000:              ; 		String DATA in string space. f$=CHR$(7)
0000:              ; 		Will use one byte of string space to store the
0000:              ; 		New one character string created by "CHR$", but
0000:              ; 		The assignment itself will cause no copying since
0000:              ; 		The only pointer at the new string is a
0000:              ; 		Temporary descriptor created by "FRMEVL" which will
0000:              ; 		Go away as soon as the assignment is done.
0000:              ; 		It is the nature of garbage collection that
0000:              ; 		Disallows having two string descriptors point to the same
0000:              ; 		Area in string space. string functions and operators
0000:              ; 		Must proceed as follows:
0000:              ; 			1) Figure out the length of their result.
0000:              
0000:              ; 			2) Call "GETSPA" to find space FOR their
0000:              ; 			Result. the arguments to the function
0000:              ; 			Or operator may change since garbage collection
0000:              ; 			May be invoked. the only thing that can
0000:              ; 			Be saved during the call to "GETSPA" is a pointer
0000:              ; 			To the descriptors of the arguments.
0000:              ; 			3) Construct the result descriptor in "DSCTMP".
0000:              ; 			"GETSPA" returns the location of the available
0000:              ; 			Space.
0000:              ; 			4) Create the new value by copying parts
0000:              ; 			Of the arguments or whatever.
0000:              ; 			5) Free up the arguments by calling "FRETMP".
0000:              ; 			6) Jump to "PUTNEW" to GET the descriptor in
0000:              ; 			"DSCTMP" transferred into a new string temporary.
0000:              
0000:              ; 		The REASON FOR string temporaries is that garbage
0000:              ; 		Collection has to know about all active string descriptors
0000:              ; 		So it knows what is and isn't in use. string temporaries are
0000:              ; 		Used to store the descriptors of string expressions.
0000:              
0000:              ; 		Instead of having an actual value stored in the
0000:              ; 		FAC, and having the value of a temporary result
0000:              ; 		Being saved on the stack, as happens with numeric
0000:              ; 		Variables, strings have the pointer to a string descriptor
0000:              ; 		Stored in the FAC, and it is this pointer
0000:              ; 		That gets saved on the stack by formula evaluation.
0000:              ; 		String functions cannot free their arguments up RIGHT
0000:              ; 		Away since "GETSPA" may force
0000:              ; 		Garbage collection and the argument strings
0000:              ; 		May be over-written since garbage collection
0000:              ; 		Will not be able to find an active pointer to
0000:              ; 		Them. function and operator results are built in
0000:              ; 		"DSCTMP" since string temporaries are allocated
0000:              ; 		(PUTNEW) and deallocated (FRETMP) in a fifo ordering
0000:              ; 		(I.e. a stack) so the new temporary cannot
0000:              ; 		Be set up until the old one(s) are freed. trying
0000:              ; 		To build a result in a temporary after
0000:              ; 		Freeing up the argument temporaries could result
0000:              ; 		In one of the argument temporaries being overwritten
0000:              ; 		Too soon by the new result.
0000:              

Page 15   BASIC M6502 8K VER 1.1 BY MICRO-SOFT
          SOME EXPLANATION.
--------------------------------------------------------------------------------
0000:              ; 		String space is allocated at the very top
0000:              ; 		Of MEMORY. "MEMSIZ" points beyond the last location of
0000:              ; 		String space. strings are stored in high locations
0000:              ; 		First. whenever string space is allocated (GETSPA).
0000:              ; 		[FRETOP], which is initialized to [MEMSIZ], is updated
0000:              ; 		To give the highest location in string space
0000:              ; 		That is not in use. the result is that
0000:              ; 		[FRETOP] gets smaller and smaller, until some
0000:              ; 		Allocation would make [FRETOP] less than or equal to
0000:              ; 		[STREND]. this means string space has RUN into the
0000:              ; 		The arrays and that garbage collection must be called.
0000:              
0000:              ; 		Garbage collection:
0000:              ; 			0. [Minptr]=[STREND] [FRETOP]=[MEMSIZ]
0000:              ; 			1. [Remmin]=0
0000:              ; 			2. FOR each string descriptor
0000:              ; 			(Temporaries, simple strings, string arrays)
0000:              ; 			IF the string is not null and its pointer is
0000:              ; 			.Gt.minptr and .lt.FRETOP,
0000:              ; 			[Minptr]=this string descriptor's pointer,
0000:              ; 			[Remmin]=pointer at this string descriptor.
0000:              ; 			END.
0000:              ; 			3. IF remmin.ne.0 (we found an uncollected string),
0000:              ; 			Block transfer the string DATA pointed
0000:              ; 			To in the string descriptor pointed to by "remmin"
0000:              ; 			So that the last byte of string DATA is at
0000:              ; 			[FRETOP]. update [FRETOP] so that it
0000:              ; 			Points to the location just below the one
0000:              ; 			The string DATA was moved into. update
0000:              ; 			The pointer in the descriptor so it points
0000:              ; 			To the new location of the string DATA.
0000:              ; 			Go to step 1.
0000:              
0000:              ; 		After calling garbage collection "GETSPA" again checks
0000:              ; 		To see IF [acca] characters are available between
0000:              ; 		[STREND] and [FRETOP]; IF not, an "out of string"
0000:              ; 		ERROR is invoked.
0000:              
0000:              ; 	Math package
0000:              ; 		The math package contains floating INPUT (FIN),
0000:              ; 		Floating output (FOUT), floating compare (FCOMP)
0000:              ; 		... And all the numeric operators and functions.
0000:              ; 		The formats, conventions and entry points are all
0000:              ; 		Described in the math package itself.
0000:              
0000:              ; 	INIT -- the initialization routine
0000:              ; 		The amount of MEMORY,
0000:              ; 		Terminal width, and which functions to be retained
0000:              ; 		Are ascertained from the user. a ZERO is put down
0000:              ; 		At the first location not used by the math-package
0000:              ; 		And [TXTTAB] is set up to point at the NEXT location.
0000:              ; 		This determines where program storage will START.
0000:              ; 		Special checks are made to make sure
0000:              ; 		All questions in "INIT" are answered reasonably, since
0000:              ; 		Once "INIT" finishes, the locations it uses are
0000:              ; 		Used FOR program storage. the last thing "INIT" does is
0000:              ; 		Change location ZERO to be a jump to "READY" instead
0000:              ; 		Of "INIT". once this is done there is no way to restart
0000:              ; 		"INIT".
0000:              ; High locations

Page 16   BASIC M6502 8K VER 1.1 BY MICRO-SOFT
          SOME EXPLANATION.
--------------------------------------------------------------------------------
0000:              
0000:                      .page

Page 17   BASIC M6502 8K VER 1.1 BY MICRO-SOFT
          PAGE ZERO.
--------------------------------------------------------------------------------
0000:                      .subttl PAGE ZERO.
0000:                      .IF     REALIO != 3
0000:              START:
0000: 4c b0 ef             JMP     INIT                 ;Initialize - setup certain locations
0003:                                                   ;And delete functions IF not needed
0003:                                                   ;And change this to "jmp READY"
0003:                                                   ;In case user restarts at loc ZERO.
0003:              RDYJSR:
0003: 4c b0 ef             JMP     INIT                 ;Changed to "jmp STROUT" by "INIT"
0006:                                                   ;To handle errors.
0006:              ADRAYI:
0006: 96 df                .word   AYINT                ;Store here the addr of the
0008:                                                   ;Routine to turn the FAC into a
0008:                                                   ;Two byte signed integer in [y,a]
0008:              ADRGAY:
0008: 69 e1                .word   GIVAYF
000A:                      .endif
000A:                                                   ;Store here the addr of the
000A:                                                   ;Routine to convert [y,a] to a floating
000A:                                                   ;Point number in the FAC.
000A:                      .IF     ROMSW != 0
000A:              USRPOK:
000A: 4c 1f e0             JMP     FCERR
000D:                      .endif
000D:                                                   ;Set up orig by INIT.
000D:              
000D:              ; This is the "volatile" storage area and none of it
000D:              ; Can be kept in rom. any constants in this area cannot
000D:              ; Be kept in a rom, but must be loaded in by the
000D:              ; Program instructions in rom.
000D:              
000D:              ; --- General ram ---:
000D:              CHARAC:
000D: 00                   .fill   1                    ;A delimiting character.
000E:         000D INTEGR  =       CHARAC               ;A one-byte integer from "QINT"*
000E:              ENDCHR:
000E: 00                   .fill   1                    ;The other delimiting character.
000F:              COUNT:
000F: 00                   .fill   1                    ;A general counter.
0010:              
0010:              ; --- Flags ---:
0010:              DIMFLG:
0010: 00                   .fill   1                    ;In getting a pointer to a variable
0011:                                                   ;It is important to remember whether it
0011:                                                   ;Is being done FOR "DIM" or not.
0011:                                                   ;DIMFLG and VALTYP must be
0011:                                                   ;Consecutive locations.
0011:         0010 KIMY    =       DIMFLG               ;Place to preserve y during out.
0011:              VALTYP:
0011: 00                   .fill   1                    ;The type indicator.
0012:                                                   ;0=Numeric 1=string.
0012:                      .IF     INTPRC != 0
0012:              INTFLG:
0012: 00                   .fill   1
0013:                      .endif
0013:                                                   ;Tells IF integer.
0013:              DORES:
0013: 00                   .fill   1                    ;Whether can or can't CRUNCH res'd WORDS.
0014:                                                   ;Turned on when "DATA"
0014:                                                   ;Being scanned by CRUNCH so unquoted

Page 18   BASIC M6502 8K VER 1.1 BY MICRO-SOFT
          PAGE ZERO.
--------------------------------------------------------------------------------
0014:                                                   ;Strings won't be crunched.
0014:         0013 GARBFL  =       DORES                ;Whether to do garbage collection.
0014:              SUBFLG:
0014: 00                   .fill   1                    ;Flag whether sub'd variable allowed.
0015:                                                   ;"FOR" and user-defined function
0015:                                                   ;Pointer fetching turn
0015:                                                   ;This on before calling "PTRGET"
0015:                                                   ;So arrays won't be detected.
0015:                                                   ;"STKINI" and "PTRGET" CLEAR it.
0015:                                                   ;Also disallows integers there.
0015:              INPFLG:
0015: 00                   .fill   1                    ;Flags whether we are doing "INPUT"
0016:                                                   ;Or "READ"*
0016:              TANSGN:
0016: 00                   .fill   1                    ;Used in determining SIGN of tangent.
0017:                      .IF     REALIO != 0
0017:              CNTWFL:
0017: 00                   .fill   1
0018:                      .endif
0018:                                                   ;Suppress output flag.
0018:                                                   ;Non-ZERO means suppress.
0018:                                                   ;Reset by "INPUT", READY and errors.
0018:                                                   ;Complemented by INPUT of ^o.
0018:              
0018:                      .IF     REALIO == 4
0018:                      .org    80
0050:                      .endif
0050:                                                   ;Room FOR apple page 0 stuff.
0050:              ; --- Ram dealing with terminal handling ---:
0050:                      .IF     EXTIO != 0
0050:              CHANNL:
0050:                      .fill   1
0050:                      .endif
0050:                                                   ;Holds channel number.
0050:                      .IF     NULCMD != 0
0050:              NULCNT:
0050:                      .byte   0
0050:                      .endif
0050:                                                   ;Number of nulls to PRINT.
0050:                      .IF     REALIO != 3
0050:              TRMPOS:
0050: 00                   .fill   1
0051:                      .endif
0051:                                                   ;Position of terminal carriage.
0051:              LINWID:
0051: 28                   .byte   LINLEN               ;Length of line (width)*
0052:              NCMWID:
0052: 0e                   .byte   NCMPOS               ;Position beyond which there are
0053:                                                   ;No more fields.
0053:              LINNUM:
0053: 00                   .byte   0                    ;Location to store line number before BUF
0054:                                                   ;So that "BLTUC" can store it all away at once.
0054: 2c                   .byte   44                   ;A comma (preload or from rom)
0055:                                                   ;Used by INPUT statement since the
0055:                                                   ;DATA pointer always starts on a
0055:                                                   ;Comma or terminator.
0055:                      .IF     BUFPAG == 0
0055:              BUF:
0055:                      .fill   BUFLEN
0055:                      .endif

Page 19   BASIC M6502 8K VER 1.1 BY MICRO-SOFT
          PAGE ZERO.
--------------------------------------------------------------------------------
0055:                                                   ;Type in stored here.
0055:                                                   ;Direct statements execute out of
0055:                                                   ;Here. remember "INPUT" smashes BUF.
0055:                                                   ;Must be on page ZERO
0055:                                                   ;Or assignment of string
0055:                                                   ;Values in direct statements won't COPY
0055:                                                   ;Into string space -- which it must.
0055:                                                   ;N.b. two nonzero bytes must precede "buflnm"*
0055:              
0055:              ; --- Storage FOR temporary things ---:
0055:              TEMPPT:
0055: 00                   .fill   1                    ;Pointer at first free temp descriptor.
0056:                                                   ;Initialized to point to TEMPST.
0056:              LASTPT:
0056: 00 00                .fill   2                    ;Pointer to last-used string temporary.
0058:              TEMPST:
0058: 00 00 00 00          .fill   STRSIZ * NUMTMP      ;Storage FOR NUMTMP temp descriptors.
005C: 00 00 00 00  
0060: 00           
0061:              INDEX1:
0061: 00 00                .fill   2                    ;Indexes.
0063:         0061 INDEX   =       INDEX1
0063:              INDEX2:
0063: 00 00                .fill   2
0065:              RESHO:
0065: 00                   .fill   1                    ;Result of multiplier and divider.
0066:                      .IF     ADDPRC != 0
0066:              RESMOH:
0066: 00                   .fill   1
0067:                      .endif
0067:                                                   ;One more byte.
0067:              RESMO:
0067: 00                   .fill   1
0068:              RESLO:
0068: 00                   .fill   1
0069:         0067 ADDEND  =       RESMO                ;Temporary used by "UMULT"*
0069: 00                   .byte   0                    ;Overflow FOR res.
006A:              
006A:              ; --- Pointers into dynamic DATA structures ---;
006A:              TXTTAB:
006A: 00 00                .fill   2                    ;Pointer to beginning of text.
006C:                                                   ;Doesn't change after being
006C:                                                   ;Setup by "INIT"*
006C:              VARTAB:
006C: 00 00                .fill   2                    ;Pointer to START of simple
006E:                                                   ;Variable space.
006E:                                                   ;Updated whenever the SIZE of the
006E:                                                   ;Program changes, set to [TXTTAB]
006E:                                                   ;By "scratch" ("new")*
006E:              ARYTAB:
006E: 00 00                .fill   2                    ;Pointer to beginning of array
0070:                                                   ;Table.
0070:                                                   ;Incremented by 6 whenever
0070:                                                   ;A new simple variable is found, and
0070:                                                   ;Set to [VARTAB] by "CLEARC"*
0070:              STREND:
0070: 00 00                .fill   2                    ;END of storage in use.
0072:                                                   ;Increased whenever a new array
0072:                                                   ;Or simple variable is encountered.
0072:                                                   ;Set to [VARTAB] by "CLEARC"*

Page 20   BASIC M6502 8K VER 1.1 BY MICRO-SOFT
          PAGE ZERO.
--------------------------------------------------------------------------------
0072:              FRETOP:
0072: 00 00                .fill   2                    ;Top of string free space.
0074:              FRESPC:
0074: 00 00                .fill   2                    ;Pointer to new string.
0076:              MEMSIZ:
0076: 00 00                .fill   2                    ;Highest location in MEMORY.
0078:              
0078:              ; --- Line numbers and textual pointers ---:
0078:              CURLIN:
0078: 00 00                .fill   2                    ;Current line #*
007A:                                                   ;Set to 0,255 FOR direct statements.
007A:              OLDLIN:
007A: 00 00                .fill   2                    ;Old line number (setup by ^c,"STOP"
007C:                                                   ;Or "END" in a program)*
007C:         0053 POKER   =       LINNUM               ;Set up location used by POKE.
007C:                                                   ;Temporary FOR INPUT and READ code
007C:              OLDTXT:
007C: 00 00                .fill   2                    ;Old text pointer.
007E:                                                   ;Points at statement to be exec'd NEXT.
007E:              DATLIN:
007E: 00 00                .fill   2                    ;DATA line # -- remember FOR errors.
0080:              DATPTR:
0080: 00 00                .fill   2                    ;Pointer to DATA. initialized to point
0082:                                                   ;At the ZERO in front of [TXTTAB]
0082:                                                   ;By "restore" which is called by "CLEARC"*
0082:                                                   ;Updated by execution of a "READ"*
0082:              INPPTR:
0082: 00 00                .fill   2                    ;This remembers where INPUT is coming from.
0084:              
0084:              ; --- Stuff used in evaluations ---:
0084:              VARNAM:
0084: 00 00                .fill   2                    ;Variable's name is stored here.
0086:              VARPNT:
0086: 00 00                .fill   2                    ;Pointer to variable in MEMORY.
0088:         0086 FDECPT  =       VARPNT               ;Pointer into power of tens of "FOUT"*
0088:              FORPNT:
0088: 00 00                .fill   2                    ;A variable's pointer FOR "FOR" loops
008A:                                                   ;And "LET" statements.
008A:         0088 LSTPNT  =       FORPNT               ;Pntr to LIST string.
008A:         0088 ANDMSK  =       FORPNT               ;The mask used by wait FOR anding.
008A:         0089 EORMSK  =       FORPNT + 1           ;The mask FOR eoring in wait.
008A:              OPPTR:
008A: 00 00                .fill   2                    ;Pointer to current op's entry in "OPTAB"*
008C:         008A VARTXT  =       OPPTR                ;Pointer into LIST of variables.
008C:              OPMASK:
008C: 00                   .fill   1                    ;Mask created by current operator.
008D:         0016 DOMASK  =       TANSGN               ;Mask in use by relation operations.
008D:              DEFPNT:
008D: 00 00                .fill   2                    ;Pointer used in function definition.
008F:         008D GRBPNT  =       DEFPNT               ;Another used in garbage collection.
008F:              DSCPNT:
008F: 00 00                .fill   2                    ;Pointer to a string descriptor.
0091:                      .IF     ADDPRC != 0
0091: 00                   .fill   1
0092:                      .endif
0092:                                                   ;FOR TEMPF3.
0092:              FOUR6:
0092: 03 00                .word   STRSIZ               ;Variable constant used by garb collect.
0094:              
0094:              ; --- Et cetera ---:

Page 21   BASIC M6502 8K VER 1.1 BY MICRO-SOFT
          PAGE ZERO.
--------------------------------------------------------------------------------
0094:              JMPER:
0094: 4c 60 ea             JMP     60000
0097:         0095 SIZE    =       JMPER + 1
0097:         0096 OLDOV   =       JMPER + 2            ;The old overflow.
0097:         008D TEMPF3  =       DEFPNT               ;A third FAC temporary (4 bytes)*
0097:              TEMPF1:
0097:                      .IF     ADDPRC != 0
0097: 00                   .byte   0
0098:                      .endif
0098:                                                   ;FOR tempf1s extra byte.
0098:              HIGHDS:
0098: 00 00                .fill   2                    ;Desination of highest element in blt.
009A:              HIGHTR:
009A: 00 00                .fill   2                    ;Source of highest element to move.
009C:              TEMPF2:
009C:                      .IF     ADDPRC != 0
009C: 00                   .byte   0
009D:                      .endif
009D:                                                   ;FOR tempf2s extra byte.
009D:              LOWDS:
009D: 00 00                .fill   2                    ;Location of last byte transferred into.
009F:              LOWTR:
009F: 00 00                .fill   2                    ;Last thing to move in blt.
00A1:         0098 ARYPNT  =       HIGHDS               ;A pointer used in array building.
00A1:         009F GRBTOP  =       LOWTR                ;A pointer used in garbage collection.
00A1:         009D DECCNT  =       LOWDS                ;Number of places before decimal point.
00A1:         009E TENEXP  =       LOWDS + 1            ;Has a dpt been INPUT?
00A1:         009F DPTFLG  =       LOWTR                ;Base ten exponent.
00A1:         00A0 EXPSGN  =       LOWTR + 1            ;SIGN of base ten exponent.
00A1:              
00A1:              ; --- The floating accumulator ---:
00A1:              FAC:
00A1:              FACEXP:
00A1: 00                   .byte   0
00A2:              FACHO:
00A2: 00                   .byte   0                    ;Most significant byte of mantissa.
00A3:                      .IF     ADDPRC != 0
00A3:              FACMOH:
00A3: 00                   .byte   0
00A4:                      .endif
00A4:                                                   ;One more.
00A4:              FACMO:
00A4: 00                   .byte   0                    ;Middle order of mantissa.
00A5:              FACLO:
00A5: 00                   .byte   0                    ;Least sig byte of mantissa.
00A6:              FACSGN:
00A6: 00                   .byte   0                    ;SIGN of FAC (0 or -1) when unpacked.
00A7:              SGNFLG:
00A7: 00                   .byte   0                    ;SIGN of FAC is preserved bere by "FIN"*
00A8:         00A7 DEGREE  =       SGNFLG               ;A COUNT used by polynomials.
00A8:         00A1 DSCTMP  =       FAC                  ;This is where temp descs are built.
00A8:         00A4 INDICE  =       FACMO                ;INDICE is set up here by "QINT"*
00A8:              BITS:
00A8: 00                   .byte   0                    ;Something FOR "SHIFTR" to use.
00A9:              
00A9:              ; --- The floating argument (unpacked) ---:
00A9:              ARGEXP:
00A9: 00                   .byte   0
00AA:              ARGHO:
00AA: 00                   .byte   0

Page 22   BASIC M6502 8K VER 1.1 BY MICRO-SOFT
          PAGE ZERO.
--------------------------------------------------------------------------------
00AB:                      .IF     ADDPRC != 0
00AB:              ARGMOH:
00AB: 00                   .byte   0
00AC:                      .endif
00AC:              ARGMO:
00AC: 00                   .byte   0
00AD:              ARGLO:
00AD: 00                   .byte   0
00AE:              ARGSGN:
00AE: 00                   .byte   0
00AF:              
00AF:              ARISGN:
00AF: 00                   .byte   0                    ;A SIGN reflecting the result.
00B0:              FACOV:
00B0: 00                   .byte   0                    ;Overflow byte of the FAC.
00B1:         00AF STRNG1  =       ARISGN               ;Pointer to a string or descriptor.
00B1:              
00B1:              FBUFPT:
00B1: 00 00                .fill   2                    ;Pointer into FBUFFR used by FOUT.
00B3:         00B1 BUFPTR  =       FBUFPT               ;Pointer to BUF used by "CRUNCH"*
00B3:         00B1 STRNG2  =       FBUFPT               ;Pointer to string or desc.
00B3:         00B1 POLYPT  =       FBUFPT               ;Pointer into polynomial coefficients.
00B3:         00B1 CURTOL  =       FBUFPT               ;Absolute linear INDEX is formed here.
00B3:                      .page

Page 23   BASIC M6502 8K VER 1.1 BY MICRO-SOFT
          RAM CODE.
--------------------------------------------------------------------------------
00B3:                      .subttl RAM CODE.
00B3:              ; This code gets changed throughout execution.
00B3:              ; It is made to be fast this way.
00B3:              ; Also, [x] and [y] are not disturbed
00B3:              
00B3:              ; "CHRGET" using [TXTPTR] as the current text pntr
00B3:              ; Fetches a new character into acca after incrementing [TXTPTR]
00B3:              ; And sets condition codes according to what's in acca.
00B3:              ;	Not c=	numeric	  ("0" thru "9")
00B3:              ;	Z=	":" or END-of-line (a null)
00B3:              
00B3:              ; [Acca] = new char.
00B3:              ; [TXTPTR]=[TXTPTR]+1
00B3:              
00B3:              ; The following exists in rom IF rom exists and is loaded
00B3:              ; Down here by INIT. otherwise it is just loaded into this
00B3:              ; Ram like all the rest of ram is loaded.
00B3:              
00B3:              CHRGET:
00B3: e6 ba                INC     CHRGET + 7           ;Increment the whole TXTPTR.
00B5: d0 b9   00B9         BNE     CHRGOT
00B7: e6 bb                INC     CHRGET + 8
00B9:              CHRGOT:
00B9: ad 60 ea             LDA     60000                ;A LOAD with an ext addr.
00BC:         00BA TXTPTR  =       CHRGOT + 1
00BC: c9 20                CMP     #" "                 ;Skip spaces.
00BE: f0 b3   00B3         BEQ     CHRGET
00C0:              QNUM:
00C0: c9 3a                CMP     #":"                 ;Is it a ":"?
00C2: b0 ca   00CA         BCS     CHRRTS               ;It is .ge. ":"
00C4: 38                   SEC
00C5: e9 30                SBC     #"0"                 ;All chars .gt. "9" have ret'd so
00C7: 38                   SEC
00C8: e9 d0                SBC     #256 - "0"           ;See IF numeric.
00CA:                                                   ;Turn carry on IF numeric.
00CA:                                                   ;Also, setz IF null.
00CA:              CHRRTS:
00CA: 60                   RTS                          ;RETURN to caller.
00CB:              
00CB:              RNDX:
00CB: 80                   .byte   128                  ;Loaded or from rom.
00CC: 4f                   .byte   79                   ;The initial random number.
00CD: c7                   .byte   199
00CE: 52                   .byte   82
00CF:                      .IF     ADDPRC != 0
00CF: 59                   .byte   89
00D0:                      .endif
00D0:                                                   ;One more byte.
00D0:              
00D0:                      .org    255                  ;Page 1 stuff coming up.
00FF:              LOFBUF:
00FF: 00                   .fill   1                    ;The low FAC buffer. copyable.
0100:              ;---  Page ZERO/one boundary ---*
0100:                                                   ;Must have 13 contiguous bytes.
0100:              FBUFFR:
0100: 00 00 00 00          .fill   3 * ADDPRC + 13      ;Buffer FOR "FOUT"*
0104: 00 00 00 00  
0108: 00 00 00 00  
010C: 00 00 00 00  
0110:                                                   ;On page 1 so that string is not copied.

Page 24   BASIC M6502 8K VER 1.1 BY MICRO-SOFT
          RAM CODE.
--------------------------------------------------------------------------------
0110:              
0110:              ;Stack is located here. ie from the END of FBUFFR to STKEND.
0110:                      .page

Page 25   BASIC M6502 8K VER 1.1 BY MICRO-SOFT
          DISPATCH TABLES, RESERVED WORDS, AND ERROR TEXTS.
--------------------------------------------------------------------------------
0110:                      .subttl DISPATCH TABLES, RESERVED WORDS, AND ERROR TEXTS.
0110:              
0110:                      .org    ROMLOC
D000:              
D000:              STMDSP:
D000: fa d6                .word   END - 1
D002: 05 d6                .word   FOR - 1
D004: 93 db                .word   NEXT - 1
D006: 1c d8                .word   DATA - 1
D008:                      .IF     EXTIO != 0
D008:                      .word   INPUTN - 1
D008:                      .endif
D008: 52 da                .word   INPUT - 1
D00A: 6d de                .word   DIM - 1
D00C: 80 da                .word   READ - 1
D00E: c9 d8                .word   LET - 1
D010: c9 d7                .word   GOTO - 1
D012: a1 d7                .word   RUN - 1
D014: 4c d8                .word   IF - 1
D016: dc d6                .word   RESTOR - 1
D018: ac d7                .word   GOSUB - 1
D01A: f6 d7                .word   RETURN - 1
D01C: 5f d8                .word   REM - 1
D01E: f8 d6                .word   STOP - 1
D020: 6f d8                .word   ONGOTO - 1
D022:                      .IF     NULCMD != 0
D022:                      .word   NULL - 1
D022:                      .endif
D022: 03 e6                .word   FNWAIT - 1
D024:                      .IF     DISKO != 0
D024:                      .IF     REALIO == 3
D024:                      .word   CQLOAD - 1
D024:                      .word   CQSAVE - 1
D024:                      .word   CQVERF - 1
D024:                      .endif
D024:                      .IF     REALIO != 0
D024:                      .IF     REALIO != 2
D024:                      .IF     REALIO != 3
D024:                      .IF     REALIO != 5
D024: 57 d7                .word   LOAD - 1
D026: 3e d7                .word   SAVE - 1
D028:                      .endif
D028:                      .endif
D028:                      .endif
D028:                      .endif
D028:                      .IF     REALIO != 1
D028:                      .IF     REALIO != 3
D028:                      .IF     REALIO != 4
D028:                      .word   511                  ;Address of LOAD
D028:                      .word   511
D028:                      .endif
D028:                      .endif
D028:                      .endif
D028:                      .endif
D028:                                                   ;Address of SAVE
D028: 88 e1                .word   DEF - 1
D02A: fa e5                .word   POKE - 1
D02C:                      .IF     EXTIO != 0
D02C:                      .word   PRINTN - 1
D02C:                      .endif

Page 26   BASIC M6502 8K VER 1.1 BY MICRO-SOFT
          DISPATCH TABLES, RESERVED WORDS, AND ERROR TEXTS.
--------------------------------------------------------------------------------
D02C: 58 d9                .word   PRINT - 1
D02E: 24 d7                .word   CONT - 1
D030:                      .IF     REALIO == 0
D030:                      .word   DDT - 1
D030:                      .endif
D030: 76 d5                .word   LIST - 1
D032: 3b d5                .word   CLEAR - 1
D034:                      .IF     EXTIO != 0
D034:                      .word   CMD - 1
D034:                      .word   CQSYS - 1
D034:                      .word   CQOPEN - 1
D034:                      .word   CQCLOS - 1
D034:                      .endif
D034:                      .IF     GETCMD != 0
D034: 40 da                .word   GET - 1
D036:                      .endif
D036:                                                   ;Fill w/ GET addr.
D036: 1f d5                .word   SCRATH - 1
D038:              
D038:              FUNDSP:
D038: 11 ea                .word   SGN
D03A: a4 ea                .word   INT
D03C: 30 ea                .word   ABS
D03E:                      .IF     ROMSW == 0
D03E:              USRLOC:
D03E:                      .word   FCERR
D03E:                      .endif
D03E:                                                   ;Initially no user routine.
D03E:                      .IF     ROMSW != 0
D03E:              USRLOC:
D03E: 0a 00                .word   USRPOK
D040:                      .endif
D040: 55 e1                .word   FRE
D042: 76 e1                .word   POS
D044: 0e ed                .word   SQR
D046: 2f ee                .word   RND
D048: c2 e7                .word   LOG
D04A: 8a ed                .word   EXP
D04C:                      .IF     KIMROM != 0
D04C:                      .repeat 4
D04C:                      .word   FCERR
D04C:                      .endrepeat
D04C:                      .endif
D04C:                      .IF     KIMROM == 0
D04C:              COSFIX:
D04C: 6b ee                .word   COS
D04E:              SINFIX:
D04E: 72 ee                .word   SIN
D050:              TANFIX:
D050: bb ee                .word   TAN
D052:              ATNFIX:
D052: 1f ef                .word   ATN
D054:                      .endif
D054: e4 e5                .word   PEEK
D056: 52 e5                .word   LEN
D058: 3b e2                .word   STR
D05A: 83 e5                .word   VAL
D05C: 61 e5                .word   ASC
D05E: c2 e4                .word   CHR
D060: d6 e4                .word   LEFT

Page 27   BASIC M6502 8K VER 1.1 BY MICRO-SOFT
          DISPATCH TABLES, RESERVED WORDS, AND ERROR TEXTS.
--------------------------------------------------------------------------------
D062: 02 e5                .word   RIGHT
D064: 0d e5                .word   MID
D066:              OPTAB:
D066: 79                   .byte   121
D067: 41 e6                .word   FADDT - 1
D069: 79                   .byte   121
D06A: 29 e6                .word   FSUBT - 1
D06C: 7b                   .byte   123
D06D: 02 e8                .word   FMULTT - 1
D06F: 7b                   .byte   123
D070: e9 e8                .word   FDIVT - 1
D072: 7f                   .byte   127
D073: 17 ed                .word   FPWRT - 1
D075: 50                   .byte   80
D076: d5 dd                .word   ANDOP - 1
D078: 46                   .byte   70
D079: d2 dd                .word   OROP - 1
D07B:              NEGTAB:
D07B: 7d                   .byte   125
D07C: 50 ed                .word   NEGOP - 1
D07E:              NOTTAB:
D07E: 5a                   .byte   90
D07F: 2f dd                .word   NOTOP - 1
D081:              PTDORL:
D081: 64                   .byte   100                  ;Precedence.
D082: 02 de                .word   DOREL - 1            ;Operator address.
D084:              
D084:              ; Tokens FOR reserved WORDS always have the most
D084:              ; Significant bit on.
D084:              ; The LIST of reserved WORDS:
D084:              
D084:         007F Q       =       128 - 1
D084:                      .macro  DCI, A1
D084:              Q       =       Q + 1
D084:                      .textc  \A1
D084:                      .endmacro
D084:              RESLST:
D084:                      DCI     "END"
D084:         0080 Q       =       Q + 1
D084: 45 4e c4             .textc  "END"
D087:         0080 ENDTK   =       Q
D087:                      DCI     "FOR"
D087:         0081 Q       =       Q + 1
D087: 46 4f d2             .textc  "FOR"
D08A:         0081 FORTK   =       Q
D08A:                      DCI     "NEXT"
D08A:         0082 Q       =       Q + 1
D08A: 4e 45 58 d4          .textc  "NEXT"
D08E:                      DCI     "DATA"
D08E:         0083 Q       =       Q + 1
D08E: 44 41 54 c1          .textc  "DATA"
D092:         0083 DATATK  =       Q
D092:                      .IF     EXTIO != 0
D092:                      DCI     "INPUT#"
D092:                      .endif
D092:                      DCI     "INPUT"
D092:         0084 Q       =       Q + 1
D092: 49 4e 50 55          .textc  "INPUT"
D096: d4           
D097:                      DCI     "DIM"

Page 28   BASIC M6502 8K VER 1.1 BY MICRO-SOFT
          DISPATCH TABLES, RESERVED WORDS, AND ERROR TEXTS.
--------------------------------------------------------------------------------
D097:         0085 Q       =       Q + 1
D097: 44 49 cd             .textc  "DIM"
D09A:                      DCI     "READ"
D09A:         0086 Q       =       Q + 1
D09A: 52 45 41 c4          .textc  "READ"
D09E:                      DCI     "LET"
D09E:         0087 Q       =       Q + 1
D09E: 4c 45 d4             .textc  "LET"
D0A1:                      DCI     "GOTO"
D0A1:         0088 Q       =       Q + 1
D0A1: 47 4f 54 cf          .textc  "GOTO"
D0A5:         0088 GOTOTK  =       Q
D0A5:                      DCI     "RUN"
D0A5:         0089 Q       =       Q + 1
D0A5: 52 55 ce             .textc  "RUN"
D0A8:                      DCI     "IF"
D0A8:         008A Q       =       Q + 1
D0A8: 49 c6                .textc  "IF"
D0AA:                      DCI     "RESTORE"
D0AA:         008B Q       =       Q + 1
D0AA: 52 45 53 54          .textc  "RESTORE"
D0AE: 4f 52 c5     
D0B1:                      DCI     "GOSUB"
D0B1:         008C Q       =       Q + 1
D0B1: 47 4f 53 55          .textc  "GOSUB"
D0B5: c2           
D0B6:         008C GOSUTK  =       Q
D0B6:                      DCI     "RETURN"
D0B6:         008D Q       =       Q + 1
D0B6: 52 45 54 55          .textc  "RETURN"
D0BA: 52 ce        
D0BC:                      DCI     "REM"
D0BC:         008E Q       =       Q + 1
D0BC: 52 45 cd             .textc  "REM"
D0BF:         008E REMTK   =       Q
D0BF:                      DCI     "STOP"
D0BF:         008F Q       =       Q + 1
D0BF: 53 54 4f d0          .textc  "STOP"
D0C3:                      DCI     "ON"
D0C3:         0090 Q       =       Q + 1
D0C3: 4f ce                .textc  "ON"
D0C5:                      .IF     NULCMD != 0
D0C5:                      DCI     "NULL"
D0C5:                      .endif
D0C5:                      DCI     "WAIT"
D0C5:         0091 Q       =       Q + 1
D0C5: 57 41 49 d4          .textc  "WAIT"
D0C9:                      .IF     DISKO != 0
D0C9:                      DCI     "LOAD"
D0C9:         0092 Q       =       Q + 1
D0C9: 4c 4f 41 c4          .textc  "LOAD"
D0CD:                      DCI     "SAVE"
D0CD:         0093 Q       =       Q + 1
D0CD: 53 41 56 c5          .textc  "SAVE"
D0D1:                      .IF     REALIO == 3
D0D1:                      DCI     "VERIFY"
D0D1:                      .endif
D0D1:                      .endif
D0D1:                      DCI     "DEF"
D0D1:         0094 Q       =       Q + 1

Page 29   BASIC M6502 8K VER 1.1 BY MICRO-SOFT
          DISPATCH TABLES, RESERVED WORDS, AND ERROR TEXTS.
--------------------------------------------------------------------------------
D0D1: 44 45 c6             .textc  "DEF"
D0D4:                      DCI     "POKE"
D0D4:         0095 Q       =       Q + 1
D0D4: 50 4f 4b c5          .textc  "POKE"
D0D8:                      .IF     EXTIO != 0
D0D8:                      DCI     "PRINT#"
D0D8:                      .endif
D0D8:                      DCI     "PRINT"
D0D8:         0096 Q       =       Q + 1
D0D8: 50 52 49 4e          .textc  "PRINT"
D0DC: d4           
D0DD:         0096 PRINTK  =       Q
D0DD:                      DCI     "CONT"
D0DD:         0097 Q       =       Q + 1
D0DD: 43 4f 4e d4          .textc  "CONT"
D0E1:                      .IF     REALIO == 0
D0E1:                      DCI     "DDT"
D0E1:                      .endif
D0E1:                      DCI     "LIST"
D0E1:         0098 Q       =       Q + 1
D0E1: 4c 49 53 d4          .textc  "LIST"
D0E5:                      .IF     REALIO != 3
D0E5:                      DCI     "CLEAR"
D0E5:         0099 Q       =       Q + 1
D0E5: 43 4c 45 41          .textc  "CLEAR"
D0E9: d2           
D0EA:                      .endif
D0EA:                      .IF     REALIO == 3
D0EA:                      DCI     "CLR"
D0EA:                      .endif
D0EA:                      .IF     EXTIO != 0
D0EA:                      DCI     "CMD"
D0EA:                      DCI     "SYS"
D0EA:                      DCI     "OPEN"
D0EA:                      DCI     "CLOSE"
D0EA:                      .endif
D0EA:                      .IF     GETCMD != 0
D0EA:                      DCI     "GET"
D0EA:         009A Q       =       Q + 1
D0EA: 47 45 d4             .textc  "GET"
D0ED:                      .endif
D0ED:                      DCI     "NEW"
D0ED:         009B Q       =       Q + 1
D0ED: 4e 45 d7             .textc  "NEW"
D0F0:         009B SCRATK  =       Q
D0F0:              ; END of command LIST.
D0F0: 54                   .byte   84
D0F1: 41                   .byte   65
D0F2: 42                   .byte   66
D0F3: a8                   .byte   "(" + 128
D0F4:         009C Q       =       Q + 1
D0F4:         009C TABTK   =       Q
D0F4:                      DCI     "TO"
D0F4:         009D Q       =       Q + 1
D0F4: 54 cf                .textc  "TO"
D0F6:         009D TOTK    =       Q
D0F6:                      DCI     "FN"
D0F6:         009E Q       =       Q + 1
D0F6: 46 ce                .textc  "FN"
D0F8:         009E FNTK    =       Q

Page 30   BASIC M6502 8K VER 1.1 BY MICRO-SOFT
          DISPATCH TABLES, RESERVED WORDS, AND ERROR TEXTS.
--------------------------------------------------------------------------------
D0F8: 53                   .byte   83
D0F9: 50                   .byte   80
D0FA: 43                   .byte   67
D0FB: a8                   .byte   "(" + 128            ;Macro doesnt like ('s in arguments.
D0FC:         009F Q       =       Q + 1
D0FC:         009F SPCTK   =       Q
D0FC:                      DCI     "THEN"
D0FC:         00A0 Q       =       Q + 1
D0FC: 54 48 45 ce          .textc  "THEN"
D100:         00A0 THENTK  =       Q
D100:                      DCI     "NOT"
D100:         00A1 Q       =       Q + 1
D100: 4e 4f d4             .textc  "NOT"
D103:         00A1 NOTTK   =       Q
D103:                      DCI     "STEP"
D103:         00A2 Q       =       Q + 1
D103: 53 54 45 d0          .textc  "STEP"
D107:         00A2 STEPTK  =       Q
D107:                      DCI     "+"
D107:         00A3 Q       =       Q + 1
D107: ab                   .textc  "+"
D108:         00A3 PLUSTK  =       Q
D108:                      DCI     "-"
D108:         00A4 Q       =       Q + 1
D108: ad                   .textc  "-"
D109:         00A4 MINUTK  =       Q
D109:                      DCI     "*"
D109:         00A5 Q       =       Q + 1
D109: aa                   .textc  "*"
D10A:                      DCI     "/"
D10A:         00A6 Q       =       Q + 1
D10A: af                   .textc  "/"
D10B:                      DCI     "^"
D10B:         00A7 Q       =       Q + 1
D10B: de                   .textc  "^"
D10C:                      DCI     "AND"
D10C:         00A8 Q       =       Q + 1
D10C: 41 4e c4             .textc  "AND"
D10F:                      DCI     "OR"
D10F:         00A9 Q       =       Q + 1
D10F: 4f d2                .textc  "OR"
D111: be                   .byte   190                  ;A greater than SIGN
D112:         00AA Q       =       Q + 1
D112:         00AA GREATK  =       Q
D112:                      DCI     "="
D112:         00AB Q       =       Q + 1
D112: bd                   .textc  "="
D113:         00AB EQULTK  =       Q
D113: bc                   .byte   188
D114:         00AC Q       =       Q + 1                ;A less than SIGN
D114:         00AC LESSTK  =       Q
D114:              
D114:              ; Note danger of one reserved word being a part
D114:              ; Of another:
D114:              ; Ie * * IF 2 greater than f or t=5 then...
D114:              ; Will not work!!! since "FOR" will be crunched!!
D114:              ; In any case make sure the smaller word appears
D114:              ; Second in the reserved word table ("inp" and "INPUT")
D114:              ; Another example: IF t or Q then ... "to" is crunched
D114:              

Page 31   BASIC M6502 8K VER 1.1 BY MICRO-SOFT
          DISPATCH TABLES, RESERVED WORDS, AND ERROR TEXTS.
--------------------------------------------------------------------------------
D114:                      DCI     "SGN"
D114:         00AD Q       =       Q + 1
D114: 53 47 ce             .textc  "SGN"
D117:         00AD ONEFUN  =       Q
D117:                      DCI     "INT"
D117:         00AE Q       =       Q + 1
D117: 49 4e d4             .textc  "INT"
D11A:                      DCI     "ABS"
D11A:         00AF Q       =       Q + 1
D11A: 41 42 d3             .textc  "ABS"
D11D:                      DCI     "USR"
D11D:         00B0 Q       =       Q + 1
D11D: 55 53 d2             .textc  "USR"
D120:                      DCI     "FRE"
D120:         00B1 Q       =       Q + 1
D120: 46 52 c5             .textc  "FRE"
D123:                      DCI     "POS"
D123:         00B2 Q       =       Q + 1
D123: 50 4f d3             .textc  "POS"
D126:                      DCI     "SQR"
D126:         00B3 Q       =       Q + 1
D126: 53 51 d2             .textc  "SQR"
D129:                      DCI     "RND"
D129:         00B4 Q       =       Q + 1
D129: 52 4e c4             .textc  "RND"
D12C:                      DCI     "LOG"
D12C:         00B5 Q       =       Q + 1
D12C: 4c 4f c7             .textc  "LOG"
D12F:                      DCI     "EXP"
D12F:         00B6 Q       =       Q + 1
D12F: 45 58 d0             .textc  "EXP"
D132:                      DCI     "COS"
D132:         00B7 Q       =       Q + 1
D132: 43 4f d3             .textc  "COS"
D135:                      DCI     "SIN"
D135:         00B8 Q       =       Q + 1
D135: 53 49 ce             .textc  "SIN"
D138:                      DCI     "TAN"
D138:         00B9 Q       =       Q + 1
D138: 54 41 ce             .textc  "TAN"
D13B:                      DCI     "ATN"
D13B:         00BA Q       =       Q + 1
D13B: 41 54 ce             .textc  "ATN"
D13E:                      DCI     "PEEK"
D13E:         00BB Q       =       Q + 1
D13E: 50 45 45 cb          .textc  "PEEK"
D142:                      DCI     "LEN"
D142:         00BC Q       =       Q + 1
D142: 4c 45 ce             .textc  "LEN"
D145:                      DCI     "STR$"
D145:         00BD Q       =       Q + 1
D145: 53 54 52 a4          .textc  "STR$"
D149:                      DCI     "VAL"
D149:         00BE Q       =       Q + 1
D149: 56 41 cc             .textc  "VAL"
D14C:                      DCI     "ASC"
D14C:         00BF Q       =       Q + 1
D14C: 41 53 c3             .textc  "ASC"
D14F:                      DCI     "CHR$"
D14F:         00C0 Q       =       Q + 1

Page 32   BASIC M6502 8K VER 1.1 BY MICRO-SOFT
          DISPATCH TABLES, RESERVED WORDS, AND ERROR TEXTS.
--------------------------------------------------------------------------------
D14F: 43 48 52 a4          .textc  "CHR$"
D153:         00C0 LASNUM  =       Q                    ;Number of last function
D153:                                                   ;That takes one arg
D153:                      DCI     "LEFT$"
D153:         00C1 Q       =       Q + 1
D153: 4c 45 46 54          .textc  "LEFT$"
D157: a4           
D158:                      DCI     "RIGHT$"
D158:         00C2 Q       =       Q + 1
D158: 52 49 47 48          .textc  "RIGHT$"
D15C: 54 a4        
D15E:                      DCI     "MID$"
D15E:         00C3 Q       =       Q + 1
D15E: 4d 49 44 a4          .textc  "MID$"
D162:                      DCI     "GO"
D162:         00C4 Q       =       Q + 1
D162: 47 cf                .textc  "GO"
D164:         00C4 GOTK    =       Q
D164: 00                   .byte   0                    ;Marks END of reserved word LIST
D165:              
D165:                      .IF     LNGERR == 0
D165:              Q       =       0 - 2
D165:                      .macro  DCE, X1
D165:              Q       =       Q + 2
D165:                      .textc  \X1
D165:                      .endmacro
D165:              ERRTAB:
D165:                      DCE     "NF"
D165:              ERRNF   =       Q                    ;NEXT without FOR.
D165:                      DCE     "SN"
D165:              ERRSN   =       Q                    ;Syntax
D165:                      DCE     "RG"
D165:              ERRRG   =       Q                    ;RETURN without GOSUB.
D165:                      DCE     "OD"
D165:              ERROD   =       Q                    ;Out of DATA.
D165:                      DCE     "FC"
D165:              ERRFC   =       Q                    ;Illegal quantity.
D165:                      DCE     "OV"
D165:              ERROV   =       Q                    ;Overflow.
D165:                      DCE     "OM"
D165:              ERROM   =       Q                    ;Out of MEMORY.
D165:                      DCE     "US"
D165:              ERRUS   =       Q                    ;Undefined statement.
D165:                      DCE     "BS"
D165:              ERRBS   =       Q                    ;Bad subscript.
D165:                      DCE     "DD"
D165:              ERRDD   =       Q                    ;Redimensioned array.
D165:                      DCE     "/0"
D165:              ERRDV0  =       Q                    ;Division by ZERO.
D165:                      DCE     "ID"
D165:              ERRID   =       Q                    ;Illegal direct.
D165:                      DCE     "TM"
D165:              ERRTM   =       Q                    ;Type mismatch.
D165:                      DCE     "LS"
D165:              ERRLS   =       Q                    ;String too long.
D165:                      .IF     EXTIO != 0
D165:                      DCE     "FD"                 ;File DATA.
D165:              ERRBD   =       Q
D165:                      .endif
D165:                      DCE     "ST"

Page 33   BASIC M6502 8K VER 1.1 BY MICRO-SOFT
          DISPATCH TABLES, RESERVED WORDS, AND ERROR TEXTS.
--------------------------------------------------------------------------------
D165:              ERRST   =       Q                    ;String formula too complex.
D165:                      DCE     "CN"
D165:              ERRCN   =       Q                    ;Can't continue.
D165:                      DCE     "UF"
D165:              ERRUF   =       Q
D165:                      .endif
D165:                                                   ;Undefined function.
D165:              
D165:                      .IF     LNGERR != 0
D165:         0000 Q       =       0
D165:              ; Note: this ERROR COUNT technique will not work IF there are more
D165:              ; Than 256 characters of ERROR messages
D165:              ERRTAB:
D165: 4e 45 58 54          .textc  "NEXT WITHOUT FOR"
D169: 20 57 49 54  
D16D: 48 4f 55 54  
D171: 20 46 4f d2  
D175:         0000 ERRNF   =       Q
D175:         0010 Q       =       Q + 16
D175: 53 59 4e 54          .textc  "SYNTAX"
D179: 41 d8        
D17B:         0010 ERRSN   =       Q
D17B:         0016 Q       =       Q + 6
D17B: 52 45 54 55          .textc  "RETURN WITHOUT GOSUB"
D17F: 52 4e 20 57  
D183: 49 54 48 4f  
D187: 55 54 20 47  
D18B: 4f 53 55 c2  
D18F:         0016 ERRRG   =       Q
D18F:         002A Q       =       Q + 20
D18F: 4f 55 54 20          .textc  "OUT OF DATA"
D193: 4f 46 20 44  
D197: 41 54 c1     
D19A:         002A ERROD   =       Q
D19A:         0035 Q       =       Q + 11
D19A: 49 4c 4c 45          .textc  "ILLEGAL QUANTITY"
D19E: 47 41 4c 20  
D1A2: 51 55 41 4e  
D1A6: 54 49 54 d9  
D1AA:         0035 ERRFC   =       Q
D1AA:         0045 Q       =       Q + 16
D1AA: 4f 56 45 52          .textc  "OVERFLOW"
D1AE: 46 4c 4f d7  
D1B2:         0045 ERROV   =       Q
D1B2:         004D Q       =       Q + 8
D1B2: 4f 55 54 20          .textc  "OUT OF MEMORY"
D1B6: 4f 46 20 4d  
D1BA: 45 4d 4f 52  
D1BE: d9           
D1BF:         004D ERROM   =       Q
D1BF:         005A Q       =       Q + 13
D1BF: 55 4e 44 45          .textc  "UNDEF'D STATEMENT"
D1C3: 46 27 44 20  
D1C7: 53 54 41 54  
D1CB: 45 4d 45 4e  
D1CF: d4           
D1D0:         005A ERRUS   =       Q
D1D0:         006B Q       =       Q + 17
D1D0: 42 41 44 20          .textc  "BAD SUBSCRIPT"
D1D4: 53 55 42 53  

Page 34   BASIC M6502 8K VER 1.1 BY MICRO-SOFT
          DISPATCH TABLES, RESERVED WORDS, AND ERROR TEXTS.
--------------------------------------------------------------------------------
D1D8: 43 52 49 50  
D1DC: d4           
D1DD:         006B ERRBS   =       Q
D1DD:         0078 Q       =       Q + 13
D1DD: 52 45 44 49          .textc  "REDIM'D ARRAY"
D1E1: 4d 27 44 20  
D1E5: 41 52 52 41  
D1E9: d9           
D1EA:         0078 ERRDD   =       Q
D1EA:         0085 Q       =       Q + 13
D1EA: 44 49 56 49          .textc  "DIVISION BY ZERO"
D1EE: 53 49 4f 4e  
D1F2: 20 42 59 20  
D1F6: 5a 45 52 cf  
D1FA:         0085 ERRDV0  =       Q
D1FA:         0095 Q       =       Q + 16
D1FA: 49 4c 4c 45          .textc  "ILLEGAL DIRECT"
D1FE: 47 41 4c 20  
D202: 44 49 52 45  
D206: 43 d4        
D208:         0095 ERRID   =       Q
D208:         00A3 Q       =       Q + 14
D208: 54 59 50 45          .textc  "TYPE MISMATCH"
D20C: 20 4d 49 53  
D210: 4d 41 54 43  
D214: c8           
D215:         00A3 ERRTM   =       Q
D215:         00B0 Q       =       Q + 13
D215: 53 54 52 49          .textc  "STRING TOO LONG"
D219: 4e 47 20 54  
D21D: 4f 4f 20 4c  
D221: 4f 4e c7     
D224:         00B0 ERRLS   =       Q
D224:         00BF Q       =       Q + 15
D224:                      .IF     EXTIO != 0
D224:                      .textc  "FILE DATA"
D224:              ERRBD   =       Q
D224:              Q       =       Q + 9
D224:                      .endif
D224: 46 4f 52 4d          .textc  "FORMULA TOO COMPLEX"
D228: 55 4c 41 20  
D22C: 54 4f 4f 20  
D230: 43 4f 4d 50  
D234: 4c 45 d8     
D237:         00BF ERRST   =       Q
D237:         00D2 Q       =       Q + 19
D237: 43 41 4e 27          .textc  "CAN'T CONTINUE"
D23B: 54 20 43 4f  
D23F: 4e 54 49 4e  
D243: 55 c5        
D245:         00D2 ERRCN   =       Q
D245:         00E0 Q       =       Q + 14
D245: 55 4e 44 45          .textc  "UNDEF'D FUNCTION"
D249: 46 27 44 20  
D24D: 46 55 4e 43  
D251: 54 49 4f ce  
D255:         00E0 ERRUF   =       Q
D255:                      .endif
D255:              
D255:              ; Needed FOR messages in all versions.

Page 35   BASIC M6502 8K VER 1.1 BY MICRO-SOFT
          DISPATCH TABLES, RESERVED WORDS, AND ERROR TEXTS.
--------------------------------------------------------------------------------
D255:              
D255:              ERR:
D255: 20 45 52 52          .text   " ERROR"
D259: 4f 52        
D25B: 00                   .byte   0
D25C:              INTXT:
D25C: 20 49 4e 20          .text   " IN "
D260: 00                   .byte   0
D261:              REDDY:
D261:                      ACRLF
D261: 0d                   .byte   13
D262: 0a                   .byte   10
D263:                      .IF     REALIO == 3
D263:                      .text   "READY."
D263:                      .endif
D263:                      .IF     REALIO != 3
D263: 4f 4b                .text   "OK"
D265:                      .endif
D265:                      ACRLF
D265: 0d                   .byte   13
D266: 0a                   .byte   10
D267: 00                   .byte   0
D268:              BRKTXT:
D268:                      ACRLF
D268: 0d                   .byte   13
D269: 0a                   .byte   10
D26A: 42 52 45 41          .text   "BREAK"
D26E: 4b           
D26F: 00                   .byte   0
D270:                      .page

Page 36   BASIC M6502 8K VER 1.1 BY MICRO-SOFT
          GENERAL STORAGE MANAGEMENT ROUTINES.
--------------------------------------------------------------------------------
D270:                      .subttl GENERAL STORAGE MANAGEMENT ROUTINES.
D270:              
D270:              ; Find a "FOR" entry on the stack via "VARPNT"*
D270:              
D270:         0012 FORSIZ  =       2 * ADDPRC + 16
D270:              FNDFOR:
D270: ba                   TSX                          ;LOAD xreg with stk pntr.
D271:                      .repeat 4
D271: e8                   INX
D272: e8                   INX
D273: e8                   INX
D274: e8                   INX
D275:                      .endrepeat
D275:                                                   ;IGNORE .word NEWSTT AND RTS ADDR.
D275:              FFLOOP:
D275: bd 01 01             LDA     257,X                ;GET stack entry.
D278: c9 81                CMP     #FORTK               ;Is it a "FOR" token?
D27A: d0 9d   D29D         BNE     FFRTS                ;No, no "FOR" loops with this pntr.
D27C: a5 89                LDA     FORPNT + 1           ;GET high.
D27E: d0 8a   D28A         BNE     CMPFOR
D280: bd 02 01             LDA     258,X                ;Pntr is ZERO, so assume this one.
D283: 85 88                STA     FORPNT
D285: bd 03 01             LDA     259,X
D288: 85 89                STA     FORPNT + 1
D28A:              CMPFOR:
D28A: dd 03 01             CMP     259,X
D28D: d0 96   D296         BNE     ADDFRS               ;Not this one.
D28F: a5 88                LDA     FORPNT               ;GET down.
D291: dd 02 01             CMP     258,X
D294: f0 9d   D29D         BEQ     FFRTS                ;We got it! we got it!
D296:              ADDFRS:
D296: 8a                   TXA
D297: 18                   CLC                          ;Add 16 to x.
D298: 69 12                ADC     #FORSIZ
D29A: aa                   TAX                          ;Result back into x.
D29B: d0 75   D275         BNE     FFLOOP
D29D:              FFRTS:
D29D: 60                   RTS                          ;RETURN to caller.
D29E:              
D29E:              ; THIS IS THE .fill TRANSFER ROUTINE.
D29E:              ; It makes space by shoving everything forward.
D29E:              
D29E:              ; On entry:
D29E:              ; [Y,a]=[HIGHDS]    (FOR REASON)*
D29E:              ; [HIGHDS]= destination of [high address]*
D29E:              ; [LOWTR]= lowest addr to be transferred.
D29E:              ; [HIGHTR]= highest addr to be transferred.
D29E:              
D29E:              ; A check is made to ascertain that a reasonable
D29E:              ; Amount of space remains between the bottom
D29E:              ; Of the strings and the highest location transferred into.
D29E:              
D29E:              ; On exit:
D29E:              ; [LOWTR] are unchanged.
D29E:              ; [HIGHTR]=[LOWTR]-200 octal.
D29E:              ; [HIGHDS]=lowest addr transferred into minus 200 octal.
D29E:              
D29E:              BLTU:
D29E: 20 ee d2             JSR     REASON               ;Ascertain that string space won't
D2A1:                                                   ;Be overrun.

Page 37   BASIC M6502 8K VER 1.1 BY MICRO-SOFT
          GENERAL STORAGE MANAGEMENT ROUTINES.
--------------------------------------------------------------------------------
D2A1:                      STWD    STREND
D2A1: 85 70                STA     STREND
D2A3: 84 71                STY     STREND + 1
D2A5:              BLTUC:
D2A5: 38                   SEC                          ;Prepare to subtract.
D2A6: a5 9a                LDA     HIGHTR
D2A8: e5 9f                SBC     LOWTR                ;Compute number of things to move.
D2AA: 85 61                STA     INDEX                ;SAVE FOR later.
D2AC: a8                   TAY
D2AD: a5 9b                LDA     HIGHTR + 1
D2AF: e5 a0                SBC     LOWTR + 1
D2B1: aa                   TAX                          ;Put it in a counter register.
D2B2: e8                   INX                          ;So that counter algorithm works.
D2B3: 98                   TYA                          ;See IF low part of COUNT is ZERO.
D2B4: f0 d9   D2D9         BEQ     DECBLT               ;Yes, go START moving blocks.
D2B6: a5 9a                LDA     HIGHTR               ;No, must modify base addr.
D2B8: 38                   SEC
D2B9: e5 61                SBC     INDEX                ;Borrow is off since [HIGHTR].gt.[LOWTR]*
D2BB: 85 9a                STA     HIGHTR               ;SAVE modified base addr.
D2BD: b0 c2   D2C2         BCS     BLT1                 ;IF no borrow, go shove it.
D2BF: c6 9b                DEC     HIGHTR + 1           ;Borrow implies sub 1 from high order.
D2C1: 38                   SEC
D2C2:              BLT1:
D2C2: a5 98                LDA     HIGHDS               ;Mod base of dest addr.
D2C4: e5 61                SBC     INDEX
D2C6: 85 98                STA     HIGHDS
D2C8: b0 d2   D2D2         BCS     MOREN1               ;No borrow.
D2CA: c6 99                DEC     HIGHDS + 1           ;Decrement high order byte.
D2CC: 90 d2   D2D2         BCC     MOREN1               ;Always skip.
D2CE:              BLTLP:
D2CE: b1 9a                LDA     (HIGHTR),Y           ;Fetch byte to move
D2D0: 91 98                STA     (HIGHDS),Y           ;Move it in, move it out.
D2D2:              MOREN1:
D2D2: 88                   DEY
D2D3: d0 ce   D2CE         BNE     BLTLP
D2D5: b1 9a                LDA     (HIGHTR),Y           ;Move last of the block.
D2D7: 91 98                STA     (HIGHDS),Y
D2D9:              DECBLT:
D2D9: c6 9b                DEC     HIGHTR + 1
D2DB: c6 99                DEC     HIGHDS + 1           ;START on new blocks.
D2DD: ca                   DEX
D2DE: d0 d2   D2D2         BNE     MOREN1
D2E0: 60                   RTS                          ;RETURN to caller.
D2E1:              
D2E1:              ; This routine is used to ascertain that a given
D2E1:              ; Number of locs remain available FOR the stack.
D2E1:              ;    The call is:
D2E1:              ;	Lda #number of 2-byte entries needed.
D2E1:              ;	Jsr	GETSTK
D2E1:              
D2E1:              ; This routine must be called by any routine which puts
D2E1:              ; An arbitrary amount of stuff on the stack
D2E1:              ; I.e., any recursive routine like "FRMEVL"*
D2E1:              ; It is also called by routines such as "GOSUB" and "FOR"
D2E1:              ; Which make permanent entries on the stack.
D2E1:              
D2E1:              ; Routines which merely use and free up the guaranteed
D2E1:              ; NUMLEV locations need not call this.
D2E1:              
D2E1:              ; On exit:

Page 38   BASIC M6502 8K VER 1.1 BY MICRO-SOFT
          GENERAL STORAGE MANAGEMENT ROUTINES.
--------------------------------------------------------------------------------
D2E1:              ;    [A] and [x] have been modified.
D2E1:              
D2E1:              GETSTK:
D2E1: 0a                   ASL     A                    ;Mult [a] by 2. nb, clears c bit.
D2E2: 69 3e                ADC     #2 * NUMLEV + 3 * ADDPRC + 13 ;Make sure 2*NUMLEV+13 locs
D2E4:                                                   ;(13 Because of FBUFFR)
D2E4: b0 1b   D31B         BCS     OMERR                ;Will remain in stack.
D2E6: 85 61                STA     INDEX
D2E8: ba                   TSX                          ;GET stacked.
D2E9: e4 61                CPX     INDEX                ;Compare.
D2EB: 90 1b   D31B         BCC     OMERR                ;IF stack.le.INDEX1, om.
D2ED: 60                   RTS
D2EE:              
D2EE:              ; [Y,a] is a certain address. "REASON" makes sure
D2EE:              ; It is less than [FRETOP]*
D2EE:              
D2EE:              REASON:
D2EE: c4 73                CPY     FRETOP + 1
D2F0: 90 1a   D31A         BCC     REARTS
D2F2: d0 f8   D2F8         BNE     TRYMOR               ;Go garb collect.
D2F4: c5 72                CMP     FRETOP
D2F6: 90 1a   D31A         BCC     REARTS
D2F8:              TRYMOR:
D2F8: 48                   PHA
D2F9: a2 09                LDX     #8 + ADDPRC          ;IF TEMPF2 has ZERO in between.
D2FB: 98                   TYA
D2FC:              REASAV:
D2FC: 48                   PHA
D2FD: b5 97                LDA     HIGHDS - 1,X         ;SAVE HIGHDS on stack.
D2FF: ca                   DEX
D300: 10 fc   D2FC         BPL     REASAV               ;Put 8 of them on stk.
D302: 20 fc e2             JSR     GARBA2               ;Go garb collect.
D305: a2 f7                LDX     #256 - 8 - ADDPRC
D307:              REASTO:
D307: 68                   PLA
D308: 95 a1                STA     HIGHDS + 8 + ADDPRC,X ;Restore after garb collect.
D30A: e8                   INX
D30B: 30 07   D307         BMI     REASTO
D30D: 68                   PLA
D30E: a8                   TAY
D30F: 68                   PLA                          ;Restore a and y.
D310: c4 73                CPY     FRETOP + 1           ;Compare highs
D312: 90 1a   D31A         BCC     REARTS
D314: d0 1b   D31B         BNE     OMERR                ;Higher is bad.
D316: c5 72                CMP     FRETOP               ;And the lows.
D318: b0 1b   D31B         BCS     OMERR
D31A:              REARTS:
D31A: 60                   RTS
D31B:              
D31B:                      .page

Page 39   BASIC M6502 8K VER 1.1 BY MICRO-SOFT
          ERROR HANDLER, READY, TERMINAL INPUT, COMPACTIFY, NEW, REINIT.
--------------------------------------------------------------------------------
D31B:                      .subttl ERROR HANDLER, READY, TERMINAL INPUT, COMPACTIFY, NEW, REINIT.
D31B:              OMERR:
D31B: a2 4d                LDX     #ERROM
D31D:              ERROR:
D31D:                      .IF     REALIO != 0
D31D: 46 17                LSR     CNTWFL
D31F:                      .endif
D31F:                                                   ;Force output.
D31F:                      .IF     EXTIO != 0
D31F:                      LDA     CHANNL               ;Close non-terminal channel.
D31F:                      BEQ     ERRCRD
D31F:                      JSR     CQCCHN               ;Close it.
D31F:                      LDA     #0
D31F:                      STA     CHANNL
D31F:                      .endif
D31F:              ERRCRD:
D31F: 20 91 d9             JSR     CRDO                 ;Output crlf.
D322: 20 fb d9             JSR     OUTQST               ;PRINT a question mark
D325:                      .IF     LNGERR == 0
D325:                      LDA     ERRTAB,X             ;GET first CHR of ERR msg.
D325:                      JSR     OUTDO                ;Output it.
D325:                      LDA     ERRTAB + 1,X         ;GET second CHR.
D325:                      JSR     OUTDO
D325:                      .endif
D325:                                                   ;Output it.
D325:                      .IF     LNGERR != 0
D325:              GETERR:
D325: bd 65 d1             LDA     ERRTAB,X
D328: 48                   PHA
D329: 29 7f                AND     #127                 ;GET rid of high bit.
D32B: 20 fd d9             JSR     OUTDO                ;Output it.
D32E: e8                   INX
D32F: 68                   PLA                          ;Last char of message?
D330: 10 25   D325         BPL     GETERR
D332:                      .endif
D332:                                                   ;No. go GET NEXT and output it.
D332:              TYPERR:
D332: 20 55 d5             JSR     STKINI               ;Reset the stack and flags.
D335:                      LDWDI   ERR                  ;GET pntr to " ERROR"*
D335: a9 55                LDA     #ERR & 0o377
D337: a0 d2                LDY     #ERR / 0o400
D339:              ERRFIN:
D339: 20 db d9             JSR     STROUT               ;Output it.
D33C: a4 79                LDY     CURLIN + 1
D33E: c8                   INY                          ;Was number 64000?
D33F: f0 44   D344         BEQ     READY                ;Yes, don't type line number.
D341: 20 9a eb             JSR     INPRT
D344:              READY:
D344:                      .IF     REALIO != 0
D344: 46 17                LSR     CNTWFL
D346:                      .endif
D346:                                                   ;Turn output back on IF supressed
D346:                      LDWDI   REDDY                ;Say "ok"*
D346: a9 61                LDA     #REDDY & 0o377
D348: a0 d2                LDY     #REDDY / 0o400
D34A:                      .IF     REALIO != 3
D34A: 20 03 00             JSR     RDYJSR
D34D:                      .endif
D34D:                                                   ;Or go to INIT IF INIT ERROR.
D34D:                      .IF     REALIO == 3

Page 40   BASIC M6502 8K VER 1.1 BY MICRO-SOFT
          ERROR HANDLER, READY, TERMINAL INPUT, COMPACTIFY, NEW, REINIT.
--------------------------------------------------------------------------------
D34D:                      JSR     STROUT
D34D:                      .endif
D34D:                                                   ;No INIT errors possible.
D34D:              MAIN:
D34D: 20 2a d4             JSR     INLIN                ;GET a line from terminal.
D350:                      STXY    TXTPTR
D350: 86 ba                STX     TXTPTR
D352: 84 bb                STY     TXTPTR + 1
D354: 20 b3 00             JSR     CHRGET
D357: aa                   TAX                          ;Set ZERO flag based on [a]
D358:                                                   ;This distinguishes ":" and 0
D358: f0 4d   D34D         BEQ     MAIN                 ;IF blank line, GET another.
D35A: a2 ff                LDX     #255                 ;Set direct line number.
D35C: 86 79                STX     CURLIN + 1
D35E: 90 66   D366         BCC     MAIN1                ;Is a line number. not direct.
D360: 20 63 d4             JSR     CRUNCH               ;Compactify.
D363: 4c a4 d6             JMP     GONE                 ;Execute it.
D366:              MAIN1:
D366: 20 90 d8             JSR     LINGET               ;READ line number into "LINNUM"*
D369: 20 63 d4             JSR     CRUNCH
D36C: 84 0f                STY     COUNT                ;Retain character COUNT.
D36E: 20 f1 d4             JSR     FNDLIN
D371: 90 b7   D3B7         BCC     NODEL                ;No match, so don't delete.
D373: a0 01                LDY     #1
D375: b1 9f                LDA     (LOWTR),Y
D377: 85 62                STA     INDEX1 + 1
D379: a5 6c                LDA     VARTAB
D37B: 85 61                STA     INDEX1
D37D: a5 a0                LDA     LOWTR + 1            ;Set transfer to.
D37F: 85 64                STA     INDEX2 + 1
D381: a5 9f                LDA     LOWTR
D383: 88                   DEY
D384: f1 9f                SBC     (LOWTR),Y            ;Compute negative length.
D386: 18                   CLC
D387: 65 6c                ADC     VARTAB               ;Compute new VARTAB.
D389: 85 6c                STA     VARTAB
D38B: 85 63                STA     INDEX2               ;Set low of trans to.
D38D: a5 6d                LDA     VARTAB + 1
D38F: 69 ff                ADC     #255
D391: 85 6d                STA     VARTAB + 1           ;Compute high of VARTAB.
D393: e5 a0                SBC     LOWTR + 1            ;Compute number of blocks to move.
D395: aa                   TAX
D396: 38                   SEC
D397: a5 9f                LDA     LOWTR
D399: e5 6c                SBC     VARTAB               ;Compute offset.
D39B: a8                   TAY
D39C: b0 a1   D3A1         BCS     QDECT1               ;IF VARTAB.le.LOWTR
D39E: e8                   INX                          ;Decr due to carry, and
D39F: c6 64                DEC     INDEX2 + 1           ;Decrement store so carry works.
D3A1:              QDECT1:
D3A1: 18                   CLC
D3A2: 65 61                ADC     INDEX1
D3A4: 90 a9   D3A9         BCC     MLOOP
D3A6: c6 62                DEC     INDEX1 + 1
D3A8: 18                   CLC                          ;FOR later adcq
D3A9:              MLOOP:
D3A9: b1 61                LDA     (INDEX1),Y
D3AB: 91 63                STA     (INDEX2),Y
D3AD: c8                   INY
D3AE: d0 a9   D3A9         BNE     MLOOP                ;.fill DONE?

Page 41   BASIC M6502 8K VER 1.1 BY MICRO-SOFT
          ERROR HANDLER, READY, TERMINAL INPUT, COMPACTIFY, NEW, REINIT.
--------------------------------------------------------------------------------
D3B0: e6 62                INC     INDEX1 + 1
D3B2: e6 64                INC     INDEX2 + 1
D3B4: ca                   DEX
D3B5: d0 a9   D3A9         BNE     MLOOP                ;Do another block. always.
D3B7:              NODEL:
D3B7: 20 37 d5             JSR     RUNC                 ;Reset all variable info so garbage
D3BA:                                                   ;Collection caused by REASON will work
D3BA: 20 fd d3             JSR     LNKPRG               ;Fix up the links
D3BD: ad 00 02             LDA     BUF                  ;See IF anythng there
D3C0: f0 4d   D34D         BEQ     MAIN
D3C2: 18                   CLC
D3C3: a5 6c                LDA     VARTAB
D3C5: 85 9a                STA     HIGHTR               ;Setup HIGHTR.
D3C7: 65 0f                ADC     COUNT                ;Add length of line to insert.
D3C9: 85 98                STA     HIGHDS               ;This gives dest addr.
D3CB: a4 6d                LDY     VARTAB + 1
D3CD: 84 9b                STY     HIGHTR + 1           ;Same FOR high orders.
D3CF: 90 d2   D3D2         BCC     NODELC
D3D1: c8                   INY
D3D2:              NODELC:
D3D2: 84 99                STY     HIGHDS + 1
D3D4: 20 9e d2             JSR     BLTU
D3D7:                      .IF     BUFPAG != 0
D3D7:                      LDWD    LINNUM               ;Position the binary line number
D3D7: a5 53                LDA     LINNUM
D3D9: a4 54                LDY     LINNUM + 1
D3DB:                      STWD    BUF - 2
D3DB: 8d fe 01             STA     BUF - 2
D3DE: 8c ff 01             STY     BUF - 2 + 1
D3E1:                      .endif
D3E1:                                                   ;In front of BUF
D3E1:                      LDWD    STREND
D3E1: a5 70                LDA     STREND
D3E3: a4 71                LDY     STREND + 1
D3E5:                      STWD    VARTAB
D3E5: 85 6c                STA     VARTAB
D3E7: 84 6d                STY     VARTAB + 1
D3E9: a4 0f                LDY     COUNT
D3EB: 88                   DEY
D3EC:              STOLOP:
D3EC: b9 fc 01             LDA     BUF - 4,Y
D3EF: 91 9f                STA     (LOWTR),Y
D3F1: 88                   DEY
D3F2: 10 ec   D3EC         BPL     STOLOP
D3F4:              FINI:
D3F4: 20 37 d5             JSR     RUNC                 ;Do CLEAR & set up stack.
D3F7:                                                   ;And set [TXTPTR] to [TXTTAB]-1.
D3F7: 20 fd d3             JSR     LNKPRG               ;Fix up program links
D3FA: 4c 4d d3             JMP     MAIN
D3FD:              LNKPRG:
D3FD:                      LDWD    TXTTAB               ;Set [INDEX] to [TXTTAB]*
D3FD: a5 6a                LDA     TXTTAB
D3FF: a4 6b                LDY     TXTTAB + 1
D401:                      STWD    INDEX
D401: 85 61                STA     INDEX
D403: 84 62                STY     INDEX + 1
D405: 18                   CLC
D406:              
D406:              ; CHEAD goes through program storage and fixes
D406:              ; Up all the links. the END of each line is found

Page 42   BASIC M6502 8K VER 1.1 BY MICRO-SOFT
          ERROR HANDLER, READY, TERMINAL INPUT, COMPACTIFY, NEW, REINIT.
--------------------------------------------------------------------------------
D406:              ; By searching FOR the ZERO at the END.
D406:              ; The double ZERO link is used to detect the END of the program.
D406:              
D406:              CHEAD:
D406: a0 01                LDY     #1
D408: b1 61                LDA     (INDEX),Y            ;Arrived at double zeroes?
D40A: f0 29   D429         BEQ     LNKRTS
D40C: a0 04                LDY     #4
D40E:              CZLOOP:
D40E: c8                   INY                          ;There is at least one byte.
D40F: b1 61                LDA     (INDEX),Y
D411: d0 0e   D40E         BNE     CZLOOP               ;No, continue searching.
D413: c8                   INY                          ;Go one beyond.
D414: 98                   TYA
D415: 65 61                ADC     INDEX
D417: aa                   TAX
D418: a0 00                LDY     #0
D41A: 91 61                STA     (INDEX),Y
D41C: a5 62                LDA     INDEX + 1
D41E: 69 00                ADC     #0
D420: c8                   INY
D421: 91 61                STA     (INDEX),Y
D423: 86 61                STX     INDEX
D425: 85 62                STA     INDEX + 1
D427:                      BCCA    CHEAD                ;Always branches.
D427: 90 06   D406         BCC     CHEAD
D429:              LNKRTS:
D429: 60                   RTS
D42A:              
D42A:              ; This is the line INPUT routine.
D42A:              ; It reads characters into BUF using backarrow (underscore, or
D42A:              ; Shift o) as the delete character and @ as the
D42A:              ; Line delete character. IF more than BUFLEN characters
D42A:              ; Are typed, no echoing is done until a backarrow or @ or cr
D42A:              ; Is typed. control-g will be typed FOR each extra character.
D42A:              ; The routine is entered at INLIN.
D42A:              
D42A:                      .IF     REALIO == 4
D42A:              INLIN:
D42A: a2 80                LDX     #128                 ;No prompt character
D42C: 86 33                STX     CQPRMP
D42E: 20 67 fd             JSR     CQINLN               ;GET a line onto page 2
D431: e0 ef                CPX     #BUFLEN - 1
D433: b0 37   D437         BCS     GDBUFS               ;Not too many characters
D435: a2 ef                LDX     #BUFLEN - 1
D437:              GDBUFS:
D437: a9 00                LDA     #0                   ;Put a ZERO at the END
D439: 9d 00 02             STA     BUF,X
D43C: 8a                   TXA
D43D: f0 4a   D44A         BEQ     NOCHR
D43F:              LOPBHT:
D43F: bd ff 01             LDA     BUF - 1,X
D442: 29 7f                AND     #127
D444: 9d ff 01             STA     BUF - 1,X
D447: ca                   DEX
D448: d0 3f   D43F         BNE     LOPBHT
D44A:              NOCHR:
D44A: a9 00                LDA     #0
D44C:                      LDXYI   (BUF - 1)            ;Point at the beginning
D44C: a2 ff                LDX     #(BUF - 1) & 0o377

Page 43   BASIC M6502 8K VER 1.1 BY MICRO-SOFT
          ERROR HANDLER, READY, TERMINAL INPUT, COMPACTIFY, NEW, REINIT.
--------------------------------------------------------------------------------
D44E: a0 01                LDY     #(BUF - 1) / 0o400
D450: 60                   RTS
D451:                      .endif
D451:                      .IF     REALIO != 4
D451:                      .IF     REALIO != 3
D451:              LINLIN:
D451:                      .IF     REALIO == 2
D451:                      JSR     OUTDO
D451:                      .endif
D451:                                                   ;Echo it.
D451:                      DEX                          ;Backarrow so backup pntr and
D451:                      BPL     INLINC               ;GET another IF COUNT is positive.
D451:              INLINN:
D451:                      .IF     REALIO == 2
D451:                      JSR     OUTDO
D451:                      .endif
D451:                                                   ;PRINT the @ or a second backarrow
D451:                                                   ;IF there were too many.
D451:                      JSR     CRDO
D451:                      .endif
D451:              INLIN:
D451:                      LDX     #0
D451:              INLINC:
D451:                      JSR     INCHR                ;GET a character.
D451:                      .IF     REALIO != 3
D451:                      CMP     #7                   ;Is it bob albrecht ringing the bell
D451:                                                   ;FOR school kids?
D451:                      BEQ     GOODCH
D451:                      .endif
D451:                      CMP     #13                  ;Carriage RETURN?
D451:                      BEQ     FININ1               ;Yes, finish up.
D451:                      .IF     REALIO != 3
D451:                      CMP     #32                  ;Check FOR funny characters.
D451:                      BCC     INLINC
D451:                      CMP     #125                 ;Is it tilda or delete?
D451:                      BCS     INLINC               ;Big bad ones too.
D451:                      CMP     #"@"                 ;Line delete?
D451:                      BEQ     INLINN               ;Yes.
D451:                      CMP     #"_"                 ;Character delete?
D451:                      BEQ     LINLIN
D451:                      .endif
D451:                                                   ;Yes.
D451:              GOODCH:
D451:                      .IF     REALIO != 3
D451:                      CPX     #BUFLEN - 1          ;Leave room FOR null.
D451:                                                   ;Commo assures us never more than BUFLEN.
D451:                      BCS     OUTBEL
D451:                      .endif
D451:                      STA     BUF,X
D451:                      INX
D451:                      .IF     REALIO == 2
D451:                      SKIP2
D451:                      .endif
D451:                      .IF     REALIO != 2
D451:                      BNE     INLINC
D451:                      .endif
D451:                      .IF     REALIO != 3
D451:              OUTBEL:
D451:                      LDA     #7
D451:                      .IF     REALIO != 0

Page 44   BASIC M6502 8K VER 1.1 BY MICRO-SOFT
          ERROR HANDLER, READY, TERMINAL INPUT, COMPACTIFY, NEW, REINIT.
--------------------------------------------------------------------------------
D451:                      JSR     OUTDO
D451:                      .endif
D451:                                                   ;Echo it.
D451:                      BNE     INLINC
D451:                      .endif
D451:                                                   ;Cycle always.
D451:              FININ1:
D451:                      JMP     FININL
D451:                      .endif
D451:                                                   ;Go to fininl far, far away.
D451:              INCHR:
D451:                      .IF     REALIO == 3
D451:                      JSR     CQINCH
D451:                      .endif
D451:                                                   ;FOR commodore.
D451:                      .IF     REALIO == 2
D451:              INCHRL:
D451:                      LDA     0o176000
D451:                      .repeat 4
D451:                      NOP
D451:                      .endrepeat
D451:                      LSR     A
D451:                      BCC     INCHRL
D451:                      LDA     0o176001             ;GET the character.
D451:                      .repeat 4
D451:                      NOP
D451:                      .endrepeat
D451:                      AND     #127
D451:                      .endif
D451:                      .IF     REALIO == 1
D451:                      JSR     0o17132
D451:                      .endif
D451:                                                   ;1E5a FOR mos tech.
D451:                      .IF     REALIO == 4
D451: 20 0c fd             JSR     CQINCH               ;Fd0c FOR apple computer.
D454: 29 7f                AND     #127
D456:                      .endif
D456:                      .IF     REALIO == 0
D456:              	TJSR	INSIM##
D456:                      .endif
D456:                                                   ;GET a character from simulator
D456:              
D456:                      .IF     REALIO != 0
D456:                      .IF     EXTIO != 0
D456:                      LDY     CHANNL               ;Cnt-o has no effect IF not from term.
D456:                      BNE     INCRTS
D456:                      .endif
D456: c9 0f                CMP     #CONTW               ;Suppress output character (^w)*
D458: d0 62   D462         BNE     INCRTS               ;No, RETURN.
D45A: 48                   PHA
D45B:                      COM     CNTWFL               ;Complement its state.
D45B: a5 17                LDA     CNTWFL
D45D: 49 ff                EOR     #0o377
D45F: 85 17                STA     CNTWFL
D461: 68                   PLA
D462:                      .endif
D462:              INCRTS:
D462: 60                   RTS                          ;END of INCHR.
D463:              
D463:              ; All "reserved" WORDS are translated into single

Page 45   BASIC M6502 8K VER 1.1 BY MICRO-SOFT
          ERROR HANDLER, READY, TERMINAL INPUT, COMPACTIFY, NEW, REINIT.
--------------------------------------------------------------------------------
D463:              ; Bytes with the msb on. this saves space and TIME
D463:              ; By allowing FOR table dispatch during execution.
D463:              ; Therefore all statements appear together in the
D463:              ; Reserved word LIST in the same order they
D463:              ; Appear in STMDSP.
D463:              
D463:         0000 BUFOFS  =       0                    ;The amount to offset the low byte
D463:                                                   ;Of the text pointer to GET to BUF
D463:                                                   ;After TXTPTR has been setup to point into BUF
D463:                      .IF     BUFPAG != 0
D463:         0200 BUFOFS  =       BUF / 256 * 256
D463:                      .endif
D463:              CRUNCH:
D463: a6 ba                LDX     TXTPTR               ;Set source pointer.
D465: a0 04                LDY     #4                   ;Set destination offset.
D467: 84 13                STY     DORES                ;Allow crunching.
D469:              KLOOP:
D469: bd 00 02             LDA     BUFOFS,X
D46C:                      .IF     REALIO == 3
D46C:                      BPL     CMPSPC               ;Go look at spaces.
D46C:                      CMP     #PI                  ;Pi??
D46C:                      BEQ     STUFFH               ;Go SAVE it.
D46C:                      INX                          ;Skip no printing.
D46C:                      BNE     KLOOP
D46C:                      .endif
D46C:                                                   ;Always goes.
D46C:              CMPSPC:
D46C: c9 20                CMP     #" "                 ;Is it a space to SAVE?
D46E: f0 a7   D4A7         BEQ     STUFFH               ;Yes, go SAVE it.
D470: 85 0e                STA     ENDCHR               ;IF it's a quote, this will
D472:                                                   ;STOP loop when other quote appears.
D472: c9 22                CMP     #34                  ;Quote SIGN?
D474: f0 cc   D4CC         BEQ     STRNG                ;Yes, do special string handling.
D476: 24 13                BIT     DORES                ;Test flag.
D478: 70 a7   D4A7         BVS     STUFFH               ;No CRUNCH, just store.
D47A: c9 3f                CMP     #"?"                 ;A qmark?
D47C: d0 82   D482         BNE     KLOOP1
D47E: a9 96                LDA     #PRINTK              ;Yes, stuff a "PRINT" token.
D480: d0 a7   D4A7         BNE     STUFFH               ;Always go to STUFFH.
D482:              KLOOP1:
D482: c9 30                CMP     #"0"                 ;Skip numerics.
D484: 90 8a   D48A         BCC     MUSTCR
D486: c9 3c                CMP     #60                  ;":" And ";" are entered straightaway.
D488: 90 a7   D4A7         BCC     STUFFH
D48A:              MUSTCR:
D48A: 84 b1                STY     BUFPTR               ;SAVE buffer pointer.
D48C: a0 00                LDY     #0                   ;LOAD RESLST pointer.
D48E: 84 0f                STY     COUNT                ;Also CLEAR COUNT.
D490: 88                   DEY
D491: 86 ba                STX     TXTPTR               ;SAVE text pointer FOR later use.
D493: ca                   DEX
D494:              RESER:
D494: c8                   INY
D495:              RESPUL:
D495: e8                   INX
D496:              RESCON:
D496: bd 00 02             LDA     BUFOFS,X
D499: 38                   SEC                          ;Prepare to substarct.
D49A: f9 84 d0             SBC     RESLST,Y             ;Characters equal?
D49D: f0 94   D494         BEQ     RESER                ;Yes, continue search.

Page 46   BASIC M6502 8K VER 1.1 BY MICRO-SOFT
          ERROR HANDLER, READY, TERMINAL INPUT, COMPACTIFY, NEW, REINIT.
--------------------------------------------------------------------------------
D49F: c9 80                CMP     #128                 ;No but maybe the END is here.
D4A1: d0 d3   D4D3         BNE     NTHIS                ;No, truly unequal.
D4A3: 05 0f                ORA     COUNT
D4A5:              GETBPT:
D4A5: a4 b1                LDY     BUFPTR               ;GET buffer pntr.
D4A7:              STUFFH:
D4A7: e8                   INX
D4A8: c8                   INY
D4A9: 99 fb 01             STA     BUF - 5,Y
D4AC: b9 fb 01             LDA     BUF - 5,Y
D4AF: f0 e7   D4E7         BEQ     CRDONE               ;Null implies END of line.
D4B1: 38                   SEC                          ;Prepare to substarct.
D4B2: e9 3a                SBC     #":"                 ;Is it a ":"?
D4B4: f0 ba   D4BA         BEQ     COLIS                ;Yes, allow crunching again.
D4B6: c9 49                CMP     #DATATK - ":"        ;Is it a DATATK?
D4B8: d0 bc   D4BC         BNE     NODATT               ;No, see IF it is REM token.
D4BA:              COLIS:
D4BA: 85 13                STA     DORES                ;Setup flag.
D4BC:              NODATT:
D4BC: 38                   SEC                          ;Prep to sbcq
D4BD: e9 54                SBC     #REMTK - ":"         ;REM only stops on null.
D4BF: d0 69   D469         BNE     KLOOP                ;No, continue crunching.
D4C1: 85 0e                STA     ENDCHR               ;REM stops only on null, not : or "*
D4C3:              STR1:
D4C3: bd 00 02             LDA     BUFOFS,X
D4C6: f0 a7   D4A7         BEQ     STUFFH               ;Yes, END of line, so done.
D4C8: c5 0e                CMP     ENDCHR               ;END of gobble?
D4CA: f0 a7   D4A7         BEQ     STUFFH               ;Yes, done with string.
D4CC:              STRNG:
D4CC: c8                   INY                          ;Increment buffer pointer.
D4CD: 99 fb 01             STA     BUF - 5,Y
D4D0: e8                   INX
D4D1: d0 c3   D4C3         BNE     STR1                 ;Process NEXT character.
D4D3:              NTHIS:
D4D3: a6 ba                LDX     TXTPTR               ;Restore text pointer.
D4D5: e6 0f                INC     COUNT                ;Increment res word COUNT.
D4D7:              NTHIS1:
D4D7: c8                   INY
D4D8: b9 83 d0             LDA     RESLST - 1,Y         ;GET res character.
D4DB: 10 d7   D4D7         BPL     NTHIS1               ;END of entry?
D4DD: b9 84 d0             LDA     RESLST,Y             ;Yes. is it the END?
D4E0: d0 96   D496         BNE     RESCON               ;No, try the NEXT word.
D4E2: bd 00 02             LDA     BUFOFS,X             ;Yes, END of table. GET 1st CHR.
D4E5: 10 a5   D4A5         BPL     GETBPT               ;Store it away (always branches)*
D4E7:              CRDONE:
D4E7: 99 fd 01             STA     BUF - 3,Y            ;So that IF this is a dir statement
D4EA:                                                   ;Its END will look like END of program.
D4EA:                      .IF     (BUF + BUFLEN) / 256 - (BUF - 1) / 256 != 0
D4EA: c6 bb                DEC     TXTPTR + 1
D4EC:                      .endif
D4EC: a9 ff                LDA     #(BUF & 255) - 1     ;Make TXTPTR point to
D4EE: 85 ba                STA     TXTPTR               ;Crunched line.
D4F0:              LISTRT:
D4F0: 60                   RTS                          ;RETURN to caller.
D4F1:              
D4F1:              ; FNDLIN searches the program text FOR the line
D4F1:              ; Whose number is passed in "LINNUM"*
D4F1:              ; There are two possible returns:
D4F1:              
D4F1:              ;	1) Carry set.

Page 47   BASIC M6502 8K VER 1.1 BY MICRO-SOFT
          ERROR HANDLER, READY, TERMINAL INPUT, COMPACTIFY, NEW, REINIT.
--------------------------------------------------------------------------------
D4F1:              ;	   LOWTR points to the link field in the line
D4F1:              ;	   Which is the one searched FOR.
D4F1:              
D4F1:              ;	2) Carry not set.
D4F1:              ;	   Line not found. [LOWTR] points to the line in the
D4F1:              ;	   Program greater than the one sought after.
D4F1:              
D4F1:              FNDLIN:
D4F1:                      LDWX    TXTTAB               ;LOAD [x,a] with [TXTTAB]
D4F1: a5 6a                LDA     TXTTAB
D4F3: a6 6b                LDX     TXTTAB + 1
D4F5:              FNDLNC:
D4F5: a0 01                LDY     #1
D4F7:                      STWX    LOWTR                ;Store [x,a] into LOWTR
D4F7: 85 9f                STA     LOWTR
D4F9: 86 a0                STX     LOWTR + 1
D4FB: b1 9f                LDA     (LOWTR),Y            ;See IF link is 0
D4FD: f0 1e   D51E         BEQ     FLINRT
D4FF: c8                   INY
D500: c8                   INY
D501: a5 54                LDA     LINNUM + 1           ;Comp high orders of line numbers.
D503: d1 9f                CMP     (LOWTR),Y
D505: 90 1f   D51F         BCC     FLNRTS               ;No such line number.
D507: f0 0c   D50C         BEQ     FNDLO1
D509: 88                   DEY
D50A: d0 15   D515         BNE     AFFRTS               ;Always branch.
D50C:              FNDLO1:
D50C: a5 53                LDA     LINNUM
D50E: 88                   DEY
D50F: d1 9f                CMP     (LOWTR),Y            ;Compare low orders.
D511: 90 1f   D51F         BCC     FLNRTS               ;No such number.
D513: f0 1f   D51F         BEQ     FLNRTS               ;Go tit.
D515:              AFFRTS:
D515: 88                   DEY
D516: b1 9f                LDA     (LOWTR),Y            ;Fetch link.
D518: aa                   TAX
D519: 88                   DEY
D51A: b1 9f                LDA     (LOWTR),Y
D51C: b0 f5   D4F5         BCS     FNDLNC               ;Always branches.
D51E:              FLINRT:
D51E: 18                   CLC                          ;C may be high.
D51F:              FLNRTS:
D51F: 60                   RTS                          ;RETURN to caller.
D520:              
D520:              ; The "new" command clears the program text as well
D520:              ; As variable space.
D520:              
D520:              SCRATH:
D520: d0 1f   D51F         BNE     FLNRTS               ;Make sure there is a terminator.
D522:              SCRTCH:
D522: a9 00                LDA     #0                   ;GET a clearer.
D524: a8                   TAY                          ;Set up INDEX.
D525: 91 6a                STA     (TXTTAB),Y           ;CLEAR	first link.
D527: c8                   INY
D528: 91 6a                STA     (TXTTAB),Y
D52A: a5 6a                LDA     TXTTAB
D52C: 18                   CLC
D52D: 69 02                ADC     #2
D52F: 85 6c                STA     VARTAB               ;Setup [VARTAB]*
D531: a5 6b                LDA     TXTTAB + 1

Page 48   BASIC M6502 8K VER 1.1 BY MICRO-SOFT
          ERROR HANDLER, READY, TERMINAL INPUT, COMPACTIFY, NEW, REINIT.
--------------------------------------------------------------------------------
D533: 69 00                ADC     #0
D535: 85 6d                STA     VARTAB + 1
D537:              RUNC:
D537: 20 69 d5             JSR     STXTPT
D53A: a9 00                LDA     #0                   ;Set ZERO flag
D53C:              
D53C:              ; This code is FOR the CLEAR command.
D53C:              
D53C:              CLEAR:
D53C: d0 68   D568         BNE     STKRTS               ;Syntax ERROR IF no terminator.
D53E:              
D53E:              ; CLEAR initializes the variable and
D53E:              ; Array space by reseting ARYTAB (the END of simple variable space)
D53E:              ; And STREND (the END of array storage)* it falls into "STKINI"
D53E:              ; Which resets the stack.
D53E:              
D53E:              CLEARC:
D53E:                      LDWD    MEMSIZ               ;Free up string space.
D53E: a5 76                LDA     MEMSIZ
D540: a4 77                LDY     MEMSIZ + 1
D542:                      STWD    FRETOP
D542: 85 72                STA     FRETOP
D544: 84 73                STY     FRETOP + 1
D546:                      .IF     EXTIO != 0
D546:                      JSR     CQCALL
D546:                      .endif
D546:                                                   ;Close all open files.
D546:                      LDWD    VARTAB               ;Liberate the
D546: a5 6c                LDA     VARTAB
D548: a4 6d                LDY     VARTAB + 1
D54A:                      STWD    ARYTAB               ;Variables and
D54A: 85 6e                STA     ARYTAB
D54C: 84 6f                STY     ARYTAB + 1
D54E:                      STWD    STREND               ;Arrays.
D54E: 85 70                STA     STREND
D550: 84 71                STY     STREND + 1
D552:              FLOAD:
D552: 20 dd d6             JSR     RESTOR               ;Restore DATA.
D555:              
D555:              ; STKINI resets the stack pointer eliminating
D555:              ; GOSUB and FOR context. string temporaries are freed
D555:              ; Up, SUBFLG is reset. continuing is prohibited.
D555:              ; And a dummy entry is LEFT at the bottom of the stack so "FNDFOR" will always
D555:              ; Find a non-"FOR" entry at the bottom of the stack.
D555:              
D555:              STKINI:
D555: a2 58                LDX     #TEMPST              ;Initialize string temporaries.
D557: 86 55                STX     TEMPPT
D559: 68                   PLA                          ;Setup RETURN address.
D55A: a8                   TAY
D55B: 68                   PLA
D55C: a2 fa                LDX     #STKEND - 257
D55E: 9a                   TXS
D55F: 48                   PHA
D560: 98                   TYA
D561: 48                   PHA
D562: a9 00                LDA     #0
D564: 85 7d                STA     OLDTXT + 1           ;Disallowing continuing
D566: 85 14                STA     SUBFLG               ;Allow subscripts.
D568:              STKRTS:

Page 49   BASIC M6502 8K VER 1.1 BY MICRO-SOFT
          ERROR HANDLER, READY, TERMINAL INPUT, COMPACTIFY, NEW, REINIT.
--------------------------------------------------------------------------------
D568: 60                   RTS
D569:              
D569:              STXTPT:
D569: 18                   CLC
D56A: a5 6a                LDA     TXTTAB
D56C: 69 ff                ADC     #255
D56E: 85 ba                STA     TXTPTR
D570: a5 6b                LDA     TXTTAB + 1
D572: 69 ff                ADC     #255
D574: 85 bb                STA     TXTPTR + 1           ;Setup text pointer.
D576: 60                   RTS
D577:                      .page

Page 50   BASIC M6502 8K VER 1.1 BY MICRO-SOFT
          THE "LIST" COMMAND.
--------------------------------------------------------------------------------
D577:                      .subttl THE "LIST" COMMAND.
D577:              
D577:              LIST:
D577: 90 7f   D57F         BCC     GOLST                ;It is a digit.
D579: f0 7f   D57F         BEQ     GOLST                ;It is a terminator.
D57B: c9 a4                CMP     #MINUTK              ;Dash preceding?
D57D: d0 68   D568         BNE     STKRTS               ;No, so syntax ERROR.
D57F:              GOLST:
D57F: 20 90 d8             JSR     LINGET               ;GET line number into numlin.
D582: 20 f1 d4             JSR     FNDLIN               ;Find line .ge. [numlin]*
D585: 20 b9 00             JSR     CHRGOT               ;GET last character.
D588: f0 96   D596         BEQ     LSTEND               ;IF END of line, # is the END.
D58A: c9 a4                CMP     #MINUTK              ;Dash?
D58C: d0 1f   D51F         BNE     FLNRTS               ;IF not, syntax ERROR.
D58E: 20 b3 00             JSR     CHRGET               ;GET NEXT char.
D591: 20 90 d8             JSR     LINGET               ;GET END #*
D594: d0 1f   D51F         BNE     FLNRTS               ;IF not terminator, ERROR.
D596:              LSTEND:
D596: 68                   PLA
D597: 68                   PLA                          ;GET rid of "NEWSTT" rts addr.
D598: a5 53                LDA     LINNUM               ;See IF it was existent.
D59A: 05 54                ORA     LINNUM + 1
D59C: d0 a4   D5A4         BNE     LIST4                ;It was typed.
D59E: a9 ff                LDA     #255
D5A0: 85 53                STA     LINNUM
D5A2: 85 54                STA     LINNUM + 1           ;Make it huge.
D5A4:              LIST4:
D5A4: a0 01                LDY     #1
D5A6:                      .IF     REALIO == 3
D5A6:                      STY     DORES
D5A6:                      .endif
D5A6: b1 9f                LDA     (LOWTR),Y            ;Is link ZERO?
D5A8: f0 e3   D5E3         BEQ     GRODY                ;Yes, go to READY.
D5AA:                      .IF     REALIO != 0
D5AA: 20 ec d6             JSR     ISCNTC
D5AD:                      .endif
D5AD:                                                   ;Listen FOR CONT-c.
D5AD: 20 91 d9             JSR     CRDO                 ;PRINT crlf to START with.
D5B0: c8                   INY
D5B1: b1 9f                LDA     (LOWTR),Y
D5B3: aa                   TAX
D5B4: c8                   INY
D5B5: b1 9f                LDA     (LOWTR),Y            ;GET line number.
D5B7: c5 54                CMP     LINNUM + 1           ;See IF beyond last.
D5B9: d0 bf   D5BF         BNE     TSTDUN               ;Go determine relation.
D5BB: e4 53                CPX     LINNUM               ;Was equal so test low order.
D5BD: f0 c1   D5C1         BEQ     TYPLIN               ;Equal, so LIST it.
D5BF:              TSTDUN:
D5BF: b0 e3   D5E3         BCS     GRODY                ;IF line is gr than last, then dune.
D5C1:              TYPLIN:
D5C1: 84 88                STY     LSTPNT
D5C3: 20 a5 eb             JSR     LINPRT               ;PRINT as INT without leading space.
D5C6: a9 20                LDA     #" "                 ;Always PRINT space after number.
D5C8:              PRIT4:
D5C8: a4 88                LDY     LSTPNT               ;GET pointer to line back.
D5CA: 29 7f                AND     #127
D5CC:              PLOOP:
D5CC: 20 fd d9             JSR     OUTDO                ;PRINT char.
D5CF:                      .IF     REALIO == 3
D5CF:                      CMP     #34

Page 51   BASIC M6502 8K VER 1.1 BY MICRO-SOFT
          THE "LIST" COMMAND.
--------------------------------------------------------------------------------
D5CF:                      BNE     PLOOP1
D5CF:                      COM     DORES
D5CF:                      .endif
D5CF:                                                   ;IF quote, complement flag.
D5CF:              PLOOP1:
D5CF: c8                   INY
D5D0: f0 e3   D5E3         BEQ     GRODY                ;IF we have printed 256 characters
D5D2:                                                   ;The program must be misformated in
D5D2:                                                   ;MEMORY due to a bad LOAD or bad
D5D2:                                                   ;Hardware. LET the guy recover
D5D2: b1 9f                LDA     (LOWTR),Y            ;GET NEXT char. is it ZERO?
D5D4: d0 e6   D5E6         BNE     QPLOP                ;Yes. END of line.
D5D6: a8                   TAY
D5D7: b1 9f                LDA     (LOWTR),Y
D5D9: aa                   TAX
D5DA: c8                   INY
D5DB: b1 9f                LDA     (LOWTR),Y
D5DD: 86 9f                STX     LOWTR
D5DF: 85 a0                STA     LOWTR + 1
D5E1: d0 a4   D5A4         BNE     LIST4                ;Branch IF something to LIST.
D5E3:              GRODY:
D5E3: 4c 44 d3             JMP     READY
D5E6:                                                   ;Is it a token?
D5E6:              QPLOP:
D5E6: 10 cc   D5CC         BPL     PLOOP                ;No, head FOR printer.
D5E8:                      .IF     REALIO == 3
D5E8:                      CMP     #PI
D5E8:                      BEQ     PLOOP
D5E8:                      BIT     DORES                ;Inside quote marks?
D5E8:                      BMI     PLOOP
D5E8:                      .endif
D5E8:                                                   ;Yes, just type the character.
D5E8: 38                   SEC
D5E9: e9 7f                SBC     #127                 ;GET rid of SIGN bit and add 1.
D5EB: aa                   TAX                          ;Make it a counter.
D5EC: 84 88                STY     LSTPNT               ;SAVE pointer to line.
D5EE: a0 ff                LDY     #255                 ;Look at res'd word LIST.
D5F0:              RESRCH:
D5F0: ca                   DEX                          ;Is this the res'd word?
D5F1: f0 fb   D5FB         BEQ     PRIT3                ;Yes, go toss it up..
D5F3:              RESCR1:
D5F3: c8                   INY
D5F4: b9 84 d0             LDA     RESLST,Y             ;END of entry?
D5F7: 10 f3   D5F3         BPL     RESCR1               ;No, continue passing.
D5F9: 30 f0   D5F0         BMI     RESRCH
D5FB:              PRIT3:
D5FB: c8                   INY
D5FC: b9 84 d0             LDA     RESLST,Y
D5FF: 30 c8   D5C8         BMI     PRIT4                ;END of reserved word.
D601: 20 fd d9             JSR     OUTDO                ;PRINT it.
D604: d0 fb   D5FB         BNE     PRIT3                ;END of entry? no, type rest.
D606:                      .page

Page 52   BASIC M6502 8K VER 1.1 BY MICRO-SOFT
          THE "FOR" STATEMENT.
--------------------------------------------------------------------------------
D606:                      .subttl THE "FOR" STATEMENT.
D606:              
D606:              ; A "FOR" entry on the stack has the following format:
D606:              
D606:              ; Low address
D606:              ;	Token (FORTK) 1 byte
D606:              ;	A pointer to the loop variable 2 bytes
D606:              ;	The step 4+ADDPRC bytes
D606:              ;	A byte reflecting the SIGN of the increment 1 byte
D606:              ;	The upper value 4+ADDPRC bytes
D606:              ;	The line number of the "FOR" statement 2 bytes
D606:              ;	A text pointer into the "FOR" statement 2 bytes
D606:              ; High address
D606:              
D606:              ; Total 16+2*ADDPRC bytes.
D606:              
D606:              FOR:
D606: a9 80                LDA     #128                 ;Don't recognize
D608: 85 14                STA     SUBFLG               ;Subscripted variables.
D60A: 20 ca d8             JSR     LET                  ;READ the variable and assign it
D60D:                                                   ;The correct initial value and store
D60D:                                                   ;A pointer to the variable in VARPNT.
D60D: 20 70 d2             JSR     FNDFOR               ;Pntr is in VARPNT, and FORPNT.
D610: d0 17   D617         BNE     NOTOL                ;IF no match, don't eliminate anything.
D612: 8a                   TXA                          ;Make it arithmetical.
D613: 69 0f                ADC     #FORSIZ - 3          ;Eliminate almost all.
D615: aa                   TAX                          ;Note c=1, then pla, pla.
D616: 9a                   TXS                          ;Manifest.
D617:              NOTOL:
D617: 68                   PLA                          ;GET rid of NEWSTT RETURN address
D618: 68                   PLA                          ;In case this is a totally new entry.
D619: a9 09                LDA     #8 + ADDPRC
D61B: 20 e1 d2             JSR     GETSTK               ;Make sure 16 bytes are available.
D61E: 20 2b d8             JSR     DATAN                ;GET a COUNT in [y] of the number of
D621:                                                   ;Chacracters LEFT in the "FOR" statement
D621:                                                   ;[TXTPTR] is unaffected.
D621: 18                   CLC                          ;Prep to add.
D622: 98                   TYA                          ;SAVE it FOR pushing.
D623: 65 ba                ADC     TXTPTR
D625: 48                   PHA
D626: a5 bb                LDA     TXTPTR + 1
D628: 69 00                ADC     #0
D62A: 48                   PHA
D62B:                      PSHWD   CURLIN               ;Put line number on stack.
D62B: a5 79                LDA     CURLIN + 1
D62D: 48                   PHA
D62E: a5 78                LDA     CURLIN
D630: 48                   PHA
D631:                      SYNCHK  TOTK                 ;"To" is necessary.
D631: a9 9d                LDA     #TOTK
D633: 20 5b dd             JSR     SYNCHR
D636: 20 02 dc             JSR     CHKNUM               ;Value must be a number.
D639: 20 ff db             JSR     FRMNUM               ;GET upper value into FAC.
D63C: a5 a6                LDA     FACSGN               ;Pack FAC.
D63E: 09 7f                ORA     #127
D640: 25 a2                AND     FACHO
D642: 85 a2                STA     FACHO                ;Set packed SIGN bit.
D644:                      LDWDI   LDFONE
D644: a9 4f                LDA     #LDFONE & 0o377
D646: a0 d6                LDY     #LDFONE / 0o400

Page 53   BASIC M6502 8K VER 1.1 BY MICRO-SOFT
          THE "FOR" STATEMENT.
--------------------------------------------------------------------------------
D648:                      STWD    INDEX1
D648: 85 61                STA     INDEX1
D64A: 84 62                STY     INDEX1 + 1
D64C: 4c b8 dc             JMP     FORPSH               ;Put FAC onto stack, packed.
D64F:              LDFONE:
D64F:                      LDWDI   FONE                 ;Put 1.0 into FAC.
D64F: a9 94                LDA     #FONE & 0o377
D651: a0 e7                LDY     #FONE / 0o400
D653: 20 7a e9             JSR     MOVFM
D656: 20 b9 00             JSR     CHRGOT
D659: c9 a2                CMP     #STEPTK              ;A step is given?
D65B: d0 63   D663         BNE     ONEON                ;No. assume 1.0.
D65D: 20 b3 00             JSR     CHRGET               ;Yes. advance pointer.
D660: 20 ff db             JSR     FRMNUM               ;READ the step.
D663:              ONEON:
D663: 20 03 ea             JSR     SIGN                 ;GET SIGN in acca.
D666: 20 ad dc             JSR     PUSHF                ;Push FAC onto stack (thru a)*
D669:                      PSHWD   FORPNT               ;Put pntr to variable on stack.
D669: a5 89                LDA     FORPNT + 1
D66B: 48                   PHA
D66C: a5 88                LDA     FORPNT
D66E: 48                   PHA
D66F:              NXTCON:
D66F: a9 81                LDA     #FORTK               ;Put a FORTK onto stack.
D671: 48                   PHA
D672:              ;	Bnea	NEWSTT		;simulate bne to NEWSTT. just fall in.
D672:                      .page

Page 54   BASIC M6502 8K VER 1.1 BY MICRO-SOFT
          NEW STATEMENT FETCHER.
--------------------------------------------------------------------------------
D672:                      .subttl NEW STATEMENT FETCHER.
D672:              
D672:              ; Back here FOR new statement. character pointed to by TXTPTR
D672:              ; Is ":" or END-of-line. the address of this loc is LEFT
D672:              ; On the stack when a statement is executed so that
D672:              ; It can merely do a rts when it is done.
D672:              
D672:              NEWSTT:
D672:                      .IF     REALIO != 0
D672: 20 ec d6             JSR     ISCNTC
D675:                      .endif
D675:                                                   ;Listen FOR control-c.
D675:                      LDWD    TXTPTR               ;Look at current character.
D675: a5 ba                LDA     TXTPTR
D677: a4 bb                LDY     TXTPTR + 1
D679:                      .IF     BUFPAG != 0
D679: c0 02                CPY     #BUFPAG
D67B:                      .endif
D67B:                                                   ;See IF it was direct by check FOR BUF's page number
D67B: f0 81   D681         BEQ     DIRCON
D67D:                      STWD    OLDTXT               ;SAVE in case of restart by INPUT.
D67D: 85 7c                STA     OLDTXT
D67F: 84 7d                STY     OLDTXT + 1
D681:                      .IF     BUFPAG != 0
D681:              DIRCON:
D681:                      .endif
D681: a0 00                LDY     #0
D683:                      .IF     BUFPAG == 0
D683:              DIRCON:
D683:                      .endif
D683: b1 ba                LDA     (TXTPTR),Y
D685: d0 c7   D6C7         BNE     MORSTS               ;Not null -- check what it is
D687: a0 02                LDY     #2                   ;Look at link.
D689: b1 ba                LDA     (TXTPTR),Y           ;Is link 0?
D68B: 18                   CLC                          ;CLEAR carry FOR ENDCON and math that follows
D68C:                      JEQ     ENDCON               ;Yes - ran off the END.
D68C: d0 91   D691         BNE     * + 5
D68E: 4c 15 d7             JMP     ENDCON
D691: c8                   INY                          ;Put line number in CURLIN.
D692: b1 ba                LDA     (TXTPTR),Y
D694: 85 78                STA     CURLIN
D696: c8                   INY
D697: b1 ba                LDA     (TXTPTR),Y
D699: 85 79                STA     CURLIN + 1
D69B: 98                   TYA
D69C: 65 ba                ADC     TXTPTR
D69E: 85 ba                STA     TXTPTR
D6A0: 90 a4   D6A4         BCC     GONE
D6A2: e6 bb                INC     TXTPTR + 1
D6A4:              GONE:
D6A4: 20 b3 00             JSR     CHRGET               ;GET the statement type.
D6A7: 20 ad d6             JSR     GONE3
D6AA: 4c 72 d6             JMP     NEWSTT
D6AD:              GONE3:
D6AD: f0 eb   D6EB         BEQ     ISCRTS               ;IF terminator, try again.
D6AF:                                                   ;No need to set up carry since it will
D6AF:                                                   ;Be on IF non-numeric and numerics
D6AF:                                                   ;Will cause a syntax ERROR like they should
D6AF:              GONE2:
D6AF: e9 80                SBC     #ENDTK               ;" On ... GOTO and GOSUB" come here.

Page 55   BASIC M6502 8K VER 1.1 BY MICRO-SOFT
          NEW STATEMENT FETCHER.
--------------------------------------------------------------------------------
D6B1: 90 c4   D6C4         BCC     GLET
D6B3: c9 1c                CMP     #SCRATK - ENDTK + 1
D6B5: b0 ce   D6CE         BCS     SNERRX               ;Some res'd word but not
D6B7:                                                   ;A statement res'd word.
D6B7: 0a                   ASL     A                    ;Multiply by two.
D6B8: a8                   TAY                          ;Make an INDEX.
D6B9: b9 01 d0             LDA     STMDSP + 1,Y
D6BC: 48                   PHA
D6BD: b9 00 d0             LDA     STMDSP,Y
D6C0: 48                   PHA                          ;Put disp addr onto stack.
D6C1: 4c b3 00             JMP     CHRGET
D6C4:              GLET:
D6C4: 4c ca d8             JMP     LET                  ;Must be a LET
D6C7:              MORSTS:
D6C7: c9 3a                CMP     #":"
D6C9: f0 a4   D6A4         BEQ     GONE                 ;IF a ":" continue statement
D6CB:              SNERR1:
D6CB: 4c 64 dd             JMP     SNERR                ;Neither 0 or ":" so syntax ERROR
D6CE:              SNERRX:
D6CE: c9 44                CMP     #GOTK - ENDTK
D6D0: d0 cb   D6CB         BNE     SNERR1
D6D2: 20 b3 00             JSR     CHRGET               ;READ in the character after "go "
D6D5:                      SYNCHK  TOTK
D6D5: a9 9d                LDA     #TOTK
D6D7: 20 5b dd             JSR     SYNCHR
D6DA: 4c ca d7             JMP     GOTO
D6DD:                      .page

Page 56   BASIC M6502 8K VER 1.1 BY MICRO-SOFT
          RESTORE,STOP,END,CONTINUE,NULL,CLEAR.
--------------------------------------------------------------------------------
D6DD:                      .subttl RESTORE,STOP,END,CONTINUE,NULL,CLEAR.
D6DD:              
D6DD:              RESTOR:
D6DD: 38                   SEC
D6DE: a5 6a                LDA     TXTTAB
D6E0: e9 01                SBC     #1
D6E2: a4 6b                LDY     TXTTAB + 1
D6E4: b0 e7   D6E7         BCS     RESFIN
D6E6: 88                   DEY
D6E7:              RESFIN:
D6E7:                      STWD    DATPTR               ;READ finishes come to "RESFIN"*
D6E7: 85 80                STA     DATPTR
D6E9: 84 81                STY     DATPTR + 1
D6EB:              ISCRTS:
D6EB: 60                   RTS
D6EC:              
D6EC:                      .IF     REALIO == 1
D6EC:              ISCNTC:
D6EC:                      LDA     #1
D6EC:                      BIT     0o13500
D6EC:                      BMI     ISCRTS
D6EC:                      LDX     #8
D6EC:                      LDA     #3
D6EC:                      CMP     #3
D6EC:                      .endif
D6EC:                      .IF     REALIO == 2
D6EC:              ISCNTC:
D6EC:                      LDA     0o176000
D6EC:                      .repeat 4
D6EC:                      NOP
D6EC:                      .endrepeat
D6EC:                      LSR     A
D6EC:                      BCC     ISCRTS
D6EC:                      JSR     INCHR                ;Eat char that was typed
D6EC:                      CMP     #3
D6EC:                      .endif
D6EC:                                                   ;Was it a control-c??
D6EC:              
D6EC:                      .IF     REALIO == 4
D6EC:              ISCNTC:
D6EC: ad 00 c0             LDA     0o140000             ;Check the character
D6EF: c9 83                CMP     #0o203
D6F1: f0 f4   D6F4         BEQ     ISCCAP
D6F3: 60                   RTS
D6F4:              ISCCAP:
D6F4: 20 51 d4             JSR     INCHR
D6F7: c9 83                CMP     #0o203
D6F9:                      .endif
D6F9:              STOP:
D6F9: b0 fc   D6FC         BCS     STOPC                ;Make [c] nonzero as a flag.
D6FB:              END:
D6FB: 18                   CLC
D6FC:              STOPC:
D6FC: d0 3e   D73E         BNE     CONTRT               ;RETURN IF not CONT-c or
D6FE:                                                   ;IF no terminator FOR STOP or END.
D6FE:                                                   ;[C]=0 so will not PRINT "break"*
D6FE:                      LDWD    TXTPTR
D6FE: a5 ba                LDA     TXTPTR
D700: a4 bb                LDY     TXTPTR + 1
D702:                      .IF     BUFPAG != 0

Page 57   BASIC M6502 8K VER 1.1 BY MICRO-SOFT
          RESTORE,STOP,END,CONTINUE,NULL,CLEAR.
--------------------------------------------------------------------------------
D702: a6 79                LDX     CURLIN + 1
D704: e8                   INX
D705:                      .endif
D705: f0 13   D713         BEQ     DIRIS
D707:                      STWD    OLDTXT
D707: 85 7c                STA     OLDTXT
D709: 84 7d                STY     OLDTXT + 1
D70B:              STPEND:
D70B:                      LDWD    CURLIN
D70B: a5 78                LDA     CURLIN
D70D: a4 79                LDY     CURLIN + 1
D70F:                      STWD    OLDLIN
D70F: 85 7a                STA     OLDLIN
D711: 84 7b                STY     OLDLIN + 1
D713:              DIRIS:
D713: 68                   PLA                          ;Pop off NEWSTT addr.
D714: 68                   PLA
D715:              ENDCON:
D715:                      LDWDI   BRKTXT
D715: a9 68                LDA     #BRKTXT & 0o377
D717: a0 d2                LDY     #BRKTXT / 0o400
D719:                      .IF     REALIO != 0
D719: a2 00                LDX     #0
D71B: 86 17                STX     CNTWFL
D71D:                      .endif
D71D: 90 22   D722         BCC     GORDY                ;Carry CLEAR so don't PRINT "break"*
D71F: 4c 39 d3             JMP     ERRFIN
D722:              GORDY:
D722: 4c 44 d3             JMP     READY                ;Type "READY"*
D725:              
D725:                      .IF     REALIO == 0
D725:              DDT:
D725:                      PLA                          ;GET rid of NEWSTT RETURN.
D725:                      PLA
D725:                                                   ; Hrrz	14,.jbddt##
D725:              	JRST	0(14)
D725:                      .endif
D725:              CONT:
D725: d0 3e   D73E         BNE     CONTRT               ;Make sure there is a terminator.
D727: a2 d2                LDX     #ERRCN               ;Continue ERROR.
D729: a4 7d                LDY     OLDTXT + 1           ;A stored TXTPTR of ZERO is setup
D72B:                                                   ;By STKINI and indicates there is
D72B:                                                   ;Nothing to continue.
D72B:                      JEQ     ERROR                ;"STOP", "END", typing crlf to
D72B: d0 30   D730         BNE     * + 5
D72D: 4c 1d d3             JMP     ERROR
D730:                                                   ;"INPUT" and  ^c setup OLDTXT.
D730: a5 7c                LDA     OLDTXT
D732:                      STWD    TXTPTR
D732: 85 ba                STA     TXTPTR
D734: 84 bb                STY     TXTPTR + 1
D736:                      LDWD    OLDLIN
D736: a5 7a                LDA     OLDLIN
D738: a4 7b                LDY     OLDLIN + 1
D73A:                      STWD    CURLIN
D73A: 85 78                STA     CURLIN
D73C: 84 79                STY     CURLIN + 1
D73E:              CONTRT:
D73E: 60                   RTS                          ;RETURN to caller.
D73F:              

Page 58   BASIC M6502 8K VER 1.1 BY MICRO-SOFT
          RESTORE,STOP,END,CONTINUE,NULL,CLEAR.
--------------------------------------------------------------------------------
D73F:                      .IF     NULCMD != 0
D73F:              NULL:
D73F:                      JSR     GETBYT
D73F:                      BNE     CONTRT               ;Make sure there is terminator.
D73F:                      INX
D73F:                      CPX     #240                 ;Is the number reasonable?
D73F:                      BCS     FCERR1               ;"Function call" ERROR.
D73F:                      DEX                          ;Back -1
D73F:                      STX     NULCNT
D73F:                      RTS
D73F:              FCERR1:
D73F:                      JMP     FCERR
D73F:                      .endif
D73F:                      .page

Page 59   BASIC M6502 8K VER 1.1 BY MICRO-SOFT
          LOAD AND SAVE SUBROUTINES.
--------------------------------------------------------------------------------
D73F:                      .subttl LOAD AND SAVE SUBROUTINES.
D73F:              
D73F:                      .IF     REALIO == 1
D73F:                                                   ;Kim cassette i/o
D73F:              SAVE:
D73F:                      TSX                          ;SAVE stack pointer
D73F:                      STX     INPFLG
D73F:                      LDA     #STKEND - 256 - 200
D73F:                      STA     0o362                ;Setup dummy stack FOR kim monitor
D73F:                      LDA     #254                 ;Make id byte equal to ff hex
D73F:                      STA     0o13771              ;Store into kim id
D73F:                      LDWD    TXTTAB               ;START dumping from TXTTAB
D73F:                      STWD    0o13765              ;Setup sal,sah
D73F:                      LDWD    VARTAB               ;STOP at VARTAB
D73F:                      STWD    0o13767              ;Setup eal,eah
D73F:                      JMP     0o14000
D73F:              RETSAV:
D73F:                      LDX     INPFLG               ;Resore the real stack pointer
D73F:                      TXS
D73F:                      LDWDI   TAPMES               ;Say it was done
D73F:                      JMP     STROUT
D73F:              GLOAD:
D73F:                      .text   "LOADED"
D73F:                      .byte   0
D73F:              TAPMES:
D73F:                      .text   "SAVED"
D73F:                      ACRLF
D73F:                      .byte   0
D73F:              PATSAV:
D73F:                      .fill   20
D73F:              LOAD:
D73F:                      LDWD    TXTTAB               ;START dumping in at TXTTAB
D73F:                      STWD    0o13765              ;Setup sal,sah
D73F:                      LDA     #255
D73F:                      STA     0o13771
D73F:                      LDWDI   RTLOAD
D73F:                      STWD    1                    ;Set up RETURN address FOR LOAD
D73F:                      JMP     0o14163              ;Go READ the DATA in
D73F:              RTLOAD:
D73F:                      LDX     #STKEND - 256        ;Reset the stack
D73F:                      TXS
D73F:                      LDWDI   READY
D73F:                      STWD    1
D73F:                      LDWDI   GLOAD                ;Tell him it worked
D73F:                      JSR     STROUT
D73F:                      LDXY    0o13755              ;GET last location
D73F:                      TXA                          ;Its one too big
D73F:                      BNE     DECVRT               ;Decrement [x,y]
D73F:                      NOP
D73F:              DECVRT:
D73F:                      NOP
D73F:                      STXY    VARTAB               ;Setup new variable location
D73F:                      JMP     FINI
D73F:                      .endif
D73F:                                                   ;Relink the program
D73F:                      .IF     REALIO == 4
D73F:              SAVE:
D73F: 38                   SEC                          ;Calcluate program SIZE in POKER
D740: a5 6c                LDA     VARTAB
D742: e5 6a                SBC     TXTTAB

Page 60   BASIC M6502 8K VER 1.1 BY MICRO-SOFT
          LOAD AND SAVE SUBROUTINES.
--------------------------------------------------------------------------------
D744: 85 53                STA     POKER
D746: a5 6d                LDA     VARTAB + 1
D748: e5 6b                SBC     TXTTAB + 1
D74A: 85 54                STA     POKER + 1
D74C: 20 82 d7             JSR     VARTIO
D74F: 20 cd fe             JSR     CQCOUT               ;Write program SIZE [POKER]
D752: 20 91 d7             JSR     PROGIO
D755: 4c cd fe             JMP     CQCOUT               ;Write program.
D758:              
D758:              LOAD:
D758: 20 82 d7             JSR     VARTIO
D75B: 20 fd fe             JSR     CQCSIN               ;READ SIZE of program into POKER
D75E: 18                   CLC
D75F: a5 6a                LDA     TXTTAB               ;Calculate VARTAB from SIZE and
D761: 65 53                ADC     POKER                ;TXTTAB
D763: 85 6c                STA     VARTAB
D765: a5 6b                LDA     TXTTAB + 1
D767: 65 54                ADC     POKER + 1
D769: 85 6d                STA     VARTAB + 1
D76B: 20 91 d7             JSR     PROGIO
D76E: 20 fd fe             JSR     CQCSIN               ;READ program.
D771:                      LDWDI   TPDONE
D771: a9 7b                LDA     #TPDONE & 0o377
D773: a0 d7                LDY     #TPDONE / 0o400
D775: 20 db d9             JSR     STROUT
D778: 4c f4 d3             JMP     FINI
D77B:              
D77B:              TPDONE:
D77B: 4c 4f 41 44          .text   "LOADED"
D77F: 45 44        
D781: 00                   .byte   0
D782:              
D782:              VARTIO:
D782:                      LDWDI   POKER
D782: a9 53                LDA     #POKER & 0o377
D784: a0 00                LDY     #POKER / 0o400
D786:                      STWD    0o74
D786: 85 3c                STA     0o74
D788: 84 3d                STY     0o74 + 1
D78A: a9 55                LDA     #POKER + 2
D78C:                      STWD    0o76
D78C: 85 3e                STA     0o76
D78E: 84 3f                STY     0o76 + 1
D790: 60                   RTS
D791:              PROGIO:
D791:                      LDWD    TXTTAB
D791: a5 6a                LDA     TXTTAB
D793: a4 6b                LDY     TXTTAB + 1
D795:                      STWD    0o74
D795: 85 3c                STA     0o74
D797: 84 3d                STY     0o74 + 1
D799:                      LDWD    VARTAB
D799: a5 6c                LDA     VARTAB
D79B: a4 6d                LDY     VARTAB + 1
D79D:                      STWD    0o76
D79D: 85 3e                STA     0o76
D79F: 84 3f                STY     0o76 + 1
D7A1: 60                   RTS
D7A2:                      .endif
D7A2:                      .page

Page 61   BASIC M6502 8K VER 1.1 BY MICRO-SOFT
          RUN,GOTO,GOSUB,RETURN.
--------------------------------------------------------------------------------
D7A2:                      .subttl RUN,GOTO,GOSUB,RETURN.
D7A2:              RUN:
D7A2:                      JEQ     RUNC                 ;IF no line # argument.
D7A2: d0 a7   D7A7         BNE     * + 5
D7A4: 4c 37 d5             JMP     RUNC
D7A7: 20 3e d5             JSR     CLEARC               ;Clean up -- reset the stack.
D7AA: 4c c1 d7             JMP     RUNC2                ;Must replace rts addr.
D7AD:              
D7AD:              ; A GOSUB entry on the stack has the following format:
D7AD:              
D7AD:              ; Low address:
D7AD:              ;	The GOSUTK one byte
D7AD:              ;	The line number of the GOSUB statement two bytes
D7AD:              ;	A pointer into the text of the GOSUB two bytes
D7AD:              
D7AD:              ; High address.
D7AD:              
D7AD:              ; Total five bytes.
D7AD:              
D7AD:              GOSUB:
D7AD: a9 03                LDA     #3
D7AF: 20 e1 d2             JSR     GETSTK               ;Make sure there is room.
D7B2:                      PSHWD   TXTPTR               ;Push on the text pointer.
D7B2: a5 bb                LDA     TXTPTR + 1
D7B4: 48                   PHA
D7B5: a5 ba                LDA     TXTPTR
D7B7: 48                   PHA
D7B8:                      PSHWD   CURLIN               ;Push on the current line number.
D7B8: a5 79                LDA     CURLIN + 1
D7BA: 48                   PHA
D7BB: a5 78                LDA     CURLIN
D7BD: 48                   PHA
D7BE: a9 8c                LDA     #GOSUTK
D7C0: 48                   PHA                          ;Push on a GOSUB token.
D7C1:              RUNC2:
D7C1: 20 b9 00             JSR     CHRGOT               ;GET character and set codes FOR LINGET.
D7C4: 20 ca d7             JSR     GOTO                 ;Use rts scheme to "NEWSTT"*
D7C7: 4c 72 d6             JMP     NEWSTT
D7CA:              
D7CA:              GOTO:
D7CA: 20 90 d8             JSR     LINGET               ;Pick up the line number in "LINNUM"*
D7CD: 20 2e d8             JSR     REMN                 ;Skip to END of line.
D7D0: a5 79                LDA     CURLIN + 1
D7D2: c5 54                CMP     LINNUM + 1
D7D4: b0 e1   D7E1         BCS     LUK4IT
D7D6: 98                   TYA
D7D7: 38                   SEC
D7D8: 65 ba                ADC     TXTPTR
D7DA: a6 bb                LDX     TXTPTR + 1
D7DC: 90 e5   D7E5         BCC     LUKALL
D7DE: e8                   INX
D7DF:                      BCSA    LUKALL               ;Always goes.
D7DF: b0 e5   D7E5         BCS     LUKALL
D7E1:              LUK4IT:
D7E1:                      LDWX    TXTTAB
D7E1: a5 6a                LDA     TXTTAB
D7E3: a6 6b                LDX     TXTTAB + 1
D7E5:              LUKALL:
D7E5: 20 f5 d4             JSR     FNDLNC               ;[X,a] are all set up.
D7E8:              QFOUND:

Page 62   BASIC M6502 8K VER 1.1 BY MICRO-SOFT
          RUN,GOTO,GOSUB,RETURN.
--------------------------------------------------------------------------------
D7E8: 90 08   D808         BCC     USERR                ;GOTO line is nonexistant.
D7EA: a5 9f                LDA     LOWTR
D7EC: e9 01                SBC     #1
D7EE: 85 ba                STA     TXTPTR
D7F0: a5 a0                LDA     LOWTR + 1
D7F2: e9 00                SBC     #0
D7F4: 85 bb                STA     TXTPTR + 1
D7F6:              GORTS:
D7F6: 60                   RTS                          ;Process the statement.
D7F7:              
D7F7:              ; "RETURN" restores the line number and text pntr from the stack
D7F7:              ; And eliminates all the "FOR" entries in front of the "GOSUB" entry.
D7F7:              
D7F7:              RETURN:
D7F7: d0 f6   D7F6         BNE     GORTS                ;No terminator=blow him up.
D7F9: a9 ff                LDA     #255
D7FB: 85 89                STA     FORPNT + 1           ;Make sure the variable's pntr
D7FD:                                                   ;Never gets matched.
D7FD: 20 70 d2             JSR     FNDFOR               ;Go past all the "FOR" entries.
D800: 9a                   TXS
D801: c9 8c                CMP     #GOSUTK              ;RETURN without GOSUB?
D803: f0 10   D810         BEQ     RETU1
D805: a2 16                LDX     #ERRRG
D807:                      SKIP2
D807: 2c                   .byte   0o054
D808:              USERR:
D808: a2 5a                LDX     #ERRUS               ;No match so "us" ERROR.
D80A: 4c 1d d3             JMP     ERROR                ;Yes.
D80D:              SNERR2:
D80D: 4c 64 dd             JMP     SNERR
D810:              RETU1:
D810: 68                   PLA                          ;Remove GOSUTK.
D811:                      PULWD   CURLIN               ;GET line number "GOSUB" was from.
D811: 68                   PLA
D812: 85 78                STA     CURLIN
D814: 68                   PLA
D815: 85 79                STA     CURLIN + 1
D817:                      PULWD   TXTPTR               ;GET text pntr from "GOSUB"*
D817: 68                   PLA
D818: 85 ba                STA     TXTPTR
D81A: 68                   PLA
D81B: 85 bb                STA     TXTPTR + 1
D81D:              DATA:
D81D: 20 2b d8             JSR     DATAN                ;Skip to END of statement
D820:                                                   ;Since when "GOSUB" stuck the text  pntr
D820:                                                   ;Onto the stack, the line number arg
D820:                                                   ;Hadn't been READ yet.
D820:              ADDON:
D820: 98                   TYA
D821: 18                   CLC
D822: 65 ba                ADC     TXTPTR
D824: 85 ba                STA     TXTPTR
D826: 90 2a   D82A         BCC     REMRTS
D828: e6 bb                INC     TXTPTR + 1
D82A:              REMRTS:
D82A: 60                   RTS                          ;"NEWSTT" rts addr is still there.
D82B:              
D82B:              DATAN:
D82B: a2 3a                LDX     #":"                 ;"DATA" terminates on ":" and null.
D82D:                      SKIP2

Page 63   BASIC M6502 8K VER 1.1 BY MICRO-SOFT
          RUN,GOTO,GOSUB,RETURN.
--------------------------------------------------------------------------------
D82D: 2c                   .byte   0o054
D82E:              REMN:
D82E: a2 00                LDX     #0                   ;The only terminator is null.
D830: 86 0d                STX     CHARAC               ;Preserve it.
D832: a0 00                LDY     #0                   ;This makes CHARAC=0 after swap.
D834: 84 0e                STY     ENDCHR
D836:              EXCHQT:
D836: a5 0e                LDA     ENDCHR
D838: a6 0d                LDX     CHARAC
D83A: 85 0d                STA     CHARAC
D83C: 86 0e                STX     ENDCHR
D83E:              REMER:
D83E: b1 ba                LDA     (TXTPTR),Y
D840: f0 2a   D82A         BEQ     REMRTS               ;Null always terminates.
D842: c5 0e                CMP     ENDCHR               ;Is it the other terminator?
D844: f0 2a   D82A         BEQ     REMRTS               ;Yes, it's finished.
D846: c8                   INY                          ;Progress to NEXT character.
D847: c9 22                CMP     #34                  ;Is it a quote?
D849: d0 3e   D83E         BNE     REMER                ;No, just continue.
D84B:                      BEQA    EXCHQT               ;Yes, TIME to trade.
D84B: f0 36   D836         BEQ     EXCHQT
D84D:                      .page

Page 64   BASIC M6502 8K VER 1.1 BY MICRO-SOFT
          "IF ... THEN" CODE.
--------------------------------------------------------------------------------
D84D:                      .subttl "IF ... THEN" CODE.
D84D:              IF:
D84D: 20 13 dc             JSR     FRMEVL               ;Evaluate a formula.
D850: 20 b9 00             JSR     CHRGOT               ;GET current character.
D853: c9 88                CMP     #GOTOTK              ;Is terminating character a GOTOTK?
D855: f0 5c   D85C         BEQ     OKGOTO               ;Yes.
D857:                      SYNCHK  THENTK               ;No, it must be "then"*
D857: a9 a0                LDA     #THENTK
D859: 20 5b dd             JSR     SYNCHR
D85C:              OKGOTO:
D85C: a5 a1                LDA     FACEXP               ;0=False. all others true.
D85E: d0 65   D865         BNE     DOCOND               ;True !
D860:              REM:
D860: 20 2e d8             JSR     REMN                 ;Skip rest of statement.
D863:                      BEQA    ADDON                ;Will always branch.
D863: f0 20   D820         BEQ     ADDON
D865:              DOCOND:
D865: 20 b9 00             JSR     CHRGOT               ;Test current character.
D868: b0 6d   D86D         BCS     DOCO                 ;IF a number, GOTO it.
D86A: 4c ca d7             JMP     GOTO
D86D:              DOCO:
D86D: 4c ad d6             JMP     GONE3                ;Interpret new statement.
D870:                      .page

Page 65   BASIC M6502 8K VER 1.1 BY MICRO-SOFT
          "ON ... GO TO ..." CODE.
--------------------------------------------------------------------------------
D870:                      .subttl "ON ... GO TO ..." CODE.
D870:              ONGOTO:
D870: 20 74 e5             JSR     GETBYT               ;GET value in FACLO.
D873: 48                   PHA                          ;SAVE FOR later.
D874: c9 8c                CMP     #GOSUTK              ;An "on ... GOSUB" perhaps?
D876: f0 7c   D87C         BEQ     ONGLOP               ;Yes.
D878:              SNERR3:
D878: c9 88                CMP     #GOTOTK              ;Must be "GOTOTK"*
D87A: d0 0d   D80D         BNE     SNERR2
D87C:              ONGLOP:
D87C: c6 a5                DEC     FACLO
D87E: d0 84   D884         BNE     ONGLP1               ;Skip another line number.
D880: 68                   PLA                          ;GET dispatch character.
D881: 4c af d6             JMP     GONE2
D884:              ONGLP1:
D884: 20 b3 00             JSR     CHRGET               ;Advance and set codes.
D887: 20 90 d8             JSR     LINGET
D88A: c9 2c                CMP     #44                  ;Is it a comma?
D88C: f0 7c   D87C         BEQ     ONGLOP
D88E: 68                   PLA                          ;Remove stack entry (token)*
D88F:              ONGRTS:
D88F: 60                   RTS                          ;Either END-of-line or syntax ERROR.
D890:                      .page

Page 66   BASIC M6502 8K VER 1.1 BY MICRO-SOFT
          LINGET -- READ A LINE NUMBER INTO LINNUM
--------------------------------------------------------------------------------
D890:                      .subttl LINGET -- READ A LINE NUMBER INTO LINNUM
D890:              
D890:              ; "LINGET" reads a line number from the current text position.
D890:              
D890:              ; Line numbers range from 0 to 64000-1.
D890:              
D890:              ; The answer is returned in "LINNUM"*
D890:              ; "TXTPTR" is updated to point to the terminating charcter
D890:              ; And [a] = the terminating character with condition
D890:              ; Codes set up to reflect its value.
D890:              
D890:              LINGET:
D890: a2 00                LDX     #0
D892: 86 53                STX     LINNUM               ;Initialize line number to ZERO.
D894: 86 54                STX     LINNUM + 1
D896:              MORLIN:
D896: b0 8f   D88F         BCS     ONGRTS               ;It is not a digit.
D898: e9 2f                SBC     #"0" - 1             ;-1 Since c=0.
D89A: 85 0d                STA     CHARAC               ;SAVE character.
D89C: a5 54                LDA     LINNUM + 1
D89E: 85 61                STA     INDEX
D8A0: c9 19                CMP     #25                  ;Line number will be .lt. 64000?
D8A2: b0 78   D878         BCS     SNERR3
D8A4: a5 53                LDA     LINNUM
D8A6: 0a                   ASL     A                    ;Multiply by 10.
D8A7: 26 61                ROL     INDEX
D8A9: 0a                   ASL     A
D8AA: 26 61                ROL     INDEX
D8AC: 65 53                ADC     LINNUM
D8AE: 85 53                STA     LINNUM
D8B0: a5 61                LDA     INDEX
D8B2: 65 54                ADC     LINNUM + 1
D8B4: 85 54                STA     LINNUM + 1
D8B6: 06 53                ASL     LINNUM
D8B8: 26 54                ROL     LINNUM + 1
D8BA: a5 53                LDA     LINNUM
D8BC: 65 0d                ADC     CHARAC               ;Add in digit.
D8BE: 85 53                STA     LINNUM
D8C0: 90 c4   D8C4         BCC     NXTLGC
D8C2: e6 54                INC     LINNUM + 1
D8C4:              NXTLGC:
D8C4: 20 b3 00             JSR     CHRGET
D8C7: 4c 96 d8             JMP     MORLIN
D8CA:              
D8CA:                      .page

Page 67   BASIC M6502 8K VER 1.1 BY MICRO-SOFT
          "LET" CODE.
--------------------------------------------------------------------------------
D8CA:                      .subttl "LET" CODE.
D8CA:              LET:
D8CA: 20 78 de             JSR     PTRGET               ;GET pntr to variable into "VARPNT"*
D8CD:                      STWD    FORPNT               ;Preserve pointer.
D8CD: 85 88                STA     FORPNT
D8CF: 84 89                STY     FORPNT + 1
D8D1:                      SYNCHK  EQULTK               ;"=" Is necessary.
D8D1: a9 ab                LDA     #EQULTK
D8D3: 20 5b dd             JSR     SYNCHR
D8D6:                      .IF     INTPRC != 0
D8D6: a5 12                LDA     INTFLG               ;SAVE FOR later.
D8D8: 48                   PHA
D8D9:                      .endif
D8D9: a5 11                LDA     VALTYP               ;Retain the variable's value type.
D8DB: 48                   PHA
D8DC: 20 13 dc             JSR     FRMEVL               ;GET value of formula into "FAC"*
D8DF: 68                   PLA
D8E0: 2a                   ROL     A                    ;Carry set FOR string, off FOR
D8E1:                                                   ;Numeric.
D8E1: 20 05 dc             JSR     CHKVAL               ;Make sure "VALTYP" matches carry.
D8E4:                                                   ;And set ZERO flag FOR numeric.
D8E4: d0 fe   D8FE         BNE     COPSTR               ;IF numeric, COPY it.
D8E6:              COPNUM:
D8E6:                      .IF     INTPRC != 0
D8E6: 68                   PLA                          ;GET number type.
D8E7:              QINTGR:
D8E7: 10 fb   D8FB         BPL     COPFLT               ;Store a flting number.
D8E9: 20 f3 e9             JSR     ROUND                ;ROUND integer.
D8EC: 20 96 df             JSR     AYINT                ;Make 2-byte number.
D8EF: a0 00                LDY     #0
D8F1: a5 a4                LDA     FACMO                ;GET high.
D8F3: 91 88                STA     (FORPNT),Y           ;Store it.
D8F5: c8                   INY
D8F6: a5 a5                LDA     FACLO                ;GET low.
D8F8: 91 88                STA     (FORPNT),Y
D8FA: 60                   RTS
D8FB:                      .endif
D8FB:              COPFLT:
D8FB: 4c a8 e9             JMP     MOVVF                ;Put number @FORPNT.
D8FE:              
D8FE:              COPSTR:
D8FE:                      .IF     INTPRC != 0
D8FE: 68                   PLA
D8FF:                      .endif
D8FF:                                                   ;IF string, no INTFLG.
D8FF:              INPCOM:
D8FF:                      .IF     TIME != 0
D8FF:                      LDY     FORPNT + 1           ;Ti$?
D8FF:                      CPY     #ZERO / 256          ;Only ti$ can be this on assig.
D8FF:                      BNE     GETSPT               ; Was not ti$*
D8FF:                      JSR     FREFAC               ;We wont needit.
D8FF:                      CMP     #6                   ;Length correct?
D8FF:                      BNE     FCERR2
D8FF:                      LDY     #0                   ;Yes. do setup.
D8FF:                      STY     FACEXP               ;ZERO FAC to START with.
D8FF:                      STY     FACSGN
D8FF:              TIMELP:
D8FF:                      STY     FBUFPT               ;SAVE posotion.
D8FF:                      JSR     TIMNUM               ;GET a digit.
D8FF:                      JSR     MUL10                ;Whole qty by 10.

Page 68   BASIC M6502 8K VER 1.1 BY MICRO-SOFT
          "LET" CODE.
--------------------------------------------------------------------------------
D8FF:                      INC     FBUFPT
D8FF:                      LDY     FBUFPT
D8FF:                      JSR     TIMNUM
D8FF:                      JSR     MOVAF
D8FF:                      TAX                          ;IF num=0 then no mult.
D8FF:                      BEQ     NOML6                ;IF =0, go tit.
D8FF:                      INX                          ;Mult by two.
D8FF:                      TXA
D8FF:                      JSR     FINML6               ;Add in and mult by 2 gives *6.
D8FF:              NOML6:
D8FF:                      LDY     FBUFPT
D8FF:                      INY
D8FF:                      CPY     #6                   ;Done all six?
D8FF:                      BNE     TIMELP
D8FF:                      JSR     MUL10                ;One last TIME.
D8FF:                      JSR     QINT                 ;Shift it over to the RIGHT.
D8FF:                      LDX     #2
D8FF:                      SEI                          ;Disallow interrupts.
D8FF:              TIMEST:
D8FF:                      LDA     FACMOH,X
D8FF:                      STA     CQTIMR,X
D8FF:                      DEX
D8FF:                      BPL     TIMEST               ;Loop 3 times.
D8FF:                      CLI                          ;Turn on ints again.
D8FF:                      RTS
D8FF:              TIMNUM:
D8FF:                      LDA     (INDEX),Y            ;INDEX set up by FREFAC.
D8FF:                      JSR     QNUM
D8FF:                      BCC     GOTNUM
D8FF:              FCERR2:
D8FF:                      JMP     FCERR                ;Must be numeric string.
D8FF:              GOTNUM:
D8FF:                      SBC     #"0" - 1             ;C is off.
D8FF:                      JMP     FINLOG
D8FF:                      .endif
D8FF:                                                   ;Add in digit to FAC.
D8FF:              
D8FF:              GETSPT:
D8FF: a0 02                LDY     #2                   ;GET pntr to descriptor.
D901: b1 a4                LDA     (FACMO),Y
D903: c5 73                CMP     FRETOP + 1           ;See IF it points into string space.
D905: 90 1e   D91E         BCC     DNTCPY               ;IF [FRETOP],gt.[2&3,FACMO], don't COPY.
D907: d0 10   D910         BNE     QVARIA               ;It is less.
D909: 88                   DEY
D90A: b1 a4                LDA     (FACMO),Y
D90C: c5 72                CMP     FRETOP               ;Compare low orders.
D90E: 90 1e   D91E         BCC     DNTCPY
D910:              QVARIA:
D910: a4 a5                LDY     FACLO
D912: c4 6d                CPY     VARTAB + 1           ;IF [VARTAB].gt.[FACMO], don't COPY.
D914: 90 1e   D91E         BCC     DNTCPY
D916: d0 25   D925         BNE     COPY                 ;It is less.
D918: a5 a4                LDA     FACMO
D91A: c5 6c                CMP     VARTAB               ;Compare low orders.
D91C: b0 25   D925         BCS     COPY
D91E:              DNTCPY:
D91E:                      LDWD    FACMO
D91E: a5 a4                LDA     FACMO
D920: a4 a5                LDY     FACMO + 1
D922: 4c 3b d9             JMP     COPYZC

Page 69   BASIC M6502 8K VER 1.1 BY MICRO-SOFT
          "LET" CODE.
--------------------------------------------------------------------------------
D925:              COPY:
D925: a0 00                LDY     #0
D927: b1 a4                LDA     (FACMO),Y
D929: 20 4b e2             JSR     STRINI               ;GET room to COPY string into.
D92C:                      LDWD    DSCPNT               ;GET pointer to old descriptor, so
D92C: a5 8f                LDA     DSCPNT
D92E: a4 90                LDY     DSCPNT + 1
D930:                      STWD    STRNG1               ;MOVINS can find string.
D930: 85 af                STA     STRNG1
D932: 84 b0                STY     STRNG1 + 1
D934: 20 50 e4             JSR     MOVINS               ;COPY it.
D937:                      LDWDI   DSCTMP               ;GET pointer to old descriptor.
D937: a9 a1                LDA     #DSCTMP & 0o377
D939: a0 00                LDY     #DSCTMP / 0o400
D93B:              COPYZC:
D93B:                      STWD    DSCPNT               ;Remember pointer to descriptor.
D93B: 85 8f                STA     DSCPNT
D93D: 84 90                STY     DSCPNT + 1
D93F: 20 b1 e4             JSR     FRETMS               ;Free up the temporary without
D942:                                                   ;Freeing up any string space.
D942: a0 00                LDY     #0
D944: b1 8f                LDA     (DSCPNT),Y
D946: 91 88                STA     (FORPNT),Y
D948: c8                   INY                          ;Point to string pntr.
D949: b1 8f                LDA     (DSCPNT),Y
D94B: 91 88                STA     (FORPNT),Y
D94D: c8                   INY
D94E: b1 8f                LDA     (DSCPNT),Y
D950: 91 88                STA     (FORPNT),Y
D952: 60                   RTS
D953:                      .page

Page 70   BASIC M6502 8K VER 1.1 BY MICRO-SOFT
          PRINT CODE.
--------------------------------------------------------------------------------
D953:                      .subttl PRINT CODE.
D953:                      .IF     EXTIO != 0
D953:              PRINTN:
D953:                      JSR     CMD                  ;Docmd
D953:                      JMP     IODONE               ;Release channel.
D953:              CMD:
D953:                      JSR     GETBYT
D953:                      BEQ     SAVEIT
D953:                      SYNCHK  44                   ;Comma?
D953:              SAVEIT:
D953:                      PHP
D953:                      JSR     CQOOUT               ;Check and open output channl.
D953:                      STX     CHANNL               ;Channl to output on.
D953:                      PLP                          ;GET status back.
D953:                      JMP     PRINT
D953:                      .endif
D953:              STRDON:
D953: 20 de d9             JSR     STRPRT
D956:              NEWCHR:
D956: 20 b9 00             JSR     CHRGOT               ;Reget last character.
D959:              PRINT:
D959: f0 91   D991         BEQ     CRDO                 ;Terminator so type crlf.
D95B:              PRINTC:
D95B: f0 a3   D9A3         BEQ     PRTRTS               ;Here after seeing tab(x) or , or ;
D95D:                                                   ;In which case a terminator does not
D95D:                                                   ;Mean type a crlf but just rts.
D95D: c9 9c                CMP     #TABTK               ;Tab function?
D95F: f0 bb   D9BB         BEQ     TABER                ;Yes.
D961: c9 9f                CMP     #SPCTK               ;Space function?
D963: 18                   CLC
D964: f0 bb   D9BB         BEQ     TABER
D966: c9 2c                CMP     #44                  ;A comma?
D968: f0 a4   D9A4         BEQ     COMPRT               ;Yes.
D96A: c9 3b                CMP     #59                  ;A semicolon?
D96C: f0 d0   D9D0         BEQ     NOTABR               ;Yes.
D96E: 20 13 dc             JSR     FRMEVL               ;Evaluate the formula.
D971: 24 11                BIT     VALTYP               ;A string?
D973: 30 53   D953         BMI     STRDON               ;Yes.
D975: 20 b5 eb             JSR     FOUT
D978: 20 5d e2             JSR     STRLIT               ;Build descriptor.
D97B:                      .IF     REALIO != 3
D97B: a0 00                LDY     #0                   ;GET the pointer.
D97D: b1 a4                LDA     (FACMO),Y
D97F: 18                   CLC
D980: 65 50                ADC     TRMPOS               ;Make sure LEN+POS.lt.width.
D982: c5 51                CMP     LINWID               ;Greater than line length?
D984:                                                   ;Remember space printed after number.
D984: 90 89   D989         BCC     LINCHK               ;Go type.
D986: 20 91 d9             JSR     CRDO
D989:                      .endif
D989:                                                   ;Yes, type crlf first.
D989:              LINCHK:
D989: 20 de d9             JSR     STRPRT               ;PRINT the number.
D98C: 20 f8 d9             JSR     OUTSPC               ;PRINT a space
D98F:                      BNEA    NEWCHR               ;Always goes.
D98F: d0 56   D956         BNE     NEWCHR
D991:                      .IF     REALIO != 4
D991:                      .IF     BUFPAG != 0
D991:              FININL:
D991:                      LDA     #0

Page 71   BASIC M6502 8K VER 1.1 BY MICRO-SOFT
          PRINT CODE.
--------------------------------------------------------------------------------
D991:                      STA     BUF,X
D991:                      LDXYI   BUF - 1
D991:                      .endif
D991:                      .IF     BUFPAG == 0
D991:              FININL:
D991:                      LDY     #0                   ;Put a ZERO at END of BUF.
D991:                      STY     BUF,X
D991:                      LDX     #BUF - 1
D991:                      .endif
D991:                                                   ;Setup pointer.
D991:                      .IF     EXTIO != 0
D991:                      LDA     CHANNL               ;No CRDO IF not terminal.
D991:                      BNE     PRTRTS
D991:                      .endif
D991:                      .endif
D991:              CRDO:
D991:                      .IF     EXTIO == 0
D991: a9 0d                LDA     #13                  ;Make TRMPOS less than line length.
D993: 85 50                STA     TRMPOS
D995:                      .endif
D995:                      .IF     EXTIO != 0
D995:                      .IF     REALIO != 3
D995:                      LDA     CHANNL
D995:                      BNE     GOCR
D995:                      STA     TRMPOS
D995:                      .endif
D995:              GOCR:
D995:                      LDA     #13
D995:                      .endif
D995:                                                   ;X and y must be preserved.
D995: 20 fd d9             JSR     OUTDO
D998: a9 0a                LDA     #10
D99A: 20 fd d9             JSR     OUTDO
D99D:              CRFIN:
D99D:                      .IF     EXTIO != 0
D99D:                      .IF     REALIO != 3
D99D:                      LDA     CHANNL
D99D:                      BNE     PRTRTS
D99D:                      .endif
D99D:                      .endif
D99D:                      .IF     NULCMD == 0
D99D:                      .IF     REALIO != 3
D99D: a9 00                LDA     #0
D99F: 85 50                STA     TRMPOS
D9A1:                      .endif
D9A1: 49 ff                EOR     #255
D9A3:                      .endif
D9A3:                      .IF     NULCMD != 0
D9A3:                      TXA                          ;Preserve [accx]* some need it.
D9A3:                      PHA
D9A3:                      LDX     NULCNT               ;GET number of nulls.
D9A3:                      BEQ     CLRPOS
D9A3:                      LDA     #0
D9A3:              PRTNUL:
D9A3:                      JSR     OUTDO
D9A3:                      DEX                          ;Done with nulls?
D9A3:                      BNE     PRTNUL
D9A3:              CLRPOS:
D9A3:                      STX     TRMPOS
D9A3:                      PLA

Page 72   BASIC M6502 8K VER 1.1 BY MICRO-SOFT
          PRINT CODE.
--------------------------------------------------------------------------------
D9A3:                      TAX
D9A3:                      .endif
D9A3:              PRTRTS:
D9A3: 60                   RTS
D9A4:              
D9A4:              COMPRT:
D9A4: a5 50                LDA     TRMPOS
D9A6:         000E NCMPOS  =       (LINLEN / CLMWID - 1) * CLMWID ;CLMWID beyond which there are
D9A6:                      .IF     REALIO != 3
D9A6:                                                   ;No more comma fields.
D9A6: c5 52                CMP     NCMWID               ;So all comma does is "CRDO"*
D9A8:              
D9A8: 90 b0   D9B0         BCC     MORCOM
D9AA: 20 91 d9             JSR     CRDO                 ;Type crlf.
D9AD: 4c d0 d9             JMP     NOTABR
D9B0:                      .endif
D9B0:                                                   ;And quit IF beyond last field.
D9B0:              MORCOM:
D9B0: 38                   SEC
D9B1:              MORCO1:
D9B1: e9 0e                SBC     #CLMWID              ;GET [a] modulus CLMWID.
D9B3: b0 b1   D9B1         BCS     MORCO1
D9B5: 49 ff                EOR     #255                 ;Fill PRINT POS out to even CLMWID so
D9B7: 69 01                ADC     #1
D9B9: d0 cb   D9CB         BNE     ASPAC                ;PRINT [a] spaces.
D9BB:              
D9BB:              TABER:
D9BB: 08                   PHP                          ;Remember IF spc or tab function.
D9BC: 20 71 e5             JSR     GTBYTC               ;GET value into accx.
D9BF: c9 29                CMP     #41
D9C1: d0 2e   DA2E         BNE     SNERR4
D9C3: 28                   PLP
D9C4: 90 cc   D9CC         BCC     XSPAC                ;PRINT [x] spaces.
D9C6: 8a                   TXA
D9C7: e5 50                SBC     TRMPOS
D9C9: 90 d0   D9D0         BCC     NOTABR               ;Negative, don't PRINT any.
D9CB:              ASPAC:
D9CB: aa                   TAX
D9CC:              XSPAC:
D9CC: e8                   INX
D9CD:              XSPAC2:
D9CD: ca                   DEX                          ;Decrement the COUNT.
D9CE: d0 d6   D9D6         BNE     XSPAC1
D9D0:              NOTABR:
D9D0: 20 b3 00             JSR     CHRGET               ;Reget last character.
D9D3: 4c 5b d9             JMP     PRINTC               ;Don't call CRDO.
D9D6:              XSPAC1:
D9D6: 20 f8 d9             JSR     OUTSPC
D9D9:                      BNEA    XSPAC2
D9D9: d0 cd   D9CD         BNE     XSPAC2
D9DB:              
D9DB:              ; PRINT the string pointed to by [y,a] which ends with a ZERO.
D9DB:              ; IF the string is below DSCTMP it will be copied into string space.
D9DB:              
D9DB:              STROUT:
D9DB: 20 5d e2             JSR     STRLIT               ;GET a string literal.
D9DE:              
D9DE:              ; PRINT the string whose descriptor is pointed to by FACMO.
D9DE:              
D9DE:              STRPRT:

Page 73   BASIC M6502 8K VER 1.1 BY MICRO-SOFT
          PRINT CODE.
--------------------------------------------------------------------------------
D9DE: 20 7c e4             JSR     FREFAC               ;RETURN temp pointer.
D9E1: aa                   TAX                          ;Put COUNT into counter.
D9E2: a0 00                LDY     #0
D9E4: e8                   INX                          ;Move one ahead.
D9E5:              STRPR2:
D9E5: ca                   DEX
D9E6: f0 a3   D9A3         BEQ     PRTRTS               ;All done.
D9E8: b1 61                LDA     (INDEX),Y            ;Pntr to act STRNG set by FREFAC.
D9EA: 20 fd d9             JSR     OUTDO
D9ED: c8                   INY
D9EE: c9 0d                CMP     #13
D9F0: d0 e5   D9E5         BNE     STRPR2
D9F2: 20 9d d9             JSR     CRFIN                ;Type rest of carriage RETURN.
D9F5: 4c e5 d9             JMP     STRPR2               ;And on and on.
D9F8:              
D9F8:              ; OUTDO outputs the character in acca, using CNTWFL
D9F8:              ; (Suppress or not), TRMPOS (PRINT head position)
D9F8:              ; Timing, etcq. no registers are changed.
D9F8:              
D9F8:              OUTSPC:
D9F8:                      .IF     REALIO != 3
D9F8: a9 20                LDA     #" "
D9FA:                      .endif
D9FA:                      .IF     REALIO == 3
D9FA:                      LDA     CHANNL
D9FA:                      BEQ     CRTSKP
D9FA:                      LDA     #" "
D9FA:                      SKIP2
D9FA:              CRTSKP:
D9FA:                      LDA     #29
D9FA:                      .endif
D9FA:                                                   ;Commodore's skip character.
D9FA:                      SKIP2
D9FA: 2c                   .byte   0o054
D9FB:              OUTQST:
D9FB: a9 3f                LDA     #"?"
D9FD:              OUTDO:
D9FD:                      .IF     REALIO != 0
D9FD: 24 17                BIT     CNTWFL               ;Shouldn't affect channel i/o!
D9FF: 30 19   DA19         BMI     OUTRTS
DA01:                      .endif
DA01:                      .IF     REALIO != 3
DA01: 48                   PHA
DA02: c9 20                CMP     #32                  ;Is this a printing char?
DA04: 90 11   DA11         BCC     TRYOUT               ;No, don't include it in TRMPOS.
DA06: a5 50                LDA     TRMPOS
DA08: c5 51                CMP     LINWID               ;Length = terminal width?
DA0A: d0 0f   DA0F         BNE     OUTDO1
DA0C: 20 91 d9             JSR     CRDO                 ;Yes, type crlf
DA0F:              OUTDO1:
DA0F:                      .IF     EXTIO != 0
DA0F:                      LDA     CHANNL
DA0F:                      BNE     TRYOUT
DA0F:                      .endif
DA0F:              INCTRM:
DA0F: e6 50                INC     TRMPOS               ;Increment COUNT.
DA11:              TRYOUT:
DA11: 68                   PLA
DA12:                      .endif
DA12:                                                   ;Restore the a register

Page 74   BASIC M6502 8K VER 1.1 BY MICRO-SOFT
          PRINT CODE.
--------------------------------------------------------------------------------
DA12:              
DA12:                      .IF     REALIO == 1
DA12:                      STY     KIMY
DA12:                      .endif
DA12:                                                   ;Preserve y.
DA12:                      .IF     REALIO == 4
DA12: 09 80                ORA     #0o200
DA14:                      .endif
DA14:                                                   ;Turn on b7 FOR apple.
DA14:                      .IF     REALIO != 0
DA14:              OUTLOC:
DA14: 20 ed fd             JSR     OUTCH
DA17:                      .endif
DA17:                                                   ;Output the character.
DA17:                      .IF     REALIO == 1
DA17:                      LDY     KIMY
DA17:                      .endif
DA17:                                                   ;GET y back.
DA17:                      .IF     REALIO == 2
DA17:                      .repeat 4
DA17:                      NOP
DA17:                      .endrepeat
DA17:                      .endif
DA17:                      .IF     REALIO == 4
DA17: 29 7f                AND     #0o177
DA19:                      .endif
DA19:                                                   ;GET [a] back from apple.
DA19:              
DA19:                      .IF     REALIO == 0
DA19:              	TJSR	OUTSIM##
DA19:                      .endif
DA19:                                                   ;Call simulator output routine
DA19:              OUTRTS:
DA19: 29 ff                AND     #255                 ;Set z=0.
DA1B:              GETRTS:
DA1B: 60                   RTS
DA1C:              
DA1C:                      .page

Page 75   BASIC M6502 8K VER 1.1 BY MICRO-SOFT
          INPUT AND READ CODE.
--------------------------------------------------------------------------------
DA1C:                      .subttl INPUT AND READ CODE.
DA1C:              
DA1C:              ; Here when the DATA that was typed in or in "DATA" statements
DA1C:              ; Is improperly formatted. FOR "INPUT" we START again.
DA1C:              ; FOR "READ" we give a syntax ERROR at the DATA line.
DA1C:              
DA1C:              TRMNOK:
DA1C: a5 15                LDA     INPFLG
DA1E: f0 31   DA31         BEQ     TRMNO1               ;IF INPUT try again.
DA20:                      .IF     GETCMD != 0
DA20: 30 26   DA26         BMI     GETDTL
DA22: a0 ff                LDY     #255                 ;Make it look direct.
DA24:                      BNEA    STCURL               ;Always goes.
DA24: d0 2a   DA2A         BNE     STCURL
DA26:              GETDTL:
DA26:                      .endif
DA26:                      LDWD    DATLIN               ;GET DATA line number.
DA26: a5 7e                LDA     DATLIN
DA28: a4 7f                LDY     DATLIN + 1
DA2A:              STCURL:
DA2A:                      STWD    CURLIN               ;Make it current line.
DA2A: 85 78                STA     CURLIN
DA2C: 84 79                STY     CURLIN + 1
DA2E:              SNERR4:
DA2E: 4c 64 dd             JMP     SNERR
DA31:              TRMNO1:
DA31:                      .IF     EXTIO != 0
DA31:                      LDA     CHANNL               ;IF not terminal, give bad DATA.
DA31:                      BEQ     DOAGIN
DA31:                      LDX     #ERRBD
DA31:                      JMP     ERROR
DA31:                      .endif
DA31:              DOAGIN:
DA31:                      LDWDI   TRYAGN
DA31: a9 81                LDA     #TRYAGN & 0o377
DA33: a0 db                LDY     #TRYAGN / 0o400
DA35: 20 db d9             JSR     STROUT               ;PRINT "?redo from START"*
DA38:                      LDWD    OLDTXT               ;Point at START
DA38: a5 7c                LDA     OLDTXT
DA3A: a4 7d                LDY     OLDTXT + 1
DA3C:                      STWD    TXTPTR               ;Of this current line.
DA3C: 85 ba                STA     TXTPTR
DA3E: 84 bb                STY     TXTPTR + 1
DA40: 60                   RTS                          ;Go to "NEWSTT"*
DA41:                      .IF     GETCMD != 0
DA41:              GET:
DA41: 20 7c e1             JSR     ERRDIR               ;Direct is not ok.
DA44:                      .IF     EXTIO != 0
DA44:                      CMP     #"#"                 ;See IF "GET#"*
DA44:                      BNE     GETTTY               ;No, just GET tty INPUT.
DA44:                      JSR     CHRGET               ;Move up to NEXT byte.
DA44:                      JSR     GETBYT               ;GET channel into x
DA44:                      SYNCHK  44                   ;Comma?
DA44:                      JSR     CQOIN                ;GET channel open FOR INPUT.
DA44:                      STX     CHANNL
DA44:                      .endif
DA44:              GETTTY:
DA44:                      LDXYI   BUF + 1              ;Point to 0.
DA44: a2 01                LDX     #BUF + 1 & 0o377
DA46: a0 00                LDY     #BUF + 1 / 0o400

Page 76   BASIC M6502 8K VER 1.1 BY MICRO-SOFT
          INPUT AND READ CODE.
--------------------------------------------------------------------------------
DA48:                      .IF     BUFPAG != 0
DA48: a9 00                LDA     #0                   ;To stuff and to point.
DA4A: 8d 01 02             STA     BUF + 1
DA4D:                      .endif
DA4D:                      .IF     BUFPAG == 0
DA4D:                      STY     BUF + 1
DA4D:                      .endif
DA4D:                                                   ;ZERO it.
DA4D: a9 40                LDA     #64                  ;Turn on v-bit.
DA4F: 20 8a da             JSR     INPCO1               ;Do the GET.
DA52:                      .IF     EXTIO != 0
DA52:                      LDX     CHANNL
DA52:                      BNE     IORELE
DA52:                      .endif
DA52:                                                   ;Release.
DA52: 60                   RTS
DA53:                      .endif
DA53:              
DA53:                      .IF     EXTIO != 0
DA53:              INPUTN:
DA53:                      JSR     GETBYT               ;GET channel number.
DA53:                      SYNCHK  44                   ;A comma?
DA53:                      JSR     CQOIN                ;Go where commodore checks in open.
DA53:                      STX     CHANNL
DA53:                      JSR     NOTQTI               ;Do INPUT to variables.
DA53:              IODONE:
DA53:                      LDA     CHANNL               ;Release channel.
DA53:              IORELE:
DA53:                      JSR     CQCCHN
DA53:                      LDX     #0                   ;Reset channel to terminal.
DA53:                      STX     CHANNL
DA53:                      RTS
DA53:                      .endif
DA53:              INPUT:
DA53:                      .IF     REALIO != 0
DA53: 46 17                LSR     CNTWFL
DA55:                      .endif
DA55:                                                   ;Be talkative.
DA55: c9 22                CMP     #34                  ;A quote?
DA57: d0 64   DA64         BNE     NOTQTI               ;No message.
DA59: 20 19 dd             JSR     STRTXT               ;Literalize the string in text
DA5C:                      SYNCHK  59                   ;Must END with semicolon.
DA5C: a9 3b                LDA     #59
DA5E: 20 5b dd             JSR     SYNCHR
DA61: 20 de d9             JSR     STRPRT               ;PRINT it out.
DA64:              NOTQTI:
DA64: 20 7c e1             JSR     ERRDIR               ;Use common routine since DEF direct
DA67: a9 2c                LDA     #44                  ;GET comma.
DA69: 8d ff 01             STA     BUF - 1
DA6C:                                                   ;Is also illegal.
DA6C:              GETAGN:
DA6C: 20 78 da             JSR     QINLIN               ;Type "?" and INPUT a line of text.
DA6F:                      .IF     EXTIO != 0
DA6F:                      LDA     CHANNL
DA6F:                      BEQ     BUFFUL
DA6F:                      LDA     CQSTAT               ;GET status byte.
DA6F:                      AND     #2
DA6F:                      BEQ     BUFFUL               ;A-ok.
DA6F:                      JSR     IODONE               ;Bad. close channel.
DA6F:                      JMP     DATA                 ;Skip rest of INPUT.

Page 77   BASIC M6502 8K VER 1.1 BY MICRO-SOFT
          INPUT AND READ CODE.
--------------------------------------------------------------------------------
DA6F:              BUFFUL:
DA6F:                      .endif
DA6F: ad 00 02             LDA     BUF                  ;Anything INPUT?
DA72: d0 88   DA88         BNE     INPCON               ;Yes, continue.
DA74:                      .IF     EXTIO != 0
DA74:                      LDA     CHANNL               ;Blank line means GET another.
DA74:                      BNE     GETAGN
DA74:                      .endif
DA74:                                                   ;IF not terminal.
DA74: 18                   CLC                          ;Make sure dont PRINT break
DA75: 4c 0b d7             JMP     STPEND               ;No, STOP.
DA78:              QINLIN:
DA78:                      .IF     EXTIO != 0
DA78:                      LDA     CHANNL
DA78:                      BNE     GINLIN
DA78:                      .endif
DA78: 20 fb d9             JSR     OUTQST
DA7B: 20 f8 d9             JSR     OUTSPC
DA7E:              GINLIN:
DA7E: 4c 2a d4             JMP     INLIN
DA81:              READ:
DA81:                      LDXY    DATPTR               ;GET last DATA location.
DA81: a6 80                LDX     DATPTR
DA83: a4 81                LDY     DATPTR + 1
DA85: a9                   .byte   0o251                ;Lda #tya to make it nonzero.
DA86:                      .IF     BUFPAG == 0
DA86:              INPCON:
DA86:                      .endif
DA86: 98                   TYA
DA87:                      .IF     BUFPAG != 0
DA87:                      SKIP2
DA87: 2c                   .byte   0o054
DA88:              INPCON:
DA88: a9 00                LDA     #0
DA8A:                      .endif
DA8A:                                                   ;Set flag that this is INPUT
DA8A:              INPCO1:
DA8A: 85 15                STA     INPFLG               ;Store the flag.
DA8C:              
DA8C:              ; In the processing of DATA and READ statements:
DA8C:              ; One pointer points to the DATA (ie, the numbers being fetched)
DA8C:              ; And another points to the LIST of variables.
DA8C:              
DA8C:              ; The pointer into the DATA always starts pointing to a
DA8C:              ; Terminator -- a , : or END-of-line.
DA8C:              
DA8C:              ; At this point TXTPTR points to LIST of variables and
DA8C:              ; [Y,x] points to DATA or INPUT line.
DA8C:              
DA8C:                      STXY    INPPTR
DA8C: 86 82                STX     INPPTR
DA8E: 84 83                STY     INPPTR + 1
DA90:              INLOOP:
DA90: 20 78 de             JSR     PTRGET               ;READ variable LIST.
DA93:                      STWD    FORPNT               ;SAVE pointer FOR "LET" string stuffing.
DA93: 85 88                STA     FORPNT
DA95: 84 89                STY     FORPNT + 1
DA97:                                                   ;Returns pntr top var in VARPNT.
DA97:                      LDWD    TXTPTR               ;SAVE text pntr.
DA97: a5 ba                LDA     TXTPTR

Page 78   BASIC M6502 8K VER 1.1 BY MICRO-SOFT
          INPUT AND READ CODE.
--------------------------------------------------------------------------------
DA99: a4 bb                LDY     TXTPTR + 1
DA9B:                      STWD    VARTXT
DA9B: 85 8a                STA     VARTXT
DA9D: 84 8b                STY     VARTXT + 1
DA9F:                      LDXY    INPPTR
DA9F: a6 82                LDX     INPPTR
DAA1: a4 83                LDY     INPPTR + 1
DAA3:                      STXY    TXTPTR
DAA3: 86 ba                STX     TXTPTR
DAA5: 84 bb                STY     TXTPTR + 1
DAA7: 20 b9 00             JSR     CHRGOT               ;GET it and set z IF term.
DAAA: d0 ca   DACA         BNE     DATBK1
DAAC: 24 15                BIT     INPFLG
DAAE:                      .IF     GETCMD != 0
DAAE: 50 be   DABE         BVC     QDATA
DAB0: 20 0c fd             JSR     CZGETL               ;Don't want INCHR. just one.
DAB3:                      .IF     REALIO == 4
DAB3: 29 7f                AND     #127
DAB5:                      .endif
DAB5: 8d 00 02             STA     BUF                  ;Make it first character.
DAB8:                      LDXYI   (BUF - 1)            ;Point just before it.
DAB8: a2 ff                LDX     #(BUF - 1) & 0o377
DABA: a0 01                LDY     #(BUF - 1) / 0o400
DABC:                      .IF     BUFPAG == 0
DABC:                      BEQA    DATBK
DABC:                      .endif
DABC:                      .IF     BUFPAG != 0
DABC:                      BNEA    DATBK
DABC: d0 c6   DAC6         BNE     DATBK
DABE:                      .endif
DABE:                      .endif
DABE:                                                   ;Go process.
DABE:              QDATA:
DABE: 30 31   DB31         BMI     DATLOP               ;Search FOR another DATA statement.
DAC0:                      .IF     EXTIO != 0
DAC0:                      LDA     CHANNL
DAC0:                      BNE     GETNTH
DAC0:                      .endif
DAC0: 20 fb d9             JSR     OUTQST
DAC3:              GETNTH:
DAC3: 20 78 da             JSR     QINLIN               ;GET another line.
DAC6:              DATBK:
DAC6:                      STXY    TXTPTR               ;Set FOR "CHRGET"*
DAC6: 86 ba                STX     TXTPTR
DAC8: 84 bb                STY     TXTPTR + 1
DACA:              DATBK1:
DACA: 20 b3 00             JSR     CHRGET
DACD: 24 11                BIT     VALTYP               ;GET value type.
DACF: 10 02   DB02         BPL     NUMINS               ;INPUT a number IF numeric.
DAD1:                      .IF     GETCMD != 0
DAD1: 24 15                BIT     INPFLG               ;GET?
DAD3: 50 de   DADE         BVC     SETQUT               ;No, go set quote.
DAD5: e8                   INX
DAD6: 86 ba                STX     TXTPTR
DAD8: a9 00                LDA     #0                   ;ZERO terminators.
DADA: 85 0d                STA     CHARAC
DADC:                      BEQA    RESETC
DADC: f0 ea   DAEA         BEQ     RESETC
DADE:                      .endif
DADE:              SETQUT:

Page 79   BASIC M6502 8K VER 1.1 BY MICRO-SOFT
          INPUT AND READ CODE.
--------------------------------------------------------------------------------
DADE: 85 0d                STA     CHARAC               ;Assume quoted string.
DAE0: c9 22                CMP     #34                  ;Terminators ok?
DAE2: f0 eb   DAEB         BEQ     NOWGET               ;Yes.
DAE4: a9 3a                LDA     #":"                 ;Set terminators to ":" and
DAE6: 85 0d                STA     CHARAC
DAE8: a9 2c                LDA     #44                  ;Comma.
DAEA:              RESETC:
DAEA: 18                   CLC
DAEB:              NOWGET:
DAEB: 85 0e                STA     ENDCHR
DAED:                      LDWD    TXTPTR
DAED: a5 ba                LDA     TXTPTR
DAEF: a4 bb                LDY     TXTPTR + 1
DAF1: 69 00                ADC     #0                   ;C is set properly above.
DAF3: 90 f6   DAF6         BCC     NOWGE1
DAF5: c8                   INY
DAF6:              NOWGE1:
DAF6: 20 63 e2             JSR     STRLT2               ;Make a string descriptor FOR the value
DAF9:                                                   ;And COPY IF necessary.
DAF9: 20 b9 e5             JSR     ST2TXT               ;Set text pointer.
DAFC: 20 ff d8             JSR     INPCOM               ;Do assignment.
DAFF: 4c 0a db             JMP     STRDN2
DB02:              NUMINS:
DB02: 20 cb ea             JSR     FIN
DB05:                      .IF     INTPRC == 0
DB05:                      JSR     MOVVF
DB05:                      .endif
DB05:                      .IF     INTPRC != 0
DB05: a5 12                LDA     INTFLG               ;Set codes on flag.
DB07: 20 e7 d8             JSR     QINTGR
DB0A:                      .endif
DB0A:                                                   ;Go decide on FLOAT.
DB0A:              STRDN2:
DB0A: 20 b9 00             JSR     CHRGOT               ;READ last character.
DB0D: f0 16   DB16         BEQ     TRMOK                ;":" Or eol is ok.
DB0F: c9 2c                CMP     #44                  ;A comma?
DB11:                      JNE     TRMNOK
DB11: f0 16   DB16         BEQ     * + 5
DB13: 4c 1c da             JMP     TRMNOK
DB16:              TRMOK:
DB16:                      LDWD    TXTPTR
DB16: a5 ba                LDA     TXTPTR
DB18: a4 bb                LDY     TXTPTR + 1
DB1A:                      STWD    INPPTR               ;SAVE FOR more reads.
DB1A: 85 82                STA     INPPTR
DB1C: 84 83                STY     INPPTR + 1
DB1E:                      LDWD    VARTXT
DB1E: a5 8a                LDA     VARTXT
DB20: a4 8b                LDY     VARTXT + 1
DB22:                      STWD    TXTPTR               ;Point to variable LIST.
DB22: 85 ba                STA     TXTPTR
DB24: 84 bb                STY     TXTPTR + 1
DB26: 20 b9 00             JSR     CHRGOT               ;Look at last variable LIST character.
DB29: f0 57   DB57         BEQ     VAREND               ;That's the END of the LIST.
DB2B: 20 59 dd             JSR     CHKCOM               ;Not END. check FOR comma.
DB2E: 4c 90 da             JMP     INLOOP
DB31:              
DB31:              ; Subroutine to find DATA
DB31:              ; The search is made by using the execution code FOR DATA to
DB31:              ; Skip over statements. the START word of each statement

Page 80   BASIC M6502 8K VER 1.1 BY MICRO-SOFT
          INPUT AND READ CODE.
--------------------------------------------------------------------------------
DB31:              ; Is compared with "DATATK"* each new line number
DB31:              ; Is stored in "DATLIN" so that IF an ERROR occurs
DB31:              ; While reading DATA the ERROR message can give the line
DB31:              ; Number of the ill-formatted DATA.
DB31:              
DB31:              DATLOP:
DB31: 20 2b d8             JSR     DATAN                ;Skip some text.
DB34: c8                   INY
DB35: aa                   TAX                          ;END of line?
DB36: d0 4a   DB4A         BNE     NOWLIN               ;Sho ain't.
DB38: a2 2a                LDX     #ERROD               ;Yes = "no DATA" ERROR.
DB3A: c8                   INY
DB3B: b1 ba                LDA     (TXTPTR),Y
DB3D: f0 a8   DBA8         BEQ     ERRGO5
DB3F: c8                   INY
DB40: b1 ba                LDA     (TXTPTR),Y           ;GET high byte of line number.
DB42: 85 7e                STA     DATLIN
DB44: c8                   INY
DB45: b1 ba                LDA     (TXTPTR),Y           ;GET low byte.
DB47: c8                   INY
DB48: 85 7f                STA     DATLIN + 1
DB4A:              NOWLIN:
DB4A: b1 ba                LDA     (TXTPTR),Y           ;How is it?
DB4C: aa                   TAX
DB4D: 20 20 d8             JSR     ADDON                ;Add [y] to [TXTPTR]*
DB50: e0 83                CPX     #DATATK              ;Is it a "DATA" statement.
DB52: d0 31   DB31         BNE     DATLOP               ;Not quite RIGHT. keep looking.
DB54: 4c ca da             JMP     DATBK1               ;This is the one !
DB57:              VAREND:
DB57:                      LDWD    INPPTR               ;Put away a new DATA pntr maybe.
DB57: a5 82                LDA     INPPTR
DB59: a4 83                LDY     INPPTR + 1
DB5B: a6 15                LDX     INPFLG
DB5D: 10 62   DB62         BPL     VARY0
DB5F: 4c e7 d6             JMP     RESFIN
DB62:              VARY0:
DB62: a0 00                LDY     #0
DB64: b1 82                LDA     (INPPTR),Y           ;Last DATA CHR could have been
DB66:                                                   ;Comma or colon but should be null.
DB66: f0 6f   DB6F         BEQ     INPRTS               ;It is null.
DB68:                      .IF     EXTIO != 0
DB68:                      LDA     CHANNL               ;IF not terminal, no type.
DB68:                      BNE     INPRTS
DB68:                      .endif
DB68:                      LDWDI   EXIGNT
DB68: a9 70                LDA     #EXIGNT & 0o377
DB6A: a0 db                LDY     #EXIGNT / 0o400
DB6C: 4c db d9             JMP     STROUT               ;Type "?extra ignored"
DB6F:              INPRTS:
DB6F: 60                   RTS                          ;Do NEXT statement.
DB70:              EXIGNT:
DB70: 3f 45 58 54          .text   "?EXTRA IGNORED"
DB74: 52 41 20 49  
DB78: 47 4e 4f 52  
DB7C: 45 44        
DB7E:                      ACRLF
DB7E: 0d                   .byte   13
DB7F: 0a                   .byte   10
DB80: 00                   .byte   0
DB81:              TRYAGN:

Page 81   BASIC M6502 8K VER 1.1 BY MICRO-SOFT
          INPUT AND READ CODE.
--------------------------------------------------------------------------------
DB81: 3f 52 45 44          .text   "?REDO FROM START"
DB85: 4f 20 46 52  
DB89: 4f 4d 20 53  
DB8D: 54 41 52 54  
DB91:                      ACRLF
DB91: 0d                   .byte   13
DB92: 0a                   .byte   10
DB93: 00                   .byte   0
DB94:                      .page

Page 82   BASIC M6502 8K VER 1.1 BY MICRO-SOFT
          THE NEXT CODE IS THE "NEXT CODE"
--------------------------------------------------------------------------------
DB94:                      .subttl THE NEXT CODE IS THE "NEXT CODE"
DB94:              
DB94:              ; A "FOR" entry on the stack has the following format:
DB94:              
DB94:              ; Low address
DB94:              ;	Token (FORTK) 1 byte
DB94:              ;	A pointer to the loop variable 2 bytes
DB94:              ;	The step 4+ADDPRC bytes
DB94:              ;	A byte reflecting the SIGN of the increment 1 byte
DB94:              ;	The upper value (packed) 4+ADDPRC bytes
DB94:              ;	The line number of the "FOR" statement 2 bytes
DB94:              ;	A text pointer into the "FOR" statement 2 bytes
DB94:              ; High address
DB94:              
DB94:              ; Total 16+2*ADDPRC bytes.
DB94:              
DB94:              NEXT:
DB94: d0 9a   DB9A         BNE     GETFOR
DB96: a0 00                LDY     #0                   ;Without arg call "FNDFOR" with
DB98:                      BEQA    STXFOR               ;[FORPNT]=0.
DB98: f0 9d   DB9D         BEQ     STXFOR
DB9A:              GETFOR:
DB9A: 20 78 de             JSR     PTRGET               ;GET a pointer to loop variable
DB9D:              STXFOR:
DB9D:                      STWD    FORPNT               ;Into "FORPNT"*
DB9D: 85 88                STA     FORPNT
DB9F: 84 89                STY     FORPNT + 1
DBA1: 20 70 d2             JSR     FNDFOR               ;Find the matching entry IF any.
DBA4: f0 aa   DBAA         BEQ     HAVFOR
DBA6: a2 00                LDX     #ERRNF               ;"NEXT without FOR"*
DBA8:              ERRGO5:
DBA8: f0 10   DC10         BEQ     ERRGO4
DBAA:              HAVFOR:
DBAA: 9a                   TXS                          ;Setup stack. chop first.
DBAB: 8a                   TXA
DBAC: 18                   CLC
DBAD: 69 04                ADC     #4                   ;Point to increment
DBAF: 48                   PHA                          ;SAVE this pointer to restore to [a]
DBB0: 69 06                ADC     #5 + ADDPRC          ;Point to upper limit
DBB2: 85 63                STA     INDEX2               ;SAVE as INDEX
DBB4: 68                   PLA                          ;Restore pointer to increment
DBB5: a0 01                LDY     #1                   ;Set hi addr of thing to move.
DBB7: 20 7a e9             JSR     MOVFM                ;GET quantity into the FAC.
DBBA: ba                   TSX
DBBB: bd 09 01             LDA     257 + 7 + ADDPRC,X   ;Set SIGN correctly.
DBBE: 85 a6                STA     FACSGN
DBC0:                      LDWD    FORPNT
DBC0: a5 88                LDA     FORPNT
DBC2: a4 89                LDY     FORPNT + 1
DBC4: 20 3f e6             JSR     FADD                 ;Add inc to loop variable.
DBC7: 20 a8 e9             JSR     MOVVF                ;Pack the FAC into MEMORY.
DBCA: a0 01                LDY     #1
DBCC: 20 35 ea             JSR     FCOMPN               ;Compare FAC with upper value.
DBCF: ba                   TSX
DBD0: 38                   SEC
DBD1: fd 09 01             SBC     257 + 7 + ADDPRC,X   ;Subtract SIGN of inc from SIGN of
DBD4:                                                   ;Of (current value-final value)*
DBD4: f0 ed   DBED         BEQ     LOOPDN               ;IF SIGN (final-current)-SIGN step=0
DBD6:                                                   ;Then loop is done.
DBD6: bd 0f 01             LDA     2 * ADDPRC + 12 + 257,X

Page 83   BASIC M6502 8K VER 1.1 BY MICRO-SOFT
          FORMULA EVALUATION CODE.
--------------------------------------------------------------------------------
DBD9: 85 78                STA     CURLIN               ;Store line number of "FOR" statement.
DBDB: bd 10 01             LDA     257 + 13 + 2 * ADDPRC,X
DBDE: 85 79                STA     CURLIN + 1
DBE0: bd 12 01             LDA     2 * ADDPRC + 15 + 257,X
DBE3: 85 ba                STA     TXTPTR               ;Store text pntr into "FOR" statement.
DBE5: bd 11 01             LDA     2 * ADDPRC + 14 + 257,X
DBE8: 85 bb                STA     TXTPTR + 1
DBEA:              NEWSGO:
DBEA: 4c 72 d6             JMP     NEWSTT               ;Process NEXT statement.
DBED:              LOOPDN:
DBED: 8a                   TXA
DBEE: 69 11                ADC     #2 * ADDPRC + 15     ;Adds 16 with carry.
DBF0: aa                   TAX
DBF1: 9a                   TXS                          ;New stack pntr.
DBF2: 20 b9 00             JSR     CHRGOT
DBF5: c9 2c                CMP     #44                  ;Comma at END?
DBF7: d0 ea   DBEA         BNE     NEWSGO
DBF9: 20 b3 00             JSR     CHRGET
DBFC: 20 9a db             JSR     GETFOR               ;Do NEXT but don't allow blank variable
DBFF:                                                   ;Pntr. [VARPNT] is the stk pntr which
DBFF:                                                   ;Never matches any pointer.
DBFF:                                                   ;Jsr to put on dummy NEWSTT addr.
DBFF:                      .subttl FORMULA EVALUATION CODE.
DBFF:              
DBFF:              ; These routines check FOR certain "VALTYP"*
DBFF:              ; [C] is not preserved.
DBFF:              
DBFF:              FRMNUM:
DBFF: 20 13 dc             JSR     FRMEVL
DC02:              CHKNUM:
DC02: 18                   CLC
DC03:                      SKIP1
DC03: 24                   .byte   0o044
DC04:              CHKSTR:
DC04: 38                   SEC                          ;Set carry.
DC05:              CHKVAL:
DC05: 24 11                BIT     VALTYP               ;Will not f up "VALTYP"*
DC07: 30 0c   DC0C         BMI     DOCSTR
DC09: b0 0e   DC0E         BCS     CHKERR
DC0B:              CHKOK:
DC0B: 60                   RTS
DC0C:              DOCSTR:
DC0C: b0 0b   DC0B         BCS     CHKOK
DC0E:              CHKERR:
DC0E: a2 a3                LDX     #ERRTM
DC10:              ERRGO4:
DC10: 4c 1d d3             JMP     ERROR
DC13:              
DC13:              ; The formula evaluator starts with
DC13:              ; [TXTPTR] pointing to the first character of the formula.
DC13:              ; At the END [TXTPTR] points to the terminator.
DC13:              ; The result is LEFT in the FAC.
DC13:              ; On RETURN [a] does not reflect the terminator.
DC13:              
DC13:              ; The formula evaluator uses the operator LIST (OPTAB)
DC13:              ; To determine precedence and dispatch addresses FOR
DC13:              ; Each operator.
DC13:              ; A temporary result on the stack has the following format.
DC13:              ;	The address of the operator routine.
DC13:              ;	The floating point temporary result.

Page 84   BASIC M6502 8K VER 1.1 BY MICRO-SOFT
          FORMULA EVALUATION CODE.
--------------------------------------------------------------------------------
DC13:              ;	The precedence of the operator.
DC13:              
DC13:              FRMEVL:
DC13: a6 ba                LDX     TXTPTR
DC15: d0 19   DC19         BNE     FRMEV1
DC17: c6 bb                DEC     TXTPTR + 1
DC19:              FRMEV1:
DC19: c6 ba                DEC     TXTPTR
DC1B: a2 00                LDX     #0                   ;Initial dummy precedence is 0.
DC1D:                      SKIP1
DC1D: 24                   .byte   0o044
DC1E:              LPOPER:
DC1E: 48                   PHA                          ;SAVE low precedence. (mask.)
DC1F: 8a                   TXA
DC20: 48                   PHA                          ;SAVE high precedence.
DC21: a9 01                LDA     #1
DC23: 20 e1 d2             JSR     GETSTK               ;Make sure there is room FOR
DC26:                                                   ;Recursive calls.
DC26: 20 f8 dc             JSR     EVAL                 ;Evaluate something.
DC29:                      CLR     OPMASK               ;Prepare to build mask maybe.
DC29: a9 00                LDA     #0
DC2B: 85 8c                STA     OPMASK
DC2D:              TSTOP:
DC2D: 20 b9 00             JSR     CHRGOT               ;Reget last character.
DC30:              LOPREL:
DC30: 38                   SEC                          ;Prep to subtract.
DC31: e9 aa                SBC     #GREATK              ;Is current character a relation?
DC33: 90 4c   DC4C         BCC     ENDREL               ;No. relations all through.
DC35: c9 03                CMP     #LESSTK - GREATK + 1 ;Really relational?
DC37: b0 4c   DC4C         BCS     ENDREL               ;No -- just big.
DC39: c9 01                CMP     #1                   ;Reset carry FOR ZERO only.
DC3B: 2a                   ROL     A                    ;0 To 1, 1 to 2, 2 to 4.
DC3C: 49 01                EOR     #1
DC3E: 45 8c                EOR     OPMASK               ;Bring in the old BITS.
DC40: c5 8c                CMP     OPMASK               ;Make sure the new mask is bigger.
DC42: 90 a5   DCA5         BCC     SNERR5               ;Syntax ERROR. because two of the same.
DC44: 85 8c                STA     OPMASK               ;SAVE mask.
DC46: 20 b3 00             JSR     CHRGET
DC49: 4c 30 dc             JMP     LOPREL               ;GET the NEXT candidate.
DC4C:              ENDREL:
DC4C: a6 8c                LDX     OPMASK               ;Were there any?
DC4E: d0 7c   DC7C         BNE     FINREL               ;Yes, handle as special op.
DC50: b0 cd   DCCD         BCS     QOP                  ;Not an operator.
DC52: 69 07                ADC     #GREATK - PLUSTK
DC54: 90 cd   DCCD         BCC     QOP                  ;Not an operator.
DC56: 65 11                ADC     VALTYP               ;[C]=1.
DC58:                      JEQ     CAT                  ;Only IF [a]=0 and [VALTYP]=-1 (a STR)*
DC58: d0 5d   DC5D         BNE     * + 5
DC5A: 4c 13 e4             JMP     CAT
DC5D: 69 ff                ADC     #0o377               ;GET back original [a]*
DC5F: 85 61                STA     INDEX1
DC61: 0a                   ASL     A                    ;Multiply by 2.
DC62: 65 61                ADC     INDEX1               ;By three.
DC64: a8                   TAY                          ;Set up FOR later.
DC65:              QPREC:
DC65: 68                   PLA                          ;GET previous precedence.
DC66: d9 66 d0             CMP     OPTAB,Y              ;Is old precedence greater or equal?
DC69: b0 d2   DCD2         BCS     QCHNUM               ;Yes, go operate.
DC6B: 20 02 dc             JSR     CHKNUM               ;Can't be string here.
DC6E:              DOPREC:

Page 85   BASIC M6502 8K VER 1.1 BY MICRO-SOFT
          FORMULA EVALUATION CODE.
--------------------------------------------------------------------------------
DC6E: 48                   PHA                          ;SAVE old precedence.
DC6F:              NEGPRC:
DC6F: 20 95 dc             JSR     DOPRE1               ;Set a RETURN address FOR op.
DC72: 68                   PLA                          ;Pull off previous precedence.
DC73: a4 8a                LDY     OPPTR                ;GET pointer to op.
DC75: 10 8e   DC8E         BPL     QPREC1               ;That's a real operator.
DC77: aa                   TAX                          ;Done ?
DC78: f0 d0   DCD0         BEQ     QOPGO                ;Done !
DC7A: d0 db   DCDB         BNE     PULSTK
DC7C:              FINREL:
DC7C: 46 11                LSR     VALTYP               ;GET value type into "c"*
DC7E: 8a                   TXA
DC7F: 2a                   ROL     A                    ;Put VALTYP into low order bit of mask.
DC80: a6 ba                LDX     TXTPTR               ;Decrement text pointer.
DC82: d0 86   DC86         BNE     FINRE2
DC84: c6 bb                DEC     TXTPTR + 1
DC86:              FINRE2:
DC86: c6 ba                DEC     TXTPTR
DC88: a0 1b                LDY     #PTDORL - OPTAB      ;Make [yreg] point at operator entry.
DC8A: 85 8c                STA     OPMASK               ;SAVE the operation mask.
DC8C: d0 65   DC65         BNE     QPREC                ;SAVE it all. br always.
DC8E:                                                   ;Note b7(VALTYP)=0 so CHKNUM call is ok.
DC8E:              QPREC1:
DC8E: d9 66 d0             CMP     OPTAB,Y              ;Last precedence is greater?
DC91: b0 db   DCDB         BCS     PULSTK               ;Yes, go operate.
DC93: 90 6e   DC6E         BCC     DOPREC               ;No SAVE argument and GET other operand.
DC95:              DOPRE1:
DC95: b9 68 d0             LDA     OPTAB + 2,Y
DC98: 48                   PHA                          ;Disp addr goes onto stack.
DC99: b9 67 d0             LDA     OPTAB + 1,Y
DC9C: 48                   PHA
DC9D: 20 a8 dc             JSR     PUSHF1               ;SAVE FAC on stack unpacked.
DCA0: a5 8c                LDA     OPMASK               ;[Acca] may be mask FOR rel.
DCA2: 4c 1e dc             JMP     LPOPER
DCA5:              SNERR5:
DCA5: 4c 64 dd             JMP     SNERR                ;Go to an ERROR.
DCA8:              PUSHF1:
DCA8: a5 a6                LDA     FACSGN
DCAA: be 66 d0             LDX     OPTAB,Y              ;GET high precedence.
DCAD:              PUSHF:
DCAD: a8                   TAY                          ;GET pointer into stack.
DCAE: 68                   PLA
DCAF: 85 61                STA     INDEX1
DCB1: e6 61                INC     INDEX1
DCB3: 68                   PLA
DCB4: 85 62                STA     INDEX1 + 1
DCB6: 98                   TYA
DCB7:                                                   ;Store FAC on stack unpacked.
DCB7: 48                   PHA                          ;START with SIGN set up.
DCB8:              FORPSH:
DCB8: 20 f3 e9             JSR     ROUND                ;Put rounded FAC on stack.
DCBB: a5 a5                LDA     FACLO                ;Entry point to skip storing SIGN.
DCBD: 48                   PHA
DCBE: a5 a4                LDA     FACMO
DCC0: 48                   PHA
DCC1:                      .IF     ADDPRC != 0
DCC1: a5 a3                LDA     FACMOH
DCC3: 48                   PHA
DCC4:                      .endif
DCC4: a5 a2                LDA     FACHO

Page 86   BASIC M6502 8K VER 1.1 BY MICRO-SOFT
          FORMULA EVALUATION CODE.
--------------------------------------------------------------------------------
DCC6: 48                   PHA
DCC7: a5 a1                LDA     FACEXP
DCC9: 48                   PHA
DCCA: 6c 61 00             JMP     (INDEX1)             ;RETURN.
DCCD:              QOP:
DCCD: a0 ff                LDY     #255
DCCF: 68                   PLA                          ;GET high precedence of last op.
DCD0:              QOPGO:
DCD0: f0 f5   DCF5         BEQ     QOPRTS               ;Done !
DCD2:              QCHNUM:
DCD2: c9 64                CMP     #100                 ;Relational operator?
DCD4: f0 d9   DCD9         BEQ     UNPSTK               ;Yes, don't check operand.
DCD6: 20 02 dc             JSR     CHKNUM               ;Must be number.
DCD9:              UNPSTK:
DCD9: 84 8a                STY     OPPTR                ;SAVE operator's pointer FOR NEXT TIME.
DCDB:              PULSTK:
DCDB: 68                   PLA                          ;GET mask FOR rel op IF it is one.
DCDC: 4a                   LSR     A                    ;Setup [c] FOR DOREL's "CHKVAL"*
DCDD: 85 16                STA     DOMASK               ;SAVE FOR "DOCMP"*
DCDF: 68                   PLA                          ;Unpack stack into arg.
DCE0: 85 a9                STA     ARGEXP
DCE2: 68                   PLA
DCE3: 85 aa                STA     ARGHO
DCE5:                      .IF     ADDPRC != 0
DCE5: 68                   PLA
DCE6: 85 ab                STA     ARGMOH
DCE8:                      .endif
DCE8: 68                   PLA
DCE9: 85 ac                STA     ARGMO
DCEB: 68                   PLA
DCEC: 85 ad                STA     ARGLO
DCEE: 68                   PLA
DCEF: 85 ae                STA     ARGSGN
DCF1: 45 a6                EOR     FACSGN               ;GET probable result SIGN.
DCF3: 85 af                STA     ARISGN               ;Arithmetic SIGN. used by
DCF5:                                                   ;Add, sub, mult, div.
DCF5:              QOPRTS:
DCF5: a5 a1                LDA     FACEXP               ;GET it and set codes.
DCF7:              UNPRTS:
DCF7: 60                   RTS                          ;RETURN.
DCF8:              
DCF8:              EVAL:
DCF8:                      CLR     VALTYP               ;Assume value will be numeric.
DCF8: a9 00                LDA     #0
DCFA: 85 11                STA     VALTYP
DCFC:              EVAL0:
DCFC: 20 b3 00             JSR     CHRGET               ;GET a character.
DCFF: b0 04   DD04         BCS     EVAL2
DD01:              EVAL1:
DD01: 4c cb ea             JMP     FIN                  ;It is a number.
DD04:              EVAL2:
DD04: 20 02 df             JSR     ISLETC               ;Variable name?
DD07: b0 70   DD70         BCS     ISVAR                ;Yes.
DD09:                      .IF     REALIO == 3
DD09:                      CMP     #PI
DD09:                      BNE     QDOT
DD09:                      LDWDI   PIVAL
DD09:                      JSR     MOVFM                ;Put value in FOR pi.
DD09:                      JMP     CHRGET
DD09:              PIVAL:

Page 87   BASIC M6502 8K VER 1.1 BY MICRO-SOFT
          FORMULA EVALUATION CODE.
--------------------------------------------------------------------------------
DD09:                      .byte   0o202
DD09:                      .byte   0o111
DD09:                      .byte   0o017
DD09:                      .byte   0o332
DD09:                      .byte   0o241
DD09:                      .endif
DD09:              QDOT:
DD09: c9 2a                CMP     #"*"                 ;Leading character of constant?
DD0B: f0 01   DD01         BEQ     EVAL1
DD0D: c9 a4                CMP     #MINUTK              ;Negation?
DD0F: f0 69   DD69         BEQ     DOMIN                ;Sho is.
DD11: c9 a3                CMP     #PLUSTK
DD13: f0 fc   DCFC         BEQ     EVAL0
DD15: c9 22                CMP     #34                  ;A quote? a string?
DD17: d0 28   DD28         BNE     EVAL3
DD19:              STRTXT:
DD19:                      LDWD    TXTPTR
DD19: a5 ba                LDA     TXTPTR
DD1B: a4 bb                LDY     TXTPTR + 1
DD1D: 69 00                ADC     #0                   ;To inc, add c=1.
DD1F: 90 22   DD22         BCC     STRTX2
DD21: c8                   INY
DD22:              STRTX2:
DD22: 20 5d e2             JSR     STRLIT               ;Yes. go process it.
DD25: 4c b9 e5             JMP     ST2TXT
DD28:              EVAL3:
DD28: c9 a1                CMP     #NOTTK               ;Check FOR "not" operator.
DD2A: d0 3f   DD3F         BNE     EVAL4
DD2C: a0 18                LDY     #NOTTAB - OPTAB      ;"Not" has precedence 90.
DD2E: d0 6b   DD6B         BNE     GONPRC               ;Go do its evaluation.
DD30:              NOTOP:
DD30: 20 96 df             JSR     AYINT                ;Integerize.
DD33: a5 a5                LDA     FACLO                ;GET the argument.
DD35: 49 ff                EOR     #255
DD37: a8                   TAY
DD38: a5 a4                LDA     FACMO
DD3A: 49 ff                EOR     #255
DD3C: 4c 69 e1             JMP     GIVAYF               ;FLOAT [y,a] as result in FAC.
DD3F:                                                   ;And RETURN.
DD3F:              EVAL4:
DD3F: c9 9e                CMP     #FNTK                ;User-defined function?
DD41:                      JEQ     FNDOER
DD41: d0 46   DD46         BNE     * + 5
DD43: 4c ca e1             JMP     FNDOER
DD46: c9 ad                CMP     #ONEFUN              ;A function name?
DD48: 90 4d   DD4D         BCC     PARCHK               ;Functions are the highest numbered
DD4A: 4c 94 dd             JMP     ISFUN                ;Characters so no need to check
DD4D:                                                   ;An upper-bound.
DD4D:              PARCHK:
DD4D: 20 56 dd             JSR     CHKOPN               ;Only possibility LEFT is
DD50: 20 13 dc             JSR     FRMEVL               ;A formula in parenthesis.
DD53:                                                   ;Recursively evaluate the formula.
DD53:              CHKCLS:
DD53: a9 29                LDA     #41                  ;Check FOR a RIGHT parenthese
DD55:                      SKIP2
DD55: 2c                   .byte   0o054
DD56:              CHKOPN:
DD56: a9 28                LDA     #40
DD58:                      SKIP2
DD58: 2c                   .byte   0o054

Page 88   BASIC M6502 8K VER 1.1 BY MICRO-SOFT
          FORMULA EVALUATION CODE.
--------------------------------------------------------------------------------
DD59:              CHKCOM:
DD59: a9 2c                LDA     #44
DD5B:              
DD5B:              ; "Synchk" looks at the current character to make sure it
DD5B:              ; Is the specific thing loaded into acca just before the call to
DD5B:              ; "Synchk"* IF not, it calls the "syntax ERROR" routine.
DD5B:              ; Otherwise it gobbles the NEXT char and returns
DD5B:              
DD5B:              ; [A]=new char and TXTPTR is advanced by "CHRGET"*
DD5B:              
DD5B:              SYNCHR:
DD5B: a0 00                LDY     #0
DD5D: d1 ba                CMP     (TXTPTR),Y           ;Characters equal?
DD5F: d0 64   DD64         BNE     SNERR
DD61:              CHRGO5:
DD61: 4c b3 00             JMP     CHRGET
DD64:              SNERR:
DD64: a2 10                LDX     #ERRSN               ;"Syntax ERROR"
DD66: 4c 1d d3             JMP     ERROR
DD69:              DOMIN:
DD69: a0 15                LDY     #NEGTAB - OPTAB      ;A precedence below "^"*
DD6B:              GONPRC:
DD6B: 68                   PLA                          ;GET rid of rts addr.
DD6C: 68                   PLA
DD6D: 4c 6f dc             JMP     NEGPRC               ;Evalute FOR negation.
DD70:              
DD70:              ISVAR:
DD70: 20 78 de             JSR     PTRGET               ;GET a pntr to variable.
DD73:              ISVRET:
DD73:                      STWD    FACMO
DD73: 85 a4                STA     FACMO
DD75: 84 a5                STY     FACMO + 1
DD77:                      .IF     (TIME | EXTIO) != 0
DD77:                      LDWD    VARNAM
DD77:                      .endif
DD77:                                                   ;Check TIME,TIME$,status.
DD77: a6 11                LDX     VALTYP
DD79: f0 80   DD80         BEQ     GOOO                 ;The string is set up.
DD7B: a2 00                LDX     #0
DD7D: 86 b0                STX     FACOV
DD7F:                      .IF     TIME != 0
DD7F:                      BIT     FACLO                ;An array?
DD7F:                      BPL     STRRTS               ;Yes.
DD7F:                      CMP     #"T"                 ;Ti$?
DD7F:                      BNE     STRRTS
DD7F:                      CPY     #"I" + 128
DD7F:                      BNE     STRRTS
DD7F:                      JSR     GETTIM               ;Yes. put TIME in FACMOH-lo.
DD7F:                      STY     TENEXP               ;y=0.
DD7F:                      DEY
DD7F:                      STY     FBUFPT
DD7F:                      LDY     #6                   ;Six	digits to PRINT.
DD7F:                      STY     DECCNT
DD7F:                      LDY     #FDCEND - FOUTBL
DD7F:                      JSR     FOUTIM               ;Convert to ascii.
DD7F:                      JMP     TIMSTR
DD7F:                      .endif
DD7F:              STRRTS:
DD7F: 60                   RTS
DD80:              GOOO:

Page 89   BASIC M6502 8K VER 1.1 BY MICRO-SOFT
          FORMULA EVALUATION CODE.
--------------------------------------------------------------------------------
DD80:                      .IF     INTPRC != 0
DD80: a6 12                LDX     INTFLG
DD82: 10 91   DD91         BPL     GOOOOO
DD84: a0 00                LDY     #0
DD86: b1 a4                LDA     (FACMO),Y            ;Fetch high.
DD88: aa                   TAX
DD89: c8                   INY
DD8A: b1 a4                LDA     (FACMO),Y
DD8C: a8                   TAY                          ;Put low in y.
DD8D: 8a                   TXA                          ;GET high in a.
DD8E: 4c 69 e1             JMP     GIVAYF
DD91:                      .endif
DD91:                                                   ;FLOAT and RETURN.
DD91:              GOOOOO:
DD91:                      .IF     TIME != 0
DD91:                      BIT     FACLO                ;An array?
DD91:                      BPL     GOMOVF               ;Yes.
DD91:                      CMP     #"T"
DD91:                      BNE     QSTATV
DD91:                      CPY     #"I"
DD91:                      BNE     GOMOVF
DD91:                      JSR     GETTIM
DD91:                      TYA                          ;FOR FLOATB.
DD91:                      LDX     #160                 ;Set exponnent.
DD91:                      JMP     FLOATB
DD91:              GETTIM:
DD91:                      LDWDI   (CQTIMR - 2)
DD91:                      SEI                          ;Turn of INT sys.
DD91:                      JSR     MOVFM
DD91:                      CLI                          ;Back on.
DD91:                      STY     FACHO                ;ZERO highest.
DD91:                      RTS
DD91:                      .endif
DD91:              QSTATV:
DD91:                      .IF     EXTIO != 0
DD91:                      CMP     #"S"
DD91:                      BNE     GOMOVF
DD91:                      CPY     #"T"
DD91:                      BNE     GOMOVF
DD91:                      LDA     CQSTAT
DD91:                      JMP     FLOAT
DD91:              GOMOVF:
DD91:                      .endif
DD91:                      .IF     (TIME | EXTIO) != 0
DD91:                      LDWD    FACMO
DD91:                      .endif
DD91: 4c 7a e9             JMP     MOVFM                ;Move actual value in.
DD94:                                                   ;And RETURN.
DD94:              
DD94:              ISFUN:
DD94: 0a                   ASL     A                    ;Multiply by two.
DD95: 48                   PHA
DD96: aa                   TAX
DD97: 20 b3 00             JSR     CHRGET               ;Set up FOR synchk.
DD9A: e0 81                CPX     #2 * LASNUM - 256 + 1 ;Is it past "LASNUM"?
DD9C: 90 be   DDBE         BCC     OKNORM               ;No, must be NORMAL function.
DD9E:              
DD9E:              ; Most functions take a single argument.
DD9E:              ; The RETURN address of these functions is "CHKNUM"
DD9E:              ; Which ascertains that [VALTYP]=0  (numeric)*

Page 90   BASIC M6502 8K VER 1.1 BY MICRO-SOFT
          FORMULA EVALUATION CODE.
--------------------------------------------------------------------------------
DD9E:              ; NORMAL functions that RETURN string results
DD9E:              ; (E.g., CHR$) must pop off that RETURN addr and
DD9E:              ; RETURN directly to "FRMEVL"*
DD9E:              
DD9E:              ; The so-called "funny" functions can take more than one argument
DD9E:              ; The first of which must be string and the second of which
DD9E:              ; Must be a number between 0 and 255.
DD9E:              ; The closed parenthesis must be checked and RETURN is directly
DD9E:              ; To "FRMEVL" with the text pntr pointing beyond the ")"*
DD9E:              ; The pointer to the descriptor of the string argument
DD9E:              ; Is stored on the stack underneath the value of the
DD9E:              ; Integer argument.
DD9E:              
DD9E: 20 56 dd             JSR     CHKOPN               ;Check FOR an open parenthese
DDA1: 20 13 dc             JSR     FRMEVL               ;Eat open paren and first arg.
DDA4: 20 59 dd             JSR     CHKCOM               ;Two args so comma must delimit.
DDA7: 20 04 dc             JSR     CHKSTR               ;Make sure first was string.
DDAA: 68                   PLA                          ;GET function number.
DDAB: aa                   TAX
DDAC:                      PSHWD   FACMO                ;SAVE pointer at string descriptor
DDAC: a5 a5                LDA     FACMO + 1
DDAE: 48                   PHA
DDAF: a5 a4                LDA     FACMO
DDB1: 48                   PHA
DDB2: 8a                   TXA
DDB3: 48                   PHA                          ;Resave function number.
DDB4:                                                   ;This must be on stack since recursive.
DDB4: 20 74 e5             JSR     GETBYT               ;[X]=value of formula.
DDB7: 68                   PLA                          ;GET function number.
DDB8: a8                   TAY
DDB9: 8a                   TXA
DDBA: 48                   PHA
DDBB: 4c c3 dd             JMP     FINGO                ;Dispatch to function.
DDBE:              OKNORM:
DDBE: 20 4d dd             JSR     PARCHK               ;READ a formula surrounded by parens.
DDC1: 68                   PLA                          ;GET dispatch function.
DDC2: a8                   TAY
DDC3:              FINGO:
DDC3: b9 de cf             LDA     FUNDSP - 2 * ONEFUN + 256,Y ;Modify dispatch address.
DDC6: 85 95                STA     JMPER + 1
DDC8: b9 df cf             LDA     FUNDSP - 2 * ONEFUN + 257,Y
DDCB: 85 96                STA     JMPER + 2
DDCD: 20 94 00             JSR     JMPER                ;Dispatch!
DDD0:                                                   ;String functions remove this ret addr.
DDD0: 4c 02 dc             JMP     CHKNUM               ;Check it FOR numericness and RETURN.
DDD3:              
DDD3:              OROP:
DDD3: a0 ff                LDY     #255                 ;Must always complement..
DDD5:                      SKIP2
DDD5: 2c                   .byte   0o054
DDD6:              ANDOP:
DDD6: a0 00                LDY     #0
DDD8: 84 0f                STY     COUNT                ;Operator.
DDDA: 20 96 df             JSR     AYINT                ;[FACMO&lo]=INT value and check SIZE.
DDDD: a5 a4                LDA     FACMO                ;Use demorgan's law on high
DDDF: 45 0f                EOR     COUNT
DDE1: 85 0d                STA     INTEGR
DDE3: a5 a5                LDA     FACLO                ;And low.
DDE5: 45 0f                EOR     COUNT
DDE7: 85 0e                STA     INTEGR + 1

Page 91   BASIC M6502 8K VER 1.1 BY MICRO-SOFT
          FORMULA EVALUATION CODE.
--------------------------------------------------------------------------------
DDE9: 20 d4 e9             JSR     MOVFA
DDEC: 20 96 df             JSR     AYINT                ;[FACMO&lo]=INT of arg.
DDEF: a5 a5                LDA     FACLO
DDF1: 45 0f                EOR     COUNT
DDF3: 25 0e                AND     INTEGR + 1
DDF5: 45 0f                EOR     COUNT                ;Finish out demorgan.
DDF7: a8                   TAY                          ;SAVE high.
DDF8: a5 a4                LDA     FACMO
DDFA: 45 0f                EOR     COUNT
DDFC: 25 0d                AND     INTEGR
DDFE: 45 0f                EOR     COUNT
DE00: 4c 69 e1             JMP     GIVAYF               ;FLOAT [a.y] and ret to user.
DE03:              
DE03:              ; TIME to perform a relational operator.
DE03:              ; [DOMASK] contains the BITS as to which relational
DE03:              ; Operator it was. carry bit on=string compare.
DE03:              
DE03:              DOREL:
DE03: 20 05 dc             JSR     CHKVAL               ;Check FOR match.
DE06: b0 1b   DE1B         BCS     STRCMP               ;It is a string.
DE08: a5 ae                LDA     ARGSGN               ;Pack arg FOR FCOMP.
DE0A: 09 7f                ORA     #127
DE0C: 25 aa                AND     ARGHO
DE0E: 85 aa                STA     ARGHO
DE10:                      LDWDI   ARGEXP
DE10: a9 a9                LDA     #ARGEXP & 0o377
DE12: a0 00                LDY     #ARGEXP / 0o400
DE14: 20 33 ea             JSR     FCOMP
DE17: aa                   TAX
DE18: 4c 4e de             JMP     QCOMP
DE1B:              STRCMP:
DE1B:                      CLR     VALTYP               ;Result will be numeric.
DE1B: a9 00                LDA     #0
DE1D: 85 11                STA     VALTYP
DE1F: c6 8c                DEC     OPMASK               ;Turn off VALTYP which was string.
DE21: 20 7c e4             JSR     FREFAC               ;Free the FACLO string.
DE24: 85 a1                STA     DSCTMP               ;SAVE FOR later.
DE26:                      STXY    DSCTMP + 1
DE26: 86 a2                STX     DSCTMP + 1
DE28: 84 a3                STY     DSCTMP + 1 + 1
DE2A:                      LDWD    ARGMO                ;GET pointer to other string.
DE2A: a5 ac                LDA     ARGMO
DE2C: a4 ad                LDY     ARGMO + 1
DE2E: 20 80 e4             JSR     FRETMP               ;Frees first desc pointer.
DE31:                      STXY    ARGMO
DE31: 86 ac                STX     ARGMO
DE33: 84 ad                STY     ARGMO + 1
DE35: aa                   TAX                          ;COPY COUNT into x.
DE36: 38                   SEC
DE37: e5 a1                SBC     DSCTMP               ;Which is greater. IF 0, all set up.
DE39: f0 43   DE43         BEQ     STASGN               ;Just put SIGN of difference away.
DE3B: a9 01                LDA     #1
DE3D: 90 43   DE43         BCC     STASGN               ;SIGN is positive.
DE3F: a6 a1                LDX     DSCTMP               ;Length of FAC is shorter.
DE41: a9 ff                LDA     #0o377               ;GET a minus 1 FOR negatives.
DE43:              STASGN:
DE43: 85 a6                STA     FACSGN               ;Keep FOR later.
DE45: a0 ff                LDY     #255                 ;Set pointer to first string. (arg.)
DE47: e8                   INX                          ;To loop properly.
DE48:              NXTCMP:

Page 92   BASIC M6502 8K VER 1.1 BY MICRO-SOFT
          FORMULA EVALUATION CODE.
--------------------------------------------------------------------------------
DE48: c8                   INY
DE49: ca                   DEX                          ;Any characters LEFT to compare?
DE4A: d0 53   DE53         BNE     GETCMP               ;Not done yet.
DE4C: a6 a6                LDX     FACSGN               ;Use SIGN of length difference
DE4E:                                                   ;Since all characters are the same.
DE4E:              QCOMP:
DE4E: 30 5f   DE5F         BMI     DOCMP                ;C is always set then.
DE50: 18                   CLC
DE51: 90 5f   DE5F         BCC     DOCMP                ;Always branch.
DE53:              GETCMP:
DE53: b1 ac                LDA     (ARGMO),Y            ;GET NEXT char to compare.
DE55: d1 a2                CMP     (DSCTMP + 1),Y       ;Same?
DE57: f0 48   DE48         BEQ     NXTCMP               ;Yep. try further.
DE59: a2 ff                LDX     #0o377               ;Set a positive difference.
DE5B: b0 5f   DE5F         BCS     DOCMP                ;Put stack back together.
DE5D: a2 01                LDX     #1                   ;Set a negative difference.
DE5F:              DOCMP:
DE5F: e8                   INX                          ;-1 To 1, 0 to 2, 1 to 4.
DE60: 8a                   TXA
DE61: 2a                   ROL     A
DE62: 25 16                AND     DOMASK
DE64: f0 68   DE68         BEQ     GOFLOT
DE66: a9 ff                LDA     #0o377               ;Map 0 to 0. all others to -1.
DE68:              GOFLOT:
DE68: 4c 14 ea             JMP     FLOAT                ;FLOAT the one-byte result into FAC.
DE6B:              
DE6B:                      .page

Page 93   BASIC M6502 8K VER 1.1 BY MICRO-SOFT
          DIMENSION AND VARIABLE SEARCHING.
--------------------------------------------------------------------------------
DE6B:                      .subttl DIMENSION AND VARIABLE SEARCHING.
DE6B:              
DE6B:              ; The "DIM" code sets [DIMFLG] and then falls into the variable search
DE6B:              ; Routine, which looks at DIMFLG at three different points.
DE6B:              ;	1) IF an entry is found, "DIMFLG" being on indicates
DE6B:              ;		A "doubly" dimensioned variable.
DE6B:              ;	2) When a new entry is being built "DIMFLG" being on
DE6B:              ;		Indictaes the indices should be used FOR the
DE6B:              ;		SIZE of each INDEX. otherwise the default of ten
DE6B:              ;		Is used.
DE6B:              ;	3) When the build entry code finishes, only IF "DIMFLG" is off
DE6B:              ;		Will indexing be done.
DE6B:              
DE6B:              DIM3:
DE6B: 20 59 dd             JSR     CHKCOM               ;Must be a comma
DE6E:              DIM:
DE6E: aa                   TAX                          ;Set [accx] nonzero.
DE6F:                                                   ;[Acca] must be nonzero to work RIGHT.
DE6F:              DIM1:
DE6F: 20 7d de             JSR     PTRGT1
DE72:              DIMCON:
DE72: 20 b9 00             JSR     CHRGOT               ;GET last character.
DE75: d0 6b   DE6B         BNE     DIM3
DE77: 60                   RTS
DE78:              
DE78:              ; Routine to READ the variable name at the current text position
DE78:              ; And  put a pointer to its value in VARPNT. [TXTPTR]
DE78:              ; Points to the terminating charcter.. not that evaluating subscripts
DE78:              ; In a variable name can cause recursive calls to "PTRGET" so at
DE78:              ; That point all values must be stored on the stack.
DE78:              
DE78:              PTRGET:
DE78: a2 00                LDX     #0                   ;Make [accx]=0.
DE7A: 20 b9 00             JSR     CHRGOT               ;Retrieve last character.
DE7D:              PTRGT1:
DE7D: 86 10                STX     DIMFLG               ;Store flag away.
DE7F:              PTRGT2:
DE7F: 85 84                STA     VARNAM
DE81: 20 b9 00             JSR     CHRGOT               ;GET current character
DE84:                                                   ;Maybe with function bit off.
DE84: 20 02 df             JSR     ISLETC               ;Check FOR letter.
DE87: b0 8c   DE8C         BCS     PTRGT3               ;Must have a letter.
DE89:              INTERR:
DE89: 4c 64 dd             JMP     SNERR
DE8C:              PTRGT3:
DE8C: a2 00                LDX     #0                   ;Assume no second character.
DE8E: 86 11                STX     VALTYP               ;Default is numeric.
DE90:                      .IF     INTPRC != 0
DE90: 86 12                STX     INTFLG
DE92:                      .endif
DE92:                                                   ;Assume floating.
DE92: 20 b3 00             JSR     CHRGET               ;GET following character.
DE95: 90 9c   DE9C         BCC     ISSEC                ;Carry reset by CHRGET IF numeric.
DE97: 20 02 df             JSR     ISLETC               ;Set carry IF not alphabetic.
DE9A: 90 a7   DEA7         BCC     NOSEC                ;Allow alphabetics.
DE9C:              ISSEC:
DE9C: aa                   TAX                          ;It is a number -- SAVE in accx.
DE9D:              EATEM:
DE9D: 20 b3 00             JSR     CHRGET               ;Look at NEXT character.
DEA0: 90 9d   DE9D         BCC     EATEM                ;Skip numerics.

Page 94   BASIC M6502 8K VER 1.1 BY MICRO-SOFT
          DIMENSION AND VARIABLE SEARCHING.
--------------------------------------------------------------------------------
DEA2: 20 02 df             JSR     ISLETC
DEA5: b0 9d   DE9D         BCS     EATEM                ;Skip alphabetics.
DEA7:              NOSEC:
DEA7: c9 24                CMP     #"$"                 ;Is it a string?
DEA9: d0 b1   DEB1         BNE     NOTSTR               ;IF not, [VALTYP]=0.
DEAB: a9 ff                LDA     #0o377               ;Set [VALTYP]=255 (string !)*
DEAD: 85 11                STA     VALTYP
DEAF:                      .IF     INTPRC != 0
DEAF:                      BNEA    TURNON               ;Always goes.
DEAF: d0 c1   DEC1         BNE     TURNON
DEB1:              NOTSTR:
DEB1: c9 25                CMP     #"%"                 ;Integer variable?
DEB3: d0 c8   DEC8         BNE     STRNAM               ;No.
DEB5: a5 14                LDA     SUBFLG
DEB7: d0 89   DE89         BNE     INTERR
DEB9: a9 80                LDA     #128
DEBB: 85 12                STA     INTFLG               ;Set flag.
DEBD: 05 84                ORA     VARNAM               ;Turn on both high BITS.
DEBF: 85 84                STA     VARNAM
DEC1:                      .endif
DEC1:              TURNON:
DEC1: 8a                   TXA
DEC2: 09 80                ORA     #128                 ;Turn on msb of second character.
DEC4: aa                   TAX
DEC5: 20 b3 00             JSR     CHRGET               ;GET character after $*
DEC8:                      .IF     INTPRC == 0
DEC8:              NOTSTR:
DEC8:                      .endif
DEC8:              STRNAM:
DEC8: 86 85                STX     VARNAM + 1           ;Store away second character.
DECA: 38                   SEC
DECB: 05 14                ORA     SUBFLG               ;Add flag whether to allow arrays.
DECD: e9 28                SBC     #40                  ;(Check FOR "(") won't match IF SUBFLG set.
DECF:                      JEQ     ISARY                ;It is!
DECF: d0 d4   DED4         BNE     * + 5
DED1: 4c a8 df             JMP     ISARY
DED4:                      CLR     SUBFLG               ;Allow subscripts again.
DED4: a9 00                LDA     #0
DED6: 85 14                STA     SUBFLG
DED8: a5 6c                LDA     VARTAB               ;Place to START search.
DEDA: a6 6d                LDX     VARTAB + 1
DEDC: a0 00                LDY     #0
DEDE:              STXFND:
DEDE: 86 a0                STX     LOWTR + 1
DEE0:              LOPFND:
DEE0: 85 9f                STA     LOWTR
DEE2: e4 6f                CPX     ARYTAB + 1           ;At END of table yet?
DEE4: d0 ea   DEEA         BNE     LOPFN
DEE6: c5 6e                CMP     ARYTAB
DEE8: f0 0c   DF0C         BEQ     NOTFNS               ;Yes. we couldn't find it.
DEEA:              LOPFN:
DEEA: a5 84                LDA     VARNAM
DEEC: d1 9f                CMP     (LOWTR),Y            ;Compare high orders.
DEEE: d0 f8   DEF8         BNE     NOTIT                ;No comparison.
DEF0: a5 85                LDA     VARNAM + 1
DEF2: c8                   INY
DEF3: d1 9f                CMP     (LOWTR),Y            ;And the low part?
DEF5: f0 61   DF61         BEQ     FINPTR               ;That's it ! that's it !
DEF7: 88                   DEY
DEF8:              NOTIT:

Page 95   BASIC M6502 8K VER 1.1 BY MICRO-SOFT
          DIMENSION AND VARIABLE SEARCHING.
--------------------------------------------------------------------------------
DEF8: 18                   CLC
DEF9: a5 9f                LDA     LOWTR
DEFB: 69 07                ADC     #6 + ADDPRC          ;Makes no dif among types.
DEFD: 90 e0   DEE0         BCC     LOPFND
DEFF: e8                   INX
DF00:                      BNEA    STXFND               ;Always branches.
DF00: d0 de   DEDE         BNE     STXFND
DF02:              
DF02:              ; Test FOR a letter.	/ carry off= not a letter.
DF02:              ;			  Carry on= a letter.
DF02:              
DF02:              ISLETC:
DF02: c9 41                CMP     #"A"
DF04: 90 0b   DF0B         BCC     ISLRTS               ;IF less than "a", ret.
DF06: e9 5b                SBC     #"Z" + 1
DF08: 38                   SEC
DF09: e9 a5                SBC     #256 - "Z" - 1       ;Reset carry IF [a] .gt. "z"*
DF0B:              ISLRTS:
DF0B: 60                   RTS                          ;RETURN to caller.
DF0C:              
DF0C:              NOTFNS:
DF0C: 68                   PLA                          ;Check who's calling.
DF0D: 48                   PHA                          ;Restore it.
DF0E: c9 72                CMP     #ISVRET - 1 - (ISVRET - 1) / 256 * 256 ;Is EVAL calling?
DF10: d0 1f   DF1F         BNE     NOTEVL               ;No, carry on.
DF12:                      .IF     REALIO != 3
DF12: ba                   TSX
DF13: bd 02 01             LDA     258,X
DF16: c9 dd                CMP     #(ISVRET - 1) / 256
DF18: d0 1f   DF1F         BNE     NOTEVL
DF1A:                      .endif
DF1A:              LDZR:
DF1A:                      LDWDI   ZERO                 ;Set up pntr to simulated ZERO.
DF1A: a9 e7                LDA     #ZERO & 0o377
DF1C: a0 ec                LDY     #ZERO / 0o400
DF1E: 60                   RTS                          ;FOR strings or numeric.
DF1F:                                                   ;And FOR integers too.
DF1F:              NOTEVL:
DF1F:                      .IF     (TIME | EXTIO) != 0
DF1F:                      LDWD    VARNAM
DF1F:                      .endif
DF1F:                      .IF     TIME != 0
DF1F:                      CMP     #"T"
DF1F:                      BNE     QSTAVR
DF1F:                      CPY     #"I" + 128
DF1F:                      BEQ     LDZR
DF1F:                      CPY     #"I"
DF1F:                      BNE     QSTAVR
DF1F:                      .endif
DF1F:                      .IF     (EXTIO | TIME) != 0
DF1F:              GOBADV:
DF1F:                      JMP     SNERR
DF1F:                      .endif
DF1F:              QSTAVR:
DF1F:                      .IF     EXTIO != 0
DF1F:                      CMP     #"S"
DF1F:                      BNE     VAROK
DF1F:                      CPY     #"T"
DF1F:                      BEQ     GOBADV
DF1F:                      .endif

Page 96   BASIC M6502 8K VER 1.1 BY MICRO-SOFT
          DIMENSION AND VARIABLE SEARCHING.
--------------------------------------------------------------------------------
DF1F:              VAROK:
DF1F:                      LDWD    ARYTAB
DF1F: a5 6e                LDA     ARYTAB
DF21: a4 6f                LDY     ARYTAB + 1
DF23:                      STWD    LOWTR                ;Lowest thing to move.
DF23: 85 9f                STA     LOWTR
DF25: 84 a0                STY     LOWTR + 1
DF27:                      LDWD    STREND               ;GET highest addr to move.
DF27: a5 70                LDA     STREND
DF29: a4 71                LDY     STREND + 1
DF2B:                      STWD    HIGHTR
DF2B: 85 9a                STA     HIGHTR
DF2D: 84 9b                STY     HIGHTR + 1
DF2F: 18                   CLC
DF30: 69 07                ADC     #6 + ADDPRC
DF32: 90 35   DF35         BCC     NOTEVE
DF34: c8                   INY
DF35:              NOTEVE:
DF35:                      STWD    HIGHDS               ;Place to stuff it.
DF35: 85 98                STA     HIGHDS
DF37: 84 99                STY     HIGHDS + 1
DF39: 20 9e d2             JSR     BLTU                 ;Move it all.
DF3C:                                                   ;Note [y,a] has [HIGHDS] FOR REASON.
DF3C:                      LDWD    HIGHDS               ;And set up
DF3C: a5 98                LDA     HIGHDS
DF3E: a4 99                LDY     HIGHDS + 1
DF40: c8                   INY
DF41:                      STWD    ARYTAB               ;New START of array table.
DF41: 85 6e                STA     ARYTAB
DF43: 84 6f                STY     ARYTAB + 1
DF45: a0 00                LDY     #0                   ;GET addr of variable entry.
DF47: a5 84                LDA     VARNAM
DF49: 91 9f                STA     (LOWTR),Y
DF4B: c8                   INY
DF4C: a5 85                LDA     VARNAM + 1
DF4E: 91 9f                STA     (LOWTR),Y            ;Store name of variable.
DF50: a9 00                LDA     #0
DF52: c8                   INY
DF53: 91 9f                STA     (LOWTR),Y
DF55: c8                   INY
DF56: 91 9f                STA     (LOWTR),Y
DF58: c8                   INY
DF59: 91 9f                STA     (LOWTR),Y
DF5B: c8                   INY
DF5C: 91 9f                STA     (LOWTR),Y            ;Fourth ZERO FOR DEF func.
DF5E:                      .IF     ADDPRC != 0
DF5E: c8                   INY
DF5F: 91 9f                STA     (LOWTR),Y
DF61:                      .endif
DF61:              FINPTR:
DF61: a5 9f                LDA     LOWTR
DF63: 18                   CLC
DF64: 69 02                ADC     #2
DF66: a4 a0                LDY     LOWTR + 1
DF68: 90 6b   DF6B         BCC     FINNOW
DF6A: c8                   INY
DF6B:              FINNOW:
DF6B:                      STWD    VARPNT               ;This is it.
DF6B: 85 86                STA     VARPNT
DF6D: 84 87                STY     VARPNT + 1

Page 97   BASIC M6502 8K VER 1.1 BY MICRO-SOFT
          DIMENSION AND VARIABLE SEARCHING.
--------------------------------------------------------------------------------
DF6F: 60                   RTS
DF70:                      .page

Page 98   BASIC M6502 8K VER 1.1 BY MICRO-SOFT
          MULTIPLE DIMENSION CODE.
--------------------------------------------------------------------------------
DF70:                      .subttl MULTIPLE DIMENSION CODE.
DF70:              FMAPTR:
DF70: a5 0f                LDA     COUNT
DF72: 0a                   ASL     A
DF73: 69 05                ADC     #5                   ;Point to entries. c clr'd by asl.
DF75: 65 9f                ADC     LOWTR
DF77: a4 a0                LDY     LOWTR + 1
DF79: 90 7c   DF7C         BCC     JSRGM
DF7B: c8                   INY
DF7C:              JSRGM:
DF7C:                      STWD    ARYPNT
DF7C: 85 98                STA     ARYPNT
DF7E: 84 99                STY     ARYPNT + 1
DF80: 60                   RTS
DF81:              
DF81:              N32768:
DF81: 90 00 80 00          .word   144, 128, 0, 0       ;-32768.
DF85: 00 00 00 00  
DF89:              
DF89:              ; INTIDX reads a formula from the current position and
DF89:              ; Turns it into a positive integer
DF89:              ; Leaving the result in FACMO&lo. negative arguments
DF89:              ; Are not allowed.
DF89:              
DF89:              INTIDX:
DF89: 20 b3 00             JSR     CHRGET
DF8C: 20 13 dc             JSR     FRMEVL               ;GET a number
DF8F:              POSINT:
DF8F: 20 02 dc             JSR     CHKNUM
DF92: a5 a6                LDA     FACSGN
DF94: 30 a3   DFA3         BMI     NONONO               ;IF negative, blow him out.
DF96:              AYINT:
DF96: a5 a1                LDA     FACEXP
DF98: c9 90                CMP     #144                 ;FAC .gt. 32767?
DF9A: 90 a5   DFA5         BCC     QINTGO
DF9C:                      LDWDI   N32768               ;GET addr of -32768.
DF9C: a9 81                LDA     #N32768 & 0o377
DF9E: a0 df                LDY     #N32768 / 0o400
DFA0: 20 33 ea             JSR     FCOMP                ;See IF FAC=[[y,a]]*
DFA3:              NONONO:
DFA3: d0 1f   E01F         BNE     FCERR                ;No, FAC is too big.
DFA5:              QINTGO:
DFA5: 4c 73 ea             JMP     QINT                 ;Go to QINT and shove it.
DFA8:              
DFA8:              ; Format of arrays in core.
DFA8:              
DFA8:              ; Descriptor:
DFA8:              ;	Lowbyte = first character.
DFA8:              ;	Highbyte = second character (200 bit is string flag)*
DFA8:              ; Length of array in core in bytes (includes everything)*
DFA8:              ; Number of dimensions.
DFA8:              ; FOR each dimension starting with the first a LIST
DFA8:              ; (2 Bytes each) of the max INDICE+1
DFA8:              ; The values
DFA8:              
DFA8:              ISARY:
DFA8: a5 10                LDA     DIMFLG
DFAA:                      .IF     INTPRC != 0
DFAA: 05 12                ORA     INTFLG
DFAC:                      .endif

Page 99   BASIC M6502 8K VER 1.1 BY MICRO-SOFT
          MULTIPLE DIMENSION CODE.
--------------------------------------------------------------------------------
DFAC: 48                   PHA                          ;SAVE [DIMFLG] FOR recursion.
DFAD: a5 11                LDA     VALTYP
DFAF: 48                   PHA                          ;SAVE [VALTYP] FOR recursion.
DFB0: a0 00                LDY     #0                   ;Set number of dimensions to ZERO.
DFB2:              INDLOP:
DFB2: 98                   TYA                          ;SAVE number of dims.
DFB3: 48                   PHA
DFB4:                      PSHWD   VARNAM               ;SAVE looks.
DFB4: a5 85                LDA     VARNAM + 1
DFB6: 48                   PHA
DFB7: a5 84                LDA     VARNAM
DFB9: 48                   PHA
DFBA: 20 89 df             JSR     INTIDX               ;Evaluate INDICE into FACMO&lo.
DFBD:                      PULWD   VARNAM               ;GET back all... we're home.
DFBD: 68                   PLA
DFBE: 85 84                STA     VARNAM
DFC0: 68                   PLA
DFC1: 85 85                STA     VARNAM + 1
DFC3: 68                   PLA                          ;(# Of dims)*
DFC4: a8                   TAY
DFC5: ba                   TSX
DFC6: bd 02 01             LDA     258,X
DFC9: 48                   PHA                          ;Push DIMFLG and VALTYP further.
DFCA: bd 01 01             LDA     257,X
DFCD: 48                   PHA
DFCE: a5 a4                LDA     INDICE               ;Put INDICE onto stack.
DFD0: 9d 02 01             STA     258,X                ;Under DIMFLG and VALTYP.
DFD3: a5 a5                LDA     INDICE + 1
DFD5: 9d 01 01             STA     257,X
DFD8: c8                   INY                          ;Increment # of dims.
DFD9: 20 b9 00             JSR     CHRGOT               ;GET terminating character.
DFDC: c9 2c                CMP     #44                  ;A comma?
DFDE: f0 b2   DFB2         BEQ     INDLOP               ;Yes.
DFE0: 84 0f                STY     COUNT                ;SAVE COUNT of dims.
DFE2: 20 53 dd             JSR     CHKCLS               ;Must be closed paren.
DFE5: 68                   PLA
DFE6: 85 11                STA     VALTYP               ;GET VALTYP and
DFE8: 68                   PLA
DFE9:                      .IF     INTPRC != 0
DFE9: 85 12                STA     INTFLG
DFEB: 29 7f                AND     #127
DFED:                      .endif
DFED: 85 10                STA     DIMFLG               ;DIMFLG off stack.
DFEF: a6 6e                LDX     ARYTAB               ;Place to START search.
DFF1: a5 6f                LDA     ARYTAB + 1
DFF3:              LOPFDA:
DFF3: 86 9f                STX     LOWTR
DFF5: 85 a0                STA     LOWTR + 1
DFF7: c5 71                CMP     STREND + 1           ;END of arrays?
DFF9: d0 ff   DFFF         BNE     LOPFDV
DFFB: e4 70                CPX     STREND
DFFD: f0 38   E038         BEQ     NOTFDD               ;A FINE thing! no array!*
DFFF:              LOPFDV:
DFFF: a0 00                LDY     #0
E001: b1 9f                LDA     (LOWTR),Y
E003: c8                   INY
E004: c5 84                CMP     VARNAM               ;Compare high orders.
E006: d0 0e   E00E         BNE     NMARY1               ;No way is it this. GET out of here.
E008: a5 85                LDA     VARNAM + 1
E00A: d1 9f                CMP     (LOWTR),Y            ;Low orders?

Page 100   BASIC M6502 8K VER 1.1 BY MICRO-SOFT
          MULTIPLE DIMENSION CODE.
--------------------------------------------------------------------------------
E00C: f0 24   E024         BEQ     GOTARY               ;Well, here it is !!
E00E:              NMARY1:
E00E: c8                   INY
E00F: b1 9f                LDA     (LOWTR),Y            ;GET length.
E011: 18                   CLC
E012: 65 9f                ADC     LOWTR
E014: aa                   TAX
E015: c8                   INY
E016: b1 9f                LDA     (LOWTR),Y
E018: 65 a0                ADC     LOWTR + 1
E01A: 90 f3   DFF3         BCC     LOPFDA               ;Always branches.
E01C:              BSERR:
E01C: a2 6b                LDX     #ERRBS               ;GET bad sub ERROR number.
E01E:                      SKIP2
E01E: 2c                   .byte   0o054
E01F:              FCERR:
E01F: a2 35                LDX     #ERRFC               ;Too big. "function call" ERROR.
E021:              ERRGO3:
E021: 4c 1d d3             JMP     ERROR
E024:              GOTARY:
E024: a2 78                LDX     #ERRDD               ;Perhaps a "re-dimension" ERROR
E026: a5 10                LDA     DIMFLG               ;Test the DIMFLG
E028: d0 21   E021         BNE     ERRGO3
E02A: 20 70 df             JSR     FMAPTR
E02D: a5 0f                LDA     COUNT                ;GET number of dims INPUT.
E02F: a0 04                LDY     #4
E031: d1 9f                CMP     (LOWTR),Y            ;# Of dims the same?
E033: d0 1c   E01C         BNE     BSERR                ;Same so go GET definition.
E035: 4c c2 e0             JMP     GETDEF
E038:              
E038:              ; Here when variable is not found in the array table.
E038:              
E038:              ; Building an entry.
E038:              
E038:              ;	Put down the descriptor.
E038:              ;	Setup number of dimensions.
E038:              ;	Make sure there is room FOR the new entry.
E038:              ;	Remember "VARPNT"*
E038:              ;	Tally=4.
E038:              ;	Skip 2 locs FOR later fill in of SIZE.
E038:              ; Loop: GET an INDICE
E038:              ;	Put down number+1 and increment varptr.
E038:              ;	Tally=tally*number+1.
E038:              ;	Decrement number-dims.
E038:              ;	Bne loop
E038:              ;	Call "REASON" with [y,a] reflecting last loc of variable.
E038:              ;	Update STREND.
E038:              ;	ZERO all.
E038:              ;	Make tally include maxdims and descriptor.
E038:              ;	Put down tally.
E038:              ;	IF called by dimension, RETURN.
E038:              ;	Otherwise INDEX into the variable as IF it
E038:              ;	 Were found on the initial search.
E038:              
E038:              NOTFDD:
E038: 20 70 df             JSR     FMAPTR               ;Form ARYPNT.
E03B: 20 ee d2             JSR     REASON
E03E: a9 00                LDA     #0
E040: a8                   TAY
E041: 85 b2                STA     CURTOL + 1

Page 101   BASIC M6502 8K VER 1.1 BY MICRO-SOFT
          MULTIPLE DIMENSION CODE.
--------------------------------------------------------------------------------
E043:                      .IF     ADDPRC == 0
E043:                      LDX     #4
E043:                      .endif
E043:                      .IF     ADDPRC != 0
E043: a2 05                LDX     #5
E045:                      .endif
E045: a5 84                LDA     VARNAM               ;This code only works FOR INTPRC=1
E047: 91 9f                STA     (LOWTR),Y            ;IF ADDPRC=1.
E049:                      .IF     ADDPRC != 0
E049: 10 4c   E04C         BPL     NOTFLT
E04B: ca                   DEX
E04C:                      .endif
E04C:              NOTFLT:
E04C: c8                   INY
E04D: a5 85                LDA     VARNAM + 1
E04F: 91 9f                STA     (LOWTR),Y
E051: 10 55   E055         BPL     STOMLT
E053: ca                   DEX
E054:                      .IF     ADDPRC != 0
E054: ca                   DEX
E055:                      .endif
E055:              STOMLT:
E055: 86 b1                STX     CURTOL
E057: a5 0f                LDA     COUNT
E059:                      .repeat 3
E059: c8                   INY
E05A: c8                   INY
E05B: c8                   INY
E05C:                      .endrepeat
E05C: 91 9f                STA     (LOWTR),Y            ;SAVE number of dimensions.
E05E:              LOPPTA:
E05E: a2 0b                LDX     #11                  ;Default SIZE.
E060: a9 00                LDA     #0
E062: 24 10                BIT     DIMFLG
E064: 50 6e   E06E         BVC     NOTDIM               ;Not in a DIM statement.
E066: 68                   PLA                          ;GET low order of INDICE.
E067: 18                   CLC
E068: 69 01                ADC     #1
E06A: aa                   TAX
E06B: 68                   PLA                          ;GET high part of INDICE.
E06C: 69 00                ADC     #0
E06E:              NOTDIM:
E06E: c8                   INY
E06F: 91 9f                STA     (LOWTR),Y            ;Store high part of INDICE.
E071: c8                   INY
E072: 8a                   TXA
E073: 91 9f                STA     (LOWTR),Y            ;Store low order of INDICE.
E075: 20 24 e1             JSR     UMULT                ;[X,a]=[CURTOL]*[LOWTR,y]
E078: 86 b1                STX     CURTOL               ;SAVE new tally.
E07A: 85 b2                STA     CURTOL + 1
E07C: a4 61                LDY     INDEX
E07E: c6 0f                DEC     COUNT                ;Any more indices LEFT?
E080: d0 5e   E05E         BNE     LOPPTA               ;Yes.
E082: 65 99                ADC     ARYPNT + 1
E084: b0 e3   E0E3         BCS     OMERR1               ;Overflow.
E086: 85 99                STA     ARYPNT + 1           ;Compute where to ZERO.
E088: a8                   TAY
E089: 8a                   TXA
E08A: 65 98                ADC     ARYPNT
E08C: 90 91   E091         BCC     GREASE

Page 102   BASIC M6502 8K VER 1.1 BY MICRO-SOFT
          MULTIPLE DIMENSION CODE.
--------------------------------------------------------------------------------
E08E: c8                   INY
E08F: f0 e3   E0E3         BEQ     OMERR1
E091:              GREASE:
E091: 20 ee d2             JSR     REASON               ;GET room.
E094:                      STWD    STREND               ;New END of storage.
E094: 85 70                STA     STREND
E096: 84 71                STY     STREND + 1
E098: a9 00                LDA     #0                   ;Storing [acca] is faster than CLEAR.
E09A: e6 b2                INC     CURTOL + 1
E09C: a4 b1                LDY     CURTOL
E09E: f0 a5   E0A5         BEQ     DECCUR
E0A0:              ZERITA:
E0A0: 88                   DEY
E0A1: 91 98                STA     (ARYPNT),Y
E0A3: d0 a0   E0A0         BNE     ZERITA               ;No. continue.
E0A5:              DECCUR:
E0A5: c6 99                DEC     ARYPNT + 1
E0A7: c6 b2                DEC     CURTOL + 1
E0A9: d0 a0   E0A0         BNE     ZERITA               ;Do another block.
E0AB: e6 99                INC     ARYPNT + 1           ;Bump back up. will use later.
E0AD: 38                   SEC
E0AE: a5 70                LDA     STREND               ;Restore [acca]*
E0B0: e5 9f                SBC     LOWTR                ;Determine length.
E0B2: a0 02                LDY     #2
E0B4: 91 9f                STA     (LOWTR),Y            ;Low.
E0B6: a5 71                LDA     STREND + 1
E0B8: c8                   INY
E0B9: e5 a0                SBC     LOWTR + 1
E0BB: 91 9f                STA     (LOWTR),Y            ;High.
E0BD: a5 10                LDA     DIMFLG
E0BF: d0 23   E123         BNE     DIMRTS               ;Bye.
E0C1: c8                   INY
E0C2:              
E0C2:              ; At this point [LOWTR,y] points beyond the SIZE to the number of
E0C2:              ; Dimensions. strategy:
E0C2:              ;	Numdim=number of dimensions.
E0C2:              ;	CURTOL=0.
E0C2:              ; INLPNM:GET a new INDICE.
E0C2:              ;	Make sure INDICE is not too big.
E0C2:              ;	Multiply CURTOL by curmax.
E0C2:              ;	Add INDICE to CURTOL.
E0C2:              ;	Numdim=numdim-1.
E0C2:              ;	Bne	INLPNM.
E0C2:              ;	Use [CURTOL]*4 as offset.
E0C2:              
E0C2:              GETDEF:
E0C2: b1 9f                LDA     (LOWTR),Y
E0C4: 85 0f                STA     COUNT                ;SAVE a counter.
E0C6: a9 00                LDA     #0                   ;ZERO [CURTOL]*
E0C8: 85 b1                STA     CURTOL
E0CA:              INLPNM:
E0CA: 85 b2                STA     CURTOL + 1
E0CC: c8                   INY
E0CD: 68                   PLA                          ;GET low INDICE.
E0CE: aa                   TAX
E0CF: 85 a4                STA     INDICE
E0D1: 68                   PLA                          ;And the high part
E0D2: 85 a5                STA     INDICE + 1
E0D4: d1 9f                CMP     (LOWTR),Y            ;Compare with max INDICE.
E0D6: 90 e6   E0E6         BCC     INLPN2

Page 103   BASIC M6502 8K VER 1.1 BY MICRO-SOFT
          INTEGER ARITHMETIC ROUTINES.
--------------------------------------------------------------------------------
E0D8: d0 e0   E0E0         BNE     BSERR7               ;IF greater, "bad subscript" ERROR.
E0DA: c8                   INY
E0DB: 8a                   TXA
E0DC: d1 9f                CMP     (LOWTR),Y
E0DE: 90 e7   E0E7         BCC     INLPN1
E0E0:              BSERR7:
E0E0: 4c 1c e0             JMP     BSERR
E0E3:              OMERR1:
E0E3: 4c 1b d3             JMP     OMERR
E0E6:              INLPN2:
E0E6: c8                   INY
E0E7:              INLPN1:
E0E7: a5 b2                LDA     CURTOL + 1           ;Don't multiply IF CURTOL=0.
E0E9: 05 b1                ORA     CURTOL
E0EB: 18                   CLC                          ;Prepare to GET INDICE back.
E0EC: f0 f8   E0F8         BEQ     ADDIND               ;GET high part of INDICE back.
E0EE: 20 24 e1             JSR     UMULT                ;Multiply [CURTOL] by [LOWTR,y,y+1]*
E0F1: 8a                   TXA
E0F2: 65 a4                ADC     INDICE               ;Add in [INDICE]*
E0F4: aa                   TAX
E0F5: 98                   TYA
E0F6: a4 61                LDY     INDEX1
E0F8:              ADDIND:
E0F8: 65 a5                ADC     INDICE + 1
E0FA: 86 b1                STX     CURTOL
E0FC: c6 0f                DEC     COUNT                ;Any more?
E0FE: d0 ca   E0CA         BNE     INLPNM               ;Yes.
E100: 85 b2                STA     CURTOL + 1           ;Fix array bug ****
E102:                      .IF     ADDPRC == 0
E102:                      LDX     #4
E102:                      .endif
E102:                      .IF     ADDPRC != 0
E102: a2 05                LDX     #5                   ;This code only works FOR INTPRC=1
E104: a5 84                LDA     VARNAM               ;IF ADDPRC=1.
E106: 10 09   E109         BPL     NOTFL1
E108: ca                   DEX
E109:                      .endif
E109:              NOTFL1:
E109: a5 85                LDA     VARNAM + 1
E10B: 10 0f   E10F         BPL     STOML1
E10D: ca                   DEX
E10E:                      .IF     ADDPRC != 0
E10E: ca                   DEX
E10F:                      .endif
E10F:              STOML1:
E10F: 86 67                STX     ADDEND
E111: a9 00                LDA     #0
E113: 20 2d e1             JSR     UMULTD               ;On rts, a&y=hi * x=lo.
E116: 8a                   TXA
E117: 65 98                ADC     ARYPNT
E119: 85 86                STA     VARPNT
E11B: 98                   TYA
E11C: 65 99                ADC     ARYPNT + 1
E11E: 85 87                STA     VARPNT + 1
E120: a8                   TAY
E121: a5 86                LDA     VARPNT
E123:              DIMRTS:
E123: 60                   RTS                          ;RETURN to caller.
E124:                      .subttl INTEGER ARITHMETIC ROUTINES.
E124:                                                   ;Two byte unsigned integer multiply.

Page 104   BASIC M6502 8K VER 1.1 BY MICRO-SOFT
          INTEGER ARITHMETIC ROUTINES.
--------------------------------------------------------------------------------
E124:                                                   ;This is FOR multiply dimensioned arrays.
E124:                                                   ; [X,y]=[x,a]=[CURTOL]*[LOWTR,y,y+1]*
E124:              UMULT:
E124: 84 61                STY     INDEX
E126: b1 9f                LDA     (LOWTR),Y
E128: 85 67                STA     ADDEND               ;Low, then high.
E12A: 88                   DEY
E12B: b1 9f                LDA     (LOWTR),Y            ;Put [LOWTR,y,y+1] in faster MEMORY.
E12D:              UMULTD:
E12D: 85 68                STA     ADDEND + 1
E12F: a9 10                LDA     #16
E131: 85 9d                STA     DECCNT
E133: a2 00                LDX     #0                   ;Clr the accs.
E135: a0 00                LDY     #0                   ;Result initially ZERO.
E137:              UMULTC:
E137: 8a                   TXA
E138: 0a                   ASL     A                    ;Multiply by two.
E139: aa                   TAX
E13A: 98                   TYA
E13B: 2a                   ROL     A
E13C: a8                   TAY
E13D: b0 e3   E0E3         BCS     OMERR1               ;Two much !
E13F: 06 b1                ASL     CURTOL
E141: 26 b2                ROL     CURTOL + 1
E143: 90 50   E150         BCC     UMLCNT               ;Nothing in this position to multiply.
E145: 18                   CLC
E146: 8a                   TXA
E147: 65 67                ADC     ADDEND
E149: aa                   TAX
E14A: 98                   TYA
E14B: 65 68                ADC     ADDEND + 1
E14D: a8                   TAY
E14E: b0 e3   E0E3         BCS     OMERR1               ;Man, just too much !
E150:              UMLCNT:
E150: c6 9d                DEC     DECCNT               ;Done?
E152: d0 37   E137         BNE     UMULTC               ;Keep it up.
E154:              UMLRTS:
E154: 60                   RTS                          ;Yes, all done.
E155:                      .page

Page 105   BASIC M6502 8K VER 1.1 BY MICRO-SOFT
          FRE FUNCTION AND INTEGER TO FLOATING ROUTINES.
--------------------------------------------------------------------------------
E155:                      .subttl FRE FUNCTION AND INTEGER TO FLOATING ROUTINES.
E155:              FRE:
E155: a5 11                LDA     VALTYP
E157: f0 5c   E15C         BEQ     NOFREF
E159: 20 7c e4             JSR     FREFAC
E15C:              NOFREF:
E15C: 20 fc e2             JSR     GARBA2
E15F: 38                   SEC
E160: a5 72                LDA     FRETOP               ;We want
E162: e5 70                SBC     STREND               ;[FRETOP]-[STREND]*
E164: a8                   TAY
E165: a5 73                LDA     FRETOP + 1
E167: e5 71                SBC     STREND + 1
E169:              
E169:              GIVAYF:
E169: a2 00                LDX     #0
E16B: 86 11                STX     VALTYP
E16D:                      STWD    FACHO
E16D: 85 a2                STA     FACHO
E16F: 84 a3                STY     FACHO + 1
E171: a2 90                LDX     #144                 ;Set exponent to 2^16.
E173: 4c 1c ea             JMP     FLOATS               ;Turn it to a floating pnt #*
E176:              
E176:              POS:
E176: a4 50                LDY     TRMPOS               ;GET position.
E178:              SNGFLT:
E178: a9 00                LDA     #0
E17A:                      BEQA    GIVAYF               ;FLOAT it.
E17A: f0 69   E169         BEQ     GIVAYF
E17C:                      .page

Page 106   BASIC M6502 8K VER 1.1 BY MICRO-SOFT
          SIMPLE-USER-DEFINED-FUNCTION CODE.
--------------------------------------------------------------------------------
E17C:                      .subttl SIMPLE-USER-DEFINED-FUNCTION CODE.
E17C:              
E17C:              ; Note only single arguments are allowed to functions
E17C:              ; And functions must be of the single line form:
E17C:              ;	DEF fna(x)=x^2+x-2
E17C:              ; No strings can be involved with these functions.
E17C:              
E17C:              ; Idea: create a simple variable entry
E17C:              ; Whose first character has the 200 bit set.
E17C:              ; The value will be:
E17C:              
E17C:              ;	A text pntr to the formula.
E17C:              ;	A pntr to the argument variable.
E17C:              
E17C:              ; Function names can be like "fna4"*
E17C:              
E17C:              ; Subroutine to see IF we are in direct mode.
E17C:              ; And complain IF so.
E17C:              
E17C:              ERRDIR:
E17C: a6 79                LDX     CURLIN + 1           ;Dir mode has [CURLIN]=0,255
E17E: e8                   INX                          ;So now, is result ZERO?
E17F: d0 23   E123         BNE     DIMRTS               ;Yes.
E181: a2 95                LDX     #ERRID               ;INPUT direct ERROR code.
E183:                      SKIP2
E183: 2c                   .byte   0o054
E184:              ERRGUF:
E184: a2 e0                LDX     #ERRUF               ;User defined function never defined
E186:              ERRGO1:
E186: 4c 1d d3             JMP     ERROR
E189:              
E189:              DEF:
E189: 20 b7 e1             JSR     GETFNM               ;GET a pntr to the function.
E18C: 20 7c e1             JSR     ERRDIR
E18F: 20 56 dd             JSR     CHKOPN               ;Must have "("*
E192: a9 80                LDA     #128
E194: 85 14                STA     SUBFLG               ;Prohibit subscripted variables.
E196: 20 78 de             JSR     PTRGET               ;GET pntr to argument.
E199: 20 02 dc             JSR     CHKNUM               ;Is it a number?
E19C: 20 53 dd             JSR     CHKCLS               ;Must have ")"
E19F:                      SYNCHK  EQULTK               ;Must have "="*
E19F: a9 ab                LDA     #EQULTK
E1A1: 20 5b dd             JSR     SYNCHR
E1A4:                      .IF     ADDPRC != 0
E1A4: 48                   PHA
E1A5:                      .endif
E1A5:                                                   ;Put crazy byte on.
E1A5:                      PSHWD   VARPNT
E1A5: a5 87                LDA     VARPNT + 1
E1A7: 48                   PHA
E1A8: a5 86                LDA     VARPNT
E1AA: 48                   PHA
E1AB:                      PSHWD   TXTPTR
E1AB: a5 bb                LDA     TXTPTR + 1
E1AD: 48                   PHA
E1AE: a5 ba                LDA     TXTPTR
E1B0: 48                   PHA
E1B1: 20 1d d8             JSR     DATA
E1B4: 4c 25 e2             JMP     DEFFIN
E1B7:              

Page 107   BASIC M6502 8K VER 1.1 BY MICRO-SOFT
          SIMPLE-USER-DEFINED-FUNCTION CODE.
--------------------------------------------------------------------------------
E1B7:              ; Subroutine to GET a pntr to a function name.
E1B7:              
E1B7:              GETFNM:
E1B7:                      SYNCHK  FNTK                 ;Must START with fn.
E1B7: a9 9e                LDA     #FNTK
E1B9: 20 5b dd             JSR     SYNCHR
E1BC: 09 80                ORA     #128                 ;Put function bit on.
E1BE: 85 14                STA     SUBFLG
E1C0: 20 7f de             JSR     PTRGT2               ;GET pointer to function or create anew.
E1C3:                      STWD    DEFPNT
E1C3: 85 8d                STA     DEFPNT
E1C5: 84 8e                STY     DEFPNT + 1
E1C7: 4c 02 dc             JMP     CHKNUM               ;Make sure it's not a string and RETURN.
E1CA:              
E1CA:              FNDOER:
E1CA: 20 b7 e1             JSR     GETFNM               ;GET the function's name.
E1CD:                      PSHWD   DEFPNT
E1CD: a5 8e                LDA     DEFPNT + 1
E1CF: 48                   PHA
E1D0: a5 8d                LDA     DEFPNT
E1D2: 48                   PHA
E1D3: 20 4d dd             JSR     PARCHK               ;Evaluate parameter.
E1D6: 20 02 dc             JSR     CHKNUM
E1D9:                      PULWD   DEFPNT
E1D9: 68                   PLA
E1DA: 85 8d                STA     DEFPNT
E1DC: 68                   PLA
E1DD: 85 8e                STA     DEFPNT + 1
E1DF: a0 02                LDY     #2
E1E1: b1 8d                LDA     (DEFPNT),Y           ;GET pointer to variable.
E1E3: 85 86                STA     VARPNT               ;SAVE variable pointer.
E1E5: aa                   TAX
E1E6: c8                   INY
E1E7: b1 8d                LDA     (DEFPNT),Y
E1E9: f0 84   E184         BEQ     ERRGUF
E1EB: 85 87                STA     VARPNT + 1
E1ED:                      .IF     ADDPRC != 0
E1ED: c8                   INY
E1EE:                      .endif
E1EE:                                                   ;Since DEF uses only 4.
E1EE:              DEFSTF:
E1EE: b1 86                LDA     (VARPNT),Y
E1F0: 48                   PHA                          ;Push it all on stack.
E1F1: 88                   DEY                          ;Since we are recursing maybe.
E1F2: 10 ee   E1EE         BPL     DEFSTF
E1F4: a4 87                LDY     VARPNT + 1
E1F6: 20 ac e9             JSR     MOVMF                ;Put current FAC into our arg variable.
E1F9:                      PSHWD   TXTPTR               ;SAVE text pointer.
E1F9: a5 bb                LDA     TXTPTR + 1
E1FB: 48                   PHA
E1FC: a5 ba                LDA     TXTPTR
E1FE: 48                   PHA
E1FF: b1 8d                LDA     (DEFPNT),Y           ;Pntr to function.
E201: 85 ba                STA     TXTPTR
E203: c8                   INY
E204: b1 8d                LDA     (DEFPNT),Y
E206: 85 bb                STA     TXTPTR + 1
E208:                      PSHWD   VARPNT               ;SAVE variable pointer.
E208: a5 87                LDA     VARPNT + 1
E20A: 48                   PHA

Page 108   BASIC M6502 8K VER 1.1 BY MICRO-SOFT
          SIMPLE-USER-DEFINED-FUNCTION CODE.
--------------------------------------------------------------------------------
E20B: a5 86                LDA     VARPNT
E20D: 48                   PHA
E20E: 20 ff db             JSR     FRMNUM               ;Evaluate formula and check numeric.
E211:                      PULWD   DEFPNT
E211: 68                   PLA
E212: 85 8d                STA     DEFPNT
E214: 68                   PLA
E215: 85 8e                STA     DEFPNT + 1
E217: 20 b9 00             JSR     CHRGOT
E21A:                      JNE     SNERR                ;It didn't terminate. huh?
E21A: f0 1f   E21F         BEQ     * + 5
E21C: 4c 64 dd             JMP     SNERR
E21F:                      PULWD   TXTPTR               ;Restore text pntr.
E21F: 68                   PLA
E220: 85 ba                STA     TXTPTR
E222: 68                   PLA
E223: 85 bb                STA     TXTPTR + 1
E225:              DEFFIN:
E225: a0 00                LDY     #0
E227: 68                   PLA                          ;GET old arg value off stack
E228: 91 8d                STA     (DEFPNT),Y           ;And put it back in variable.
E22A: 68                   PLA
E22B: c8                   INY
E22C: 91 8d                STA     (DEFPNT),Y
E22E: 68                   PLA
E22F: c8                   INY
E230: 91 8d                STA     (DEFPNT),Y
E232: 68                   PLA
E233: c8                   INY
E234: 91 8d                STA     (DEFPNT),Y
E236:                      .IF     ADDPRC != 0
E236: 68                   PLA
E237: c8                   INY
E238: 91 8d                STA     (DEFPNT),Y
E23A:                      .endif
E23A:              DEFRTS:
E23A: 60                   RTS
E23B:                      .page

Page 109   BASIC M6502 8K VER 1.1 BY MICRO-SOFT
          STRING FUNCTIONS.
--------------------------------------------------------------------------------
E23B:                      .subttl STRING FUNCTIONS.
E23B:              
E23B:              ; The STR$ function takes a number and gives a string
E23B:              ; With the characters the output of the number
E23B:              ; Would have given.
E23B:              
E23B:              STR:
E23B: 20 02 dc             JSR     CHKNUM               ;Arg has to be numeric.
E23E: a0 00                LDY     #0
E240: 20 b7 eb             JSR     FOUTC                ;Do its output.
E243: 68                   PLA
E244: 68                   PLA
E245:              TIMSTR:
E245:                      LDWDI   LOFBUF
E245: a9 ff                LDA     #LOFBUF & 0o377
E247: a0 00                LDY     #LOFBUF / 0o400
E249:                      BEQA    STRLIT               ;Scan it and turn it into a string.
E249: f0 5d   E25D         BEQ     STRLIT
E24B:              
E24B:              ; "STRINI" GET string space FOR the creation of a string and
E24B:              ; Creates a descriptor FOR it in "DSCTMP"*
E24B:              
E24B:              STRINI:
E24B:                      LDXY    FACMO                ;GET FACMO to store in DSCPNT.
E24B: a6 a4                LDX     FACMO
E24D: a4 a5                LDY     FACMO + 1
E24F:                      STXY    DSCPNT               ;Retain the descriptor pointer.
E24F: 86 8f                STX     DSCPNT
E251: 84 90                STY     DSCPNT + 1
E253:              STRSPA:
E253: 20 ca e2             JSR     GETSPA               ;GET string space.
E256:                      STXY    DSCTMP + 1           ;SAVE location.
E256: 86 a2                STX     DSCTMP + 1
E258: 84 a3                STY     DSCTMP + 1 + 1
E25A: 85 a1                STA     DSCTMP               ;SAVE length.
E25C: 60                   RTS                          ;All done.
E25D:              
E25D:              ; "STRLT2" takes the string literal whose first character
E25D:              ; Is pointed to by [y,a] and builds a descriptor FOR it.
E25D:              ; The descriptor is initially built in "DSCTMP", but "PUTNEW"
E25D:              ; Transfers it into a temporary and leaves a pointer
E25D:              ; At the temporary in FACMO&lo. the characters other than
E25D:              ; ZERO that terminate the string should be set up in "CHARAC"
E25D:              ; And "ENDCHR"* IF the terminator is a quote, the quote is skipped
E25D:              ; Over. leading quotes should be skipped before jsr. on RETURN
E25D:              ; The character after the string literal is pointed to
E25D:              ; By [STRNG2]*
E25D:              
E25D:              STRLIT:
E25D: a2 22                LDX     #34                  ;Assume string ends on quote.
E25F: 86 0d                STX     CHARAC
E261: 86 0e                STX     ENDCHR
E263:              STRLT2:
E263:                      STWD    STRNG1               ;SAVE pointer to string.
E263: 85 af                STA     STRNG1
E265: 84 b0                STY     STRNG1 + 1
E267:                      STWD    DSCTMP + 1           ;In case no strcpy.
E267: 85 a2                STA     DSCTMP + 1
E269: 84 a3                STY     DSCTMP + 1 + 1
E26B: a0 ff                LDY     #255                 ;Initialize character COUNT.

Page 110   BASIC M6502 8K VER 1.1 BY MICRO-SOFT
          STRING FUNCTIONS.
--------------------------------------------------------------------------------
E26D:              STRGET:
E26D: c8                   INY
E26E: b1 af                LDA     (STRNG1),Y           ;GET character.
E270: f0 7e   E27E         BEQ     STRFI1               ;IF ZERO.
E272: c5 0d                CMP     CHARAC               ;This terminator?
E274: f0 7a   E27A         BEQ     STRFIN               ;Yes.
E276: c5 0e                CMP     ENDCHR
E278: d0 6d   E26D         BNE     STRGET               ;Look further.
E27A:              STRFIN:
E27A: c9 22                CMP     #34                  ;Quote?
E27C: f0 7f   E27F         BEQ     STRFI2
E27E:              STRFI1:
E27E: 18                   CLC                          ;No, back up.
E27F:              STRFI2:
E27F: 84 a1                STY     DSCTMP               ;Retain COUNT.
E281: 98                   TYA
E282: 65 af                ADC     STRNG1               ;Wishing to set [TXTPTR]*
E284: 85 b1                STA     STRNG2
E286: a6 b0                LDX     STRNG1 + 1
E288: 90 8b   E28B         BCC     STRST2
E28A: e8                   INX
E28B:              STRST2:
E28B: 86 b2                STX     STRNG2 + 1
E28D: a5 b0                LDA     STRNG1 + 1           ;IF page 0, COPY since it is either
E28F:                                                   ;A string constant in BUF or a STR$
E28F:                                                   ;Result in LOFBUF
E28F:                      .IF     BUFPAG != 0
E28F: f0 95   E295         BEQ     STRCP
E291: c9 02                CMP     #BUFPAG
E293:                      .endif
E293: d0 a0   E2A0         BNE     PUTNEW
E295:              STRCP:
E295: 98                   TYA
E296: 20 4b e2             JSR     STRINI
E299:                      LDXY    STRNG1
E299: a6 af                LDX     STRNG1
E29B: a4 b0                LDY     STRNG1 + 1
E29D: 20 5e e4             JSR     MOVSTR               ;Move string.
E2A0:              
E2A0:              ; Some string function is returning a result in DSCTMP.
E2A0:              ; Setup a temp descriptor with DSCTMP in it.
E2A0:              ; Put a pointer to the descriptor in FACMO&lo and flag the
E2A0:              ; Result as type string.
E2A0:              
E2A0:              PUTNEW:
E2A0: a6 55                LDX     TEMPPT               ;Pointer to first free temp.
E2A2: e0 61                CPX     #TEMPST + STRSIZ * NUMTMP
E2A4: d0 ab   E2AB         BNE     PUTNW1
E2A6: a2 bf                LDX     #ERRST               ;String temporary ERROR.
E2A8:              ERRGO2:
E2A8: 4c 1d d3             JMP     ERROR                ;Go tell him.
E2AB:              PUTNW1:
E2AB: a5 a1                LDA     DSCTMP
E2AD: 95 00                STA     0,X
E2AF: a5 a2                LDA     DSCTMP + 1
E2B1: 95 01                STA     1,X
E2B3: a5 a3                LDA     DSCTMP + 2
E2B5: 95 02                STA     2,X
E2B7: a0 00                LDY     #0
E2B9:                      STXY    FACMO

Page 111   BASIC M6502 8K VER 1.1 BY MICRO-SOFT
          STRING FUNCTIONS.
--------------------------------------------------------------------------------
E2B9: 86 a4                STX     FACMO
E2BB: 84 a5                STY     FACMO + 1
E2BD: 84 b0                STY     FACOV
E2BF: 88                   DEY
E2C0: 84 11                STY     VALTYP               ;Type is "string"*
E2C2: 86 56                STX     LASTPT               ;Set pointer to last-used temp.
E2C4: e8                   INX
E2C5: e8                   INX
E2C6: e8                   INX                          ;Point further.
E2C7: 86 55                STX     TEMPPT               ;SAVE pointer to NEXT temp IF any.
E2C9: 60                   RTS                          ;All done.
E2CA:              
E2CA:              ; GETSPA - GET space FOR character string.
E2CA:              ; May force garbage collection.
E2CA:              
E2CA:              ; # Of characters (bytes) in acca.
E2CA:              ; Returns with pointer in [y,x]* otherwise (IF can't GET
E2CA:              ; Space) blows off to "out of string space" type ERROR.
E2CA:              ; Also preserves [acca] and sets [FRESPC]=[y,x]=pntr at space.
E2CA:              
E2CA:              GETSPA:
E2CA: 46 13                LSR     GARBFL               ;Signal no garbage collection yet.
E2CC:              TRYAG2:
E2CC: 48                   PHA                          ;SAVE FOR later.
E2CD: 49 ff                EOR     #255
E2CF: 38                   SEC                          ;Add one to complete negation.
E2D0: 65 72                ADC     FRETOP
E2D2: a4 73                LDY     FRETOP + 1
E2D4: b0 d7   E2D7         BCS     TRYAG3
E2D6: 88                   DEY
E2D7:              TRYAG3:
E2D7: c4 71                CPY     STREND + 1           ;Compare high orders.
E2D9: 90 ec   E2EC         BCC     GARBAG               ;Make room FOR more.
E2DB: d0 e1   E2E1         BNE     STRFRE               ;SAVE new FRETOP.
E2DD: c5 70                CMP     STREND               ;Compare low orders.
E2DF: 90 ec   E2EC         BCC     GARBAG               ;Clean up.
E2E1:              STRFRE:
E2E1:                      STWD    FRETOP               ;SAVE new [FRETOP]*
E2E1: 85 72                STA     FRETOP
E2E3: 84 73                STY     FRETOP + 1
E2E5:                      STWD    FRESPC               ;Put it there old man.
E2E5: 85 74                STA     FRESPC
E2E7: 84 75                STY     FRESPC + 1
E2E9: aa                   TAX                          ;Preserve a in x.
E2EA: 68                   PLA                          ;GET COUNT back in acca.
E2EB: 60                   RTS                          ;All done.
E2EC:              GARBAG:
E2EC: a2 4d                LDX     #ERROM               ;"Out of string space"
E2EE: a5 13                LDA     GARBFL
E2F0: 30 a8   E2A8         BMI     ERRGO2
E2F2: 20 fc e2             JSR     GARBA2
E2F5: a9 80                LDA     #128
E2F7: 85 13                STA     GARBFL
E2F9: 68                   PLA                          ;GET back string length.
E2FA: d0 cc   E2CC         BNE     TRYAG2               ;Always branches.
E2FC:              GARBA2:
E2FC:                                                   ;START from top down.
E2FC:                      .IF     (REALIO | DISKO) == 0
E2FC:                      LDA     #7                   ;Type "bell"*
E2FC:                      JSR     OUTDO

Page 112   BASIC M6502 8K VER 1.1 BY MICRO-SOFT
          STRING FUNCTIONS.
--------------------------------------------------------------------------------
E2FC:                      .endif
E2FC: a6 76                LDX     MEMSIZ
E2FE: a5 77                LDA     MEMSIZ + 1
E300:              FNDVAR:
E300: 86 72                STX     FRETOP               ;Like so.
E302: 85 73                STA     FRETOP + 1
E304: a0 00                LDY     #0
E306: 84 8e                STY     GRBPNT + 1
E308: 84 8d                STY     GRBPNT               ;Both bytes set to ZERO (fix bug)
E30A:                      LDWX    STREND
E30A: a5 70                LDA     STREND
E30C: a6 71                LDX     STREND + 1
E30E:                      STWX    GRBTOP
E30E: 85 9f                STA     GRBTOP
E310: 86 a0                STX     GRBTOP + 1
E312:                      LDWXI   TEMPST
E312: a9 58                LDA     #TEMPST & 0o377
E314: a2 00                LDX     #TEMPST / 0o400
E316:                      STWX    INDEX1
E316: 85 61                STA     INDEX1
E318: 86 62                STX     INDEX1 + 1
E31A:              TVAR:
E31A: c5 55                CMP     TEMPPT               ;Done with temps?
E31C: f0 23   E323         BEQ     SVARS                ;Yep.
E31E: 20 9d e3             JSR     DVAR
E321: f0 1a   E31A         BEQ     TVAR                 ;Loop.
E323:              SVARS:
E323: a9 07                LDA     #6 + ADDPRC
E325: 85 92                STA     FOUR6
E327:                      LDWX    VARTAB               ;GET START of simple variables.
E327: a5 6c                LDA     VARTAB
E329: a6 6d                LDX     VARTAB + 1
E32B:                      STWX    INDEX1
E32B: 85 61                STA     INDEX1
E32D: 86 62                STX     INDEX1 + 1
E32F:              SVAR:
E32F: e4 6f                CPX     ARYTAB + 1           ;Done with simple variables?
E331: d0 37   E337         BNE     SVARGO               ;No.
E333: c5 6e                CMP     ARYTAB
E335: f0 3c   E33C         BEQ     ARYVAR               ;Yep.
E337:              SVARGO:
E337: 20 93 e3             JSR     DVARS                ;Do it , again.
E33A: f0 2f   E32F         BEQ     SVAR                 ;Loop.
E33C:              ARYVAR:
E33C:                      STWX    ARYPNT               ;SAVE FOR addition.
E33C: 85 98                STA     ARYPNT
E33E: 86 99                STX     ARYPNT + 1
E340: a9 03                LDA     #STRSIZ
E342: 85 92                STA     FOUR6
E344:              ARYVA2:
E344:                      LDWX    ARYPNT               ;GET the pointer to variable.
E344: a5 98                LDA     ARYPNT
E346: a6 99                LDX     ARYPNT + 1
E348:              ARYVA3:
E348: e4 71                CPX     STREND + 1           ;Done with arrays?
E34A: d0 53   E353         BNE     ARYVGO               ;No.
E34C: c5 70                CMP     STREND
E34E:                      JEQ     GRBPAS               ;Yes, go finish up.
E34E: d0 53   E353         BNE     * + 5
E350: 4c dc e3             JMP     GRBPAS

Page 113   BASIC M6502 8K VER 1.1 BY MICRO-SOFT
          STRING FUNCTIONS.
--------------------------------------------------------------------------------
E353:              ARYVGO:
E353:                      STWX    INDEX1
E353: 85 61                STA     INDEX1
E355: 86 62                STX     INDEX1 + 1
E357: a0 00                LDY     #1 - ADDPRC
E359:                      .IF     ADDPRC != 0
E359: b1 61                LDA     (INDEX1),Y
E35B: aa                   TAX
E35C: c8                   INY
E35D:                      .endif
E35D: b1 61                LDA     (INDEX1),Y
E35F: 08                   PHP
E360: c8                   INY
E361: b1 61                LDA     (INDEX1),Y
E363: 65 98                ADC     ARYPNT
E365: 85 98                STA     ARYPNT               ;Form pointer to NEXT array var.
E367: c8                   INY
E368: b1 61                LDA     (INDEX1),Y
E36A: 65 99                ADC     ARYPNT + 1
E36C: 85 99                STA     ARYPNT + 1
E36E: 28                   PLP
E36F: 10 44   E344         BPL     ARYVA2
E371:                      .IF     ADDPRC != 0
E371: 8a                   TXA
E372: 30 44   E344         BMI     ARYVA2
E374:                      .endif
E374: c8                   INY
E375: b1 61                LDA     (INDEX1),Y
E377: a0 00                LDY     #0                   ;Reset INDEX y.
E379: 0a                   ASL     A
E37A: 69 05                ADC     #5                   ;Carry is off and off after add.
E37C: 65 61                ADC     INDEX1
E37E: 85 61                STA     INDEX1
E380: 90 84   E384         BCC     ARYGET
E382: e6 62                INC     INDEX1 + 1
E384:              ARYGET:
E384: a6 62                LDX     INDEX1 + 1
E386:              ARYSTR:
E386: e4 99                CPX     ARYPNT + 1           ;END of the array?
E388: d0 8e   E38E         BNE     GOGO
E38A: c5 98                CMP     ARYPNT
E38C: f0 48   E348         BEQ     ARYVA3               ;Yes.
E38E:              GOGO:
E38E: 20 9d e3             JSR     DVAR
E391: f0 86   E386         BEQ     ARYSTR               ;Cycle.
E393:              DVARS:
E393:                      .IF     INTPRC != 0
E393: b1 61                LDA     (INDEX1),Y
E395: 30 cc   E3CC         BMI     DVARTS
E397:                      .endif
E397: c8                   INY
E398: b1 61                LDA     (INDEX1),Y
E39A: 10 cc   E3CC         BPL     DVARTS
E39C: c8                   INY
E39D:              DVAR:
E39D: b1 61                LDA     (INDEX1),Y           ;Is length=0?
E39F: f0 cc   E3CC         BEQ     DVARTS               ;Yes, RETURN.
E3A1: c8                   INY
E3A2: b1 61                LDA     (INDEX1),Y           ;GET low(adr)*
E3A4: aa                   TAX

Page 114   BASIC M6502 8K VER 1.1 BY MICRO-SOFT
          STRING FUNCTIONS.
--------------------------------------------------------------------------------
E3A5: c8                   INY
E3A6: b1 61                LDA     (INDEX1),Y
E3A8: c5 73                CMP     FRETOP + 1           ;Compare highs.
E3AA: 90 b2   E3B2         BCC     DVAR2                ;IF this string's pntr .ge. [FRETOP]
E3AC: d0 cc   E3CC         BNE     DVARTS               ;No need to mess with it further.
E3AE: e4 72                CPX     FRETOP               ;Compare lows.
E3B0: b0 cc   E3CC         BCS     DVARTS
E3B2:              DVAR2:
E3B2: c5 a0                CMP     GRBTOP + 1
E3B4: 90 cc   E3CC         BCC     DVARTS               ;IF this string is below previous
E3B6:                                                   ;Forget it.
E3B6: d0 bc   E3BC         BNE     DVAR3
E3B8: e4 9f                CPX     GRBTOP               ;Compare low orders.
E3BA: 90 cc   E3CC         BCC     DVARTS               ;[X,a] .le. [GRBTOP]*
E3BC:              DVAR3:
E3BC: 86 9f                STX     GRBTOP
E3BE: 85 a0                STA     GRBTOP + 1
E3C0:                      LDWX    INDEX1
E3C0: a5 61                LDA     INDEX1
E3C2: a6 62                LDX     INDEX1 + 1
E3C4:                      STWX    GRBPNT
E3C4: 85 8d                STA     GRBPNT
E3C6: 86 8e                STX     GRBPNT + 1
E3C8: a5 92                LDA     FOUR6
E3CA: 85 95                STA     SIZE
E3CC:              DVARTS:
E3CC: a5 92                LDA     FOUR6
E3CE: 18                   CLC
E3CF: 65 61                ADC     INDEX1
E3D1: 85 61                STA     INDEX1
E3D3: 90 d7   E3D7         BCC     GRBRTS
E3D5: e6 62                INC     INDEX1 + 1
E3D7:              GRBRTS:
E3D7: a6 62                LDX     INDEX1 + 1
E3D9: a0 00                LDY     #0
E3DB: 60                   RTS                          ;Done.
E3DC:              
E3DC:              ; Here when made one complete pass through string variables.
E3DC:              
E3DC:              GRBPAS:
E3DC: a5 8e                LDA     GRBPNT + 1           ;Variable pointer.
E3DE: 05 8d                ORA     GRBPNT
E3E0: f0 d7   E3D7         BEQ     GRBRTS               ;All done.
E3E2: a5 95                LDA     SIZE
E3E4: 29 04                AND     #4                   ;Leaves c off.
E3E6: 4a                   LSR     A
E3E7: a8                   TAY
E3E8: 85 95                STA     SIZE
E3EA: b1 8d                LDA     (GRBPNT),Y
E3EC:                                                   ;Note: GRBTOP=LOWTR so no need to set LOWTR.
E3EC: 65 9f                ADC     LOWTR
E3EE: 85 9a                STA     HIGHTR
E3F0: a5 a0                LDA     LOWTR + 1
E3F2: 69 00                ADC     #0
E3F4: 85 9b                STA     HIGHTR + 1
E3F6:                      LDWX    FRETOP
E3F6: a5 72                LDA     FRETOP
E3F8: a6 73                LDX     FRETOP + 1
E3FA:                      STWX    HIGHDS               ;Where it all goes.
E3FA: 85 98                STA     HIGHDS

Page 115   BASIC M6502 8K VER 1.1 BY MICRO-SOFT
          STRING FUNCTIONS.
--------------------------------------------------------------------------------
E3FC: 86 99                STX     HIGHDS + 1
E3FE: 20 a5 d2             JSR     BLTUC
E401: a4 95                LDY     SIZE
E403: c8                   INY
E404: a5 98                LDA     HIGHDS               ;GET position of START of result.
E406: 91 8d                STA     (GRBPNT),Y
E408: aa                   TAX
E409: e6 99                INC     HIGHDS + 1
E40B: a5 99                LDA     HIGHDS + 1
E40D: c8                   INY
E40E: 91 8d                STA     (GRBPNT),Y           ;Change addr of string in var.
E410: 4c 00 e3             JMP     FNDVAR               ;Go to FNDVAR with something FOR
E413:                                                   ;[FRETOP]*
E413:              
E413:              ; The following routine concatenates two strings.
E413:              ; The FAC contains the first one at this point.
E413:              ; [TXTPTR] points to the + SIGN.
E413:              
E413:              CAT:
E413: a5 a5                LDA     FACLO                ;Psh high order onto stack.
E415: 48                   PHA
E416: a5 a4                LDA     FACMO                ;And the low.
E418: 48                   PHA
E419: 20 f8 dc             JSR     EVAL                 ;Can come back here since
E41C:                                                   ;Operator is known.
E41C: 20 04 dc             JSR     CHKSTR               ;Result must be string.
E41F: 68                   PLA
E420: 85 af                STA     STRNG1               ;GET high order of old desc.
E422: 68                   PLA
E423: 85 b0                STA     STRNG1 + 1
E425: a0 00                LDY     #0
E427: b1 af                LDA     (STRNG1),Y           ;GET length of old string.
E429: 18                   CLC
E42A: 71 a4                ADC     (FACMO),Y
E42C: 90 33   E433         BCC     SIZEOK               ;Result is less than 256.
E42E: a2 b0                LDX     #ERRLS               ;ERROR "long string"*
E430: 4c 1d d3             JMP     ERROR
E433:              SIZEOK:
E433: 20 4b e2             JSR     STRINI               ;Initialize string.
E436: 20 50 e4             JSR     MOVINS               ;Move it.
E439:                      LDWD    DSCPNT               ;GET pointer to second.
E439: a5 8f                LDA     DSCPNT
E43B: a4 90                LDY     DSCPNT + 1
E43D: 20 80 e4             JSR     FRETMP               ;Free it.
E440: 20 62 e4             JSR     MOVDO
E443:                      LDWD    STRNG1
E443: a5 af                LDA     STRNG1
E445: a4 b0                LDY     STRNG1 + 1
E447: 20 80 e4             JSR     FRETMP
E44A: 20 a0 e2             JSR     PUTNEW
E44D: 4c 2d dc             JMP     TSTOP                ;"CAT" reenters form EVAL at TSTOP.
E450:              
E450:              MOVINS:
E450: a0 00                LDY     #0                   ;GET addr of string.
E452: b1 af                LDA     (STRNG1),Y
E454: 48                   PHA
E455: c8                   INY
E456: b1 af                LDA     (STRNG1),Y
E458: aa                   TAX
E459: c8                   INY

Page 116   BASIC M6502 8K VER 1.1 BY MICRO-SOFT
          STRING FUNCTIONS.
--------------------------------------------------------------------------------
E45A: b1 af                LDA     (STRNG1),Y
E45C: a8                   TAY
E45D: 68                   PLA
E45E:              MOVSTR:
E45E:                      STXY    INDEX
E45E: 86 61                STX     INDEX
E460: 84 62                STY     INDEX + 1
E462:              MOVDO:
E462: a8                   TAY
E463: f0 6f   E46F         BEQ     MVDONE
E465: 48                   PHA
E466:              MOVLP:
E466: 88                   DEY
E467: b1 61                LDA     (INDEX),Y
E469: 91 74                STA     (FRESPC),Y
E46B:              QMOVE:
E46B: 98                   TYA
E46C: d0 66   E466         BNE     MOVLP
E46E: 68                   PLA
E46F:              MVDONE:
E46F: 18                   CLC
E470: 65 74                ADC     FRESPC
E472: 85 74                STA     FRESPC
E474: 90 78   E478         BCC     MVSTRT
E476: e6 75                INC     FRESPC + 1
E478:              MVSTRT:
E478: 60                   RTS
E479:              
E479:              ; "FRETMP" is passed a string descriptor pntr in [y,a]*
E479:              ; A check is made to see IF the string descriptor points to the last
E479:              ; Temporary descriptor allocated by PUTNEW.
E479:              ; IF so, the temporary is freed up by the updating of [TEMPPT]*
E479:              ; IF a temp is freed up, a further check sees IF the string DATA that
E479:              ; That string temp pnt'd to is the lowest part of string space in use.
E479:              ; IF so, [FRETOP] is updated to reflect the fact the fact that the space
E479:              ; Is no longer in use.
E479:              ; The addr of the actual string is returned in [y,x] and
E479:              ; Its length in acca.
E479:              
E479:              FRESTR:
E479: 20 04 dc             JSR     CHKSTR               ;Make sure its a string.
E47C:              FREFAC:
E47C:                      LDWD    FACMO                ;Free up STR pnt'd to by FAC.
E47C: a5 a4                LDA     FACMO
E47E: a4 a5                LDY     FACMO + 1
E480:              FRETMP:
E480:                      STWD    INDEX                ;GET length FOR later.
E480: 85 61                STA     INDEX
E482: 84 62                STY     INDEX + 1
E484: 20 b1 e4             JSR     FRETMS               ;Free up the temporary desc.
E487: 08                   PHP                          ;SAVE codes.
E488: a0 00                LDY     #0                   ;Prep to GET stuff.
E48A: b1 61                LDA     (INDEX),Y            ;GET COUNT and
E48C: 48                   PHA                          ;SAVE it.
E48D: c8                   INY
E48E: b1 61                LDA     (INDEX),Y
E490: aa                   TAX                          ;SAVE low order.
E491: c8                   INY
E492: b1 61                LDA     (INDEX),Y
E494: a8                   TAY                          ;SAVE high order.

Page 117   BASIC M6502 8K VER 1.1 BY MICRO-SOFT
          STRING FUNCTIONS.
--------------------------------------------------------------------------------
E495: 68                   PLA
E496: 28                   PLP                          ;RETURN status.
E497: d0 ac   E4AC         BNE     FRETRT
E499: c4 73                CPY     FRETOP + 1           ;String is last one in?
E49B: d0 ac   E4AC         BNE     FRETRT
E49D: e4 72                CPX     FRETOP
E49F: d0 ac   E4AC         BNE     FRETRT
E4A1: 48                   PHA
E4A2: 18                   CLC
E4A3: 65 72                ADC     FRETOP
E4A5: 85 72                STA     FRETOP
E4A7: 90 ab   E4AB         BCC     FREPLA
E4A9: e6 73                INC     FRETOP + 1
E4AB:              FREPLA:
E4AB: 68                   PLA                          ;GET COUNT back.
E4AC:              FRETRT:
E4AC:                      STXY    INDEX                ;SAVE FOR later use.
E4AC: 86 61                STX     INDEX
E4AE: 84 62                STY     INDEX + 1
E4B0: 60                   RTS
E4B1:              FRETMS:
E4B1: c4 57                CPY     LASTPT + 1           ;Last entry to temp?
E4B3: d0 c1   E4C1         BNE     FRERTS
E4B5: c5 56                CMP     LASTPT
E4B7: d0 c1   E4C1         BNE     FRERTS
E4B9: 85 55                STA     TEMPPT
E4BB: e9 03                SBC     #STRSIZ              ;Point to last one.
E4BD: 85 56                STA     LASTPT               ;Update temp pntr.
E4BF: a0 00                LDY     #0                   ;Also clears zflg so we do rest of FRETMP.
E4C1:              FRERTS:
E4C1: 60                   RTS                          ;All done.
E4C2:              
E4C2:              ; CHR$(#) creates a string which contains as its only
E4C2:              ; Character the ascii equivalent of the integer argument (#)
E4C2:              ; Which must be .lt. 255.
E4C2:              
E4C2:              CHR:
E4C2: 20 77 e5             JSR     CONINT               ;GET integer in range.
E4C5: 8a                   TXA
E4C6: 48                   PHA
E4C7: a9 01                LDA     #1                   ;One-character string.
E4C9: 20 53 e2             JSR     STRSPA               ;GET space FOR string.
E4CC: 68                   PLA
E4CD: a0 00                LDY     #0
E4CF: 91 a2                STA     (DSCTMP + 1),Y
E4D1: 68                   PLA                          ;GET rid of "CHKNUM" RETURN addr.
E4D2: 68                   PLA
E4D3:              RLZRET:
E4D3: 4c a0 e2             JMP     PUTNEW               ;Setup FAC to point to desc.
E4D6:              
E4D6:              ; The following is the LEFT$($,#) function.
E4D6:              ; It takes the leftmost # characters of the string.
E4D6:              ; IF # .gt. the LEN of the string, it returns the whole string.
E4D6:              
E4D6:              LEFT:
E4D6: 20 37 e5             JSR     PREAM                ;Test parameters.
E4D9: d1 8f                CMP     (DSCPNT),Y
E4DB: 98                   TYA
E4DC:              RLEFT:
E4DC: 90 e2   E4E2         BCC     RLEFT1

Page 118   BASIC M6502 8K VER 1.1 BY MICRO-SOFT
          STRING FUNCTIONS.
--------------------------------------------------------------------------------
E4DE: b1 8f                LDA     (DSCPNT),Y
E4E0: aa                   TAX                          ;Put length into x.
E4E1: 98                   TYA                          ;ZERO a, the offset.
E4E2:              RLEFT1:
E4E2: 48                   PHA                          ;SAVE offset.
E4E3:              RLEFT2:
E4E3: 8a                   TXA
E4E4:              RLEFT3:
E4E4: 48                   PHA                          ;SAVE length.
E4E5: 20 53 e2             JSR     STRSPA               ;GET space.
E4E8:                      LDWD    DSCPNT
E4E8: a5 8f                LDA     DSCPNT
E4EA: a4 90                LDY     DSCPNT + 1
E4EC: 20 80 e4             JSR     FRETMP
E4EF: 68                   PLA
E4F0: a8                   TAY
E4F1: 68                   PLA
E4F2: 18                   CLC
E4F3: 65 61                ADC     INDEX                ;Compute where to COPY.
E4F5: 85 61                STA     INDEX
E4F7: 90 fb   E4FB         BCC     PULMOR
E4F9: e6 62                INC     INDEX + 1
E4FB:              PULMOR:
E4FB: 98                   TYA
E4FC: 20 62 e4             JSR     MOVDO                ;Go move it.
E4FF: 4c a0 e2             JMP     PUTNEW
E502:              RIGHT:
E502: 20 37 e5             JSR     PREAM
E505: 18                   CLC                          ;[Length des'd]-[length]-1.
E506: f1 8f                SBC     (DSCPNT),Y
E508: 49 ff                EOR     #255                 ;Negate.
E50A: 4c dc e4             JMP     RLEFT
E50D:              
E50D:              ; MID ($,#) returns string with chars from # position
E50D:              ; Onward. IF # .gt. LEN ($) then RETURN null string.
E50D:              ; MID ($,#,#) returns string with characters from
E50D:              ; # Position FOR #2 characters. IF #2 goes past END of string
E50D:              ; RETURN as much as possible.
E50D:              
E50D:              MID:
E50D: a9 ff                LDA     #255                 ;Default.
E50F: 85 a5                STA     FACLO                ;SAVE FOR later compare.
E511: 20 b9 00             JSR     CHRGOT               ;GET current character.
E514: c9 29                CMP     #41                  ;Is it a RIGHT paren )?
E516: f0 1e   E51E         BEQ     MID2                 ;No third param.
E518: 20 59 dd             JSR     CHKCOM               ;Must have comma.
E51B: 20 74 e5             JSR     GETBYT               ;GET the length into "FACLO"*
E51E:              MID2:
E51E: 20 37 e5             JSR     PREAM                ;Check it out.
E521: f0 6e   E56E         BEQ     GOFUC                ;There is no postion 0
E523: ca                   DEX                          ;Compute offset.
E524: 8a                   TXA
E525: 48                   PHA                          ;Prserve awhile.
E526: 18                   CLC
E527: a2 00                LDX     #0
E529: f1 8f                SBC     (DSCPNT),Y           ;GET length of what's LEFT.
E52B: b0 e3   E4E3         BCS     RLEFT2               ;Give null string.
E52D: 49 ff                EOR     #255                 ;In sub c was 0 so just complement.
E52F: c5 a5                CMP     FACLO                ;Greater than what's desired?
E531: 90 e4   E4E4         BCC     RLEFT3               ;No, COPY that much.

Page 119   BASIC M6502 8K VER 1.1 BY MICRO-SOFT
          STRING FUNCTIONS.
--------------------------------------------------------------------------------
E533: a5 a5                LDA     FACLO                ;GET length of what's desired.
E535: b0 e4   E4E4         BCS     RLEFT3               ;COPY it.
E537:              
E537:              ; Used by RIGHT$, LEFT$, MID$ FOR parameter checking and setup.
E537:              
E537:              PREAM:
E537: 20 53 dd             JSR     CHKCLS               ;Param LIST should END.
E53A: 68                   PLA                          ;GET the RETURN address into
E53B: a8                   TAY                          ;[JMPER+1,y]
E53C: 68                   PLA
E53D: 85 95                STA     JMPER + 1
E53F: 68                   PLA                          ;GET rid of FINGO's jsr ret addr.
E540: 68                   PLA
E541: 68                   PLA                          ;GET length.
E542: aa                   TAX
E543:                      PULWD   DSCPNT
E543: 68                   PLA
E544: 85 8f                STA     DSCPNT
E546: 68                   PLA
E547: 85 90                STA     DSCPNT + 1
E549: a5 95                LDA     JMPER + 1            ;Put RETURN address back on
E54B: 48                   PHA
E54C: 98                   TYA
E54D: 48                   PHA
E54E: a0 00                LDY     #0
E550: 8a                   TXA
E551: 60                   RTS
E552:              
E552:              ; The function LEN($) returns the length of the string
E552:              ; Passed as an argument.
E552:              
E552:              LEN:
E552: 20 58 e5             JSR     LEN1
E555: 4c 78 e1             JMP     SNGFLT
E558:              LEN1:
E558: 20 79 e4             JSR     FRESTR               ;Free up string.
E55B: a2 00                LDX     #0
E55D: 86 11                STX     VALTYP               ;Force numeric.
E55F: a8                   TAY                          ;Set codes on length.
E560: 60                   RTS                          ;Done.
E561:              
E561:              ; The following is the ASC($) function. it returns
E561:              ; An integer which is the decimal ascii equivalent.
E561:              
E561:              ASC:
E561: 20 58 e5             JSR     LEN1
E564: f0 6e   E56E         BEQ     GOFUC                ;Null string, bad arg.
E566: a0 00                LDY     #0
E568: b1 61                LDA     (INDEX1),Y           ;GET character.
E56A: a8                   TAY
E56B: 4c 78 e1             JMP     SNGFLT
E56E:              GOFUC:
E56E: 4c 1f e0             JMP     FCERR                ;Yes.
E571:              
E571:              GTBYTC:
E571: 20 b3 00             JSR     CHRGET
E574:              GETBYT:
E574: 20 ff db             JSR     FRMNUM               ;READ formula into FAC.
E577:              CONINT:
E577: 20 8f df             JSR     POSINT               ;Convert the FAC to a single byte INT.

Page 120   BASIC M6502 8K VER 1.1 BY MICRO-SOFT
          STRING FUNCTIONS.
--------------------------------------------------------------------------------
E57A: a6 a4                LDX     FACMO
E57C: d0 6e   E56E         BNE     GOFUC                ;Result must be .le. 255.
E57E: a6 a5                LDX     FACLO
E580:              CHRGO2:
E580: 4c b9 00             JMP     CHRGOT               ;Set condition codes on terminator.
E583:              
E583:              ; The "VAL" function takes a string and turns it into
E583:              ; A number by interpreting the ascii digits etcq
E583:              ; Except FOR the problem that a terminator must be supplied
E583:              ; By replacing the character beyond the string, VAL is merely
E583:              ; A call to floating point INPUT ("FIN")*
E583:              
E583:              VAL:
E583: 20 58 e5             JSR     LEN1                 ;Do setup. set result=numeric.
E586:                      JEQ     ZEROFC               ;ZERO the FAC on a null string
E586: d0 8b   E58B         BNE     * + 5
E588: 4c cf e6             JMP     ZEROFC
E58B:                      LDXY    TXTPTR
E58B: a6 ba                LDX     TXTPTR
E58D: a4 bb                LDY     TXTPTR + 1
E58F:                      STXY    STRNG2               ;SAVE FOR later.
E58F: 86 b1                STX     STRNG2
E591: 84 b2                STY     STRNG2 + 1
E593: a6 61                LDX     INDEX1
E595: 86 ba                STX     TXTPTR
E597: 18                   CLC
E598: 65 61                ADC     INDEX1
E59A: 85 63                STA     INDEX2
E59C: a6 62                LDX     INDEX1 + 1
E59E: 86 bb                STX     TXTPTR + 1
E5A0: 90 a3   E5A3         BCC     VAL2                 ;No carry, no inc.
E5A2: e8                   INX
E5A3:              VAL2:
E5A3: 86 64                STX     INDEX2 + 1
E5A5: a0 00                LDY     #0
E5A7: b1 63                LDA     (INDEX2),Y           ;Preserve character.
E5A9: 48                   PHA
E5AA: a9 00                LDA     #0                   ;Set a terminator.
E5AC: 91 63                STA     (INDEX2),Y
E5AE: 20 b9 00             JSR     CHRGOT               ;GET character pnt'd to and set flags.
E5B1: 20 cb ea             JSR     FIN
E5B4: 68                   PLA                          ;GET pres'd character.
E5B5: a0 00                LDY     #0
E5B7: 91 63                STA     (INDEX2),Y           ;Stuff it back.
E5B9:              ST2TXT:
E5B9:                      LDXY    STRNG2
E5B9: a6 b1                LDX     STRNG2
E5BB: a4 b2                LDY     STRNG2 + 1
E5BD:                      STXY    TXTPTR
E5BD: 86 ba                STX     TXTPTR
E5BF: 84 bb                STY     TXTPTR + 1
E5C1:              VALRTS:
E5C1: 60                   RTS                          ;All done with strings.
E5C2:                      .page

Page 121   BASIC M6502 8K VER 1.1 BY MICRO-SOFT
          PEEK, POKE, AND FNWAIT.
--------------------------------------------------------------------------------
E5C2:                      .subttl PEEK, POKE, AND FNWAIT.
E5C2:              
E5C2:              GETNUM:
E5C2: 20 ff db             JSR     FRMNUM               ;GET address.
E5C5: 20 ce e5             JSR     GETADR               ;GET that location.
E5C8:              COMBYT:
E5C8: 20 59 dd             JSR     CHKCOM               ;Check FOR a comma.
E5CB: 4c 74 e5             JMP     GETBYT               ;GET something to store and RETURN.
E5CE:              GETADR:
E5CE: a5 a6                LDA     FACSGN               ;Examine SIGN.
E5D0: 30 6e   E56E         BMI     GOFUC                ;Function call ERROR.
E5D2: a5 a1                LDA     FACEXP               ;Examine exponent.
E5D4: c9 91                CMP     #145
E5D6: b0 6e   E56E         BCS     GOFUC                ;Function call ERROR.
E5D8: 20 73 ea             JSR     QINT                 ;Integerize it.
E5DB:                      LDWD    FACMO
E5DB: a5 a4                LDA     FACMO
E5DD: a4 a5                LDY     FACMO + 1
E5DF: 84 53                STY     POKER
E5E1: 85 54                STA     POKER + 1
E5E3: 60                   RTS                          ;It's done !*
E5E4:              
E5E4:              PEEK:
E5E4:                      PSHWD   POKER
E5E4: a5 54                LDA     POKER + 1
E5E6: 48                   PHA
E5E7: a5 53                LDA     POKER
E5E9: 48                   PHA
E5EA: 20 ce e5             JSR     GETADR
E5ED: a0 00                LDY     #0
E5EF:                      .IF     REALIO == 3
E5EF:                      CMP     #ROMLOC / 256        ;IF within basic
E5EF:                      BCC     GETCON
E5EF:                      CMP     #LASTWR / 256
E5EF:                      BCC     DOSGFL
E5EF:                      .endif
E5EF:                                                   ;Give him ZERO FOR an answer.
E5EF:              GETCON:
E5EF: b1 53                LDA     (POKER),Y            ;GET that byte.
E5F1: a8                   TAY
E5F2:              DOSGFL:
E5F2:                      PULWD   POKER
E5F2: 68                   PLA
E5F3: 85 53                STA     POKER
E5F5: 68                   PLA
E5F6: 85 54                STA     POKER + 1
E5F8: 4c 78 e1             JMP     SNGFLT               ;FLOAT it.
E5FB:              
E5FB:              POKE:
E5FB: 20 c2 e5             JSR     GETNUM
E5FE: 8a                   TXA
E5FF: a0 00                LDY     #0
E601: 91 53                STA     (POKER),Y            ;Store value away.
E603: 60                   RTS                          ;Scanned  everything.
E604:              
E604:              ; The wait location,mask1,mask2 statement waits until the contents
E604:              ; Of location is nonzero when xored with mask2
E604:              ; And then anded with mask1. IF mask2 is not present, it
E604:              ; Is assumed to be ZERO.
E604:              

Page 122   BASIC M6502 8K VER 1.1 BY MICRO-SOFT
          FLOATING POINT MATH PACKAGE CONFIGURATION.
--------------------------------------------------------------------------------
E604:              FNWAIT:
E604: 20 c2 e5             JSR     GETNUM
E607: 86 88                STX     ANDMSK
E609: a2 00                LDX     #0
E60B: 20 b9 00             JSR     CHRGOT
E60E: f0 13   E613         BEQ     ZSTORD
E610: 20 c8 e5             JSR     COMBYT               ;GET mask2.
E613:              STORDO:
E613: 86 89                STX     EORMSK
E615: a0 00                LDY     #0
E617:              WAITER:
E617: b1 53                LDA     (POKER),Y
E619: 45 89                EOR     EORMSK
E61B: 25 88                AND     ANDMSK
E61D: f0 17   E617         BEQ     WAITER
E61F:              ZERRTS:
E61F: 60                   RTS                          ;Got a nonzero.
E620:                      .subttl FLOATING POINT MATH PACKAGE CONFIGURATION.
E620:              
E620:              ;Radix	8			;!!!! alert !!!!
E620:                                                   ;Throughout the math package.
E620:              
E620:              ; The floating point format is as follows:
E620:              
E620:              ; The SIGN is the first bit of the mantissa.
E620:              ; The mantissa is 24 BITS long.
E620:              ; The binary point is to the LEFT of the msb.
E620:              ; Number = mantissa * 2 ^ exponent.
E620:              ; The mantissa is positive with a one assumed to be where the SIGN bit is.
E620:              ; The SIGN of the exponent is the first bit of the exponent.
E620:              ; The exponent is stored in excess 200, i.e. with a bias of +200.
E620:              ; So, the exponent is a signed 8-bit number with 200 added to it.
E620:              ; An exponent of ZERO means the number is ZERO.
E620:              ; The other bytes may not be assumed to be ZERO.
E620:              ; To keep the same number in the FAC while shifting,
E620:              ; 	To shift RIGHT, EXP:=EXP+1
E620:              ; 	To shift LEFT,	EXP:=EXP-1
E620:              
E620:              ; In MEMORY the number looks like this:
E620:              ; 	[The exponent as a signed number +200]
E620:              ; 	[The SIGN bit in 7, BITS 2-8 of mantissa are in BITS 6-0].
E620:              ; 		(Remember bit 1 of mantissa is always a one.)
E620:              ; 	[BITS 9-16 of the mantissa]
E620:              ; 	[BITS 17-24] of the mantissa]
E620:              
E620:              ; Arithmetic routine calling conventions:
E620:              
E620:              ; FOR one argument functions:
E620:              ; 	The argument is in the FAC.
E620:              ; 	The result is LEFT in the FAC.
E620:              ; FOR two argument operations:
E620:              ; 	The first argument is in arg (ARGEXP,ho,mo,lo and ARGSGN).
E620:              ; 	The second argument is in the FAC.
E620:              ; 	The result is LEFT in the FAC.
E620:              
E620:              ; The "t" entry points to the two-argument operations have both arguments
E620:              ; Setup in the respective registers. before calling arg may have been
E620:              ; Popped off the stack and into arg, FOR example.
E620:              ; The other entry point assumes [y,a] points to the argument
E620:              ; Somewhere in MEMORY. it is unpacked into arg by "CONUPK".

Page 123   BASIC M6502 8K VER 1.1 BY MICRO-SOFT
          FLOATING POINT MATH PACKAGE CONFIGURATION.
--------------------------------------------------------------------------------
E620:              
E620:              ; On the stack, the SGN is pushed on first, the lo,mo,ho and finally EXP.
E620:              ; Note all things are kept unpacked in arg, FAC and on the stack.
E620:              
E620:              ; It is only when something is stored away that it is packed to four
E620:              ; Bytes. the unpacked format has a SGN byte reflecting the SIGN of the
E620:              ; Number (positive=0, negative=-1) a ho,mo and lo with the high bit
E620:              ; Of the ho turned on. the EXP is the same as stored format.
E620:              ; This is done FOR speed of operation.
E620:              
E620:                      .page

Page 124   BASIC M6502 8K VER 1.1 BY MICRO-SOFT
          FLOATING POINT ADDITION AND SUBTRACTION.
--------------------------------------------------------------------------------
E620:                      .subttl FLOATING POINT ADDITION AND SUBTRACTION.
E620:              FADDH:
E620:                      LDWDI   FHALF                ;Entry to add 1/2.
E620: a9 e5                LDA     #FHALF & 0o377
E622: a0 ec                LDY     #FHALF / 0o400
E624: 4c 3f e6             JMP     FADD                 ;Unpack and go add it.
E627:              FSUB:
E627: 20 64 e8             JSR     CONUPK               ;Unpack argument into arg.
E62A:              FSUBT:
E62A: a5 a6                LDA     FACSGN
E62C: 49 ff                EOR     #0o377               ;Complement it.
E62E: 85 a6                STA     FACSGN
E630: 45 ae                EOR     ARGSGN               ;Complement ARISGN.
E632: 85 af                STA     ARISGN
E634: a5 a1                LDA     FACEXP               ;Set codes on FACEXP.
E636: 4c 42 e6             JMP     FADDT                ;[Y]=ARGEXP..
E639:                                                   ; Xlist
E639:              ; .Xcref
E639:                      .IF     REALIO != 3
E639:         E613 ZSTORD  =       STORDO
E639:                      .endif
E639:                      .IF     REALIO == 3
E639:              ZSTORD:
E639:                      LDA     POKER
E639:                      CMP     #0o146
E639:                      BNE     STORDO
E639:                      LDA     POKER + 1
E639:                      SBC     #0o31
E639:                      BNE     STORDO
E639:                      STA     POKER
E639:                      TAY
E639:                      LDA     #0o200
E639:                      STA     POKER + 1
E639:              MRCHKR:
E639:                      LDX     #0o12
E639:                      .IF     1
E639:              MRCHR:
E639:                      LDA     0o60000,X
E639:                      .endif
E639:                      .IF     1
E639:              MRCHR:
E639:                      LDA     SINCON + 0o36,X
E639:                      .endif
E639:                      AND     #0o77
E639:                      STA     (POKER),Y
E639:                      INY
E639:                      BNE     PKINC
E639:                      INC     POKER + 1
E639:              PKINC:
E639:                      DEX
E639:                      BNE     MRCHR
E639:                      DEC     ANDMSK
E639:                      BNE     MRCHKR
E639:                      RTS
E639:                      .IF     1
E639:              ; Purge ZSTORD
E639:                      .endif
E639:                      .endif
E639:              ; .Cref
E639: 77                   .byte   LIST

Page 125   BASIC M6502 8K VER 1.1 BY MICRO-SOFT
          FLOATING POINT ADDITION AND SUBTRACTION.
--------------------------------------------------------------------------------
E63A:              FADD5:
E63A: 20 71 e7             JSR     SHIFTR               ;Do a long shift.
E63D: 90 7b   E67B         BCC     FADD4                ;Continue with addition.
E63F:              FADD:
E63F: 20 64 e8             JSR     CONUPK
E642:              FADDT:
E642:                      JEQ     MOVFA                ;IF FAC=0, result is in arg.
E642: d0 47   E647         BNE     * + 5
E644: 4c d4 e9             JMP     MOVFA
E647: a6 b0                LDX     FACOV
E649: 86 96                STX     OLDOV
E64B: a2 a9                LDX     #ARGEXP              ;Default is shift argument.
E64D: a5 a9                LDA     ARGEXP               ;IF arg=0, FAC is result.
E64F:              FADDC:
E64F: a8                   TAY                          ;Also COPY acca into accy.
E650: f0 1f   E61F         BEQ     ZERRTS               ;RETURN.
E652: 38                   SEC
E653: e5 a1                SBC     FACEXP
E655: f0 7b   E67B         BEQ     FADD4                ;No shifting.
E657: 90 6b   E66B         BCC     FADDA                ;Br IF ARGEXP.lt.FACEXP.
E659: 84 a1                STY     FACEXP               ;Resulting exponent.
E65B: a4 ae                LDY     ARGSGN               ;Since arg is bigger, it's
E65D: 84 a6                STY     FACSGN               ;SIGN is SIGN of result.
E65F: 49 ff                EOR     #0o377               ;Shift a negative number of places.
E661: 69 00                ADC     #0                   ;Complete negation. w/ c=1.
E663: a0 00                LDY     #0                   ;ZERO OLDOV.
E665: 84 96                STY     OLDOV
E667: a2 a1                LDX     #FAC                 ;Shift the FAC instead.
E669: d0 6f   E66F         BNE     FADD1
E66B:              FADDA:
E66B: a0 00                LDY     #0
E66D: 84 b0                STY     FACOV
E66F:              FADD1:
E66F: c9 a7                CMP     #0o256 - 7           ;FOR speed and necessity.  gets
E671:                                                   ;Most likely case to SHIFTR fastest
E671:                                                   ;And allows shifting of neg nums
E671:                                                   ;By "QINT"*
E671: 30 3a   E63A         BMI     FADD5                ;Shift big.
E673: a8                   TAY
E674: a5 b0                LDA     FACOV                ;Set FACOV.
E676: 56 01                LSR     1,X                  ;Gets 0 in most sig bit.
E678: 20 88 e7             JSR     ROLSHF               ;Do the rolling.
E67B:              FADD4:
E67B: 24 af                BIT     ARISGN               ;GET resulting SIGN.
E67D: 10 d6   E6D6         BPL     FADD2                ;IF positive, add.
E67F:                                                   ;Carry is CLEAR.
E67F:              FADD3:
E67F: a0 a1                LDY     #FACEXP
E681: e0 a9                CPX     #ARGEXP              ;FAC is bigger.
E683: f0 87   E687         BEQ     SUBIT
E685: a0 a9                LDY     #ARGEXP              ;Arg is bigger.
E687:              SUBIT:
E687: 38                   SEC
E688: 49 ff                EOR     #0o377
E68A: 65 96                ADC     OLDOV
E68C: 85 b0                STA     FACOV
E68E: b9 04 00             LDA     3 + ADDPRC,Y
E691: f5 04                SBC     3 + ADDPRC,X
E693: 85 a5                STA     FACLO
E695: b9 03 00             LDA     2 + ADDPRC,Y

Page 126   BASIC M6502 8K VER 1.1 BY MICRO-SOFT
          FLOATING POINT ADDITION AND SUBTRACTION.
--------------------------------------------------------------------------------
E698: f5 03                SBC     2 + ADDPRC,X
E69A: 85 a4                STA     FACMO
E69C:                      .IF     ADDPRC != 0
E69C: b9 02 00             LDA     2,Y
E69F: f5 02                SBC     2,X
E6A1: 85 a3                STA     FACMOH
E6A3:                      .endif
E6A3: b9 01 00             LDA     1,Y
E6A6: f5 01                SBC     1,X
E6A8: 85 a2                STA     FACHO
E6AA:              FADFLT:
E6AA: b0 af   E6AF         BCS     NORMAL               ;Here IF signs differ. IF carry
E6AC:                                                   ;FAC is set ok.
E6AC: 20 1f e7             JSR     NEGFAC               ;Negate [FAC]*
E6AF:              NORMAL:
E6AF: a0 00                LDY     #0
E6B1: 98                   TYA
E6B2: 18                   CLC
E6B3:              NORM3:
E6B3: a6 a2                LDX     FACHO
E6B5: d0 01   E701         BNE     NORM1
E6B7: a6 a3                LDX     FACHO + 1            ;Shift 8 BITS at a TIME FOR speed.
E6B9: 86 a2                STX     FACHO
E6BB:                      .IF     ADDPRC != 0
E6BB: a6 a4                LDX     FACMOH + 1
E6BD: 86 a3                STX     FACMOH
E6BF:                      .endif
E6BF: a6 a5                LDX     FACMO + 1
E6C1: 86 a4                STX     FACMO
E6C3: a6 b0                LDX     FACOV
E6C5: 86 a5                STX     FACLO
E6C7: 84 b0                STY     FACOV
E6C9: 69 08                ADC     #0o10
E6CB: c9 20                CMP     #0o10 * ADDPRC + 0o30
E6CD: d0 b3   E6B3         BNE     NORM3
E6CF:              ZEROFC:
E6CF: a9 00                LDA     #0                   ;Not need by NORMAL but by others.
E6D1:              ZEROF1:
E6D1: 85 a1                STA     FACEXP               ;Number must be ZERO.
E6D3:              ZEROML:
E6D3: 85 a6                STA     FACSGN               ;Make SIGN positive.
E6D5: 60                   RTS                          ;All done.
E6D6:              FADD2:
E6D6: 65 96                ADC     OLDOV
E6D8: 85 b0                STA     FACOV
E6DA: a5 a5                LDA     FACLO
E6DC: 65 ad                ADC     ARGLO
E6DE: 85 a5                STA     FACLO
E6E0: a5 a4                LDA     FACMO
E6E2: 65 ac                ADC     ARGMO
E6E4: 85 a4                STA     FACMO
E6E6:                      .IF     ADDPRC != 0
E6E6: a5 a3                LDA     FACMOH
E6E8: 65 ab                ADC     ARGMOH
E6EA: 85 a3                STA     FACMOH
E6EC:                      .endif
E6EC: a5 a2                LDA     FACHO
E6EE: 65 aa                ADC     ARGHO
E6F0: 85 a2                STA     FACHO
E6F2: 4c 0e e7             JMP     SQUEEZ               ;Go ROUND IF signs same.

Page 127   BASIC M6502 8K VER 1.1 BY MICRO-SOFT
          FLOATING POINT ADDITION AND SUBTRACTION.
--------------------------------------------------------------------------------
E6F5:              
E6F5:              NORM2:
E6F5: 69 01                ADC     #1                   ;Decrement shift COUNT.
E6F7: 06 b0                ASL     FACOV                ;Shift all LEFT one bit.
E6F9: 26 a5                ROL     FACLO
E6FB: 26 a4                ROL     FACMO
E6FD:                      .IF     ADDPRC != 0
E6FD: 26 a3                ROL     FACMOH
E6FF:                      .endif
E6FF: 26 a2                ROL     FACHO
E701:              NORM1:
E701: 10 f5   E6F5         BPL     NORM2                ;IF msb=0 shift again.
E703: 38                   SEC
E704: e5 a1                SBC     FACEXP
E706: b0 cf   E6CF         BCS     ZEROFC
E708: 49 ff                EOR     #0o377
E70A: 69 01                ADC     #1                   ;Complement.
E70C: 85 a1                STA     FACEXP
E70E:              SQUEEZ:
E70E: 90 1e   E71E         BCC     RNDRTS               ;BITS to shift?
E710:              RNDSHF:
E710: e6 a1                INC     FACEXP
E712: f0 56   E756         BEQ     OVERR
E714: 66 a2                ROR     FACHO
E716:                      .IF     ADDPRC != 0
E716: 66 a3                ROR     FACMOH
E718:                      .endif
E718: 66 a4                ROR     FACMO
E71A: 66 a5                ROR     FACLO
E71C: 66 b0                ROR     FACOV
E71E:              RNDRTS:
E71E: 60                   RTS                          ;All done adding.
E71F:              
E71F:              NEGFAC:
E71F:                      COM     FACSGN               ;Complement FAC	 entirely.
E71F: a5 a6                LDA     FACSGN
E721: 49 ff                EOR     #0o377
E723: 85 a6                STA     FACSGN
E725:              NEGFCH:
E725:                      COM     FACHO                ;Complement just the number.
E725: a5 a2                LDA     FACHO
E727: 49 ff                EOR     #0o377
E729: 85 a2                STA     FACHO
E72B:                      .IF     ADDPRC != 0
E72B:                      COM     FACMOH
E72B: a5 a3                LDA     FACMOH
E72D: 49 ff                EOR     #0o377
E72F: 85 a3                STA     FACMOH
E731:                      .endif
E731:                      COM     FACMO
E731: a5 a4                LDA     FACMO
E733: 49 ff                EOR     #0o377
E735: 85 a4                STA     FACMO
E737:                      COM     FACLO
E737: a5 a5                LDA     FACLO
E739: 49 ff                EOR     #0o377
E73B: 85 a5                STA     FACLO
E73D:                      COM     FACOV
E73D: a5 b0                LDA     FACOV
E73F: 49 ff                EOR     #0o377

Page 128   BASIC M6502 8K VER 1.1 BY MICRO-SOFT
          FLOATING POINT ADDITION AND SUBTRACTION.
--------------------------------------------------------------------------------
E741: 85 b0                STA     FACOV
E743: e6 b0                INC     FACOV
E745: d0 55   E755         BNE     INCFRT
E747:              INCFAC:
E747: e6 a5                INC     FACLO
E749: d0 55   E755         BNE     INCFRT
E74B: e6 a4                INC     FACMO
E74D: d0 55   E755         BNE     INCFRT               ;IF no carry, RETURN.
E74F:                      .IF     ADDPRC != 0
E74F: e6 a3                INC     FACMOH
E751: d0 55   E755         BNE     INCFRT
E753:                      .endif
E753: e6 a2                INC     FACHO                ;Carry increment.
E755:              INCFRT:
E755: 60                   RTS
E756:              
E756:              OVERR:
E756: a2 45                LDX     #ERROV
E758: 4c 1d d3             JMP     ERROR                ;Tell user.
E75B:              
E75B:              ; "SHIFTR" shifts [x+1:x+3] [-acca]  BITS RIGHT.
E75B:              ; Shifts bytes to START with IF possible.
E75B:              
E75B:              MULSHF:
E75B: a2 64                LDX     #RESHO - 1           ;Entry point FOR multiplier.
E75D:              SHFTR2:
E75D: b4 04                LDY     3 + ADDPRC,X         ;Shift bytes first.
E75F: 84 b0                STY     FACOV
E761:                      .IF     ADDPRC != 0
E761: b4 03                LDY     3,X
E763: 94 04                STY     4,X
E765:                      .endif
E765: b4 02                LDY     2,X                  ;GET mo.
E767: 94 03                STY     3,X                  ;Store lo.
E769: b4 01                LDY     1,X                  ;GET ho.
E76B: 94 02                STY     2,X                  ;Store mo.
E76D: a4 a8                LDY     BITS
E76F: 94 01                STY     1,X                  ;Store ho.
E771:              SHIFTR:
E771: 69 08                ADC     #0o10
E773: 30 5d   E75D         BMI     SHFTR2
E775: f0 5d   E75D         BEQ     SHFTR2
E777: e9 08                SBC     #0o10                ;C can be either 1,0 and it works.
E779: a8                   TAY
E77A: a5 b0                LDA     FACOV
E77C: b0 92   E792         BCS     SHFTRT               ;Equiv to beq here.
E77E:                      .IF     RORSW != 0
E77E:              SHFTR3:
E77E: 16 01                ASL     1,X
E780: 90 84   E784         BCC     SHFTR4
E782: f6 01                INC     1,X
E784:              SHFTR4:
E784: 76 01                ROR     1,X
E786: 76 01                ROR     1,X
E788:                      .endif
E788:                                                   ;Yes, two of them.
E788:                      .IF     RORSW == 0
E788:              SHFTR3:
E788:                      PHA
E788:                      LDA     1,X

Page 129   BASIC M6502 8K VER 1.1 BY MICRO-SOFT
          FLOATING POINT ADDITION AND SUBTRACTION.
--------------------------------------------------------------------------------
E788:                      AND     #0o200
E788:                      LSR     1,X
E788:                      ORA     1,X
E788:                      STA     1,X
E788:                      SKIP1
E788:                      .endif
E788:              ROLSHF:
E788:                      .IF     RORSW != 0
E788: 76 02                ROR     2,X
E78A: 76 03                ROR     3,X
E78C:                      .IF     ADDPRC != 0
E78C: 76 04                ROR     4,X
E78E:                      .endif
E78E:                                                   ;One mo TIME.
E78E:                      .endif
E78E:                      .IF     RORSW == 0
E78E:                      PHA
E78E:                      LDA     #0
E78E:                      BCC     SHFTR5
E78E:                      LDA     #0o200
E78E:              SHFTR5:
E78E:                      LSR     2,X
E78E:                      ORA     2,X
E78E:                      STA     2,X
E78E:                      LDA     #0
E78E:                      BCC     SHFTR6
E78E:                      LDA     #0o200
E78E:              SHFTR6:
E78E:                      LSR     3,X
E78E:                      ORA     3,X
E78E:                      STA     3,X
E78E:                      .IF     ADDPRC != 0
E78E:                      LDA     #0
E78E:                      BCC     SHFT6A
E78E:                      LDA     #0o200
E78E:              SHFT6A:
E78E:                      LSR     4,X
E78E:                      ORA     4,X
E78E:                      STA     4,X
E78E:                      .endif
E78E:                      .endif
E78E:                      .IF     RORSW != 0
E78E: 6a                   ROR     A
E78F:                      .endif
E78F:                                                   ;Rotate argument 1 bit RIGHT.
E78F:                      .IF     RORSW == 0
E78F:                      PLA
E78F:                      PHP
E78F:                      LSR     A
E78F:                      PLP
E78F:                      BCC     SHFTR7
E78F:                      ORA     #0o200
E78F:                      .endif
E78F:              SHFTR7:
E78F: c8                   INY
E790: d0 7e   E77E         BNE     SHFTR3               ;$$$ ( Most expensive ! )
E792:              SHFTRT:
E792: 18                   CLC                          ;CLEAR output of FACOV.
E793: 60                   RTS
E794:                      .page

Page 130   BASIC M6502 8K VER 1.1 BY MICRO-SOFT
          NATURAL LOG FUNCTION.
--------------------------------------------------------------------------------
E794:                      .subttl NATURAL LOG FUNCTION.
E794:              
E794:              ; Calculation is by:
E794:              ; Ln(f*2^n)=(n+LOG2(f))*ln(2)
E794:              ; An approximation polynomial is used to calculate LOG2(f)*
E794:              ;  Constants used by LOG:
E794:              FONE:
E794: 81                   .byte   0o201                ; 1.0
E795: 00                   .byte   0
E796: 00                   .byte   0
E797: 00                   .byte   0
E798:                      .IF     ADDPRC != 0
E798: 00                   .byte   0
E799:                      .endif
E799:                      .IF     ADDPRC == 0
E799:              LOGCN2:
E799:                      .byte   2                    ; DEGREE-1
E799:                      .byte   0o200                ; 0.59897437
E799:                      .byte   0o031
E799:                      .byte   0o126
E799:                      .byte   0o142
E799:                      .byte   0o200                ; 0.96147080
E799:                      .byte   0o166
E799:                      .byte   0o042
E799:                      .byte   0o363
E799:                      .byte   0o202                ; 2.88539129
E799:                      .byte   0o070
E799:                      .byte   0o252
E799:                      .byte   0o100
E799:                      .endif
E799:              
E799:                      .IF     ADDPRC != 0
E799:              LOGCN2:
E799: 03                   .byte   3                    ;DEGREE-1
E79A: 7f                   .byte   0o177                ;.43425594188
E79B: 5e                   .byte   0o136
E79C: 56                   .byte   0o126
E79D: cb                   .byte   0o313
E79E: 79                   .byte   0o171
E79F: 80                   .byte   0o200                ; .57658454134
E7A0: 13                   .byte   0o023
E7A1: 9b                   .byte   0o233
E7A2: 0b                   .byte   0o013
E7A3: 64                   .byte   0o144
E7A4: 80                   .byte   0o200                ; .96180075921
E7A5: 76                   .byte   0o166
E7A6: 38                   .byte   0o070
E7A7: 93                   .byte   0o223
E7A8: 16                   .byte   0o026
E7A9: 82                   .byte   0o202                ; 2.8853900728
E7AA: 38                   .byte   0o070
E7AB: aa                   .byte   0o252
E7AC: 3b                   .byte   0o073
E7AD: 20                   .byte   0o040
E7AE:                      .endif
E7AE:              SQRHLF:
E7AE: 80                   .byte   0o200                ; SQR(0.5)
E7AF: 35                   .byte   0o065
E7B0: 04                   .byte   4
E7B1: f3                   .byte   0o363

Page 131   BASIC M6502 8K VER 1.1 BY MICRO-SOFT
          NATURAL LOG FUNCTION.
--------------------------------------------------------------------------------
E7B2:                      .IF     ADDPRC != 0
E7B2: 34                   .byte   0o064
E7B3:                      .endif
E7B3:              SQRTWO:
E7B3: 81                   .byte   0o201                ; SQR(2.0)
E7B4: 35                   .byte   0o065
E7B5: 04                   .byte   4
E7B6: f3                   .byte   0o363
E7B7:                      .IF     ADDPRC != 0
E7B7: 34                   .byte   0o064
E7B8:                      .endif
E7B8:              NEGHLF:
E7B8: 80                   .byte   0o200                ; -1/2
E7B9: 80                   .byte   0o200
E7BA: 00                   .byte   0
E7BB: 00                   .byte   0
E7BC:                      .IF     ADDPRC != 0
E7BC: 00                   .byte   0
E7BD:                      .endif
E7BD:              LOG2:
E7BD: 80                   .byte   0o200                ; Ln(2)
E7BE: 31                   .byte   0o061
E7BF: 72                   .byte   0o162
E7C0:                      .IF     ADDPRC == 0
E7C0:                      .byte   0o030
E7C0:                      .endif
E7C0:                      .IF     ADDPRC != 0
E7C0: 17                   .byte   0o027
E7C1: f8                   .byte   0o370
E7C2:                      .endif
E7C2:              
E7C2:              LOG:
E7C2: 20 03 ea             JSR     SIGN                 ;Is it positive?
E7C5: f0 c9   E7C9         BEQ     LOGERR
E7C7: 10 cc   E7CC         BPL     LOG1
E7C9:              LOGERR:
E7C9: 4c 1f e0             JMP     FCERR                ;Can't tolerate neg or ZERO.
E7CC:              LOG1:
E7CC: a5 a1                LDA     FACEXP               ;GET exponent into acca.
E7CE: e9 7f                SBC     #0o177               ;Remove bias. (carry is off)
E7D0: 48                   PHA                          ;SAVE awhile.
E7D1: a9 80                LDA     #0o200
E7D3: 85 a1                STA     FACEXP               ;Result is FAC in range [0.5,1]*
E7D5:                      LDWDI   SQRHLF               ;GET pointer to SQR(0.5)*
E7D5: a9 ae                LDA     #SQRHLF & 0o377
E7D7: a0 e7                LDY     #SQRHLF / 0o400
E7D9:              
E7D9:              ; Calculate (f-SQR(.5))/(f+SQR(.5))
E7D9:              
E7D9: 20 3f e6             JSR     FADD                 ;Add to FAC.
E7DC:                      LDWDI   SQRTWO               ;GET SQR(2.)*
E7DC: a9 b3                LDA     #SQRTWO & 0o377
E7DE: a0 e7                LDY     #SQRTWO / 0o400
E7E0: 20 e7 e8             JSR     FDIV
E7E3:                      LDWDI   FONE
E7E3: a9 94                LDA     #FONE & 0o377
E7E5: a0 e7                LDY     #FONE / 0o400
E7E7: 20 27 e6             JSR     FSUB
E7EA:                      LDWDI   LOGCN2
E7EA: a9 99                LDA     #LOGCN2 & 0o377

Page 132   BASIC M6502 8K VER 1.1 BY MICRO-SOFT
          NATURAL LOG FUNCTION.
--------------------------------------------------------------------------------
E7EC: a0 e7                LDY     #LOGCN2 / 0o400
E7EE: 20 dd ed             JSR     POLYX                ;Evaluate approximation polynomial.
E7F1:                      LDWDI   NEGHLF               ;Add in last constant.
E7F1: a9 b8                LDA     #NEGHLF & 0o377
E7F3: a0 e7                LDY     #NEGHLF / 0o400
E7F5: 20 3f e6             JSR     FADD
E7F8: 68                   PLA                          ;GET exponent back.
E7F9: 20 56 eb             JSR     FINLOG               ;Add it in.
E7FC:              MULLN2:
E7FC:                      LDWDI   LOG2                 ;Multiply result by LOG(2.0)*
E7FC: a9 bd                LDA     #LOG2 & 0o377
E7FE: a0 e7                LDY     #LOG2 / 0o400
E800:              ;	Jmp	FMULT		;multiply together.
E800:                      .page

Page 133   BASIC M6502 8K VER 1.1 BY MICRO-SOFT
          FLOATING MULTIPLICATION AND DIVISION.
--------------------------------------------------------------------------------
E800:                      .subttl FLOATING MULTIPLICATION AND DIVISION.
E800:                                                   ;Multiplication		FAC:=arg*FAC.
E800:              FMULT:
E800: 20 64 e8             JSR     CONUPK               ;Unpack the constant into arg FOR use.
E803:              FMULTT:
E803:                      JEQ     MULTRT               ;IF FAC=0, RETURN. FAC is set.
E803: d0 08   E808         BNE     * + 5
E805: 4c 63 e8             JMP     MULTRT
E808: 20 8f e8             JSR     MULDIV               ;Fix up the exponents.
E80B: a9 00                LDA     #0                   ;To CLEAR result.
E80D: 85 65                STA     RESHO
E80F:                      .IF     ADDPRC != 0
E80F: 85 66                STA     RESMOH
E811:                      .endif
E811: 85 67                STA     RESMO
E813: 85 68                STA     RESLO
E815: a5 b0                LDA     FACOV
E817: 20 31 e8             JSR     MLTPLY
E81A: a5 a5                LDA     FACLO                ;MLTPLY arg by FACLO.
E81C: 20 31 e8             JSR     MLTPLY
E81F: a5 a4                LDA     FACMO                ;MLTPLY arg by FACMO.
E821: 20 31 e8             JSR     MLTPLY
E824:                      .IF     ADDPRC != 0
E824: a5 a3                LDA     FACMOH
E826: 20 31 e8             JSR     MLTPLY
E829:                      .endif
E829: a5 a2                LDA     FACHO                ;MLTPLY arg by FACHO.
E82B: 20 36 e8             JSR     MLTPL1
E82E: 4c 67 e9             JMP     MOVFR                ;Move result into FAC
E831:                                                   ;Normalize result, and RETURN.
E831:              MLTPLY:
E831:                      JEQ     MULSHF               ;Shift result RIGHT 1 byte.
E831: d0 36   E836         BNE     * + 5
E833: 4c 5b e7             JMP     MULSHF
E836:              MLTPL1:
E836: 4a                   LSR     A
E837: 09 80                ORA     #0o200
E839:              MLTPL2:
E839: a8                   TAY
E83A: 90 55   E855         BCC     MLTPL3               ;It mult bit=0, just shift.
E83C: 18                   CLC
E83D: a5 68                LDA     RESLO
E83F: 65 ad                ADC     ARGLO
E841: 85 68                STA     RESLO
E843: a5 67                LDA     RESMO
E845: 65 ac                ADC     ARGMO
E847: 85 67                STA     RESMO
E849:                      .IF     ADDPRC != 0
E849: a5 66                LDA     RESMOH
E84B: 65 ab                ADC     ARGMOH
E84D: 85 66                STA     RESMOH
E84F:                      .endif
E84F: a5 65                LDA     RESHO
E851: 65 aa                ADC     ARGHO
E853: 85 65                STA     RESHO
E855:              MLTPL3:
E855: 66 65                ROR     RESHO
E857:                      .IF     ADDPRC != 0
E857: 66 66                ROR     RESMOH
E859:                      .endif

Page 134   BASIC M6502 8K VER 1.1 BY MICRO-SOFT
          FLOATING MULTIPLICATION AND DIVISION.
--------------------------------------------------------------------------------
E859: 66 67                ROR     RESMO
E85B: 66 68                ROR     RESLO
E85D: 66 b0                ROR     FACOV                ;SAVE FOR rounding.
E85F: 98                   TYA
E860: 4a                   LSR     A                    ;CLEAR msb so we GET a closer to 0.
E861: d0 39   E839         BNE     MLTPL2               ;Slow as a turtle !
E863:              MULTRT:
E863: 60                   RTS
E864:              
E864:                                                   ;Routine to unpack MEMORY into arg.
E864:              CONUPK:
E864:                      STWD    INDEX1
E864: 85 61                STA     INDEX1
E866: 84 62                STY     INDEX1 + 1
E868: a0 04                LDY     #3 + ADDPRC
E86A: b1 61                LDA     (INDEX1),Y
E86C: 85 ad                STA     ARGLO
E86E: 88                   DEY
E86F: b1 61                LDA     (INDEX1),Y
E871: 85 ac                STA     ARGMO
E873: 88                   DEY
E874:                      .IF     ADDPRC != 0
E874: b1 61                LDA     (INDEX1),Y
E876: 85 ab                STA     ARGMOH
E878: 88                   DEY
E879:                      .endif
E879: b1 61                LDA     (INDEX1),Y
E87B: 85 ae                STA     ARGSGN
E87D: 45 a6                EOR     FACSGN
E87F: 85 af                STA     ARISGN
E881: a5 ae                LDA     ARGSGN
E883: 09 80                ORA     #0o200
E885: 85 aa                STA     ARGHO
E887: 88                   DEY
E888: b1 61                LDA     (INDEX1),Y
E88A: 85 a9                STA     ARGEXP
E88C: a5 a1                LDA     FACEXP               ;Set codes of FACEXP.
E88E: 60                   RTS
E88F:              
E88F:                                                   ;Check special cases and add exponents FOR FMULT, FDIV.
E88F:              MULDIV:
E88F: a5 a9                LDA     ARGEXP               ;EXP of arg=0?
E891:              MLDEXP:
E891: f0 b2   E8B2         BEQ     ZEREMV               ;So we GET ZERO exponent.
E893: 18                   CLC
E894: 65 a1                ADC     FACEXP               ;Result is in acca.
E896: 90 9c   E89C         BCC     TRYOFF               ;Find [c] xor [n]*
E898: 30 b7   E8B7         BMI     GOOVER               ;Overflow IF BITS match.
E89A: 18                   CLC
E89B:                      SKIP2
E89B: 2c                   .byte   0o054
E89C:              TRYOFF:
E89C: 10 b2   E8B2         BPL     ZEREMV               ;Underflow.
E89E: 69 80                ADC     #0o200               ;Add bias.
E8A0: 85 a1                STA     FACEXP
E8A2:                      JEQ     ZEROML               ;ZERO the rest of it.
E8A2: d0 a7   E8A7         BNE     * + 5
E8A4: 4c d3 e6             JMP     ZEROML
E8A7: a5 af                LDA     ARISGN
E8A9: 85 a6                STA     FACSGN               ;ARISGN is result's SIGN.

Page 135   BASIC M6502 8K VER 1.1 BY MICRO-SOFT
          FLOATING MULTIPLICATION AND DIVISION.
--------------------------------------------------------------------------------
E8AB: 60                   RTS                          ;Done.
E8AC:              MLDVEX:
E8AC: a5 a6                LDA     FACSGN               ;GET SIGN.
E8AE: 49 ff                EOR     #0o377               ;Complement it.
E8B0: 30 b7   E8B7         BMI     GOOVER
E8B2:              ZEREMV:
E8B2: 68                   PLA                          ;GET addr off stack.
E8B3: 68                   PLA
E8B4: 4c cf e6             JMP     ZEROFC               ;Underflow.
E8B7:              GOOVER:
E8B7: 4c 56 e7             JMP     OVERR                ;Overflow.
E8BA:              
E8BA:                                                   ;Multiply FAC by 10.
E8BA:              MUL10:
E8BA: 20 e4 e9             JSR     MOVAF                ;COPY FAC into arg.
E8BD: aa                   TAX
E8BE: f0 d0   E8D0         BEQ     MUL10R               ;IF [FAC]=0, got answer.
E8C0: 18                   CLC
E8C1: 69 02                ADC     #2                   ;Augment EXP by 2.
E8C3: b0 b7   E8B7         BCS     GOOVER               ;Overflow.
E8C5:              FINML6:
E8C5: a2 00                LDX     #0
E8C7: 86 af                STX     ARISGN               ;Signs are same.
E8C9: 20 4f e6             JSR     FADDC                ;Add together.
E8CC: e6 a1                INC     FACEXP               ;Multiply by two.
E8CE: f0 b7   E8B7         BEQ     GOOVER               ;Overflow.
E8D0:              MUL10R:
E8D0: 60                   RTS
E8D1:              
E8D1:                                                   ; DIVIDE FAC by 10.
E8D1:              TENZC:
E8D1: 84                   .byte   0o204
E8D2: 20                   .byte   0o040
E8D3: 00                   .byte   0
E8D4: 00                   .byte   0
E8D5:                      .IF     ADDPRC != 0
E8D5: 00                   .byte   0
E8D6:                      .endif
E8D6:              DIV10:
E8D6: 20 e4 e9             JSR     MOVAF                ;Move FAC to arg.
E8D9:                      LDWDI   TENZC                ;Point to constant of 10.0
E8D9: a9 d1                LDA     #TENZC & 0o377
E8DB: a0 e8                LDY     #TENZC / 0o400
E8DD: a2 00                LDX     #0                   ;Signs are both positive.
E8DF:              FDIVF:
E8DF: 86 af                STX     ARISGN
E8E1: 20 7a e9             JSR     MOVFM                ;Put it into FAC.
E8E4: 4c ea e8             JMP     FDIVT                ;Skip over NEXT two bytes.
E8E7:              FDIV:
E8E7: 20 64 e8             JSR     CONUPK               ;Unpack constant.
E8EA:              FDIVT:
E8EA: f0 62   E962         BEQ     DV0ERR               ;Can't DIVIDE by ZERO !
E8EC:                                                   ;(Not enough room to store result.)
E8EC: 20 f3 e9             JSR     ROUND                ;Take FACOV into acct in FAC.
E8EF: a9 00                LDA     #0                   ;Negate FACEXP.
E8F1: 38                   SEC
E8F2: e5 a1                SBC     FACEXP
E8F4: 85 a1                STA     FACEXP
E8F6: 20 8f e8             JSR     MULDIV               ;Fix up exponents.
E8F9: e6 a1                INC     FACEXP               ;Scale it RIGHT.

Page 136   BASIC M6502 8K VER 1.1 BY MICRO-SOFT
          FLOATING MULTIPLICATION AND DIVISION.
--------------------------------------------------------------------------------
E8FB: f0 b7   E8B7         BEQ     GOOVER               ;Overflow.
E8FD: a2 aa                LDX     #0o256 - 3 - ADDPRC  ;Setup procedure.
E8FF: a9 01                LDA     #1
E901:              DIVIDE:
E901:                                                   ;This is the best code in the whole pile.
E901: a4 aa                LDY     ARGHO                ;See what relation holds.
E903: c4 a2                CPY     FACHO
E905: d0 17   E917         BNE     SAVQUO               ;[C]=0,1. n(c=0)=0.
E907:                      .IF     ADDPRC != 0
E907: a4 ab                LDY     ARGMOH
E909: c4 a3                CPY     FACMOH
E90B: d0 17   E917         BNE     SAVQUO
E90D:                      .endif
E90D: a4 ac                LDY     ARGMO
E90F: c4 a4                CPY     FACMO
E911: d0 17   E917         BNE     SAVQUO
E913: a4 ad                LDY     ARGLO
E915: c4 a5                CPY     FACLO
E917:              SAVQUO:
E917: 08                   PHP
E918: 2a                   ROL     A                    ;SAVE result.
E919: 90 24   E924         BCC     QSHFT                ;IF not done, continue.
E91B: e8                   INX
E91C: 95 68                STA     RESLO,X
E91E: f0 52   E952         BEQ     LD100
E920: 10 56   E956         BPL     DIVNRM               ;Note this req 1 mo ram then necess.
E922: a9 01                LDA     #1
E924:              QSHFT:
E924: 28                   PLP                          ;RETURN condition codes.
E925: b0 35   E935         BCS     DIVSUB               ;FAC .le. arg.
E927:              SHFARG:
E927: 06 ad                ASL     ARGLO                ;Shift arg one place LEFT.
E929: 26 ac                ROL     ARGMO
E92B:                      .IF     ADDPRC != 0
E92B: 26 ab                ROL     ARGMOH
E92D:                      .endif
E92D: 26 aa                ROL     ARGHO
E92F: b0 17   E917         BCS     SAVQUO               ;SAVE a result of one FOR this position
E931:                                                   ;And DIVIDE.
E931: 30 01   E901         BMI     DIVIDE               ;IF msb on, go decide whether to sub.
E933: 10 17   E917         BPL     SAVQUO
E935:              DIVSUB:
E935: a8                   TAY                          ;Notice c must be on here.
E936: a5 ad                LDA     ARGLO
E938: e5 a5                SBC     FACLO
E93A: 85 ad                STA     ARGLO
E93C: a5 ac                LDA     ARGMO
E93E: e5 a4                SBC     FACMO
E940: 85 ac                STA     ARGMO
E942:                      .IF     ADDPRC != 0
E942: a5 ab                LDA     ARGMOH
E944: e5 a3                SBC     FACMOH
E946: 85 ab                STA     ARGMOH
E948:                      .endif
E948: a5 aa                LDA     ARGHO
E94A: e5 a2                SBC     FACHO
E94C: 85 aa                STA     ARGHO
E94E: 98                   TYA
E94F: 4c 27 e9             JMP     SHFARG
E952:              LD100:

Page 137   BASIC M6502 8K VER 1.1 BY MICRO-SOFT
          FLOATING MULTIPLICATION AND DIVISION.
--------------------------------------------------------------------------------
E952: a9 40                LDA     #0o100               ;Only want two more BITS.
E954: d0 24   E924         BNE     QSHFT                ;Always branches.
E956:              DIVNRM:
E956:                      .repeat 6
E956: 0a                   ASL     A
E957: 0a                   ASL     A
E958: 0a                   ASL     A
E959: 0a                   ASL     A
E95A: 0a                   ASL     A
E95B: 0a                   ASL     A
E95C:                      .endrepeat
E95C:                                                   ;GET last two BITS into msb and b6.
E95C: 85 b0                STA     FACOV
E95E: 28                   PLP                          ;To GET garbage off stack.
E95F: 4c 67 e9             JMP     MOVFR                ;Move result into FAC, then
E962:                                                   ;Normalize result and RETURN.
E962:              DV0ERR:
E962: a2 85                LDX     #ERRDV0
E964: 4c 1d d3             JMP     ERROR
E967:                      .page

Page 138   BASIC M6502 8K VER 1.1 BY MICRO-SOFT
          FLOATING POINT MOVEMENT ROUTINES.
--------------------------------------------------------------------------------
E967:                      .subttl FLOATING POINT MOVEMENT ROUTINES.
E967:                                                   ;Move result to FAC.
E967:              MOVFR:
E967: a5 65                LDA     RESHO
E969: 85 a2                STA     FACHO
E96B:                      .IF     ADDPRC != 0
E96B: a5 66                LDA     RESMOH
E96D: 85 a3                STA     FACMOH
E96F:                      .endif
E96F: a5 67                LDA     RESMO
E971: 85 a4                STA     FACMO
E973: a5 68                LDA     RESLO                ;Move lo and SGN.
E975: 85 a5                STA     FACLO
E977: 4c af e6             JMP     NORMAL               ;All done.
E97A:              
E97A:                                                   ;Move MEMORY into FAC (unpacked)*
E97A:              MOVFM:
E97A:                      STWD    INDEX1
E97A: 85 61                STA     INDEX1
E97C: 84 62                STY     INDEX1 + 1
E97E: a0 04                LDY     #3 + ADDPRC
E980: b1 61                LDA     (INDEX1),Y
E982: 85 a5                STA     FACLO
E984: 88                   DEY
E985: b1 61                LDA     (INDEX1),Y
E987: 85 a4                STA     FACMO
E989: 88                   DEY
E98A:                      .IF     ADDPRC != 0
E98A: b1 61                LDA     (INDEX1),Y
E98C: 85 a3                STA     FACMOH
E98E: 88                   DEY
E98F:                      .endif
E98F: b1 61                LDA     (INDEX1),Y
E991: 85 a6                STA     FACSGN
E993: 09 80                ORA     #0o200
E995: 85 a2                STA     FACHO
E997: 88                   DEY
E998: b1 61                LDA     (INDEX1),Y
E99A: 85 a1                STA     FACEXP               ;Leave switches set on EXP.
E99C: 84 b0                STY     FACOV
E99E: 60                   RTS
E99F:              
E99F:                                                   ;Move number from FAC to MEMORY.
E99F:              MOV2F:
E99F: a2 9c                LDX     #TEMPF2
E9A1:                      SKIP2
E9A1: 2c                   .byte   0o054
E9A2:              MOV1F:
E9A2: a2 97                LDX     #TEMPF1
E9A4:              MOVML:
E9A4: a0 00                LDY     #0
E9A6: f0 ac   E9AC         BEQ     MOVMF                ;Always branches.
E9A8:              MOVVF:
E9A8:                      LDXY    FORPNT
E9A8: a6 88                LDX     FORPNT
E9AA: a4 89                LDY     FORPNT + 1
E9AC:              MOVMF:
E9AC: 20 f3 e9             JSR     ROUND
E9AF:                      STXY    INDEX1
E9AF: 86 61                STX     INDEX1

Page 139   BASIC M6502 8K VER 1.1 BY MICRO-SOFT
          FLOATING POINT MOVEMENT ROUTINES.
--------------------------------------------------------------------------------
E9B1: 84 62                STY     INDEX1 + 1
E9B3: a0 04                LDY     #3 + ADDPRC
E9B5: a5 a5                LDA     FACLO
E9B7: 91 61                STA     (INDEX),Y
E9B9: 88                   DEY
E9BA: a5 a4                LDA     FACMO
E9BC: 91 61                STA     (INDEX),Y
E9BE: 88                   DEY
E9BF:                      .IF     ADDPRC != 0
E9BF: a5 a3                LDA     FACMOH
E9C1: 91 61                STA     (INDEX),Y
E9C3: 88                   DEY
E9C4:                      .endif
E9C4: a5 a6                LDA     FACSGN               ;Include SIGN in ho.
E9C6: 09 7f                ORA     #0o177
E9C8: 25 a2                AND     FACHO
E9CA: 91 61                STA     (INDEX),Y
E9CC: 88                   DEY
E9CD: a5 a1                LDA     FACEXP
E9CF: 91 61                STA     (INDEX),Y
E9D1: 84 b0                STY     FACOV                ;ZERO it since rounded.
E9D3: 60                   RTS                          ;[Y]=0.
E9D4:              
E9D4:                                                   ;Move arg into FAC.
E9D4:              MOVFA:
E9D4: a5 ae                LDA     ARGSGN
E9D6:              MOVFA1:
E9D6: 85 a6                STA     FACSGN
E9D8: a2 05                LDX     #4 + ADDPRC
E9DA:              MOVFAL:
E9DA: b5 a8                LDA     ARGEXP - 1,X
E9DC: 95 a0                STA     FACEXP - 1,X
E9DE: ca                   DEX
E9DF: d0 da   E9DA         BNE     MOVFAL
E9E1: 86 b0                STX     FACOV
E9E3: 60                   RTS
E9E4:              
E9E4:                                                   ;Move FAC into arg.
E9E4:              MOVAF:
E9E4: 20 f3 e9             JSR     ROUND
E9E7:              MOVEF:
E9E7: a2 06                LDX     #5 + ADDPRC
E9E9:              MOVAFL:
E9E9: b5 a0                LDA     FACEXP - 1,X
E9EB: 95 a8                STA     ARGEXP - 1,X
E9ED: ca                   DEX
E9EE: d0 e9   E9E9         BNE     MOVAFL
E9F0: 86 b0                STX     FACOV                ;ZERO it since rounded.
E9F2:              MOVRTS:
E9F2: 60                   RTS
E9F3:              
E9F3:              ROUND:
E9F3: a5 a1                LDA     FACEXP               ;ZERO?
E9F5: f0 f2   E9F2         BEQ     MOVRTS               ;Yes. done rounding.
E9F7: 06 b0                ASL     FACOV                ;ROUND?
E9F9: 90 f2   E9F2         BCC     MOVRTS               ;No. msb off.
E9FB:              INCRND:
E9FB: 20 47 e7             JSR     INCFAC               ;Yes, add one to lsb(FAC)*
E9FE: d0 f2   E9F2         BNE     MOVRTS               ;No carry means done.
EA00: 4c 10 e7             JMP     RNDSHF               ;SQUEEZ msb in and rts.

Page 140   BASIC M6502 8K VER 1.1 BY MICRO-SOFT
          FLOATING POINT MOVEMENT ROUTINES.
--------------------------------------------------------------------------------
EA03:                                                   ;Note [c]=1 since INCFAC doesnt touch c.
EA03:                      .page

Page 141   BASIC M6502 8K VER 1.1 BY MICRO-SOFT
          SIGN, SGN, FLOAT, NEG, ABS.
--------------------------------------------------------------------------------
EA03:                      .subttl SIGN, SGN, FLOAT, NEG, ABS.
EA03:              
EA03:                                                   ;Put SIGN of FAC in acca.
EA03:              SIGN:
EA03: a5 a1                LDA     FACEXP
EA05: f0 10   EA10         BEQ     SIGNRT               ;IF number is ZERO, so is result.
EA07:              FCSIGN:
EA07: a5 a6                LDA     FACSGN
EA09:              FCOMPS:
EA09: 2a                   ROL     A
EA0A: a9 ff                LDA     #0o377               ;Assume negative.
EA0C: b0 10   EA10         BCS     SIGNRT
EA0E: a9 01                LDA     #1                   ;GET +1.
EA10:              SIGNRT:
EA10: 60                   RTS
EA11:              
EA11:                                                   ;SGN function.
EA11:              SGN:
EA11: 20 03 ea             JSR     SIGN
EA14:              
EA14:                                                   ;FLOAT the signed integer in acca.
EA14:              FLOAT:
EA14: 85 a2                STA     FACHO                ;Put [acca] in high order.
EA16: a9 00                LDA     #0
EA18: 85 a3                STA     FACHO + 1
EA1A: a2 88                LDX     #0o210               ;GET the exponent.
EA1C:              
EA1C:                                                   ;FLOAT the signed number in FAC.
EA1C:              FLOATS:
EA1C: a5 a2                LDA     FACHO
EA1E: 49 ff                EOR     #0o377
EA20: 2a                   ROL     A                    ;GET comp of SIGN in carry.
EA21:              FLOATC:
EA21: a9 00                LDA     #0                   ;ZERO [acca] but not carry.
EA23: 85 a5                STA     FACLO
EA25:                      .IF     ADDPRC != 0
EA25: 85 a4                STA     FACMO
EA27:                      .endif
EA27:              FLOATB:
EA27: 86 a1                STX     FACEXP
EA29: 85 b0                STA     FACOV
EA2B: 85 a6                STA     FACSGN
EA2D: 4c aa e6             JMP     FADFLT
EA30:              
EA30:                                                   ;Absolute value of FAC.
EA30:              ABS:
EA30: 46 a6                LSR     FACSGN
EA32: 60                   RTS
EA33:              
EA33:                      .page

Page 142   BASIC M6502 8K VER 1.1 BY MICRO-SOFT
          COMPARE TWO NUMBERS.
--------------------------------------------------------------------------------
EA33:                      .subttl COMPARE TWO NUMBERS.
EA33:                                                   ;A=1 IF arg .lt. FAC.
EA33:                                                   ;A=0 IF arg=FAC.
EA33:                                                   ;A=-1 IF arg .gt. FAC.
EA33:              FCOMP:
EA33: 85 63                STA     INDEX2
EA35:              FCOMPN:
EA35: 84 64                STY     INDEX2 + 1
EA37: a0 00                LDY     #0
EA39: b1 63                LDA     (INDEX2),Y           ;Has ARGEXP.
EA3B: c8                   INY                          ;Bump pntr up.
EA3C: aa                   TAX                          ;SAVE a in x and reset codes.
EA3D: f0 03   EA03         BEQ     SIGN
EA3F: b1 63                LDA     (INDEX2),Y
EA41: 45 a6                EOR     FACSGN               ;Signs the same.
EA43: 30 07   EA07         BMI     FCSIGN               ;Signs differ so result is
EA45:                                                   ;SIGN of FAC again.
EA45:              FOUTCP:
EA45: e4 a1                CPX     FACEXP
EA47: d0 6a   EA6A         BNE     FCOMPC
EA49: b1 63                LDA     (INDEX2),Y
EA4B: 09 80                ORA     #0o200
EA4D: c5 a2                CMP     FACHO
EA4F: d0 6a   EA6A         BNE     FCOMPC
EA51: c8                   INY
EA52:                      .IF     ADDPRC != 0
EA52: b1 63                LDA     (INDEX2),Y
EA54: c5 a3                CMP     FACMOH
EA56: d0 6a   EA6A         BNE     FCOMPC
EA58: c8                   INY
EA59:                      .endif
EA59: b1 63                LDA     (INDEX2),Y
EA5B: c5 a4                CMP     FACMO
EA5D: d0 6a   EA6A         BNE     FCOMPC
EA5F: c8                   INY
EA60: a9 7f                LDA     #0o177
EA62: c5 b0                CMP     FACOV
EA64: b1 63                LDA     (INDEX2),Y
EA66: e5 a5                SBC     FACLO                ;GET ZERO IF equal.
EA68: f0 92   EA92         BEQ     QINTRT
EA6A:              FCOMPC:
EA6A: a5 a6                LDA     FACSGN
EA6C: 90 70   EA70         BCC     FCOMPD
EA6E: 49 ff                EOR     #0o377
EA70:              FCOMPD:
EA70: 4c 09 ea             JMP     FCOMPS               ;A part of SIGN sets acca up.
EA73:              
EA73:                      .page

Page 143   BASIC M6502 8K VER 1.1 BY MICRO-SOFT
          GREATEST INTEGER FUNCTION.
--------------------------------------------------------------------------------
EA73:                      .subttl GREATEST INTEGER FUNCTION.
EA73:                                                   ;Quick greatest integer function.
EA73:                                                   ;Leaves INT(FAC) in FACHO&mo&lo signed.
EA73:                                                   ;Assumes FAC .lt. 2^23 = 8388608
EA73:              QINT:
EA73: a5 a1                LDA     FACEXP
EA75: f0 c1   EAC1         BEQ     CLRFAC               ;IF ZERO, got it.
EA77: 38                   SEC
EA78: e9 a0                SBC     #8 * ADDPRC + 0o230  ;GET number of places to shift.
EA7A: 24 a6                BIT     FACSGN
EA7C: 10 87   EA87         BPL     QISHFT
EA7E: aa                   TAX
EA7F: a9 ff                LDA     #0o377
EA81: 85 a8                STA     BITS                 ;Put 377 in when shftr shifts bytes.
EA83: 20 25 e7             JSR     NEGFCH               ;Truly negate quantity in FAC.
EA86: 8a                   TXA
EA87:              QISHFT:
EA87: a2 a1                LDX     #FAC
EA89: c9 a7                CMP     #0o256 - 7
EA8B: 10 93   EA93         BPL     QINT1                ;IF number of places .ge. 7
EA8D:                                                   ;Shift 1 place at a TIME.
EA8D: 20 71 e7             JSR     SHIFTR               ;START shifting bytes, then BITS.
EA90: 84 a8                STY     BITS                 ;ZERO BITS since adder wants ZERO.
EA92:              QINTRT:
EA92: 60                   RTS
EA93:              QINT1:
EA93: a8                   TAY                          ;Put COUNT in counter.
EA94: a5 a6                LDA     FACSGN
EA96: 29 80                AND     #0o200               ;GET SIGN bit.
EA98: 46 a2                LSR     FACHO                ;SAVE first shifted byte.
EA9A: 05 a2                ORA     FACHO
EA9C: 85 a2                STA     FACHO
EA9E: 20 88 e7             JSR     ROLSHF               ;Shift the rest.
EAA1: 84 a8                STY     BITS                 ;ZERO [BITS]*
EAA3: 60                   RTS
EAA4:              
EAA4:                                                   ;Greatest integer function.
EAA4:              INT:
EAA4: a5 a1                LDA     FACEXP
EAA6: c9 a0                CMP     #8 * ADDPRC + 0o230
EAA8: b0 ca   EACA         BCS     INTRTS               ;Forget it.
EAAA: 20 73 ea             JSR     QINT
EAAD: 84 b0                STY     FACOV                ;Clr overflow byte.
EAAF: a5 a6                LDA     FACSGN
EAB1: 84 a6                STY     FACSGN               ;Make FAC look positive.
EAB3: 49 80                EOR     #0o200               ;GET complement of SIGN in carry.
EAB5: 2a                   ROL     A
EAB6: a9 a0                LDA     #8 * ADDPRC + 0o230
EAB8: 85 a1                STA     FACEXP
EABA: a5 a5                LDA     FACLO
EABC: 85 0d                STA     INTEGR
EABE: 4c aa e6             JMP     FADFLT
EAC1:              CLRFAC:
EAC1: 85 a2                STA     FACHO                ;Make it really ZERO.
EAC3:                      .IF     ADDPRC != 0
EAC3: 85 a3                STA     FACMOH
EAC5:                      .endif
EAC5: 85 a4                STA     FACMO
EAC7: 85 a5                STA     FACLO
EAC9: a8                   TAY

Page 144   BASIC M6502 8K VER 1.1 BY MICRO-SOFT
          GREATEST INTEGER FUNCTION.
--------------------------------------------------------------------------------
EACA:              INTRTS:
EACA: 60                   RTS
EACB:                      .page

Page 145   BASIC M6502 8K VER 1.1 BY MICRO-SOFT
          FLOATING POINT INPUT ROUTINE.
--------------------------------------------------------------------------------
EACB:                      .subttl FLOATING POINT INPUT ROUTINE.
EACB:                                                   ;Number INPUT is LEFT in FAC.
EACB:                                                   ;At entry [TXTPTR] points to the first character in a text buffer.
EACB:                                                   ;The first character is also in acca. FIN packs the digits
EACB:                                                   ;Into the FAC as an integer and keeps track of where the
EACB:                                                   ;Decimal point is. [DPTFLG] tell whether a dp has been
EACB:                                                   ;Seen. [DECCNT] is the number of digits after the dp.
EACB:                                                   ;At the END [DECCNT] and the exponent are used to
EACB:                                                   ;Determine how many times to multiply or DIVIDE by ten
EACB:                                                   ;To GET the correct number.
EACB:              FIN:
EACB: a0 00                LDY     #0                   ;ZERO FACSGN&SGNFLG.
EACD: a2 0a                LDX     #0o11 + ADDPRC       ;ZERO EXP and ho (and moh)*
EACF:              FINZLP:
EACF: 94 9d                STY     DECCNT,X             ;ZERO mo and lo.
EAD1: ca                   DEX                          ;ZERO TENEXP and EXPSGN
EAD2: 10 cf   EACF         BPL     FINZLP               ;ZERO DECCNT, DPTFLG.
EAD4: 90 e5   EAE5         BCC     FINDGQ               ;Flags still set from CHRGET.
EAD6: c9 2d                CMP     #"-"                 ;A negative SIGN?
EAD8: d0 de   EADE         BNE     QPLUS                ;No, try plus SIGN.
EADA: 86 a7                STX     SGNFLG               ;It's negative. (x=377)*
EADC: f0 e2   EAE2         BEQ     FINC                 ;Always branches.
EADE:              QPLUS:
EADE: c9 2b                CMP     #"+"                 ;Plus SIGN?
EAE0: d0 e7   EAE7         BNE     FIN1                 ;Yes, skip it.
EAE2:              FINC:
EAE2: 20 b3 00             JSR     CHRGET
EAE5:              FINDGQ:
EAE5: 90 42   EB42         BCC     FINDIG
EAE7:              FIN1:
EAE7: c9 2a                CMP     #"*"                 ;The dp?
EAE9: f0 19   EB19         BEQ     FINDP                ;No kidding.
EAEB: c9 45                CMP     #"E"                 ;Exponent follows.
EAED: d0 1f   EB1F         BNE     FINE                 ;No.
EAEF:                                                   ;Here to check FOR SIGN of EXP.
EAEF: 20 b3 00             JSR     CHRGET               ;Yes. GET another.
EAF2: 90 0b   EB0B         BCC     FNEDG1               ;It is a digit. (easier than
EAF4:                                                   ;Backing up pointer.)
EAF4: c9 a4                CMP     #MINUTK              ;Minus?
EAF6: f0 06   EB06         BEQ     FINEC1               ;Negate.
EAF8: c9 2d                CMP     #"-"                 ;Minus SIGN?
EAFA: f0 06   EB06         BEQ     FINEC1
EAFC: c9 a3                CMP     #PLUSTK              ;Plus?
EAFE: f0 08   EB08         BEQ     FINEC
EB00: c9 2b                CMP     #"+"                 ;Plus SIGN?
EB02: f0 08   EB08         BEQ     FINEC
EB04: d0 0d   EB0D         BNE     FINEC2
EB06:              FINEC1:
EB06: 66 a0                ROR     EXPSGN               ;Turn it on.
EB08:              FINEC:
EB08: 20 b3 00             JSR     CHRGET               ;GET another.
EB0B:              FNEDG1:
EB0B: 90 69   EB69         BCC     FINEDG               ;It is a digit.
EB0D:              FINEC2:
EB0D: 24 a0                BIT     EXPSGN
EB0F: 10 1f   EB1F         BPL     FINE
EB11: a9 00                LDA     #0
EB13: 38                   SEC
EB14: e5 9e                SBC     TENEXP
EB16: 4c 21 eb             JMP     FINE1

Page 146   BASIC M6502 8K VER 1.1 BY MICRO-SOFT
          FLOATING POINT INPUT ROUTINE.
--------------------------------------------------------------------------------
EB19:              FINDP:
EB19: 66 9f                ROR     DPTFLG
EB1B: 24 9f                BIT     DPTFLG
EB1D: 50 e2   EAE2         BVC     FINC
EB1F:              FINE:
EB1F: a5 9e                LDA     TENEXP
EB21:              FINE1:
EB21: 38                   SEC
EB22: e5 9d                SBC     DECCNT               ;GET number of places to shift.
EB24: 85 9e                STA     TENEXP
EB26: f0 3a   EB3A         BEQ     FINQNG               ;Negate?
EB28: 10 33   EB33         BPL     FINMUL               ;Positive so multiply.
EB2A:              FINDIV:
EB2A: 20 d6 e8             JSR     DIV10
EB2D: e6 9e                INC     TENEXP               ;Done?
EB2F: d0 2a   EB2A         BNE     FINDIV               ;No.
EB31: f0 3a   EB3A         BEQ     FINQNG               ;Yes.
EB33:              FINMUL:
EB33: 20 ba e8             JSR     MUL10
EB36: c6 9e                DEC     TENEXP               ;Done?
EB38: d0 33   EB33         BNE     FINMUL               ;No
EB3A:              FINQNG:
EB3A: a5 a7                LDA     SGNFLG
EB3C: 30 3f   EB3F         BMI     NEGXQS               ;IF positive, RETURN.
EB3E: 60                   RTS
EB3F:              NEGXQS:
EB3F: 4c 51 ed             JMP     NEGOP                ;Otherwise, negate and RETURN.
EB42:              
EB42:              FINDIG:
EB42: 48                   PHA
EB43: 24 9f                BIT     DPTFLG
EB45: 10 49   EB49         BPL     FINDG1
EB47: e6 9d                INC     DECCNT
EB49:              FINDG1:
EB49: 20 ba e8             JSR     MUL10
EB4C: 68                   PLA                          ;GET it back.
EB4D: 38                   SEC
EB4E: e9 30                SBC     #"0"
EB50: 20 56 eb             JSR     FINLOG               ;Add it in.
EB53: 4c e2 ea             JMP     FINC
EB56:              
EB56:              FINLOG:
EB56: 48                   PHA
EB57: 20 e4 e9             JSR     MOVAF                ;SAVE FAC FOR later.
EB5A: 68                   PLA
EB5B: 20 14 ea             JSR     FLOAT                ;FLOAT the value in acca.
EB5E: a5 ae                LDA     ARGSGN
EB60: 45 a6                EOR     FACSGN
EB62: 85 af                STA     ARISGN               ;Resultant SIGN.
EB64: a6 a1                LDX     FACEXP               ;Set signs on thing to add.
EB66: 4c 42 e6             JMP     FADDT                ;Add together and RETURN.
EB69:              
EB69:                                                   ;Here pack in the NEXT digit of the exponent.
EB69:                                                   ;Multiply the old EXP by 10 and add in the NEXT
EB69:                                                   ;Digit. note: EXP overflow is not checked FOR.
EB69:              FINEDG:
EB69: a5 9e                LDA     TENEXP               ;GET EXP so far.
EB6B: c9 0a                CMP     #0o12                ;Will result be .ge. 100?
EB6D: 90 78   EB78         BCC     MLEX10
EB6F: a9 64                LDA     #0o144               ;GET 100.

Page 147   BASIC M6502 8K VER 1.1 BY MICRO-SOFT
          FLOATING POINT INPUT ROUTINE.
--------------------------------------------------------------------------------
EB71: 24 a0                BIT     EXPSGN
EB73: 30 86   EB86         BMI     MLEXMI               ;IF neg EXP, no chk FOR OVERR.
EB75: 4c 56 e7             JMP     OVERR
EB78:              MLEX10:
EB78: 0a                   ASL     A                    ;Mult by 2 twice
EB79: 0a                   ASL     A
EB7A: 18                   CLC                          ;Possible shift out of high.
EB7B: 65 9e                ADC     TENEXP               ;Like multiplying by five.
EB7D: 0a                   ASL     A                    ;And now by ten.
EB7E: 18                   CLC
EB7F: a0 00                LDY     #0
EB81: 71 ba                ADC     (TXTPTR),Y
EB83: 38                   SEC
EB84: e9 30                SBC     #"0"
EB86:              MLEXMI:
EB86: 85 9e                STA     TENEXP               ;SAVE result.
EB88: 4c 08 eb             JMP     FINEC
EB8B:                      .page

Page 148   BASIC M6502 8K VER 1.1 BY MICRO-SOFT
          FLOATING POINT OUTPUT ROUTINE.
--------------------------------------------------------------------------------
EB8B:                      .subttl FLOATING POINT OUTPUT ROUTINE.
EB8B:              
EB8B:                      .IF     ADDPRC == 0
EB8B:              NZ0999:
EB8B:                      .byte   0o221                ; 99999.9499
EB8B:                      .byte   0o103
EB8B:                      .byte   0o117
EB8B:                      .byte   0o370
EB8B:              NZ9999:
EB8B:                      .byte   0o224                ; 999999.499
EB8B:                      .byte   0o164
EB8B:                      .byte   0o043
EB8B:                      .byte   0o367
EB8B:              NZMIL:
EB8B:                      .byte   0o224                ; 10^6.
EB8B:                      .byte   0o164
EB8B:                      .byte   0o044
EB8B:                      .byte   0
EB8B:                      .endif
EB8B:                      .IF     ADDPRC != 0
EB8B:              NZ0999:
EB8B: 9b                   .byte   0o233                ; 99999999.9499
EB8C: 3e                   .byte   0o076
EB8D: bc                   .byte   0o274
EB8E: 1f                   .byte   0o037
EB8F: fd                   .byte   0o375
EB90:              NZ9999:
EB90: 9e                   .byte   0o236                ; 999999999.499
EB91: 6e                   .byte   0o156
EB92: 6b                   .byte   0o153
EB93: 27                   .byte   0o047
EB94: fd                   .byte   0o375
EB95:              NZMIL:
EB95: 9e                   .byte   0o236                ; 10^9
EB96: 6e                   .byte   0o156
EB97: 6b                   .byte   0o153
EB98: 28                   .byte   0o050
EB99: 00                   .byte   0
EB9A:                      .endif
EB9A:                                                   ;Entry to LINPRT.
EB9A:              INPRT:
EB9A:                      LDWDI   INTXT
EB9A: a9 5c                LDA     #INTXT & 0o377
EB9C: a0 d2                LDY     #INTXT / 0o400
EB9E: 20 b2 eb             JSR     STROU2
EBA1: a5 79                LDA     CURLIN + 1
EBA3: a6 78                LDX     CURLIN
EBA5:              LINPRT:
EBA5:                      STWX    FACHO
EBA5: 85 a2                STA     FACHO
EBA7: 86 a3                STX     FACHO + 1
EBA9: a2 90                LDX     #0o220               ;Exponent of 16.
EBAB: 38                   SEC                          ;Number is positive.
EBAC: 20 21 ea             JSR     FLOATC
EBAF: 20 b5 eb             JSR     FOUT
EBB2:              STROU2:
EBB2: 4c db d9             JMP     STROUT               ;PRINT and RETURN.
EBB5:              
EBB5:              FOUT:
EBB5: a0 01                LDY     #1

Page 149   BASIC M6502 8K VER 1.1 BY MICRO-SOFT
          FLOATING POINT OUTPUT ROUTINE.
--------------------------------------------------------------------------------
EBB7:              FOUTC:
EBB7: a9 20                LDA     #" "                 ;PRINT space IF positive.
EBB9: 24 a6                BIT     FACSGN
EBBB: 10 bf   EBBF         BPL     FOUT1
EBBD: a9 2d                LDA     #"-"
EBBF:              FOUT1:
EBBF: 99 ff 00             STA     FBUFFR - 1,Y         ;Store the character.
EBC2: 85 a6                STA     FACSGN               ;Make FAC POS FOR QINT.
EBC4: 84 b1                STY     FBUFPT               ;SAVE FOR later.
EBC6: c8                   INY
EBC7: a9 30                LDA     #"0"                 ;GET ZERO to type IF FAC=0.
EBC9: a6 a1                LDX     FACEXP
EBCB:                      JEQ     FOUT19
EBCB: d0 d0   EBD0         BNE     * + 5
EBCD: 4c d8 ec             JMP     FOUT19
EBD0: a9 00                LDA     #0
EBD2: e0 80                CPX     #0o200               ;Is number .lt. 1.0 ?
EBD4: f0 d8   EBD8         BEQ     FOUT37               ;No.
EBD6: b0 e1   EBE1         BCS     FOUT7
EBD8:              FOUT37:
EBD8:                      LDWDI   NZMIL                ;Multiply by 10^6.
EBD8: a9 95                LDA     #NZMIL & 0o377
EBDA: a0 eb                LDY     #NZMIL / 0o400
EBDC: 20 00 e8             JSR     FMULT
EBDF: a9 a5                LDA     #0o256 - 3 * ADDPRC - 6
EBE1:              FOUT7:
EBE1: 85 9d                STA     DECCNT               ;SAVE COUNT or ZERO it.
EBE3:              FOUT4:
EBE3:                      LDWDI   NZ9999
EBE3: a9 90                LDA     #NZ9999 & 0o377
EBE5: a0 eb                LDY     #NZ9999 / 0o400
EBE7: 20 33 ea             JSR     FCOMP                ;Is number .gt. 999999.499 ?
EBEA:                                                   ;Or 999999999.499?
EBEA: f0 0a   EC0A         BEQ     BIGGES
EBEC: 10 00   EC00         BPL     FOUT9                ;Yes. make it smaller.
EBEE:              FOUT3:
EBEE:                      LDWDI   NZ0999
EBEE: a9 8b                LDA     #NZ0999 & 0o377
EBF0: a0 eb                LDY     #NZ0999 / 0o400
EBF2: 20 33 ea             JSR     FCOMP                ;Is number .gt. 99999.9499 ?
EBF5:                                                   ; Or 99999999.9499?
EBF5: f0 f9   EBF9         BEQ     FOUT38
EBF7: 10 07   EC07         BPL     FOUT5                ;Yes. done multiplying.
EBF9:              FOUT38:
EBF9: 20 ba e8             JSR     MUL10                ;Make it bigger.
EBFC: c6 9d                DEC     DECCNT
EBFE: d0 ee   EBEE         BNE     FOUT3                ;See IF that does it.
EC00:                                                   ;This always goes.
EC00:              FOUT9:
EC00: 20 d6 e8             JSR     DIV10                ;Make it smaller.
EC03: e6 9d                INC     DECCNT
EC05: d0 e3   EBE3         BNE     FOUT4                ;See IF that does it.
EC07:                                                   ;This always goes.
EC07:              
EC07:              FOUT5:
EC07: 20 20 e6             JSR     FADDH                ;Add a half to ROUND up.
EC0A:              BIGGES:
EC0A: 20 73 ea             JSR     QINT
EC0D: a2 01                LDX     #1                   ;Decimal point COUNT.
EC0F: a5 9d                LDA     DECCNT

Page 150   BASIC M6502 8K VER 1.1 BY MICRO-SOFT
          FLOATING POINT OUTPUT ROUTINE.
--------------------------------------------------------------------------------
EC11: 18                   CLC
EC12: 69 0a                ADC     #3 * ADDPRC + 7      ;Should number be printed in e notation?
EC14:                                                   ;Ie, is number .lt. .01 ?
EC14: 30 1f   EC1F         BMI     FOUTPI               ;Yes.
EC16: c9 0b                CMP     #3 * ADDPRC + 0o10   ;Is it .gt. 999999 (999999999)?
EC18: b0 20   EC20         BCS     FOUT6                ;Yes. use e notation.
EC1A: 69 ff                ADC     #0o377               ;Number of places before decimal point.
EC1C: aa                   TAX                          ;Put into accx.
EC1D: a9 02                LDA     #2                   ;No e notation.
EC1F:              FOUTPI:
EC1F: 38                   SEC
EC20:              FOUT6:
EC20: e9 02                SBC     #2                   ;Effectively add 5 to orig EXP.
EC22: 85 9e                STA     TENEXP               ;That is the exponent to PRINT.
EC24: 86 9d                STX     DECCNT               ;Number of decimal places.
EC26: 8a                   TXA
EC27: f0 2b   EC2B         BEQ     FOUT39
EC29: 10 3e   EC3E         BPL     FOUT8                ;Some places before dec pnt.
EC2B:              FOUT39:
EC2B: a4 b1                LDY     FBUFPT               ;GET pointer to output.
EC2D: a9 2a                LDA     #"*"                 ;Put in "*"
EC2F: c8                   INY
EC30: 99 ff 00             STA     FBUFFR - 1,Y
EC33: 8a                   TXA
EC34: f0 3c   EC3C         BEQ     FOUT16
EC36: a9 30                LDA     #"0"                 ;GET the ensuing ZERO.
EC38: c8                   INY
EC39: 99 ff 00             STA     FBUFFR - 1,Y
EC3C:              FOUT16:
EC3C: 84 b1                STY     FBUFPT               ;SAVE FOR later.
EC3E:              FOUT8:
EC3E: a0 00                LDY     #0
EC40:              FOUTIM:
EC40: a2 80                LDX     #0o200               ;First pass thru, accx has msb set.
EC42:              FOUT2:
EC42: a5 a5                LDA     FACLO
EC44: 18                   CLC
EC45: 79 ed ec             ADC     FOUTBL + 2 + ADDPRC,Y
EC48: 85 a5                STA     FACLO
EC4A: a5 a4                LDA     FACMO
EC4C: 79 ec ec             ADC     FOUTBL + 1 + ADDPRC,Y
EC4F: 85 a4                STA     FACMO
EC51:                      .IF     ADDPRC != 0
EC51: a5 a3                LDA     FACMOH
EC53: 79 eb ec             ADC     FOUTBL + 1,Y
EC56: 85 a3                STA     FACMOH
EC58:                      .endif
EC58: a5 a2                LDA     FACHO
EC5A: 79 ea ec             ADC     FOUTBL,Y
EC5D: 85 a2                STA     FACHO
EC5F: e8                   INX                          ;It was done yet another TIME.
EC60: b0 66   EC66         BCS     FOUT41
EC62: 10 42   EC42         BPL     FOUT2
EC64: 30 68   EC68         BMI     FOUT40
EC66:              FOUT41:
EC66: 30 42   EC42         BMI     FOUT2
EC68:              FOUT40:
EC68: 8a                   TXA
EC69: 90 6f   EC6F         BCC     FOUTYP               ;Can use acca as is.
EC6B: 49 ff                EOR     #0o377               ;Find 11.-[a]*

Page 151   BASIC M6502 8K VER 1.1 BY MICRO-SOFT
          FLOATING POINT OUTPUT ROUTINE.
--------------------------------------------------------------------------------
EC6D: 69 0a                ADC     #0o12                ;C is still on to complete negation.
EC6F:                                                   ;And will always be on after.
EC6F:              FOUTYP:
EC6F: 69 2f                ADC     #"0" - 1             ;GET a character to PRINT.
EC71:                      .repeat 3 + ADDPRC
EC71: c8                   INY
EC72: c8                   INY
EC73: c8                   INY
EC74: c8                   INY
EC75:                      .endrepeat
EC75:                                                   ;Bump pointer up.
EC75: 84 86                STY     FDECPT
EC77: a4 b1                LDY     FBUFPT
EC79: c8                   INY                          ;Point to place to store output.
EC7A: aa                   TAX
EC7B: 29 7f                AND     #0o177               ;GET rid of msb.
EC7D: 99 ff 00             STA     FBUFFR - 1,Y
EC80: c6 9d                DEC     DECCNT
EC82: d0 8a   EC8A         BNE     STXBUF               ;Not TIME FOR dp yet.
EC84: a9 2a                LDA     #"*"
EC86: c8                   INY
EC87: 99 ff 00             STA     FBUFFR - 1,Y         ;Store dp.
EC8A:              STXBUF:
EC8A: 84 b1                STY     FBUFPT               ;Store pntr FOR later.
EC8C: a4 86                LDY     FDECPT
EC8E:              FOUTCM:
EC8E: 8a                   TXA                          ;Complement accx
EC8F: 49 ff                EOR     #0o377               ;Complement acca.
EC91: 29 80                AND     #0o200               ;SAVE only msb.
EC93: aa                   TAX
EC94: c0 24                CPY     #FDCEND - FOUTBL
EC96:                      .IF     TIME != 0
EC96:                      BEQ     FOULDY
EC96:                      CPY     #TIMEND - FOUTBL
EC96:                      .endif
EC96: d0 42   EC42         BNE     FOUT2                ;Continue with output.
EC98:              FOULDY:
EC98: a4 b1                LDY     FBUFPT               ;GET back output pntr.
EC9A:              FOUT11:
EC9A: b9 ff 00             LDA     FBUFFR - 1,Y         ;Remove trailing zeroes.
EC9D: 88                   DEY
EC9E: c9 30                CMP     #"0"
ECA0: f0 9a   EC9A         BEQ     FOUT11
ECA2: c9 2a                CMP     #"*"
ECA4: f0 a7   ECA7         BEQ     FOUT12               ;RUN into dp. STOP.
ECA6: c8                   INY                          ;Something else. SAVE it.
ECA7:              FOUT12:
ECA7: a9 2b                LDA     #"+"
ECA9: a6 9e                LDX     TENEXP
ECAB: f0 db   ECDB         BEQ     FOUT17               ;No exponent to output.
ECAD: 10 b7   ECB7         BPL     FOUT14
ECAF: a9 00                LDA     #0
ECB1: 38                   SEC
ECB2: e5 9e                SBC     TENEXP
ECB4: aa                   TAX
ECB5: a9 2d                LDA     #"-"                 ;Exponent is negative.
ECB7:              FOUT14:
ECB7: 99 01 01             STA     FBUFFR - 1 + 2,Y     ;Store SIGN of EXP
ECBA: a9 45                LDA     #"E"
ECBC: 99 00 01             STA     FBUFFR - 1 + 1,Y     ;Store the "e" character.

Page 152   BASIC M6502 8K VER 1.1 BY MICRO-SOFT
          FLOATING POINT OUTPUT ROUTINE.
--------------------------------------------------------------------------------
ECBF: 8a                   TXA
ECC0: a2 2f                LDX     #"0" - 1
ECC2: 38                   SEC
ECC3:              FOUT15:
ECC3: e8                   INX                          ;Move closer to output value.
ECC4: e9 0a                SBC     #0o12                ;Subtract 10.
ECC6: b0 c3   ECC3         BCS     FOUT15               ;Not negative yet.
ECC8: 69 3a                ADC     #"0" + 0o12          ;GET second output character.
ECCA: 99 03 01             STA     FBUFFR - 1 + 4,Y     ;Store high digit.
ECCD: 8a                   TXA
ECCE: 99 02 01             STA     FBUFFR - 1 + 3,Y     ;Store	low digit.
ECD1: a9 00                LDA     #0                   ;Put in terminator.
ECD3: 99 04 01             STA     FBUFFR - 1 + 5,Y
ECD6:                      BEQA    FOUT20               ;RETURN. (always branches)*
ECD6: f0 e0   ECE0         BEQ     FOUT20
ECD8:              FOUT19:
ECD8: 99 ff 00             STA     FBUFFR - 1,Y         ;Store the character.
ECDB:              FOUT17:
ECDB: a9 00                LDA     #0                   ;A terminator.
ECDD: 99 00 01             STA     FBUFFR - 1 + 1,Y
ECE0:              FOUT20:
ECE0:                      LDWDI   FBUFFR
ECE0: a9 00                LDA     #FBUFFR & 0o377
ECE2: a0 01                LDY     #FBUFFR / 0o400
ECE4:              FPWRRT:
ECE4: 60                   RTS                          ;All done.
ECE5:              FHALF:
ECE5: 80                   .byte   0o200                ;1/2
ECE6: 00                   .byte   0
ECE7:              ZERO:
ECE7: 00                   .byte   0
ECE8: 00                   .byte   0
ECE9:                      .IF     ADDPRC != 0
ECE9: 00                   .byte   0
ECEA:                      .endif
ECEA:              
ECEA:              ;Power of ten table
ECEA:                      .IF     ADDPRC == 0
ECEA:              FOUTBL:
ECEA:                      .byte   0o376                ;-100000
ECEA:                      .byte   0o171
ECEA:                      .byte   0o140
ECEA:                      .byte   0                    ;10000
ECEA:                      .byte   0o047
ECEA:                      .byte   0o020
ECEA:                      .byte   0o377                ;-1000
ECEA:                      .byte   0o374
ECEA:                      .byte   0o030
ECEA:                      .byte   0                    ;100
ECEA:                      .byte   0
ECEA:                      .byte   0o144
ECEA:                      .byte   0o377                ;-10
ECEA:                      .byte   0o377
ECEA:                      .byte   0o366
ECEA:                      .byte   0                    ;1
ECEA:                      .byte   0
ECEA:                      .byte   1
ECEA:                      .endif
ECEA:              
ECEA:                      .IF     ADDPRC != 0

Page 153   BASIC M6502 8K VER 1.1 BY MICRO-SOFT
          FLOATING POINT OUTPUT ROUTINE.
--------------------------------------------------------------------------------
ECEA:              FOUTBL:
ECEA: fa                   .byte   0o372                ;-100,000,000
ECEB: 0a                   .byte   0o012
ECEC: 1f                   .byte   0o037
ECED: 00                   .byte   0
ECEE: 00                   .byte   0                    ;10,000,000
ECEF: 98                   .byte   0o230
ECF0: 96                   .byte   0o226
ECF1: 80                   .byte   0o200
ECF2: ff                   .byte   0o377                ;-1,000,000
ECF3: f0                   .byte   0o360
ECF4: bd                   .byte   0o275
ECF5: c0                   .byte   0o300
ECF6: 00                   .byte   0                    ;100,000
ECF7: 01                   .byte   1
ECF8: 86                   .byte   0o206
ECF9: a0                   .byte   0o240
ECFA: ff                   .byte   0o377                ;-10,000
ECFB: ff                   .byte   0o377
ECFC: d8                   .byte   0o330
ECFD: f0                   .byte   0o360
ECFE: 00                   .byte   0                    ;1000
ECFF: 00                   .byte   0
ED00: 03                   .byte   3
ED01: e8                   .byte   0o350
ED02: ff                   .byte   0o377                ;-100
ED03: ff                   .byte   0o377
ED04: ff                   .byte   0o377
ED05: 9c                   .byte   0o234
ED06: 00                   .byte   0                    ;10
ED07: 00                   .byte   0
ED08: 00                   .byte   0
ED09: 0a                   .byte   0o012
ED0A: ff                   .byte   0o377                ;-1
ED0B: ff                   .byte   0o377
ED0C: ff                   .byte   0o377
ED0D: ff                   .byte   0o377
ED0E:                      .endif
ED0E:              FDCEND:
ED0E:                      .IF     TIME != 0
ED0E:                      .byte   0o377                ; -2160000 FOR TIME converter.
ED0E:                      .byte   0o337
ED0E:                      .byte   0o012
ED0E:                      .byte   0o200
ED0E:                      .byte   0                    ; 216000
ED0E:                      .byte   3
ED0E:                      .byte   0o113
ED0E:                      .byte   0o300
ED0E:                      .byte   0o377                ; -36000
ED0E:                      .byte   0o377
ED0E:                      .byte   0o163
ED0E:                      .byte   0o140
ED0E:                      .byte   0                    ; 3600
ED0E:                      .byte   0
ED0E:                      .byte   0o016
ED0E:                      .byte   0o020
ED0E:                      .byte   0o377                ; -600
ED0E:                      .byte   0o377
ED0E:                      .byte   0o375
ED0E:                      .byte   0o250

Page 154   BASIC M6502 8K VER 1.1 BY MICRO-SOFT
          FLOATING POINT OUTPUT ROUTINE.
--------------------------------------------------------------------------------
ED0E:                      .byte   0                    ; 60
ED0E:                      .byte   0
ED0E:                      .byte   0
ED0E:                      .byte   0o074
ED0E:              TIMEND:
ED0E:                      .endif
ED0E:              
ED0E:                      .page

Page 155   BASIC M6502 8K VER 1.1 BY MICRO-SOFT
          EXPONENTIATION AND SQUARE ROOT FUNCTION.
--------------------------------------------------------------------------------
ED0E:                      .subttl EXPONENTIATION AND SQUARE ROOT FUNCTION.
ED0E:                                                   ;Square root function --- SQR(a)
ED0E:                                                   ;Use SQR(x)=x^.5
ED0E:              SQR:
ED0E: 20 e4 e9             JSR     MOVAF                ;Move FAC into arg.
ED11:                      LDWDI   FHALF
ED11: a9 e5                LDA     #FHALF & 0o377
ED13: a0 ec                LDY     #FHALF / 0o400
ED15: 20 7a e9             JSR     MOVFM                ;Put MEMORY into FAC.
ED18:                                                   ;Last thing fetched is FACEXP. into accx.
ED18:              ;	Jmp	FPWRT		;fall into FPWRT.
ED18:              
ED18:                                                   ;Exponentiation ---  x^y.
ED18:                                                   ;N.b.  0^0=1
ED18:                                                   ;First check IF y=0. IF so, the result is 1.
ED18:                                                   ;NEXT check IF x=0. IF so the result is 0.
ED18:                                                   ;Then check IF x.gt.0. IF not check that y is an integer.
ED18:                                                   ;IF so, negate x, so that LOG doesn't give FCERR.
ED18:                                                   ;IF x is negative and y is odd, negate the result
ED18:                                                   ;Returned by EXP.
ED18:                                                   ;To compute the result use x^y=EXP((y*LOG(x))*
ED18:              FPWRT:
ED18: f0 8a   ED8A         BEQ     EXP                  ;IF FAC=0, just exponentiate that.
ED1A: a5 a9                LDA     ARGEXP               ;Is x=0?
ED1C: d0 21   ED21         BNE     FPWRT1
ED1E: 4c d1 e6             JMP     ZEROF1               ;ZERO FAC.
ED21:              FPWRT1:
ED21:                      LDXYI   TEMPF3               ;SAVE FOR later in a temp.
ED21: a2 8d                LDX     #TEMPF3 & 0o377
ED23: a0 00                LDY     #TEMPF3 / 0o400
ED25: 20 ac e9             JSR     MOVMF
ED28:                                                   ;Y=0 already. good in case no one calls INT.
ED28: a5 ae                LDA     ARGSGN
ED2A: 10 3b   ED3B         BPL     FPWR1                ;No problems IF x.gt.0.
ED2C: 20 a4 ea             JSR     INT                  ;Integerize the FAC.
ED2F:                      LDWDI   TEMPF3               ;GET addr of comperand.
ED2F: a9 8d                LDA     #TEMPF3 & 0o377
ED31: a0 00                LDY     #TEMPF3 / 0o400
ED33: 20 33 ea             JSR     FCOMP                ;Equal?
ED36: d0 3b   ED3B         BNE     FPWR1                ;Leave x neg. LOG will blow him out.
ED38:                                                   ;A=-1 and y is irrelevant.
ED38: 98                   TYA                          ;Negate x. make positive.
ED39: a4 0d                LDY     INTEGR               ;GET evenness.
ED3B:              FPWR1:
ED3B: 20 d6 e9             JSR     MOVFA1               ;Alternate entry point.
ED3E: 98                   TYA
ED3F: 48                   PHA                          ;SAVE evenness FOR later.
ED40: 20 c2 e7             JSR     LOG                  ;Find LOG.
ED43:                      LDWDI   TEMPF3               ;Multiply FAC times LOG(x)*
ED43: a9 8d                LDA     #TEMPF3 & 0o377
ED45: a0 00                LDY     #TEMPF3 / 0o400
ED47: 20 00 e8             JSR     FMULT
ED4A: 20 8a ed             JSR     EXP                  ;Exponentiate the FAC.
ED4D: 68                   PLA
ED4E: 4a                   LSR     A                    ;Is it even?
ED4F: 90 5b   ED5B         BCC     NEGRTS               ;Yes. or x.gt.0.
ED51:                                                   ;Negate the number in FAC.
ED51:              NEGOP:
ED51: a5 a1                LDA     FACEXP
ED53: f0 5b   ED5B         BEQ     NEGRTS

Page 156   BASIC M6502 8K VER 1.1 BY MICRO-SOFT
          EXPONENTIATION AND SQUARE ROOT FUNCTION.
--------------------------------------------------------------------------------
ED55:                      COM     FACSGN
ED55: a5 a6                LDA     FACSGN
ED57: 49 ff                EOR     #0o377
ED59: 85 a6                STA     FACSGN
ED5B:              NEGRTS:
ED5B: 60                   RTS
ED5C:              
ED5C:                      .page

Page 157   BASIC M6502 8K VER 1.1 BY MICRO-SOFT
          EXPONENTIATION FUNCTION.
--------------------------------------------------------------------------------
ED5C:                      .subttl EXPONENTIATION FUNCTION.
ED5C:                                                   ;First SAVE the original argument and multiply the FAC by
ED5C:                                                   ;LOG2(e)* the result is used to determine IF overflow
ED5C:                                                   ;Will occur since EXP(x)=2^(x*LOG2(e)) where
ED5C:                                                   ;LOG2(e)=LOG(e) base 2. then SAVE the integer part of
ED5C:                                                   ;This to scale the answer at the END. since
ED5C:                                                   ;2^Y=2^INT(y)*2^(y-INT(y)) and 2^INT(y) is easy to compute.
ED5C:                                                   ;Now compute 2^(x*LOG2(e)-INT(x*LOG2(e)) by
ED5C:                                                   ;P(ln(2)*(INT(x*LOG2(e))+1)-x) where p is an approximation
ED5C:                                                   ;Polynomial. the result is then scaled by the power of 2
ED5C:                                                   ;Previously saved.
ED5C:              
ED5C:              LOGEB2:
ED5C: 81                   .byte   0o201                ;LOG(e) base 2.
ED5D: 38                   .byte   0o070
ED5E: aa                   .byte   0o252
ED5F: 3b                   .byte   0o073
ED60:                      .IF     ADDPRC != 0
ED60: 29                   .byte   0o051
ED61:                      .endif
ED61:              
ED61:                      .IF     ADDPRC == 0
ED61:              EXPCON:
ED61:                      .byte   6                    ; DEGREE -1.
ED61:                      .byte   0o164                ; .00021702255
ED61:                      .byte   0o143
ED61:                      .byte   0o220
ED61:                      .byte   0o214
ED61:                      .byte   0o167                ; .0012439688
ED61:                      .byte   0o043
ED61:                      .byte   0o014
ED61:                      .byte   0o253
ED61:                      .byte   0o172                ; .0096788410
ED61:                      .byte   0o036
ED61:                      .byte   0o224
ED61:                      .byte   0
ED61:                      .byte   0o174                ; .055483342
ED61:                      .byte   0o143
ED61:                      .byte   0o102
ED61:                      .byte   0o200
ED61:                      .byte   0o176                ; .24022984
ED61:                      .byte   0o165
ED61:                      .byte   0o376
ED61:                      .byte   0o320
ED61:                      .byte   0o200                ; .69314698
ED61:                      .byte   0o061
ED61:                      .byte   0o162
ED61:                      .byte   0o025
ED61:                      .byte   0o201                ; 1.0
ED61:                      .byte   0
ED61:                      .byte   0
ED61:                      .byte   0
ED61:                      .endif
ED61:              
ED61:                      .IF     ADDPRC != 0
ED61:              EXPCON:
ED61: 07                   .byte   7                    ;DEGREE-1
ED62: 71                   .byte   0o161                ; .000021498763697
ED63: 34                   .byte   0o064
ED64: 58                   .byte   0o130

Page 158   BASIC M6502 8K VER 1.1 BY MICRO-SOFT
          EXPONENTIATION FUNCTION.
--------------------------------------------------------------------------------
ED65: 3e                   .byte   0o076
ED66: 56                   .byte   0o126
ED67: 74                   .byte   0o164                ; .00014352314036
ED68: 16                   .byte   0o026
ED69: 7e                   .byte   0o176
ED6A: b3                   .byte   0o263
ED6B: 1b                   .byte   0o033
ED6C: 77                   .byte   0o167                ; .0013422634824
ED6D: 2f                   .byte   0o057
ED6E: ee                   .byte   0o356
ED6F: e3                   .byte   0o343
ED70: 85                   .byte   0o205
ED71: 7a                   .byte   0o172                ; .0096140170119
ED72: 1d                   .byte   0o035
ED73: 84                   .byte   0o204
ED74: 1c                   .byte   0o034
ED75: 2a                   .byte   0o052
ED76: 7c                   .byte   0o174                ; .055505126860
ED77: 63                   .byte   0o143
ED78: 59                   .byte   0o131
ED79: 58                   .byte   0o130
ED7A: 0a                   .byte   0o012
ED7B: 7e                   .byte   0o176                ; .24022638462
ED7C: 75                   .byte   0o165
ED7D: fd                   .byte   0o375
ED7E: e7                   .byte   0o347
ED7F: c6                   .byte   0o306
ED80: 80                   .byte   0o200                ; .69314718608
ED81: 31                   .byte   0o061
ED82: 72                   .byte   0o162
ED83: 18                   .byte   0o030
ED84: 10                   .byte   0o020
ED85: 81                   .byte   0o201                ; 1.0
ED86: 00                   .byte   0
ED87: 00                   .byte   0
ED88: 00                   .byte   0
ED89: 00                   .byte   0
ED8A:                      .endif
ED8A:              
ED8A:              EXP:
ED8A:                      LDWDI   LOGEB2               ;Multiply by LOG(e) base 2.
ED8A: a9 5c                LDA     #LOGEB2 & 0o377
ED8C: a0 ed                LDY     #LOGEB2 / 0o400
ED8E: 20 00 e8             JSR     FMULT
ED91: a5 b0                LDA     FACOV
ED93: 69 50                ADC     #0o120
ED95: 90 9a   ED9A         BCC     STOLD
ED97: 20 fb e9             JSR     INCRND
ED9A:              STOLD:
ED9A: 85 96                STA     OLDOV
ED9C: 20 e7 e9             JSR     MOVEF                ;To SAVE in arg without ROUND.
ED9F: a5 a1                LDA     FACEXP
EDA1: c9 88                CMP     #0o210               ;IF ABS(FAC) .ge. 128, too big.
EDA3: 90 a8   EDA8         BCC     EXP1
EDA5:              GOMLDV:
EDA5: 20 ac e8             JSR     MLDVEX               ;Overflow or overflow.
EDA8:              EXP1:
EDA8: 20 a4 ea             JSR     INT
EDAB: a5 0d                LDA     INTEGR               ;GET low part.
EDAD: 18                   CLC

Page 159   BASIC M6502 8K VER 1.1 BY MICRO-SOFT
          EXPONENTIATION FUNCTION.
--------------------------------------------------------------------------------
EDAE: 69 81                ADC     #0o201
EDB0: f0 a5   EDA5         BEQ     GOMLDV               ;Overflow or overflow !!
EDB2: 38                   SEC
EDB3: e9 01                SBC     #1                   ;Subtract 1.
EDB5: 48                   PHA                          ;SAVE a while.
EDB6: a2 05                LDX     #4 + ADDPRC          ;Prep to swap FAC and arg.
EDB8:              SWAPLP:
EDB8: b5 a9                LDA     ARGEXP,X
EDBA: b4 a1                LDY     FACEXP,X
EDBC: 95 a1                STA     FACEXP,X
EDBE: 94 a9                STY     ARGEXP,X
EDC0: ca                   DEX
EDC1: 10 b8   EDB8         BPL     SWAPLP
EDC3: a5 96                LDA     OLDOV
EDC5: 85 b0                STA     FACOV
EDC7: 20 2a e6             JSR     FSUBT
EDCA: 20 51 ed             JSR     NEGOP                ;Negate FAC.
EDCD:                      LDWDI   EXPCON
EDCD: a9 61                LDA     #EXPCON & 0o377
EDCF: a0 ed                LDY     #EXPCON / 0o400
EDD1: 20 f3 ed             JSR     POLY
EDD4:                      CLR     ARISGN               ;Multiply by positive 1.0.
EDD4: a9 00                LDA     #0
EDD6: 85 af                STA     ARISGN
EDD8: 68                   PLA                          ;GET scale factor.
EDD9: 20 91 e8             JSR     MLDEXP               ;Modify FACEXP and check FOR overflow.
EDDC: 60                   RTS                          ;Has to do jsr due to pulas in MULDIV.
EDDD:              
EDDD:                      .page

Page 160   BASIC M6502 8K VER 1.1 BY MICRO-SOFT
          POLYNOMIAL EVALUATOR AND THE RANDOM NUMBER GENERATOR.
--------------------------------------------------------------------------------
EDDD:                      .subttl POLYNOMIAL EVALUATOR AND THE RANDOM NUMBER GENERATOR.
EDDD:                                                   ;Evaluate p(x^2)*x
EDDD:                                                   ;Pointer to DEGREE is in [y,a]*
EDDD:                                                   ;The constants follow the DEGREE.
EDDD:                                                   ;FOR x=FAC, compute:
EDDD:                                                   ; C0*x+c1*x^3+c2*x^5+c3*x^7+...+c(n)*x^(2*n+1)
EDDD:              POLYX:
EDDD:                      STWD    POLYPT               ;Retain polynomial pointer FOR later.
EDDD: 85 b1                STA     POLYPT
EDDF: 84 b2                STY     POLYPT + 1
EDE1: 20 a2 e9             JSR     MOV1F                ;SAVE FAC in factmp.
EDE4: a9 97                LDA     #TEMPF1
EDE6: 20 00 e8             JSR     FMULT                ;Compute x^2.
EDE9: 20 f7 ed             JSR     POLY1                ;Compute p(x^2)*
EDEC:                      LDWDI   TEMPF1
EDEC: a9 97                LDA     #TEMPF1 & 0o377
EDEE: a0 00                LDY     #TEMPF1 / 0o400
EDF0: 4c 00 e8             JMP     FMULT                ;Multiply by FAC again.
EDF3:              
EDF3:                                                   ;Polynomial evaluator.
EDF3:                                                   ;Pointer to DEGREE is in [y,a]*
EDF3:                                                   ;Compute:
EDF3:                                                   ; C0+c1*x+c2*x^2+c3*x^3+c4*x^4+...+c(n-1)*x^(n-1)+c(n)*x^n.
EDF3:              POLY:
EDF3:                      STWD    POLYPT
EDF3: 85 b1                STA     POLYPT
EDF5: 84 b2                STY     POLYPT + 1
EDF7:              POLY1:
EDF7: 20 9f e9             JSR     MOV2F                ;SAVE FAC.
EDFA: b1 b1                LDA     (POLYPT),Y
EDFC: 85 a7                STA     DEGREE
EDFE: a4 b1                LDY     POLYPT
EE00: c8                   INY
EE01: 98                   TYA
EE02: d0 06   EE06         BNE     POLY3
EE04: e6 b2                INC     POLYPT + 1
EE06:              POLY3:
EE06: 85 b1                STA     POLYPT
EE08: a4 b2                LDY     POLYPT + 1
EE0A:              POLY2:
EE0A: 20 00 e8             JSR     FMULT
EE0D:                      LDWD    POLYPT               ;GET current pointer.
EE0D: a5 b1                LDA     POLYPT
EE0F: a4 b2                LDY     POLYPT + 1
EE11: 18                   CLC
EE12: 69 05                ADC     #4 + ADDPRC
EE14: 90 17   EE17         BCC     POLY4
EE16: c8                   INY
EE17:              POLY4:
EE17:                      STWD    POLYPT
EE17: 85 b1                STA     POLYPT
EE19: 84 b2                STY     POLYPT + 1
EE1B: 20 3f e6             JSR     FADD                 ;Add in constant.
EE1E:                      LDWDI   TEMPF2               ;Multiply the original FAC.
EE1E: a9 9c                LDA     #TEMPF2 & 0o377
EE20: a0 00                LDY     #TEMPF2 / 0o400
EE22: c6 a7                DEC     DEGREE               ;Done?
EE24: d0 0a   EE0A         BNE     POLY2
EE26:              RANDRT:
EE26: 60                   RTS                          ;Yes.

Page 161   BASIC M6502 8K VER 1.1 BY MICRO-SOFT
          POLYNOMIAL EVALUATOR AND THE RANDOM NUMBER GENERATOR.
--------------------------------------------------------------------------------
EE27:              
EE27:                                                   ;Psuedo-random number generator.
EE27:                                                   ;IF arg=0, the last random number generated is returned.
EE27:                                                   ;IF arg .lt. 0, a new sequence of random numbers is
EE27:                                                   ;Started using the argument.
EE27:                                                   ;   To form the NEXT random number in the sequence
EE27:                                                   ;Multiply the previous random number by a random constant
EE27:                                                   ;And add in another random constant. the then ho
EE27:                                                   ;And lo bytes are switched, the exponent is put where
EE27:                                                   ;It will be shifted in by NORMAL, and the exponent in the FAC
EE27:                                                   ;Is set to 200 so the result will be less than 1. this
EE27:                                                   ;Is then normalized and saved FOR the NEXT TIME.
EE27:                                                   ;The ho and low bytes were switched so there will be a
EE27:                                                   ;Random chance of getting a number less than or greater
EE27:                                                   ;Than .5 *
EE27:              
EE27:              RMULZC:
EE27: 98                   .byte   0o230
EE28: 35                   .byte   0o065
EE29: 44                   .byte   0o104
EE2A: 7a                   .byte   0o172
EE2B:              RADDZC:
EE2B: 68                   .byte   0o150
EE2C: 28                   .byte   0o050
EE2D: b1                   .byte   0o261
EE2E: 46                   .byte   0o106
EE2F:              
EE2F:              RND:
EE2F: 20 03 ea             JSR     SIGN                 ;GET SIGN into accx.
EE32:                      .IF     REALIO != 3
EE32: aa                   TAX
EE33:                      .endif
EE33:                                                   ;GET into accx, since "MOVFM" uses accx.
EE33: 30 4d   EE4D         BMI     RND1                 ;START new sequence IF negative.
EE35:                      .IF     REALIO == 3
EE35:                      BNE     QSETNR
EE35:                                                   ;Timers are at 9044(l0),45(hi),48(lo),49(hi) hex.
EE35:                                                   ;First two are always free running.
EE35:                                                   ;Second pair is not. lo is freer than hi then.
EE35:                                                   ;So order in FAC is 44,48,45,49.
EE35:                      LDA     CQHTIM
EE35:                      STA     FACHO
EE35:                      LDA     CQHTIM + 4
EE35:                      STA     FACMOH
EE35:                      LDA     CQHTIM + 1
EE35:                      STA     FACMO
EE35:                      LDA     CQHTIM + 5
EE35:                      STA     FACLO
EE35:                      JMP     STRNEX
EE35:                      .endif
EE35:              QSETNR:
EE35:                      LDWDI   RNDX                 ;GET last one into FAC.
EE35: a9 cb                LDA     #RNDX & 0o377
EE37: a0 00                LDY     #RNDX / 0o400
EE39: 20 7a e9             JSR     MOVFM
EE3C:                      .IF     REALIO != 3
EE3C: 8a                   TXA                          ;FAC was ZERO?
EE3D: f0 26   EE26         BEQ     RANDRT
EE3F:                      .endif
EE3F:                                                   ;Restore last one.

Page 162   BASIC M6502 8K VER 1.1 BY MICRO-SOFT
          POLYNOMIAL EVALUATOR AND THE RANDOM NUMBER GENERATOR.
--------------------------------------------------------------------------------
EE3F:                      LDWDI   RMULZC               ;Multiply by random constant.
EE3F: a9 27                LDA     #RMULZC & 0o377
EE41: a0 ee                LDY     #RMULZC / 0o400
EE43: 20 00 e8             JSR     FMULT
EE46:                      LDWDI   RADDZC
EE46: a9 2b                LDA     #RADDZC & 0o377
EE48: a0 ee                LDY     #RADDZC / 0o400
EE4A: 20 3f e6             JSR     FADD                 ;Add random constant.
EE4D:              RND1:
EE4D: a6 a5                LDX     FACLO
EE4F: a5 a2                LDA     FACHO
EE51: 85 a5                STA     FACLO
EE53: 86 a2                STX     FACHO                ;Reverse ho and lo.
EE55:                      .IF     REALIO == 3
EE55:                      LDX     FACMOH
EE55:                      LDA     FACMO
EE55:                      STA     FACMOH
EE55:                      STX     FACMO
EE55:                      .endif
EE55:              STRNEX:
EE55:                      CLR     FACSGN               ;Make number positive.
EE55: a9 00                LDA     #0
EE57: 85 a6                STA     FACSGN
EE59: a5 a1                LDA     FACEXP               ;Put EXP where it will
EE5B: 85 b0                STA     FACOV                ;Be shifted in by NORMAL.
EE5D: a9 80                LDA     #0o200
EE5F: 85 a1                STA     FACEXP               ;Make result between 0 and 1.
EE61: 20 af e6             JSR     NORMAL               ;Normalize.
EE64:                      LDXYI   RNDX
EE64: a2 cb                LDX     #RNDX & 0o377
EE66: a0 00                LDY     #RNDX / 0o400
EE68:              GMOVMF:
EE68: 4c ac e9             JMP     MOVMF                ;Put new one into MEMORY.
EE6B:              
EE6B:                      .page

Page 163   BASIC M6502 8K VER 1.1 BY MICRO-SOFT
          SINE, COSINE AND TANGENT FUNCTIONS.
--------------------------------------------------------------------------------
EE6B:                      .subttl SINE, COSINE AND TANGENT FUNCTIONS.
EE6B:                      .IF     KIMROM == 0
EE6B:                                                   ;Cosine function.
EE6B:                                                   ;Use COS(x)=SIN(x+pi/2)
EE6B:              COS:
EE6B:                      LDWDI   PI2                  ;Pntr to pi/2.
EE6B: a9 e7                LDA     #PI2 & 0o377
EE6D: a0 ee                LDY     #PI2 / 0o400
EE6F: 20 3f e6             JSR     FADD                 ;Add it in.
EE72:                                                   ;Fall into SIN.
EE72:              
EE72:                                                   ;Sine function.
EE72:                                                   ;Use identities to GET FAC in quadrants i or iv.
EE72:                                                   ;The FAC is divided by 2*pi and the integer part is ignored
EE72:                                                   ;Because SIN(x+2*pi)=SIN(x)* then the argument can be compared
EE72:                                                   ;With pi/2 by comparing the result of the division
EE72:                                                   ;With pi/2/(2*pi)=1/4.
EE72:                                                   ;Identities are then used to GET the result in quadrants
EE72:                                                   ;I or iv. an approximation polynomial is then used to
EE72:                                                   ;Compute SIN(x)*
EE72:              SIN:
EE72: 20 e4 e9             JSR     MOVAF
EE75:                      LDWDI   TWOPI                ;GET pntr to divisor.
EE75: a9 ec                LDA     #TWOPI & 0o377
EE77: a0 ee                LDY     #TWOPI / 0o400
EE79: a6 ae                LDX     ARGSGN               ;GET SIGN of result.
EE7B: 20 df e8             JSR     FDIVF
EE7E: 20 e4 e9             JSR     MOVAF                ;GET result into arg.
EE81: 20 a4 ea             JSR     INT                  ;Integerize FAC.
EE84:                      CLR     ARISGN               ;Always have the same SIGN.
EE84: a9 00                LDA     #0
EE86: 85 af                STA     ARISGN
EE88: 20 2a e6             JSR     FSUBT                ;Keep only the fractional part.
EE8B:                      LDWDI   FR4                  ;GET pntr to 1/4.
EE8B: a9 f1                LDA     #FR4 & 0o377
EE8D: a0 ee                LDY     #FR4 / 0o400
EE8F: 20 27 e6             JSR     FSUB                 ;Compute 1/4-FAC.
EE92: a5 a6                LDA     FACSGN               ;SAVE SIGN FOR later.
EE94: 48                   PHA
EE95: 10 a4   EEA4         BPL     SIN1                 ;First quadrant.
EE97: 20 20 e6             JSR     FADDH                ;Add 1/2 to FAC.
EE9A: a5 a6                LDA     FACSGN               ;SIGN is negative?
EE9C: 30 a7   EEA7         BMI     SIN2
EE9E:                      COM     TANSGN               ;Quadrants ii and iii come here.
EE9E: a5 16                LDA     TANSGN
EEA0: 49 ff                EOR     #0o377
EEA2: 85 16                STA     TANSGN
EEA4:              SIN1:
EEA4: 20 51 ed             JSR     NEGOP                ;IF positive, negate it.
EEA7:              SIN2:
EEA7:                      LDWDI   FR4                  ;Pointer to 1/4.
EEA7: a9 f1                LDA     #FR4 & 0o377
EEA9: a0 ee                LDY     #FR4 / 0o400
EEAB: 20 3f e6             JSR     FADD                 ;Add it in.
EEAE: 68                   PLA                          ;GET original quadrant.
EEAF: 10 b4   EEB4         BPL     SIN3
EEB1: 20 51 ed             JSR     NEGOP                ;IF negative, negate result.
EEB4:              SIN3:
EEB4:                      LDWDI   SINCON
EEB4: a9 f6                LDA     #SINCON & 0o377

Page 164   BASIC M6502 8K VER 1.1 BY MICRO-SOFT
          SINE, COSINE AND TANGENT FUNCTIONS.
--------------------------------------------------------------------------------
EEB6: a0 ee                LDY     #SINCON / 0o400
EEB8:              GPOLYX:
EEB8: 4c dd ed             JMP     POLYX                ;Do approximation polynomial.
EEBB:              
EEBB:                                                   ;Tangent function.
EEBB:              TAN:
EEBB: 20 a2 e9             JSR     MOV1F                ;Move FAC into temporary.
EEBE:                      CLR     TANSGN               ;Remember whether to negate.
EEBE: a9 00                LDA     #0
EEC0: 85 16                STA     TANSGN
EEC2: 20 72 ee             JSR     SIN                  ;Compute the SIN.
EEC5:                      LDXYI   TEMPF3
EEC5: a2 8d                LDX     #TEMPF3 & 0o377
EEC7: a0 00                LDY     #TEMPF3 / 0o400
EEC9: 20 68 ee             JSR     GMOVMF               ;Put SIGN into other temp.
EECC:                      LDWDI   TEMPF1
EECC: a9 97                LDA     #TEMPF1 & 0o377
EECE: a0 00                LDY     #TEMPF1 / 0o400
EED0: 20 7a e9             JSR     MOVFM                ;Put this MEMORY loc into FAC.
EED3:                      CLR     FACSGN               ;START off positive.
EED3: a9 00                LDA     #0
EED5: 85 a6                STA     FACSGN
EED7: a5 16                LDA     TANSGN
EED9: 20 e3 ee             JSR     COSC                 ;Compute cosine.
EEDC:                      LDWDI   TEMPF3               ;Address of sine value.
EEDC: a9 8d                LDA     #TEMPF3 & 0o377
EEDE: a0 00                LDY     #TEMPF3 / 0o400
EEE0:              GFDIV:
EEE0: 4c e7 e8             JMP     FDIV                 ;DIVIDE sine by cosine and RETURN.
EEE3:              COSC:
EEE3: 48                   PHA
EEE4: 4c a4 ee             JMP     SIN1
EEE7:              
EEE7:              PI2:
EEE7: 81                   .byte   0o201                ;Pi/2
EEE8: 49                   .byte   0o111
EEE9: 0f                   .byte   0o017
EEEA: da                   .byte   0o333 - ADDPRC
EEEB:                      .IF     ADDPRC != 0
EEEB: a2                   .byte   0o242
EEEC:                      .endif
EEEC:              TWOPI:
EEEC: 83                   .byte   0o203                ;2*Pi.
EEED: 49                   .byte   0o111
EEEE: 0f                   .byte   0o017
EEEF: da                   .byte   0o333 - ADDPRC
EEF0:                      .IF     ADDPRC != 0
EEF0: a2                   .byte   0o242
EEF1:                      .endif
EEF1:              FR4:
EEF1: 7f                   .byte   0o177                ;1/4
EEF2: 00                   .byte   0
EEF3: 00                   .byte   0
EEF4: 00                   .byte   0
EEF5:                      .IF     ADDPRC != 0
EEF5: 00                   .byte   0
EEF6:                      .endif
EEF6:                      .IF     ADDPRC == 0
EEF6:              SINCON:
EEF6:                      .byte   4                    ;DEGREE-1.

Page 165   BASIC M6502 8K VER 1.1 BY MICRO-SOFT
          SINE, COSINE AND TANGENT FUNCTIONS.
--------------------------------------------------------------------------------
EEF6:                      .byte   0o206                ;39.710899
EEF6:                      .byte   0o036
EEF6:                      .byte   0o327
EEF6:                      .byte   0o373
EEF6:                      .byte   0o207                ;-76.574956
EEF6:                      .byte   0o231
EEF6:                      .byte   0o046
EEF6:                      .byte   0o145
EEF6:                      .byte   0o207                ;81.602231
EEF6:                      .byte   0o043
EEF6:                      .byte   0o064
EEF6:                      .byte   0o130
EEF6:                      .byte   0o206                ;-41.341677
EEF6:                      .byte   0o245
EEF6:                      .byte   0o135
EEF6:                      .byte   0o341
EEF6:                      .byte   0o203                ;6.2831853
EEF6:                      .byte   0o111
EEF6:                      .byte   0o017
EEF6:                      .byte   0o333
EEF6:                      .endif
EEF6:              
EEF6:                      .IF     ADDPRC != 0
EEF6:              SINCON:
EEF6: 05                   .byte   5                    ;DEGREE-1.
EEF7: 84                   .byte   0o204                ; -14.381383816
EEF8: e6                   .byte   0o346
EEF9: 1a                   .byte   0o032
EEFA: 2d                   .byte   0o055
EEFB: 1b                   .byte   0o033
EEFC: 86                   .byte   0o206                ; 42.07777095
EEFD: 28                   .byte   0o050
EEFE: 07                   .byte   7
EEFF: fb                   .byte   0o373
EF00: f8                   .byte   0o370
EF01: 87                   .byte   0o207                ; -76.704133676
EF02: 99                   .byte   0o231
EF03: 68                   .byte   0o150
EF04: 89                   .byte   0o211
EF05: 01                   .byte   1
EF06: 87                   .byte   0o207                ; 81.605223690
EF07: 23                   .byte   0o043
EF08: 35                   .byte   0o065
EF09: df                   .byte   0o337
EF0A: e1                   .byte   0o341
EF0B: 86                   .byte   0o206                ; -41.34170209
EF0C: a5                   .byte   0o245
EF0D: 5d                   .byte   0o135
EF0E: e7                   .byte   0o347
EF0F: 28                   .byte   0o050
EF10: 83                   .byte   0o203                ; 6.2831853070
EF11: 49                   .byte   0o111
EF12: 0f                   .byte   0o017
EF13: da                   .byte   0o332
EF14: a2                   .byte   0o242
EF15: a1                   .byte   0o241                ; 7.2362932E7
EF16: 54                   .byte   0o124
EF17: 46                   .byte   0o106
EF18: 8f                   .byte   0o217
EF19: 13                   .byte   0o23

Page 166   BASIC M6502 8K VER 1.1 BY MICRO-SOFT
          SINE, COSINE AND TANGENT FUNCTIONS.
--------------------------------------------------------------------------------
EF1A: 8f                   .byte   0o217                ; 73276.2515
EF1B: 52                   .byte   0o122
EF1C: 43                   .byte   0o103
EF1D: 89                   .byte   0o211
EF1E: cd                   .byte   0o315
EF1F:                      .endif
EF1F:                      .page

Page 167   BASIC M6502 8K VER 1.1 BY MICRO-SOFT
          ARCTANGENT FUNCTION.
--------------------------------------------------------------------------------
EF1F:                      .subttl ARCTANGENT FUNCTION.
EF1F:                                                   ;Use identities to GET arg between 0 and 1 and then use an
EF1F:                                                   ;Approximation polynomial to compute arctan(x)*
EF1F:              ATN:
EF1F: a5 a6                LDA     FACSGN               ;What is SIGN?
EF21: 48                   PHA                          ;(Meanwhile SAVE FOR later.)
EF22: 10 27   EF27         BPL     ATN1
EF24: 20 51 ed             JSR     NEGOP                ;IF negative, negate FAC.
EF27:                                                   ;Use arctan(x)=-arctan(-x) *
EF27:              ATN1:
EF27: a5 a1                LDA     FACEXP
EF29: 48                   PHA                          ;SAVE this too FOR later.
EF2A: c9 81                CMP     #0o201               ;See IF FAC .ge. 1.0 *
EF2C: 90 35   EF35         BCC     ATN2                 ;It is less than 1.
EF2E:                      LDWDI   FONE                 ;GET pntr to 1.0 *
EF2E: a9 94                LDA     #FONE & 0o377
EF30: a0 e7                LDY     #FONE / 0o400
EF32: 20 e7 e8             JSR     FDIV                 ;Compute reciprocal.
EF35:                                                   ;Use arctan(x)=pi/2-arctan(1/x) *
EF35:              ATN2:
EF35:                      LDWDI   ATNCON               ;Pntr to arctan constants.
EF35: a9 4f                LDA     #ATNCON & 0o377
EF37: a0 ef                LDY     #ATNCON / 0o400
EF39: 20 dd ed             JSR     POLYX
EF3C: 68                   PLA
EF3D: c9 81                CMP     #0o201               ;Was original argument .lt. 1 ?
EF3F: 90 48   EF48         BCC     ATN3                 ;Yes.
EF41:                      LDWDI   PI2
EF41: a9 e7                LDA     #PI2 & 0o377
EF43: a0 ee                LDY     #PI2 / 0o400
EF45: 20 27 e6             JSR     FSUB                 ;Subtract arctagn from pi/2.
EF48:              ATN3:
EF48: 68                   PLA                          ;Was original argument positive?
EF49: 10 4e   EF4E         BPL     ATN4                 ;Yes.
EF4B: 4c 51 ed             JMP     NEGOP                ;IF negative, negate result.
EF4E:              ATN4:
EF4E: 60                   RTS                          ;All done.
EF4F:              
EF4F:                      .IF     ADDPRC == 0
EF4F:              ATNCON:
EF4F:                      .byte   0o10                 ;DEGREE-1.
EF4F:                      .byte   0o170                ;.0028498896
EF4F:                      .byte   0o072
EF4F:                      .byte   0o305
EF4F:                      .byte   0o067
EF4F:                      .byte   0o173                ;-.016068629
EF4F:                      .byte   0o203
EF4F:                      .byte   0o242
EF4F:                      .byte   0o134
EF4F:                      .byte   0o174                ;.042691519
EF4F:                      .byte   0o056
EF4F:                      .byte   0o335
EF4F:                      .byte   0o115
EF4F:                      .byte   0o175                ;-.075042945
EF4F:                      .byte   0o231
EF4F:                      .byte   0o260
EF4F:                      .byte   0o036
EF4F:                      .byte   0o175                ;.10640934
EF4F:                      .byte   0o131
EF4F:                      .byte   0o355

Page 168   BASIC M6502 8K VER 1.1 BY MICRO-SOFT
          ARCTANGENT FUNCTION.
--------------------------------------------------------------------------------
EF4F:                      .byte   0o044
EF4F:                      .byte   0o176                ;-.14203644
EF4F:                      .byte   0o221
EF4F:                      .byte   0o162
EF4F:                      .byte   0
EF4F:                      .byte   0o176                ;.19992619
EF4F:                      .byte   0o114
EF4F:                      .byte   0o271
EF4F:                      .byte   0o163
EF4F:                      .byte   0o177                ;*-33333073
EF4F:                      .byte   0o252
EF4F:                      .byte   0o252
EF4F:                      .byte   0o123
EF4F:                      .byte   0o201                ;1.0
EF4F:                      .byte   0
EF4F:                      .byte   0
EF4F:                      .byte   0
EF4F:                      .endif
EF4F:              
EF4F:                      .IF     ADDPRC != 0
EF4F:              ATNCON:
EF4F: 0b                   .byte   0o13                 ;DEGREE-1.
EF50: 76                   .byte   0o166                ; -.0006847939119
EF51: b3                   .byte   0o263
EF52: 83                   .byte   0o203
EF53: bd                   .byte   0o275
EF54: d3                   .byte   0o323
EF55: 79                   .byte   0o171                ; .004850942156
EF56: 1e                   .byte   0o036
EF57: f4                   .byte   0o364
EF58: a6                   .byte   0o246
EF59: f5                   .byte   0o365
EF5A: 7b                   .byte   0o173                ; -.01611170184
EF5B: 83                   .byte   0o203
EF5C: fc                   .byte   0o374
EF5D: b0                   .byte   0o260
EF5E: 10                   .byte   0o020
EF5F: 7c                   .byte   0o174                ; .03420963805
EF60: 0c                   .byte   0o014
EF61: 1f                   .byte   0o037
EF62: 67                   .byte   0o147
EF63: ca                   .byte   0o312
EF64: 7c                   .byte   0o174                ; -.05427913276
EF65: de                   .byte   0o336
EF66: 53                   .byte   0o123
EF67: cb                   .byte   0o313
EF68: c1                   .byte   0o301
EF69: 7d                   .byte   0o175                ; .07245719654
EF6A: 14                   .byte   0o024
EF6B: 64                   .byte   0o144
EF6C: 70                   .byte   0o160
EF6D: 4c                   .byte   0o114
EF6E: 7d                   .byte   0o175                ; -.08980239538
EF6F: b7                   .byte   0o267
EF70: ea                   .byte   0o352
EF71: 51                   .byte   0o121
EF72: 7a                   .byte   0o172
EF73: 7d                   .byte   0o175                ; .1109324134
EF74: 63                   .byte   0o143
EF75: 30                   .byte   0o060

Page 169   BASIC M6502 8K VER 1.1 BY MICRO-SOFT
          ARCTANGENT FUNCTION.
--------------------------------------------------------------------------------
EF76: 88                   .byte   0o210
EF77: 7e                   .byte   0o176
EF78: 7e                   .byte   0o176                ; -.1428398077
EF79: 92                   .byte   0o222
EF7A: 44                   .byte   0o104
EF7B: 99                   .byte   0o231
EF7C: 3a                   .byte   0o072
EF7D: 7e                   .byte   0o176                ; .1999991205
EF7E: 4c                   .byte   0o114
EF7F: cc                   .byte   0o314
EF80: 91                   .byte   0o221
EF81: c7                   .byte   0o307
EF82: 7f                   .byte   0o177                ; -.3333333157
EF83: aa                   .byte   0o252
EF84: aa                   .byte   0o252
EF85: aa                   .byte   0o252
EF86: 13                   .byte   0o023
EF87: 81                   .byte   0o201                ; 1.0
EF88: 00                   .byte   0
EF89: 00                   .byte   0
EF8A: 00                   .byte   0
EF8B: 00                   .byte   0
EF8C:                      .endif
EF8C:                      .endif
EF8C:                      .page

Page 170   BASIC M6502 8K VER 1.1 BY MICRO-SOFT
          SYSTEM INITIALIZATION CODE.
--------------------------------------------------------------------------------
EF8C:                      .subttl SYSTEM INITIALIZATION CODE.
EF8C:              ;Radix	10		;in all non-math-package code.
EF8C:              ; This initializes the basic interpreter FOR the m6502 and should be
EF8C:              ; Located where it will be wiped out in ram IF code is all in ram.
EF8C:              
EF8C:                      .IF     ROMSW == 0
EF8C:                      .fill   1
EF8C:                      .endif
EF8C:                                                   ;So zeroing at TXTTAB doesn't prevent
EF8C:                                                   ;Restarting INIT
EF8C:              INITAT:
EF8C: e6 ba                INC     CHRGET + 7           ;Increment the whole TXTPTR.
EF8E: d0 92   EF92         BNE     CHZGOT
EF90: e6 bb                INC     CHRGET + 8
EF92:              CHZGOT:
EF92: ad 60 ea             LDA     60000                ;A LOAD with an ext addr.
EF95: c9 3a                CMP     #":"                 ;Is it a ":"?
EF97: b0 a3   EFA3         BCS     CHZRTS               ;It is .ge. ":"
EF99: c9 20                CMP     #" "                 ;Skip spaces.
EF9B: f0 8c   EF8C         BEQ     INITAT
EF9D: 38                   SEC
EF9E: e9 30                SBC     #"0"                 ;All chars .gt. "9" have ret'd so
EFA0: 38                   SEC
EFA1: e9 d0                SBC     #256 - "0"           ;See IF numeric.
EFA3:                                                   ;Turn carry on IF numeric.
EFA3:                                                   ;Also, setz IF null.
EFA3:              CHZRTS:
EFA3: 60                   RTS                          ;RETURN to caller.
EFA4:              
EFA4: 80                   .byte   128                  ;Loaded or from rom.
EFA5: 4f                   .byte   79                   ;The initial random number.
EFA6: c7                   .byte   199
EFA7: 52                   .byte   82
EFA8:                      .IF     ADDPRC != 0
EFA8: 58                   .byte   88
EFA9:                      .endif
EFA9:                      .IF     REALIO != 3
EFA9:                      .IF     KIMROM == 0
EFA9:              TYPAUT:
EFA9:                      LDWDI   AUTTXT
EFA9: a9 dd                LDA     #AUTTXT & 0o377
EFAB: a0 f0                LDY     #AUTTXT / 0o400
EFAD: 20 db d9             JSR     STROUT
EFB0:                      .endif
EFB0:                      .endif
EFB0:              INIT:
EFB0:                      .IF     REALIO != 3
EFB0: a2 ff                LDX     #255                 ;Make it look direct in case of
EFB2: 86 79                STX     CURLIN + 1
EFB4:                      .endif
EFB4:                                                   ;ERROR message.
EFB4:                      .IF     STKEND != 511
EFB4: a2 fb                LDX     #STKEND - 256
EFB6:                      .endif
EFB6: 9a                   TXS
EFB7:                      .IF     REALIO != 3
EFB7:                      LDWDI   INIT                 ;Allow restart.
EFB7: a9 b0                LDA     #INIT & 0o377
EFB9: a0 ef                LDY     #INIT / 0o400
EFBB:                      STWD    START + 1

Page 171   BASIC M6502 8K VER 1.1 BY MICRO-SOFT
          SYSTEM INITIALIZATION CODE.
--------------------------------------------------------------------------------
EFBB: 85 01                STA     START + 1
EFBD: 84 02                STY     START + 1 + 1
EFBF:                      STWD    RDYJSR + 1           ;Rts here on errors.
EFBF: 85 04                STA     RDYJSR + 1
EFC1: 84 05                STY     RDYJSR + 1 + 1
EFC3:                      LDWDI   AYINT
EFC3: a9 96                LDA     #AYINT & 0o377
EFC5: a0 df                LDY     #AYINT / 0o400
EFC7:                      STWD    ADRAYI
EFC7: 85 06                STA     ADRAYI
EFC9: 84 07                STY     ADRAYI + 1
EFCB:                      LDWDI   GIVAYF
EFCB: a9 69                LDA     #GIVAYF & 0o377
EFCD: a0 e1                LDY     #GIVAYF / 0o400
EFCF:                      STWD    ADRGAY
EFCF: 85 08                STA     ADRGAY
EFD1: 84 09                STY     ADRGAY + 1
EFD3:                      .endif
EFD3: a9 4c                LDA     #76                  ;Jmp instruction.
EFD5:                      .IF     REALIO == 0
EFD5:              HRLI 1,0o1000
EFD5:                      .endif
EFD5:                                                   ;Make an inst.
EFD5:                      .IF     REALIO != 3
EFD5: 85 00                STA     START
EFD7: 85 03                STA     RDYJSR
EFD9:                      .endif
EFD9: 85 94                STA     JMPER
EFDB:                      .IF     ROMSW != 0
EFDB: 85 0a                STA     USRPOK
EFDD:                      LDWDI   FCERR
EFDD: a9 1f                LDA     #FCERR & 0o377
EFDF: a0 e0                LDY     #FCERR / 0o400
EFE1:                      STWD    USRPOK + 1
EFE1: 85 0b                STA     USRPOK + 1
EFE3: 84 0c                STY     USRPOK + 1 + 1
EFE5:                      .endif
EFE5: a9 28                LDA     #LINLEN              ;These must be non-ZERO so CHEAD will
EFE7: 85 51                STA     LINWID               ;Work after moving a new line in BUF
EFE9:                                                   ;Into the program
EFE9: a9 0e                LDA     #NCMPOS
EFEB: 85 52                STA     NCMWID
EFED: a2 1c                LDX     #RNDX + 4 - CHRGET
EFEF:              MOVCHG:
EFEF: bd 8b ef             LDA     INITAT - 1,X
EFF2: 95 b2                STA     CHRGET - 1,X         ;Move to ram.
EFF4: ca                   DEX
EFF5: d0 ef   EFEF         BNE     MOVCHG
EFF7: a9 03                LDA     #STRSIZ
EFF9: 85 92                STA     FOUR6
EFFB: 8a                   TXA                          ;Set const in ram.
EFFC: 85 a8                STA     BITS
EFFE:                      .IF     EXTIO != 0
EFFE:                      STA     CHANNL
EFFE:                      .endif
EFFE: 85 57                STA     LASTPT + 1
F000:                      .IF     NULCMD != 0
F000:                      STA     NULCNT
F000:                      .endif
F000: 48                   PHA                          ;Put ZERO at the END of the stack

Page 172   BASIC M6502 8K VER 1.1 BY MICRO-SOFT
          SYSTEM INITIALIZATION CODE.
--------------------------------------------------------------------------------
F001:                                                   ;So FNDFOR will STOP
F001:                      .IF     REALIO != 0
F001: 85 17                STA     CNTWFL
F003:                      .endif
F003:                                                   ;Be talkative.
F003:                      .IF     BUFPAG != 0
F003: e8                   INX                          ;Make [x]=1
F004: 8e fd 01             STX     BUF - 3              ;Set pre-BUF bytes non-ZERO FOR CHEAD
F007: 8e fc 01             STX     BUF - 4
F00A:                      .endif
F00A:                      .IF     REALIO != 3
F00A: 20 91 d9             JSR     CRDO
F00D:                      .endif
F00D:                                                   ;Type a cr.
F00D: a2 58                LDX     #TEMPST
F00F: 86 55                STX     TEMPPT               ;Set up string temporaries.
F011:                      .IF     (REALIO | LONGI) != 0
F011:                      .IF     REALIO != 3
F011:                      LDWDI   MEMORY
F011: a9 fd                LDA     #MEMORY & 0o377
F013: a0 f0                LDY     #MEMORY / 0o400
F015: 20 db d9             JSR     STROUT
F018: 20 78 da             JSR     QINLIN               ;GET a line of INPUT.
F01B:                      STXY    TXTPTR               ;READ this !
F01B: 86 ba                STX     TXTPTR
F01D: 84 bb                STY     TXTPTR + 1
F01F: 20 b3 00             JSR     CHRGET               ;GET the first character.
F022:                      .IF     KIMROM == 0
F022: c9 41                CMP     #"A"                 ;Is it an "a"?
F024: f0 a9   EFA9         BEQ     TYPAUT
F026:                      .endif
F026:                                                   ;Yes type author's name.
F026: a8                   TAY                          ;Null INPUT?
F027: d0 4e   F04E         BNE     USEDE9
F029:                      .endif
F029:                                                   ;No.
F029:                      .IF     REALIO == 3
F029:                      LDY     #RAMLOC / 256
F029:                      .endif
F029:                      .IF     REALIO != 3
F029:                      .IF     ROMSW == 0
F029:                      LDWDI   LASTWR
F029:                      .endif
F029:                                                   ;Yes GET pntr to last word.
F029:                      .IF     ROMSW != 0
F029:                      LDWDI   RAMLOC
F029: a9 00                LDA     #RAMLOC & 0o377
F02B: a0 08                LDY     #RAMLOC / 0o400
F02D:                      .endif
F02D:                      .endif
F02D:                      .IF     ROMSW != 0
F02D:                      STWD    TXTTAB
F02D: 85 6a                STA     TXTTAB
F02F: 84 6b                STY     TXTTAB + 1
F031:                      .endif
F031:                                                   ;Set up START of program location
F031:                      STWD    LINNUM
F031: 85 53                STA     LINNUM
F033: 84 54                STY     LINNUM + 1
F035:                      .IF     REALIO == 3

Page 173   BASIC M6502 8K VER 1.1 BY MICRO-SOFT
          SYSTEM INITIALIZATION CODE.
--------------------------------------------------------------------------------
F035:                      TAY
F035:                      .endif
F035:                      .IF     REALIO != 3
F035: a0 00                LDY     #0
F037:                      .endif
F037:              LOOPMM:
F037: e6 53                INC     LINNUM
F039: d0 3d   F03D         BNE     LOOPM1
F03B: e6 54                INC     LINNUM + 1
F03D:                      .IF     REALIO == 3
F03D:                      BMI     USEDEC
F03D:                      .endif
F03D:              LOOPM1:
F03D: a9 55                LDA     #85                  ;Put random info into mem.
F03F: 91 53                STA     (LINNUM),Y
F041: d1 53                CMP     (LINNUM),Y           ;Was it saved?
F043: d0 5a   F05A         BNE     USEDEC               ;No. that is END of MEMORY.
F045: 0a                   ASL     A                    ;Looks like it. try another.
F046: 91 53                STA     (LINNUM),Y
F048: d1 53                CMP     (LINNUM),Y           ;Was it saved?
F04A:                      .IF     REALIO != 3
F04A: d0 5a   F05A         BNE     USEDEC
F04C:                      .endif
F04C:                                                   ;No. this is the END.
F04C:                      .IF     REALIO != 2
F04C: f0 37   F037         BEQ     LOOPMM
F04E:                      .endif
F04E:                      .IF     REALIO == 2
F04E:                      BNE     USEDEC
F04E:                      CMP     0                    ;See IF hitting page 0
F04E:                      BNE     LOOPMM
F04E:                      LDA     #76
F04E:                      STA     0
F04E:                      BNEA    USEDEC
F04E:                      .endif
F04E:                      .IF     REALIO != 3
F04E:              USEDE9:
F04E: 20 b9 00             JSR     CHRGOT               ;GET current character.
F051: 20 90 d8             JSR     LINGET               ;GET decimal argument.
F054: a8                   TAY                          ;Make sure a terminator exists.
F055: f0 5a   F05A         BEQ     USEDEC               ;It does.
F057: 4c 64 dd             JMP     SNERR
F05A:                      .endif
F05A:                                                   ;It doesn't.
F05A:              USEDEC:
F05A:                      LDWD    LINNUM               ;GET SIZE of MEMORY INPUT.
F05A: a5 53                LDA     LINNUM
F05C: a4 54                LDY     LINNUM + 1
F05E:              USEDEF:
F05E:                      .endif
F05E:                                                   ;Highest address.
F05E:                      .IF     (REALIO | LONGI) == 0
F05E:                      LDWDI   16190
F05E:                      .endif
F05E:                                                   ;A strange number.
F05E:                      STWD    MEMSIZ               ;This is the SIZE of MEMORY.
F05E: 85 76                STA     MEMSIZ
F060: 84 77                STY     MEMSIZ + 1
F062:                      STWD    FRETOP               ;Top of strings too.
F062: 85 72                STA     FRETOP

Page 174   BASIC M6502 8K VER 1.1 BY MICRO-SOFT
          SYSTEM INITIALIZATION CODE.
--------------------------------------------------------------------------------
F064: 84 73                STY     FRETOP + 1
F066:              TTYW:
F066:                      .IF     REALIO != 3
F066:                      .IF     (REALIO | LONGI) != 0
F066:                      LDWDI   TTYWID
F066: a9 09                LDA     #TTYWID & 0o377
F068: a0 f1                LDY     #TTYWID / 0o400
F06A: 20 db d9             JSR     STROUT
F06D: 20 78 da             JSR     QINLIN               ;GET line of INPUT.
F070:                      STXY    TXTPTR               ;READ this !
F070: 86 ba                STX     TXTPTR
F072: 84 bb                STY     TXTPTR + 1
F074: 20 b3 00             JSR     CHRGET               ;GET first character.
F077: a8                   TAY                          ;Test acca but don't affect carry.
F078: f0 96   F096         BEQ     ASKAGN
F07A: 20 90 d8             JSR     LINGET               ;GET argument.
F07D: a5 54                LDA     LINNUM + 1
F07F: d0 66   F066         BNE     TTYW                 ;Width must be .lt. 256.
F081: a5 53                LDA     LINNUM
F083: c9 10                CMP     #16                  ;Width must be greater than 16.
F085: 90 66   F066         BCC     TTYW
F087: 85 51                STA     LINWID               ;That is the line width.
F089:              MORCPS:
F089: e9 0e                SBC     #CLMWID              ;Compute position beyond which
F08B: b0 89   F089         BCS     MORCPS               ;There are no more fields.
F08D: 49 ff                EOR     #255
F08F: e9 0c                SBC     #CLMWID - 2
F091: 18                   CLC
F092: 65 51                ADC     LINWID
F094: 85 52                STA     NCMWID
F096:                      .endif
F096:              ASKAGN:
F096:                      .IF     ROMSW == 0
F096:                      .IF     (REALIO | LONGI) != 0
F096:                      LDWDI   FNS
F096:                      JSR     STROUT
F096:                      JSR     QINLIN
F096:                      STXY    TXTPTR               ;READ this !
F096:                      JSR     CHRGET
F096:                      LDXYI   INITAT               ;Default.
F096:                      CMP     #"Y"
F096:                      BEQ     HAVFNS               ;SAVE all functions.
F096:                      CMP     #"A"
F096:                      BEQ     OKCHAR               ;SAVE all but ATN.
F096:                      CMP     #"N"
F096:                      BNE     ASKAGN               ;Bad INPUT.
F096:                                                   ;SAVE nothing.
F096:              OKCHAR:
F096:                      LDXYI   FCERR
F096:                      STXY    ATNFIX               ;GET rid of ATN function.
F096:                      LDXYI   ATN                  ;Until we know that we should del more.
F096:                      CMP     #"A"
F096:                      BEQ     HAVFNS               ;Just GET rid of ATN.
F096:                      LDXYI   FCERR
F096:                      STXY    COSFIX               ;GET rid of the rest.
F096:                      STXY    TANFIX
F096:                      STXY    SINFIX
F096:                      LDXYI   COS                  ;And GET rid of all back to "COS"*
F096:              HAVFNS:
F096:                      .endif

Page 175   BASIC M6502 8K VER 1.1 BY MICRO-SOFT
          SYSTEM INITIALIZATION CODE.
--------------------------------------------------------------------------------
F096:                      .IF     (REALIO | LONGI) == 0
F096:                      LDXYI   INITAT - 1
F096:                      .endif
F096:                      .endif
F096:                      .endif
F096:                                                   ;GET rid of all up to "INITAT"*
F096:                      .IF     ROMSW != 0
F096:                      LDXYI   RAMLOC
F096: a2 00                LDX     #RAMLOC & 0o377
F098: a0 08                LDY     #RAMLOC / 0o400
F09A:                      STXY    TXTTAB
F09A: 86 6a                STX     TXTTAB
F09C: 84 6b                STY     TXTTAB + 1
F09E:                      .endif
F09E: a0 00                LDY     #0
F0A0: 98                   TYA
F0A1: 91 6a                STA     (TXTTAB),Y           ;Set up text table.
F0A3: e6 6a                INC     TXTTAB
F0A5:                      .IF     REALIO != 3
F0A5: d0 a9   F0A9         BNE     QROOM
F0A7: e6 6b                INC     TXTTAB + 1
F0A9:                      .endif
F0A9:              QROOM:
F0A9:                      LDWD    TXTTAB               ;Prepare to use "REASON"*
F0A9: a5 6a                LDA     TXTTAB
F0AB: a4 6b                LDY     TXTTAB + 1
F0AD: 20 ee d2             JSR     REASON
F0B0:                      .IF     REALIO == 3
F0B0:                      LDWDI   FREMES
F0B0:                      JSR     STROUT
F0B0:                      .endif
F0B0:                      .IF     REALIO != 3
F0B0: 20 91 d9             JSR     CRDO
F0B3:                      .endif
F0B3: a5 76                LDA     MEMSIZ               ;Compute [MEMSIZ]-[VARTAB]*
F0B5: 38                   SEC
F0B6: e5 6a                SBC     TXTTAB
F0B8: aa                   TAX
F0B9: a5 77                LDA     MEMSIZ + 1
F0BB: e5 6b                SBC     TXTTAB + 1
F0BD: 20 a5 eb             JSR     LINPRT               ;Type this value.
F0C0:                      LDWDI   WORDS                ;More bullshit.
F0C0: a9 18                LDA     #WORDS & 0o377
F0C2: a0 f1                LDY     #WORDS / 0o400
F0C4: 20 db d9             JSR     STROUT
F0C7: 20 22 d5             JSR     SCRTCH               ;Set up everything else.
F0CA:                      .IF     REALIO == 3
F0CA:                      JMP     READY
F0CA:                      .endif
F0CA:                      .IF     REALIO != 3
F0CA:                      LDWDI   STROUT
F0CA: a9 db                LDA     #STROUT & 0o377
F0CC: a0 d9                LDY     #STROUT / 0o400
F0CE:                      STWD    RDYJSR + 1
F0CE: 85 04                STA     RDYJSR + 1
F0D0: 84 05                STY     RDYJSR + 1 + 1
F0D2:                      LDWDI   READY
F0D2: a9 44                LDA     #READY & 0o377
F0D4: a0 d3                LDY     #READY / 0o400
F0D6:                      STWD    START + 1

Page 176   BASIC M6502 8K VER 1.1 BY MICRO-SOFT
          SYSTEM INITIALIZATION CODE.
--------------------------------------------------------------------------------
F0D6: 85 01                STA     START + 1
F0D8: 84 02                STY     START + 1 + 1
F0DA: 6c 01 00             JMP     (START + 1)
F0DD:              
F0DD:                      .IF     ROMSW == 0
F0DD:              FNS:
F0DD:                      .text   "WANT SIN-COS-TAN-ATN"
F0DD:                      .byte   0
F0DD:                      .endif
F0DD:                      .IF     KIMROM == 0
F0DD:              AUTTXT:
F0DD:                      ACRLF
F0DD: 0d                   .byte   13
F0DE: 0a                   .byte   10
F0DF: 0c                   .byte   12                   ;Another line feed.
F0E0: 57 52 49 54          .text   "WRITTEN "
F0E4: 54 45 4e 20  
F0E8: 42 59 20 57          .text   "BY WEILAND & GATES"
F0EC: 45 49 4c 41  
F0F0: 4e 44 20 26  
F0F4: 20 47 41 54  
F0F8: 45 53        
F0FA:                      ACRLF
F0FA: 0d                   .byte   13
F0FB: 0a                   .byte   10
F0FC: 00                   .byte   0
F0FD:                      .endif
F0FD:              MEMORY:
F0FD: 4d 45 4d 4f          .text   "MEMORY SIZE"
F101: 52 59 20 53  
F105: 49 5a 45     
F108: 00                   .byte   0
F109:              TTYWID:
F109:                      .IF     KIMROM == 0
F109: 54 45 52 4d          .text   "TERMINAL "
F10D: 49 4e 41 4c  
F111: 20           
F112:                      .endif
F112: 57 49 44 54          .text   "WIDTH"
F116: 48           
F117: 00                   .byte   0
F118:                      .endif
F118:              WORDS:
F118: 20 42 59 54          .text   " BYTES FREE"
F11C: 45 53 20 46  
F120: 52 45 45     
F123:                      .IF     REALIO != 3
F123:                      ACRLF
F123: 0d                   .byte   13
F124: 0a                   .byte   10
F125:                      ACRLF
F125: 0d                   .byte   13
F126: 0a                   .byte   10
F127:                      .endif
F127:                      .IF     REALIO == 3
F127:                      .word   0o15
F127:                      .byte   0
F127:              FREMES:
F127:                      .endif
F127:                      .IF     REALIO == 0

Page 177   BASIC M6502 8K VER 1.1 BY MICRO-SOFT
          SYSTEM INITIALIZATION CODE.
--------------------------------------------------------------------------------
F127:                      .text   "SIMULATED BASIC FOR THE 6502 V1.1"
F127:                      .endif
F127:                      .IF     REALIO == 1
F127:                      .text   "KIM BASIC V1.1"
F127:                      .endif
F127:                      .IF     REALIO == 2
F127:                      .text   "OSI 6502 BASIC VERSION 1.1"
F127:                      .endif
F127:                      .IF     REALIO == 3
F127:                      .text   "### COMMODORE BASIC ###"
F127:                      .word   0o15
F127:                      .word   0o15
F127:                      .endif
F127:                      .IF     REALIO == 4
F127: 41 50 50 4c          .text   "APPLE BASIC V1.1"
F12B: 45 20 42 41  
F12F: 53 49 43 20  
F133: 56 31 2e 31  
F137:                      .endif
F137:                      .IF     REALIO == 5
F137:                      .text   "STM BASIC V1.1"
F137:                      .endif
F137:                      .IF     REALIO != 3
F137:                      ACRLF
F137: 0d                   .byte   13
F138: 0a                   .byte   10
F139: 43 4f 50 59          .text   "COPYRIGHT 1978 MICROSOFT"
F13D: 52 49 47 48  
F141: 54 20 31 39  
F145: 37 38 20 4d  
F149: 49 43 52 4f  
F14D: 53 4f 46 54  
F151:                      ACRLF
F151: 0d                   .byte   13
F152: 0a                   .byte   10
F153:                      .endif
F153: 00                   .byte   0
F154:              LASTWR:
F154: 00 00 00 00          .fill   100                  ;Space FOR temp stack.
F158: 00 00 00 00  
F15C: 00 00 00 00  
F160: 00 00 00 00  
F164: 00 00 00 00  
F168: 00 00 00 00  
F16C: 00 00 00 00  
F170: 00 00 00 00  
F174: 00 00 00 00  
F178: 00 00 00 00  
F17C: 00 00 00 00  
F180: 00 00 00 00  
F184: 00 00 00 00  
F188: 00 00 00 00  
F18C: 00 00 00 00  
F190: 00 00 00 00  
F194: 00 00 00 00  
F198: 00 00 00 00  
F19C: 00 00 00 00  
F1A0: 00 00 00 00  
F1A4: 00 00 00 00  
F1A8: 00 00 00 00  

Page 178   BASIC M6502 8K VER 1.1 BY MICRO-SOFT
          SYSTEM INITIALIZATION CODE.
--------------------------------------------------------------------------------
F1AC: 00 00 00 00  
F1B0: 00 00 00 00  
F1B4: 00 00 00 00  
F1B8:                      .IF     REALIO == 0
F1B8:              TSTACK:
F1B8:                      .fill   13600
F1B8:                      .endif
F1B8:              
F1B8:                      .IF     1
F1B8:                                                   ; Purge	a,x,y
F1B8:                      .endif
F1B8:              ; Ifndef	START,(START = 0)
F1B8:                                                   ; END	$z+START
F1B8:              
F1B8:              

================================================================================

================================================================================
SYMBOL TABLE
================================================================================

BY VALUE (numerical):
--------------------------------------------------------------------------------
  $Z                   = $0000 (0)  [label]
  TIME                 = $0000 (0)  [const]
  EXTIO                = $0000 (0)  [const]
  NULCMD               = $0000 (0)  [const]
  KIMROM               = $0000 (0)  [const]
  START                = $0000 (0)  [label]
  ERRNF                = $0000 (0)  [const]
  INTPRC               = $0001 (1)  [const]
  ADDPRC               = $0001 (1)  [const]
  LNGERR               = $0001 (1)  [const]
  DISKO                = $0001 (1)  [const]
  GETCMD               = $0001 (1)  [const]
  RORSW                = $0001 (1)  [const]
  ROMSW                = $0001 (1)  [const]
  LONGI                = $0001 (1)  [const]
  BUFPAG               = $0002 (2)  [const]
  STRSIZ               = $0003 (3)  [const]
  NUMTMP               = $0003 (3)  [const]
  RDYJSR               = $0003 (3)  [label]
  REALIO               = $0004 (4)  [const]
  ADRAYI               = $0006 (6)  [label]
  ADRGAY               = $0008 (8)  [label]
  USRPOK               = $000A (10)  [label]
  CHARAC               = $000D (13)  [label]
  INTEGR               = $000D (13)  [const]
  CLMWID               = $000E (14)  [const]
  ENDCHR               = $000E (14)  [label]
  NCMPOS               = $000E (14)  [const]
  CONTW                = $000F (15)  [const]
  COUNT                = $000F (15)  [label]
  DIMFLG               = $0010 (16)  [label]
  KIMY                 = $0010 (16)  [const]
  ERRSN                = $0010 (16)  [const]
  VALTYP               = $0011 (17)  [label]
  INTFLG               = $0012 (18)  [label]
  FORSIZ               = $0012 (18)  [const]
  DORES                = $0013 (19)  [label]
  GARBFL               = $0013 (19)  [const]
  SUBFLG               = $0014 (20)  [label]
  INPFLG               = $0015 (21)  [label]
  TANSGN               = $0016 (22)  [label]
  DOMASK               = $0016 (22)  [const]
  ERRRG                = $0016 (22)  [const]
  NUMLEV               = $0017 (23)  [const]
  CNTWFL               = $0017 (23)  [label]
  LINLEN               = $0028 (40)  [const]
  ERROD                = $002A (42)  [const]
  CQPRMP               = $0033 (51)  [const]
  ERRFC                = $0035 (53)  [const]
  ERROV                = $0045 (69)  [const]
  ERROM                = $004D (77)  [const]
  TRMPOS               = $0050 (80)  [label]
  LINWID               = $0051 (81)  [label]
  NCMWID               = $0052 (82)  [label]
  LINNUM               = $0053 (83)  [label]
  POKER                = $0053 (83)  [const]
  TEMPPT               = $0055 (85)  [label]
  LASTPT               = $0056 (86)  [label]
  TEMPST               = $0058 (88)  [label]
  ERRUS                = $005A (90)  [const]
  INDEX1               = $0061 (97)  [label]
  INDEX                = $0061 (97)  [const]
  INDEX2               = $0063 (99)  [label]
  RESHO                = $0065 (101)  [label]
  RESMOH               = $0066 (102)  [label]
  RESMO                = $0067 (103)  [label]
  ADDEND               = $0067 (103)  [const]
  RESLO                = $0068 (104)  [label]
  TXTTAB               = $006A (106)  [label]
  ERRBS                = $006B (107)  [const]
  VARTAB               = $006C (108)  [label]
  ARYTAB               = $006E (110)  [label]
  STREND               = $0070 (112)  [label]
  FRETOP               = $0072 (114)  [label]
  FRESPC               = $0074 (116)  [label]
  MEMSIZ               = $0076 (118)  [label]
  CURLIN               = $0078 (120)  [label]
  ERRDD                = $0078 (120)  [const]
  OLDLIN               = $007A (122)  [label]
  OLDTXT               = $007C (124)  [label]
  DATLIN               = $007E (126)  [label]
  DATPTR               = $0080 (128)  [label]
  ENDTK                = $0080 (128)  [const]
  FORTK                = $0081 (129)  [const]
  INPPTR               = $0082 (130)  [label]
  DATATK               = $0083 (131)  [const]
  VARNAM               = $0084 (132)  [label]
  ERRDV0               = $0085 (133)  [const]
  VARPNT               = $0086 (134)  [label]
  FDECPT               = $0086 (134)  [const]
  FORPNT               = $0088 (136)  [label]
  LSTPNT               = $0088 (136)  [const]
  ANDMSK               = $0088 (136)  [const]
  GOTOTK               = $0088 (136)  [const]
  EORMSK               = $0089 (137)  [const]
  OPPTR                = $008A (138)  [label]
  VARTXT               = $008A (138)  [const]
  OPMASK               = $008C (140)  [label]
  GOSUTK               = $008C (140)  [const]
  DEFPNT               = $008D (141)  [label]
  GRBPNT               = $008D (141)  [const]
  TEMPF3               = $008D (141)  [const]
  REMTK                = $008E (142)  [const]
  DSCPNT               = $008F (143)  [label]
  FOUR6                = $0092 (146)  [label]
  JMPER                = $0094 (148)  [label]
  SIZE                 = $0095 (149)  [const]
  ERRID                = $0095 (149)  [const]
  OLDOV                = $0096 (150)  [const]
  PRINTK               = $0096 (150)  [const]
  TEMPF1               = $0097 (151)  [label]
  HIGHDS               = $0098 (152)  [label]
  ARYPNT               = $0098 (152)  [const]
  HIGHTR               = $009A (154)  [label]
  SCRATK               = $009B (155)  [const]
  TEMPF2               = $009C (156)  [label]
  TABTK                = $009C (156)  [const]
  LOWDS                = $009D (157)  [label]
  DECCNT               = $009D (157)  [const]
  TOTK                 = $009D (157)  [const]
  TENEXP               = $009E (158)  [const]
  FNTK                 = $009E (158)  [const]
  LOWTR                = $009F (159)  [label]
  GRBTOP               = $009F (159)  [const]
  DPTFLG               = $009F (159)  [const]
  SPCTK                = $009F (159)  [const]
  EXPSGN               = $00A0 (160)  [const]
  THENTK               = $00A0 (160)  [const]
  FAC                  = $00A1 (161)  [label]
  FACEXP               = $00A1 (161)  [label]
  DSCTMP               = $00A1 (161)  [const]
  NOTTK                = $00A1 (161)  [const]
  FACHO                = $00A2 (162)  [label]
  STEPTK               = $00A2 (162)  [const]
  FACMOH               = $00A3 (163)  [label]
  PLUSTK               = $00A3 (163)  [const]
  ERRTM                = $00A3 (163)  [const]
  FACMO                = $00A4 (164)  [label]
  INDICE               = $00A4 (164)  [const]
  MINUTK               = $00A4 (164)  [const]
  FACLO                = $00A5 (165)  [label]
  FACSGN               = $00A6 (166)  [label]
  SGNFLG               = $00A7 (167)  [label]
  DEGREE               = $00A7 (167)  [const]
  BITS                 = $00A8 (168)  [label]
  ARGEXP               = $00A9 (169)  [label]
  ARGHO                = $00AA (170)  [label]
  GREATK               = $00AA (170)  [const]
  ARGMOH               = $00AB (171)  [label]
  EQULTK               = $00AB (171)  [const]
  ARGMO                = $00AC (172)  [label]
  LESSTK               = $00AC (172)  [const]
  ARGLO                = $00AD (173)  [label]
  ONEFUN               = $00AD (173)  [const]
  ARGSGN               = $00AE (174)  [label]
  ARISGN               = $00AF (175)  [label]
  STRNG1               = $00AF (175)  [const]
  FACOV                = $00B0 (176)  [label]
  ERRLS                = $00B0 (176)  [const]
  FBUFPT               = $00B1 (177)  [label]
  BUFPTR               = $00B1 (177)  [const]
  STRNG2               = $00B1 (177)  [const]
  POLYPT               = $00B1 (177)  [const]
  CURTOL               = $00B1 (177)  [const]
  CHRGET               = $00B3 (179)  [label]
  CHRGOT               = $00B9 (185)  [label]
  TXTPTR               = $00BA (186)  [const]
  ERRST                = $00BF (191)  [const]
  QNUM                 = $00C0 (192)  [label]
  LASNUM               = $00C0 (192)  [const]
  GOTK                 = $00C4 (196)  [const]
  CHRRTS               = $00CA (202)  [label]
  RNDX                 = $00CB (203)  [label]
  ERRCN                = $00D2 (210)  [const]
  Q                    = $00E0 (224)  [const]
  ERRUF                = $00E0 (224)  [const]
  BUFLEN               = $00F0 (240)  [const]
  LOFBUF               = $00FF (255)  [label]
  FBUFFR               = $0100 (256)  [label]
  STKEND               = $01FB (507)  [const]
  BUF                  = $0200 (512)  [const]
  BUFOFS               = $0200 (512)  [const]
  RAMLOC               = $0800 (2048)  [const]
  ROMLOC               = $D000 (53248)  [const]
  STMDSP               = $D000 (53248)  [label]
  FUNDSP               = $D038 (53304)  [label]
  USRLOC               = $D03E (53310)  [label]
  COSFIX               = $D04C (53324)  [label]
  SINFIX               = $D04E (53326)  [label]
  TANFIX               = $D050 (53328)  [label]
  ATNFIX               = $D052 (53330)  [label]
  OPTAB                = $D066 (53350)  [label]
  NEGTAB               = $D07B (53371)  [label]
  NOTTAB               = $D07E (53374)  [label]
  PTDORL               = $D081 (53377)  [label]
  RESLST               = $D084 (53380)  [label]
  ERRTAB               = $D165 (53605)  [label]
  ERR                  = $D255 (53845)  [label]
  INTXT                = $D25C (53852)  [label]
  REDDY                = $D261 (53857)  [label]
  BRKTXT               = $D268 (53864)  [label]
  FNDFOR               = $D270 (53872)  [label]
  FFLOOP               = $D275 (53877)  [label]
  CMPFOR               = $D28A (53898)  [label]
  ADDFRS               = $D296 (53910)  [label]
  FFRTS                = $D29D (53917)  [label]
  BLTU                 = $D29E (53918)  [label]
  BLTUC                = $D2A5 (53925)  [label]
  BLT1                 = $D2C2 (53954)  [label]
  BLTLP                = $D2CE (53966)  [label]
  MOREN1               = $D2D2 (53970)  [label]
  DECBLT               = $D2D9 (53977)  [label]
  GETSTK               = $D2E1 (53985)  [label]
  REASON               = $D2EE (53998)  [label]
  TRYMOR               = $D2F8 (54008)  [label]
  REASAV               = $D2FC (54012)  [label]
  REASTO               = $D307 (54023)  [label]
  REARTS               = $D31A (54042)  [label]
  OMERR                = $D31B (54043)  [label]
  ERROR                = $D31D (54045)  [label]
  ERRCRD               = $D31F (54047)  [label]
  GETERR               = $D325 (54053)  [label]
  TYPERR               = $D332 (54066)  [label]
  ERRFIN               = $D339 (54073)  [label]
  READY                = $D344 (54084)  [label]
  MAIN                 = $D34D (54093)  [label]
  MAIN1                = $D366 (54118)  [label]
  QDECT1               = $D3A1 (54177)  [label]
  MLOOP                = $D3A9 (54185)  [label]
  NODEL                = $D3B7 (54199)  [label]
  NODELC               = $D3D2 (54226)  [label]
  STOLOP               = $D3EC (54252)  [label]
  FINI                 = $D3F4 (54260)  [label]
  LNKPRG               = $D3FD (54269)  [label]
  CHEAD                = $D406 (54278)  [label]
  CZLOOP               = $D40E (54286)  [label]
  LNKRTS               = $D429 (54313)  [label]
  INLIN                = $D42A (54314)  [label]
  GDBUFS               = $D437 (54327)  [label]
  LOPBHT               = $D43F (54335)  [label]
  NOCHR                = $D44A (54346)  [label]
  INCHR                = $D451 (54353)  [label]
  INCRTS               = $D462 (54370)  [label]
  CRUNCH               = $D463 (54371)  [label]
  KLOOP                = $D469 (54377)  [label]
  CMPSPC               = $D46C (54380)  [label]
  KLOOP1               = $D482 (54402)  [label]
  MUSTCR               = $D48A (54410)  [label]
  RESER                = $D494 (54420)  [label]
  RESPUL               = $D495 (54421)  [label]
  RESCON               = $D496 (54422)  [label]
  GETBPT               = $D4A5 (54437)  [label]
  STUFFH               = $D4A7 (54439)  [label]
  COLIS                = $D4BA (54458)  [label]
  NODATT               = $D4BC (54460)  [label]
  STR1                 = $D4C3 (54467)  [label]
  STRNG                = $D4CC (54476)  [label]
  NTHIS                = $D4D3 (54483)  [label]
  NTHIS1               = $D4D7 (54487)  [label]
  CRDONE               = $D4E7 (54503)  [label]
  LISTRT               = $D4F0 (54512)  [label]
  FNDLIN               = $D4F1 (54513)  [label]
  FNDLNC               = $D4F5 (54517)  [label]
  FNDLO1               = $D50C (54540)  [label]
  AFFRTS               = $D515 (54549)  [label]
  FLINRT               = $D51E (54558)  [label]
  FLNRTS               = $D51F (54559)  [label]
  SCRATH               = $D520 (54560)  [label]
  SCRTCH               = $D522 (54562)  [label]
  RUNC                 = $D537 (54583)  [label]
  CLEAR                = $D53C (54588)  [label]
  CLEARC               = $D53E (54590)  [label]
  FLOAD                = $D552 (54610)  [label]
  STKINI               = $D555 (54613)  [label]
  STKRTS               = $D568 (54632)  [label]
  STXTPT               = $D569 (54633)  [label]
  LIST                 = $D577 (54647)  [label]
  GOLST                = $D57F (54655)  [label]
  LSTEND               = $D596 (54678)  [label]
  LIST4                = $D5A4 (54692)  [label]
  TSTDUN               = $D5BF (54719)  [label]
  TYPLIN               = $D5C1 (54721)  [label]
  PRIT4                = $D5C8 (54728)  [label]
  PLOOP                = $D5CC (54732)  [label]
  PLOOP1               = $D5CF (54735)  [label]
  GRODY                = $D5E3 (54755)  [label]
  QPLOP                = $D5E6 (54758)  [label]
  RESRCH               = $D5F0 (54768)  [label]
  RESCR1               = $D5F3 (54771)  [label]
  PRIT3                = $D5FB (54779)  [label]
  FOR                  = $D606 (54790)  [label]
  NOTOL                = $D617 (54807)  [label]
  LDFONE               = $D64F (54863)  [label]
  ONEON                = $D663 (54883)  [label]
  NXTCON               = $D66F (54895)  [label]
  NEWSTT               = $D672 (54898)  [label]
  DIRCON               = $D681 (54913)  [label]
  GONE                 = $D6A4 (54948)  [label]
  GONE3                = $D6AD (54957)  [label]
  GONE2                = $D6AF (54959)  [label]
  GLET                 = $D6C4 (54980)  [label]
  MORSTS               = $D6C7 (54983)  [label]
  SNERR1               = $D6CB (54987)  [label]
  SNERRX               = $D6CE (54990)  [label]
  RESTOR               = $D6DD (55005)  [label]
  RESFIN               = $D6E7 (55015)  [label]
  ISCRTS               = $D6EB (55019)  [label]
  ISCNTC               = $D6EC (55020)  [label]
  ISCCAP               = $D6F4 (55028)  [label]
  STOP                 = $D6F9 (55033)  [label]
  END                  = $D6FB (55035)  [label]
  STOPC                = $D6FC (55036)  [label]
  STPEND               = $D70B (55051)  [label]
  DIRIS                = $D713 (55059)  [label]
  ENDCON               = $D715 (55061)  [label]
  GORDY                = $D722 (55074)  [label]
  CONT                 = $D725 (55077)  [label]
  CONTRT               = $D73E (55102)  [label]
  SAVE                 = $D73F (55103)  [label]
  LOAD                 = $D758 (55128)  [label]
  TPDONE               = $D77B (55163)  [label]
  VARTIO               = $D782 (55170)  [label]
  PROGIO               = $D791 (55185)  [label]
  RUN                  = $D7A2 (55202)  [label]
  GOSUB                = $D7AD (55213)  [label]
  RUNC2                = $D7C1 (55233)  [label]
  GOTO                 = $D7CA (55242)  [label]
  LUK4IT               = $D7E1 (55265)  [label]
  LUKALL               = $D7E5 (55269)  [label]
  QFOUND               = $D7E8 (55272)  [label]
  GORTS                = $D7F6 (55286)  [label]
  RETURN               = $D7F7 (55287)  [label]
  USERR                = $D808 (55304)  [label]
  SNERR2               = $D80D (55309)  [label]
  RETU1                = $D810 (55312)  [label]
  DATA                 = $D81D (55325)  [label]
  ADDON                = $D820 (55328)  [label]
  REMRTS               = $D82A (55338)  [label]
  DATAN                = $D82B (55339)  [label]
  REMN                 = $D82E (55342)  [label]
  EXCHQT               = $D836 (55350)  [label]
  REMER                = $D83E (55358)  [label]
  IF                   = $D84D (55373)  [label]
  OKGOTO               = $D85C (55388)  [label]
  REM                  = $D860 (55392)  [label]
  DOCOND               = $D865 (55397)  [label]
  DOCO                 = $D86D (55405)  [label]
  ONGOTO               = $D870 (55408)  [label]
  SNERR3               = $D878 (55416)  [label]
  ONGLOP               = $D87C (55420)  [label]
  ONGLP1               = $D884 (55428)  [label]
  ONGRTS               = $D88F (55439)  [label]
  LINGET               = $D890 (55440)  [label]
  MORLIN               = $D896 (55446)  [label]
  NXTLGC               = $D8C4 (55492)  [label]
  LET                  = $D8CA (55498)  [label]
  COPNUM               = $D8E6 (55526)  [label]
  QINTGR               = $D8E7 (55527)  [label]
  COPFLT               = $D8FB (55547)  [label]
  COPSTR               = $D8FE (55550)  [label]
  INPCOM               = $D8FF (55551)  [label]
  GETSPT               = $D8FF (55551)  [label]
  QVARIA               = $D910 (55568)  [label]
  DNTCPY               = $D91E (55582)  [label]
  COPY                 = $D925 (55589)  [label]
  COPYZC               = $D93B (55611)  [label]
  STRDON               = $D953 (55635)  [label]
  NEWCHR               = $D956 (55638)  [label]
  PRINT                = $D959 (55641)  [label]
  PRINTC               = $D95B (55643)  [label]
  LINCHK               = $D989 (55689)  [label]
  CRDO                 = $D991 (55697)  [label]
  CRFIN                = $D99D (55709)  [label]
  PRTRTS               = $D9A3 (55715)  [label]
  COMPRT               = $D9A4 (55716)  [label]
  MORCOM               = $D9B0 (55728)  [label]
  MORCO1               = $D9B1 (55729)  [label]
  TABER                = $D9BB (55739)  [label]
  ASPAC                = $D9CB (55755)  [label]
  XSPAC                = $D9CC (55756)  [label]
  XSPAC2               = $D9CD (55757)  [label]
  NOTABR               = $D9D0 (55760)  [label]
  XSPAC1               = $D9D6 (55766)  [label]
  STROUT               = $D9DB (55771)  [label]
  STRPRT               = $D9DE (55774)  [label]
  STRPR2               = $D9E5 (55781)  [label]
  OUTSPC               = $D9F8 (55800)  [label]
  OUTQST               = $D9FB (55803)  [label]
  OUTDO                = $D9FD (55805)  [label]
  OUTDO1               = $DA0F (55823)  [label]
  INCTRM               = $DA0F (55823)  [label]
  TRYOUT               = $DA11 (55825)  [label]
  OUTLOC               = $DA14 (55828)  [label]
  OUTRTS               = $DA19 (55833)  [label]
  GETRTS               = $DA1B (55835)  [label]
  TRMNOK               = $DA1C (55836)  [label]
  GETDTL               = $DA26 (55846)  [label]
  STCURL               = $DA2A (55850)  [label]
  SNERR4               = $DA2E (55854)  [label]
  TRMNO1               = $DA31 (55857)  [label]
  DOAGIN               = $DA31 (55857)  [label]
  GET                  = $DA41 (55873)  [label]
  GETTTY               = $DA44 (55876)  [label]
  INPUT                = $DA53 (55891)  [label]
  NOTQTI               = $DA64 (55908)  [label]
  GETAGN               = $DA6C (55916)  [label]
  QINLIN               = $DA78 (55928)  [label]
  GINLIN               = $DA7E (55934)  [label]
  READ                 = $DA81 (55937)  [label]
  INPCON               = $DA88 (55944)  [label]
  INPCO1               = $DA8A (55946)  [label]
  INLOOP               = $DA90 (55952)  [label]
  QDATA                = $DABE (55998)  [label]
  GETNTH               = $DAC3 (56003)  [label]
  DATBK                = $DAC6 (56006)  [label]
  DATBK1               = $DACA (56010)  [label]
  SETQUT               = $DADE (56030)  [label]
  RESETC               = $DAEA (56042)  [label]
  NOWGET               = $DAEB (56043)  [label]
  NOWGE1               = $DAF6 (56054)  [label]
  NUMINS               = $DB02 (56066)  [label]
  STRDN2               = $DB0A (56074)  [label]
  TRMOK                = $DB16 (56086)  [label]
  DATLOP               = $DB31 (56113)  [label]
  NOWLIN               = $DB4A (56138)  [label]
  VAREND               = $DB57 (56151)  [label]
  VARY0                = $DB62 (56162)  [label]
  INPRTS               = $DB6F (56175)  [label]
  EXIGNT               = $DB70 (56176)  [label]
  TRYAGN               = $DB81 (56193)  [label]
  NEXT                 = $DB94 (56212)  [label]
  GETFOR               = $DB9A (56218)  [label]
  STXFOR               = $DB9D (56221)  [label]
  ERRGO5               = $DBA8 (56232)  [label]
  HAVFOR               = $DBAA (56234)  [label]
  NEWSGO               = $DBEA (56298)  [label]
  LOOPDN               = $DBED (56301)  [label]
  FRMNUM               = $DBFF (56319)  [label]
  CHKNUM               = $DC02 (56322)  [label]
  CHKSTR               = $DC04 (56324)  [label]
  CHKVAL               = $DC05 (56325)  [label]
  CHKOK                = $DC0B (56331)  [label]
  DOCSTR               = $DC0C (56332)  [label]
  CHKERR               = $DC0E (56334)  [label]
  ERRGO4               = $DC10 (56336)  [label]
  FRMEVL               = $DC13 (56339)  [label]
  FRMEV1               = $DC19 (56345)  [label]
  LPOPER               = $DC1E (56350)  [label]
  TSTOP                = $DC2D (56365)  [label]
  LOPREL               = $DC30 (56368)  [label]
  ENDREL               = $DC4C (56396)  [label]
  QPREC                = $DC65 (56421)  [label]
  DOPREC               = $DC6E (56430)  [label]
  NEGPRC               = $DC6F (56431)  [label]
  FINREL               = $DC7C (56444)  [label]
  FINRE2               = $DC86 (56454)  [label]
  QPREC1               = $DC8E (56462)  [label]
  DOPRE1               = $DC95 (56469)  [label]
  SNERR5               = $DCA5 (56485)  [label]
  PUSHF1               = $DCA8 (56488)  [label]
  PUSHF                = $DCAD (56493)  [label]
  FORPSH               = $DCB8 (56504)  [label]
  QOP                  = $DCCD (56525)  [label]
  QOPGO                = $DCD0 (56528)  [label]
  QCHNUM               = $DCD2 (56530)  [label]
  UNPSTK               = $DCD9 (56537)  [label]
  PULSTK               = $DCDB (56539)  [label]
  QOPRTS               = $DCF5 (56565)  [label]
  UNPRTS               = $DCF7 (56567)  [label]
  EVAL                 = $DCF8 (56568)  [label]
  EVAL0                = $DCFC (56572)  [label]
  EVAL1                = $DD01 (56577)  [label]
  EVAL2                = $DD04 (56580)  [label]
  QDOT                 = $DD09 (56585)  [label]
  STRTXT               = $DD19 (56601)  [label]
  STRTX2               = $DD22 (56610)  [label]
  EVAL3                = $DD28 (56616)  [label]
  NOTOP                = $DD30 (56624)  [label]
  EVAL4                = $DD3F (56639)  [label]
  PARCHK               = $DD4D (56653)  [label]
  CHKCLS               = $DD53 (56659)  [label]
  CHKOPN               = $DD56 (56662)  [label]
  CHKCOM               = $DD59 (56665)  [label]
  SYNCHR               = $DD5B (56667)  [label]
  CHRGO5               = $DD61 (56673)  [label]
  SNERR                = $DD64 (56676)  [label]
  DOMIN                = $DD69 (56681)  [label]
  GONPRC               = $DD6B (56683)  [label]
  ISVAR                = $DD70 (56688)  [label]
  ISVRET               = $DD73 (56691)  [label]
  STRRTS               = $DD7F (56703)  [label]
  GOOO                 = $DD80 (56704)  [label]
  GOOOOO               = $DD91 (56721)  [label]
  QSTATV               = $DD91 (56721)  [label]
  ISFUN                = $DD94 (56724)  [label]
  OKNORM               = $DDBE (56766)  [label]
  FINGO                = $DDC3 (56771)  [label]
  OROP                 = $DDD3 (56787)  [label]
  ANDOP                = $DDD6 (56790)  [label]
  DOREL                = $DE03 (56835)  [label]
  STRCMP               = $DE1B (56859)  [label]
  STASGN               = $DE43 (56899)  [label]
  NXTCMP               = $DE48 (56904)  [label]
  QCOMP                = $DE4E (56910)  [label]
  GETCMP               = $DE53 (56915)  [label]
  DOCMP                = $DE5F (56927)  [label]
  GOFLOT               = $DE68 (56936)  [label]
  DIM3                 = $DE6B (56939)  [label]
  DIM                  = $DE6E (56942)  [label]
  DIM1                 = $DE6F (56943)  [label]
  DIMCON               = $DE72 (56946)  [label]
  PTRGET               = $DE78 (56952)  [label]
  PTRGT1               = $DE7D (56957)  [label]
  PTRGT2               = $DE7F (56959)  [label]
  INTERR               = $DE89 (56969)  [label]
  PTRGT3               = $DE8C (56972)  [label]
  ISSEC                = $DE9C (56988)  [label]
  EATEM                = $DE9D (56989)  [label]
  NOSEC                = $DEA7 (56999)  [label]
  NOTSTR               = $DEB1 (57009)  [label]
  TURNON               = $DEC1 (57025)  [label]
  STRNAM               = $DEC8 (57032)  [label]
  STXFND               = $DEDE (57054)  [label]
  LOPFND               = $DEE0 (57056)  [label]
  LOPFN                = $DEEA (57066)  [label]
  NOTIT                = $DEF8 (57080)  [label]
  ISLETC               = $DF02 (57090)  [label]
  ISLRTS               = $DF0B (57099)  [label]
  NOTFNS               = $DF0C (57100)  [label]
  LDZR                 = $DF1A (57114)  [label]
  NOTEVL               = $DF1F (57119)  [label]
  QSTAVR               = $DF1F (57119)  [label]
  VAROK                = $DF1F (57119)  [label]
  NOTEVE               = $DF35 (57141)  [label]
  FINPTR               = $DF61 (57185)  [label]
  FINNOW               = $DF6B (57195)  [label]
  FMAPTR               = $DF70 (57200)  [label]
  JSRGM                = $DF7C (57212)  [label]
  N32768               = $DF81 (57217)  [label]
  INTIDX               = $DF89 (57225)  [label]
  POSINT               = $DF8F (57231)  [label]
  AYINT                = $DF96 (57238)  [label]
  NONONO               = $DFA3 (57251)  [label]
  QINTGO               = $DFA5 (57253)  [label]
  ISARY                = $DFA8 (57256)  [label]
  INDLOP               = $DFB2 (57266)  [label]
  LOPFDA               = $DFF3 (57331)  [label]
  LOPFDV               = $DFFF (57343)  [label]
  NMARY1               = $E00E (57358)  [label]
  BSERR                = $E01C (57372)  [label]
  FCERR                = $E01F (57375)  [label]
  ERRGO3               = $E021 (57377)  [label]
  GOTARY               = $E024 (57380)  [label]
  NOTFDD               = $E038 (57400)  [label]
  NOTFLT               = $E04C (57420)  [label]
  STOMLT               = $E055 (57429)  [label]
  LOPPTA               = $E05E (57438)  [label]
  NOTDIM               = $E06E (57454)  [label]
  GREASE               = $E091 (57489)  [label]
  ZERITA               = $E0A0 (57504)  [label]
  DECCUR               = $E0A5 (57509)  [label]
  GETDEF               = $E0C2 (57538)  [label]
  INLPNM               = $E0CA (57546)  [label]
  BSERR7               = $E0E0 (57568)  [label]
  OMERR1               = $E0E3 (57571)  [label]
  INLPN2               = $E0E6 (57574)  [label]
  INLPN1               = $E0E7 (57575)  [label]
  ADDIND               = $E0F8 (57592)  [label]
  NOTFL1               = $E109 (57609)  [label]
  STOML1               = $E10F (57615)  [label]
  DIMRTS               = $E123 (57635)  [label]
  UMULT                = $E124 (57636)  [label]
  UMULTD               = $E12D (57645)  [label]
  UMULTC               = $E137 (57655)  [label]
  UMLCNT               = $E150 (57680)  [label]
  UMLRTS               = $E154 (57684)  [label]
  FRE                  = $E155 (57685)  [label]
  NOFREF               = $E15C (57692)  [label]
  GIVAYF               = $E169 (57705)  [label]
  POS                  = $E176 (57718)  [label]
  SNGFLT               = $E178 (57720)  [label]
  ERRDIR               = $E17C (57724)  [label]
  ERRGUF               = $E184 (57732)  [label]
  ERRGO1               = $E186 (57734)  [label]
  DEF                  = $E189 (57737)  [label]
  GETFNM               = $E1B7 (57783)  [label]
  FNDOER               = $E1CA (57802)  [label]
  DEFSTF               = $E1EE (57838)  [label]
  DEFFIN               = $E225 (57893)  [label]
  DEFRTS               = $E23A (57914)  [label]
  STR                  = $E23B (57915)  [label]
  TIMSTR               = $E245 (57925)  [label]
  STRINI               = $E24B (57931)  [label]
  STRSPA               = $E253 (57939)  [label]
  STRLIT               = $E25D (57949)  [label]
  STRLT2               = $E263 (57955)  [label]
  STRGET               = $E26D (57965)  [label]
  STRFIN               = $E27A (57978)  [label]
  STRFI1               = $E27E (57982)  [label]
  STRFI2               = $E27F (57983)  [label]
  STRST2               = $E28B (57995)  [label]
  STRCP                = $E295 (58005)  [label]
  PUTNEW               = $E2A0 (58016)  [label]
  ERRGO2               = $E2A8 (58024)  [label]
  PUTNW1               = $E2AB (58027)  [label]
  GETSPA               = $E2CA (58058)  [label]
  TRYAG2               = $E2CC (58060)  [label]
  TRYAG3               = $E2D7 (58071)  [label]
  STRFRE               = $E2E1 (58081)  [label]
  GARBAG               = $E2EC (58092)  [label]
  GARBA2               = $E2FC (58108)  [label]
  FNDVAR               = $E300 (58112)  [label]
  TVAR                 = $E31A (58138)  [label]
  SVARS                = $E323 (58147)  [label]
  SVAR                 = $E32F (58159)  [label]
  SVARGO               = $E337 (58167)  [label]
  ARYVAR               = $E33C (58172)  [label]
  ARYVA2               = $E344 (58180)  [label]
  ARYVA3               = $E348 (58184)  [label]
  ARYVGO               = $E353 (58195)  [label]
  ARYGET               = $E384 (58244)  [label]
  ARYSTR               = $E386 (58246)  [label]
  GOGO                 = $E38E (58254)  [label]
  DVARS                = $E393 (58259)  [label]
  DVAR                 = $E39D (58269)  [label]
  DVAR2                = $E3B2 (58290)  [label]
  DVAR3                = $E3BC (58300)  [label]
  DVARTS               = $E3CC (58316)  [label]
  GRBRTS               = $E3D7 (58327)  [label]
  GRBPAS               = $E3DC (58332)  [label]
  CAT                  = $E413 (58387)  [label]
  SIZEOK               = $E433 (58419)  [label]
  MOVINS               = $E450 (58448)  [label]
  MOVSTR               = $E45E (58462)  [label]
  MOVDO                = $E462 (58466)  [label]
  MOVLP                = $E466 (58470)  [label]
  QMOVE                = $E46B (58475)  [label]
  MVDONE               = $E46F (58479)  [label]
  MVSTRT               = $E478 (58488)  [label]
  FRESTR               = $E479 (58489)  [label]
  FREFAC               = $E47C (58492)  [label]
  FRETMP               = $E480 (58496)  [label]
  FREPLA               = $E4AB (58539)  [label]
  FRETRT               = $E4AC (58540)  [label]
  FRETMS               = $E4B1 (58545)  [label]
  FRERTS               = $E4C1 (58561)  [label]
  CHR                  = $E4C2 (58562)  [label]
  RLZRET               = $E4D3 (58579)  [label]
  LEFT                 = $E4D6 (58582)  [label]
  RLEFT                = $E4DC (58588)  [label]
  RLEFT1               = $E4E2 (58594)  [label]
  RLEFT2               = $E4E3 (58595)  [label]
  RLEFT3               = $E4E4 (58596)  [label]
  PULMOR               = $E4FB (58619)  [label]
  RIGHT                = $E502 (58626)  [label]
  MID                  = $E50D (58637)  [label]
  MID2                 = $E51E (58654)  [label]
  PREAM                = $E537 (58679)  [label]
  LEN                  = $E552 (58706)  [label]
  LEN1                 = $E558 (58712)  [label]
  ASC                  = $E561 (58721)  [label]
  GOFUC                = $E56E (58734)  [label]
  GTBYTC               = $E571 (58737)  [label]
  GETBYT               = $E574 (58740)  [label]
  CONINT               = $E577 (58743)  [label]
  CHRGO2               = $E580 (58752)  [label]
  VAL                  = $E583 (58755)  [label]
  VAL2                 = $E5A3 (58787)  [label]
  ST2TXT               = $E5B9 (58809)  [label]
  VALRTS               = $E5C1 (58817)  [label]
  GETNUM               = $E5C2 (58818)  [label]
  COMBYT               = $E5C8 (58824)  [label]
  GETADR               = $E5CE (58830)  [label]
  PEEK                 = $E5E4 (58852)  [label]
  GETCON               = $E5EF (58863)  [label]
  DOSGFL               = $E5F2 (58866)  [label]
  POKE                 = $E5FB (58875)  [label]
  FNWAIT               = $E604 (58884)  [label]
  STORDO               = $E613 (58899)  [label]
  ZSTORD               = $E613 (58899)  [const]
  WAITER               = $E617 (58903)  [label]
  ZERRTS               = $E61F (58911)  [label]
  FADDH                = $E620 (58912)  [label]
  FSUB                 = $E627 (58919)  [label]
  FSUBT                = $E62A (58922)  [label]
  FADD5                = $E63A (58938)  [label]
  FADD                 = $E63F (58943)  [label]
  FADDT                = $E642 (58946)  [label]
  FADDC                = $E64F (58959)  [label]
  FADDA                = $E66B (58987)  [label]
  FADD1                = $E66F (58991)  [label]
  FADD4                = $E67B (59003)  [label]
  FADD3                = $E67F (59007)  [label]
  SUBIT                = $E687 (59015)  [label]
  FADFLT               = $E6AA (59050)  [label]
  NORMAL               = $E6AF (59055)  [label]
  NORM3                = $E6B3 (59059)  [label]
  ZEROFC               = $E6CF (59087)  [label]
  ZEROF1               = $E6D1 (59089)  [label]
  ZEROML               = $E6D3 (59091)  [label]
  FADD2                = $E6D6 (59094)  [label]
  NORM2                = $E6F5 (59125)  [label]
  NORM1                = $E701 (59137)  [label]
  SQUEEZ               = $E70E (59150)  [label]
  RNDSHF               = $E710 (59152)  [label]
  RNDRTS               = $E71E (59166)  [label]
  NEGFAC               = $E71F (59167)  [label]
  NEGFCH               = $E725 (59173)  [label]
  INCFAC               = $E747 (59207)  [label]
  INCFRT               = $E755 (59221)  [label]
  OVERR                = $E756 (59222)  [label]
  MULSHF               = $E75B (59227)  [label]
  SHFTR2               = $E75D (59229)  [label]
  SHIFTR               = $E771 (59249)  [label]
  SHFTR3               = $E77E (59262)  [label]
  SHFTR4               = $E784 (59268)  [label]
  ROLSHF               = $E788 (59272)  [label]
  SHFTR7               = $E78F (59279)  [label]
  SHFTRT               = $E792 (59282)  [label]
  FONE                 = $E794 (59284)  [label]
  LOGCN2               = $E799 (59289)  [label]
  SQRHLF               = $E7AE (59310)  [label]
  SQRTWO               = $E7B3 (59315)  [label]
  NEGHLF               = $E7B8 (59320)  [label]
  LOG2                 = $E7BD (59325)  [label]
  LOG                  = $E7C2 (59330)  [label]
  LOGERR               = $E7C9 (59337)  [label]
  LOG1                 = $E7CC (59340)  [label]
  MULLN2               = $E7FC (59388)  [label]
  FMULT                = $E800 (59392)  [label]
  FMULTT               = $E803 (59395)  [label]
  MLTPLY               = $E831 (59441)  [label]
  MLTPL1               = $E836 (59446)  [label]
  MLTPL2               = $E839 (59449)  [label]
  MLTPL3               = $E855 (59477)  [label]
  MULTRT               = $E863 (59491)  [label]
  CONUPK               = $E864 (59492)  [label]
  MULDIV               = $E88F (59535)  [label]
  MLDEXP               = $E891 (59537)  [label]
  TRYOFF               = $E89C (59548)  [label]
  MLDVEX               = $E8AC (59564)  [label]
  ZEREMV               = $E8B2 (59570)  [label]
  GOOVER               = $E8B7 (59575)  [label]
  MUL10                = $E8BA (59578)  [label]
  FINML6               = $E8C5 (59589)  [label]
  MUL10R               = $E8D0 (59600)  [label]
  TENZC                = $E8D1 (59601)  [label]
  DIV10                = $E8D6 (59606)  [label]
  FDIVF                = $E8DF (59615)  [label]
  FDIV                 = $E8E7 (59623)  [label]
  FDIVT                = $E8EA (59626)  [label]
  DIVIDE               = $E901 (59649)  [label]
  SAVQUO               = $E917 (59671)  [label]
  QSHFT                = $E924 (59684)  [label]
  SHFARG               = $E927 (59687)  [label]
  DIVSUB               = $E935 (59701)  [label]
  LD100                = $E952 (59730)  [label]
  DIVNRM               = $E956 (59734)  [label]
  DV0ERR               = $E962 (59746)  [label]
  MOVFR                = $E967 (59751)  [label]
  MOVFM                = $E97A (59770)  [label]
  MOV2F                = $E99F (59807)  [label]
  MOV1F                = $E9A2 (59810)  [label]
  MOVML                = $E9A4 (59812)  [label]
  MOVVF                = $E9A8 (59816)  [label]
  MOVMF                = $E9AC (59820)  [label]
  MOVFA                = $E9D4 (59860)  [label]
  MOVFA1               = $E9D6 (59862)  [label]
  MOVFAL               = $E9DA (59866)  [label]
  MOVAF                = $E9E4 (59876)  [label]
  MOVEF                = $E9E7 (59879)  [label]
  MOVAFL               = $E9E9 (59881)  [label]
  MOVRTS               = $E9F2 (59890)  [label]
  ROUND                = $E9F3 (59891)  [label]
  INCRND               = $E9FB (59899)  [label]
  SIGN                 = $EA03 (59907)  [label]
  FCSIGN               = $EA07 (59911)  [label]
  FCOMPS               = $EA09 (59913)  [label]
  SIGNRT               = $EA10 (59920)  [label]
  SGN                  = $EA11 (59921)  [label]
  FLOAT                = $EA14 (59924)  [label]
  FLOATS               = $EA1C (59932)  [label]
  FLOATC               = $EA21 (59937)  [label]
  FLOATB               = $EA27 (59943)  [label]
  ABS                  = $EA30 (59952)  [label]
  FCOMP                = $EA33 (59955)  [label]
  FCOMPN               = $EA35 (59957)  [label]
  FOUTCP               = $EA45 (59973)  [label]
  FCOMPC               = $EA6A (60010)  [label]
  FCOMPD               = $EA70 (60016)  [label]
  QINT                 = $EA73 (60019)  [label]
  QISHFT               = $EA87 (60039)  [label]
  QINTRT               = $EA92 (60050)  [label]
  QINT1                = $EA93 (60051)  [label]
  INT                  = $EAA4 (60068)  [label]
  CLRFAC               = $EAC1 (60097)  [label]
  INTRTS               = $EACA (60106)  [label]
  FIN                  = $EACB (60107)  [label]
  FINZLP               = $EACF (60111)  [label]
  QPLUS                = $EADE (60126)  [label]
  FINC                 = $EAE2 (60130)  [label]
  FINDGQ               = $EAE5 (60133)  [label]
  FIN1                 = $EAE7 (60135)  [label]
  FINEC1               = $EB06 (60166)  [label]
  FINEC                = $EB08 (60168)  [label]
  FNEDG1               = $EB0B (60171)  [label]
  FINEC2               = $EB0D (60173)  [label]
  FINDP                = $EB19 (60185)  [label]
  FINE                 = $EB1F (60191)  [label]
  FINE1                = $EB21 (60193)  [label]
  FINDIV               = $EB2A (60202)  [label]
  FINMUL               = $EB33 (60211)  [label]
  FINQNG               = $EB3A (60218)  [label]
  NEGXQS               = $EB3F (60223)  [label]
  FINDIG               = $EB42 (60226)  [label]
  FINDG1               = $EB49 (60233)  [label]
  FINLOG               = $EB56 (60246)  [label]
  FINEDG               = $EB69 (60265)  [label]
  MLEX10               = $EB78 (60280)  [label]
  MLEXMI               = $EB86 (60294)  [label]
  NZ0999               = $EB8B (60299)  [label]
  NZ9999               = $EB90 (60304)  [label]
  NZMIL                = $EB95 (60309)  [label]
  INPRT                = $EB9A (60314)  [label]
  LINPRT               = $EBA5 (60325)  [label]
  STROU2               = $EBB2 (60338)  [label]
  FOUT                 = $EBB5 (60341)  [label]
  FOUTC                = $EBB7 (60343)  [label]
  FOUT1                = $EBBF (60351)  [label]
  FOUT37               = $EBD8 (60376)  [label]
  FOUT7                = $EBE1 (60385)  [label]
  FOUT4                = $EBE3 (60387)  [label]
  FOUT3                = $EBEE (60398)  [label]
  FOUT38               = $EBF9 (60409)  [label]
  FOUT9                = $EC00 (60416)  [label]
  FOUT5                = $EC07 (60423)  [label]
  BIGGES               = $EC0A (60426)  [label]
  FOUTPI               = $EC1F (60447)  [label]
  FOUT6                = $EC20 (60448)  [label]
  FOUT39               = $EC2B (60459)  [label]
  FOUT16               = $EC3C (60476)  [label]
  FOUT8                = $EC3E (60478)  [label]
  FOUTIM               = $EC40 (60480)  [label]
  FOUT2                = $EC42 (60482)  [label]
  FOUT41               = $EC66 (60518)  [label]
  FOUT40               = $EC68 (60520)  [label]
  FOUTYP               = $EC6F (60527)  [label]
  STXBUF               = $EC8A (60554)  [label]
  FOUTCM               = $EC8E (60558)  [label]
  FOULDY               = $EC98 (60568)  [label]
  FOUT11               = $EC9A (60570)  [label]
  FOUT12               = $ECA7 (60583)  [label]
  FOUT14               = $ECB7 (60599)  [label]
  FOUT15               = $ECC3 (60611)  [label]
  FOUT19               = $ECD8 (60632)  [label]
  FOUT17               = $ECDB (60635)  [label]
  FOUT20               = $ECE0 (60640)  [label]
  FPWRRT               = $ECE4 (60644)  [label]
  FHALF                = $ECE5 (60645)  [label]
  ZERO                 = $ECE7 (60647)  [label]
  FOUTBL               = $ECEA (60650)  [label]
  FDCEND               = $ED0E (60686)  [label]
  SQR                  = $ED0E (60686)  [label]
  FPWRT                = $ED18 (60696)  [label]
  FPWRT1               = $ED21 (60705)  [label]
  FPWR1                = $ED3B (60731)  [label]
  NEGOP                = $ED51 (60753)  [label]
  NEGRTS               = $ED5B (60763)  [label]
  LOGEB2               = $ED5C (60764)  [label]
  EXPCON               = $ED61 (60769)  [label]
  EXP                  = $ED8A (60810)  [label]
  STOLD                = $ED9A (60826)  [label]
  GOMLDV               = $EDA5 (60837)  [label]
  EXP1                 = $EDA8 (60840)  [label]
  SWAPLP               = $EDB8 (60856)  [label]
  POLYX                = $EDDD (60893)  [label]
  POLY                 = $EDF3 (60915)  [label]
  POLY1                = $EDF7 (60919)  [label]
  POLY3                = $EE06 (60934)  [label]
  POLY2                = $EE0A (60938)  [label]
  POLY4                = $EE17 (60951)  [label]
  RANDRT               = $EE26 (60966)  [label]
  RMULZC               = $EE27 (60967)  [label]
  RADDZC               = $EE2B (60971)  [label]
  RND                  = $EE2F (60975)  [label]
  QSETNR               = $EE35 (60981)  [label]
  RND1                 = $EE4D (61005)  [label]
  STRNEX               = $EE55 (61013)  [label]
  GMOVMF               = $EE68 (61032)  [label]
  COS                  = $EE6B (61035)  [label]
  SIN                  = $EE72 (61042)  [label]
  SIN1                 = $EEA4 (61092)  [label]
  SIN2                 = $EEA7 (61095)  [label]
  SIN3                 = $EEB4 (61108)  [label]
  GPOLYX               = $EEB8 (61112)  [label]
  TAN                  = $EEBB (61115)  [label]
  GFDIV                = $EEE0 (61152)  [label]
  COSC                 = $EEE3 (61155)  [label]
  PI2                  = $EEE7 (61159)  [label]
  TWOPI                = $EEEC (61164)  [label]
  FR4                  = $EEF1 (61169)  [label]
  SINCON               = $EEF6 (61174)  [label]
  ATN                  = $EF1F (61215)  [label]
  ATN1                 = $EF27 (61223)  [label]
  ATN2                 = $EF35 (61237)  [label]
  ATN3                 = $EF48 (61256)  [label]
  ATN4                 = $EF4E (61262)  [label]
  ATNCON               = $EF4F (61263)  [label]
  INITAT               = $EF8C (61324)  [label]
  CHZGOT               = $EF92 (61330)  [label]
  CHZRTS               = $EFA3 (61347)  [label]
  TYPAUT               = $EFA9 (61353)  [label]
  INIT                 = $EFB0 (61360)  [label]
  MOVCHG               = $EFEF (61423)  [label]
  LOOPMM               = $F037 (61495)  [label]
  LOOPM1               = $F03D (61501)  [label]
  USEDE9               = $F04E (61518)  [label]
  USEDEC               = $F05A (61530)  [label]
  USEDEF               = $F05E (61534)  [label]
  TTYW                 = $F066 (61542)  [label]
  MORCPS               = $F089 (61577)  [label]
  ASKAGN               = $F096 (61590)  [label]
  QROOM                = $F0A9 (61609)  [label]
  AUTTXT               = $F0DD (61661)  [label]
  MEMORY               = $F0FD (61693)  [label]
  TTYWID               = $F109 (61705)  [label]
  WORDS                = $F118 (61720)  [label]
  LASTWR               = $F154 (61780)  [label]
  CQINCH               = $FD0C (64780)  [const]
  CZGETL               = $FD0C (64780)  [const]
  CQINLN               = $FD67 (64871)  [const]
  OUTCH                = $FDED (65005)  [const]
  CQCOUT               = $FECD (65229)  [const]
  CQCSIN               = $FEFD (65277)  [const]

BY NAME (alphabetical):
--------------------------------------------------------------------------------
  $Z                   = $0000 (0)  [label]
  ABS                  = $EA30 (59952)  [label]
  ADDEND               = $0067 (103)  [const]
  ADDFRS               = $D296 (53910)  [label]
  ADDIND               = $E0F8 (57592)  [label]
  ADDON                = $D820 (55328)  [label]
  ADDPRC               = $0001 (1)  [const]
  ADRAYI               = $0006 (6)  [label]
  ADRGAY               = $0008 (8)  [label]
  AFFRTS               = $D515 (54549)  [label]
  ANDMSK               = $0088 (136)  [const]
  ANDOP                = $DDD6 (56790)  [label]
  ARGEXP               = $00A9 (169)  [label]
  ARGHO                = $00AA (170)  [label]
  ARGLO                = $00AD (173)  [label]
  ARGMO                = $00AC (172)  [label]
  ARGMOH               = $00AB (171)  [label]
  ARGSGN               = $00AE (174)  [label]
  ARISGN               = $00AF (175)  [label]
  ARYGET               = $E384 (58244)  [label]
  ARYPNT               = $0098 (152)  [const]
  ARYSTR               = $E386 (58246)  [label]
  ARYTAB               = $006E (110)  [label]
  ARYVA2               = $E344 (58180)  [label]
  ARYVA3               = $E348 (58184)  [label]
  ARYVAR               = $E33C (58172)  [label]
  ARYVGO               = $E353 (58195)  [label]
  ASC                  = $E561 (58721)  [label]
  ASKAGN               = $F096 (61590)  [label]
  ASPAC                = $D9CB (55755)  [label]
  ATN                  = $EF1F (61215)  [label]
  ATN1                 = $EF27 (61223)  [label]
  ATN2                 = $EF35 (61237)  [label]
  ATN3                 = $EF48 (61256)  [label]
  ATN4                 = $EF4E (61262)  [label]
  ATNCON               = $EF4F (61263)  [label]
  ATNFIX               = $D052 (53330)  [label]
  AUTTXT               = $F0DD (61661)  [label]
  AYINT                = $DF96 (57238)  [label]
  BIGGES               = $EC0A (60426)  [label]
  BITS                 = $00A8 (168)  [label]
  BLT1                 = $D2C2 (53954)  [label]
  BLTLP                = $D2CE (53966)  [label]
  BLTU                 = $D29E (53918)  [label]
  BLTUC                = $D2A5 (53925)  [label]
  BRKTXT               = $D268 (53864)  [label]
  BSERR                = $E01C (57372)  [label]
  BSERR7               = $E0E0 (57568)  [label]
  BUF                  = $0200 (512)  [const]
  BUFLEN               = $00F0 (240)  [const]
  BUFOFS               = $0200 (512)  [const]
  BUFPAG               = $0002 (2)  [const]
  BUFPTR               = $00B1 (177)  [const]
  CAT                  = $E413 (58387)  [label]
  CHARAC               = $000D (13)  [label]
  CHEAD                = $D406 (54278)  [label]
  CHKCLS               = $DD53 (56659)  [label]
  CHKCOM               = $DD59 (56665)  [label]
  CHKERR               = $DC0E (56334)  [label]
  CHKNUM               = $DC02 (56322)  [label]
  CHKOK                = $DC0B (56331)  [label]
  CHKOPN               = $DD56 (56662)  [label]
  CHKSTR               = $DC04 (56324)  [label]
  CHKVAL               = $DC05 (56325)  [label]
  CHR                  = $E4C2 (58562)  [label]
  CHRGET               = $00B3 (179)  [label]
  CHRGO2               = $E580 (58752)  [label]
  CHRGO5               = $DD61 (56673)  [label]
  CHRGOT               = $00B9 (185)  [label]
  CHRRTS               = $00CA (202)  [label]
  CHZGOT               = $EF92 (61330)  [label]
  CHZRTS               = $EFA3 (61347)  [label]
  CLEAR                = $D53C (54588)  [label]
  CLEARC               = $D53E (54590)  [label]
  CLMWID               = $000E (14)  [const]
  CLRFAC               = $EAC1 (60097)  [label]
  CMPFOR               = $D28A (53898)  [label]
  CMPSPC               = $D46C (54380)  [label]
  CNTWFL               = $0017 (23)  [label]
  COLIS                = $D4BA (54458)  [label]
  COMBYT               = $E5C8 (58824)  [label]
  COMPRT               = $D9A4 (55716)  [label]
  CONINT               = $E577 (58743)  [label]
  CONT                 = $D725 (55077)  [label]
  CONTRT               = $D73E (55102)  [label]
  CONTW                = $000F (15)  [const]
  CONUPK               = $E864 (59492)  [label]
  COPFLT               = $D8FB (55547)  [label]
  COPNUM               = $D8E6 (55526)  [label]
  COPSTR               = $D8FE (55550)  [label]
  COPY                 = $D925 (55589)  [label]
  COPYZC               = $D93B (55611)  [label]
  COS                  = $EE6B (61035)  [label]
  COSC                 = $EEE3 (61155)  [label]
  COSFIX               = $D04C (53324)  [label]
  COUNT                = $000F (15)  [label]
  CQCOUT               = $FECD (65229)  [const]
  CQCSIN               = $FEFD (65277)  [const]
  CQINCH               = $FD0C (64780)  [const]
  CQINLN               = $FD67 (64871)  [const]
  CQPRMP               = $0033 (51)  [const]
  CRDO                 = $D991 (55697)  [label]
  CRDONE               = $D4E7 (54503)  [label]
  CRFIN                = $D99D (55709)  [label]
  CRUNCH               = $D463 (54371)  [label]
  CURLIN               = $0078 (120)  [label]
  CURTOL               = $00B1 (177)  [const]
  CZGETL               = $FD0C (64780)  [const]
  CZLOOP               = $D40E (54286)  [label]
  DATA                 = $D81D (55325)  [label]
  DATAN                = $D82B (55339)  [label]
  DATATK               = $0083 (131)  [const]
  DATBK                = $DAC6 (56006)  [label]
  DATBK1               = $DACA (56010)  [label]
  DATLIN               = $007E (126)  [label]
  DATLOP               = $DB31 (56113)  [label]
  DATPTR               = $0080 (128)  [label]
  DECBLT               = $D2D9 (53977)  [label]
  DECCNT               = $009D (157)  [const]
  DECCUR               = $E0A5 (57509)  [label]
  DEF                  = $E189 (57737)  [label]
  DEFFIN               = $E225 (57893)  [label]
  DEFPNT               = $008D (141)  [label]
  DEFRTS               = $E23A (57914)  [label]
  DEFSTF               = $E1EE (57838)  [label]
  DEGREE               = $00A7 (167)  [const]
  DIM                  = $DE6E (56942)  [label]
  DIM1                 = $DE6F (56943)  [label]
  DIM3                 = $DE6B (56939)  [label]
  DIMCON               = $DE72 (56946)  [label]
  DIMFLG               = $0010 (16)  [label]
  DIMRTS               = $E123 (57635)  [label]
  DIRCON               = $D681 (54913)  [label]
  DIRIS                = $D713 (55059)  [label]
  DISKO                = $0001 (1)  [const]
  DIV10                = $E8D6 (59606)  [label]
  DIVIDE               = $E901 (59649)  [label]
  DIVNRM               = $E956 (59734)  [label]
  DIVSUB               = $E935 (59701)  [label]
  DNTCPY               = $D91E (55582)  [label]
  DOAGIN               = $DA31 (55857)  [label]
  DOCMP                = $DE5F (56927)  [label]
  DOCO                 = $D86D (55405)  [label]
  DOCOND               = $D865 (55397)  [label]
  DOCSTR               = $DC0C (56332)  [label]
  DOMASK               = $0016 (22)  [const]
  DOMIN                = $DD69 (56681)  [label]
  DOPRE1               = $DC95 (56469)  [label]
  DOPREC               = $DC6E (56430)  [label]
  DOREL                = $DE03 (56835)  [label]
  DORES                = $0013 (19)  [label]
  DOSGFL               = $E5F2 (58866)  [label]
  DPTFLG               = $009F (159)  [const]
  DSCPNT               = $008F (143)  [label]
  DSCTMP               = $00A1 (161)  [const]
  DV0ERR               = $E962 (59746)  [label]
  DVAR                 = $E39D (58269)  [label]
  DVAR2                = $E3B2 (58290)  [label]
  DVAR3                = $E3BC (58300)  [label]
  DVARS                = $E393 (58259)  [label]
  DVARTS               = $E3CC (58316)  [label]
  EATEM                = $DE9D (56989)  [label]
  END                  = $D6FB (55035)  [label]
  ENDCHR               = $000E (14)  [label]
  ENDCON               = $D715 (55061)  [label]
  ENDREL               = $DC4C (56396)  [label]
  ENDTK                = $0080 (128)  [const]
  EORMSK               = $0089 (137)  [const]
  EQULTK               = $00AB (171)  [const]
  ERR                  = $D255 (53845)  [label]
  ERRBS                = $006B (107)  [const]
  ERRCN                = $00D2 (210)  [const]
  ERRCRD               = $D31F (54047)  [label]
  ERRDD                = $0078 (120)  [const]
  ERRDIR               = $E17C (57724)  [label]
  ERRDV0               = $0085 (133)  [const]
  ERRFC                = $0035 (53)  [const]
  ERRFIN               = $D339 (54073)  [label]
  ERRGO1               = $E186 (57734)  [label]
  ERRGO2               = $E2A8 (58024)  [label]
  ERRGO3               = $E021 (57377)  [label]
  ERRGO4               = $DC10 (56336)  [label]
  ERRGO5               = $DBA8 (56232)  [label]
  ERRGUF               = $E184 (57732)  [label]
  ERRID                = $0095 (149)  [const]
  ERRLS                = $00B0 (176)  [const]
  ERRNF                = $0000 (0)  [const]
  ERROD                = $002A (42)  [const]
  ERROM                = $004D (77)  [const]
  ERROR                = $D31D (54045)  [label]
  ERROV                = $0045 (69)  [const]
  ERRRG                = $0016 (22)  [const]
  ERRSN                = $0010 (16)  [const]
  ERRST                = $00BF (191)  [const]
  ERRTAB               = $D165 (53605)  [label]
  ERRTM                = $00A3 (163)  [const]
  ERRUF                = $00E0 (224)  [const]
  ERRUS                = $005A (90)  [const]
  EVAL                 = $DCF8 (56568)  [label]
  EVAL0                = $DCFC (56572)  [label]
  EVAL1                = $DD01 (56577)  [label]
  EVAL2                = $DD04 (56580)  [label]
  EVAL3                = $DD28 (56616)  [label]
  EVAL4                = $DD3F (56639)  [label]
  EXCHQT               = $D836 (55350)  [label]
  EXIGNT               = $DB70 (56176)  [label]
  EXP                  = $ED8A (60810)  [label]
  EXP1                 = $EDA8 (60840)  [label]
  EXPCON               = $ED61 (60769)  [label]
  EXPSGN               = $00A0 (160)  [const]
  EXTIO                = $0000 (0)  [const]
  FAC                  = $00A1 (161)  [label]
  FACEXP               = $00A1 (161)  [label]
  FACHO                = $00A2 (162)  [label]
  FACLO                = $00A5 (165)  [label]
  FACMO                = $00A4 (164)  [label]
  FACMOH               = $00A3 (163)  [label]
  FACOV                = $00B0 (176)  [label]
  FACSGN               = $00A6 (166)  [label]
  FADD                 = $E63F (58943)  [label]
  FADD1                = $E66F (58991)  [label]
  FADD2                = $E6D6 (59094)  [label]
  FADD3                = $E67F (59007)  [label]
  FADD4                = $E67B (59003)  [label]
  FADD5                = $E63A (58938)  [label]
  FADDA                = $E66B (58987)  [label]
  FADDC                = $E64F (58959)  [label]
  FADDH                = $E620 (58912)  [label]
  FADDT                = $E642 (58946)  [label]
  FADFLT               = $E6AA (59050)  [label]
  FBUFFR               = $0100 (256)  [label]
  FBUFPT               = $00B1 (177)  [label]
  FCERR                = $E01F (57375)  [label]
  FCOMP                = $EA33 (59955)  [label]
  FCOMPC               = $EA6A (60010)  [label]
  FCOMPD               = $EA70 (60016)  [label]
  FCOMPN               = $EA35 (59957)  [label]
  FCOMPS               = $EA09 (59913)  [label]
  FCSIGN               = $EA07 (59911)  [label]
  FDCEND               = $ED0E (60686)  [label]
  FDECPT               = $0086 (134)  [const]
  FDIV                 = $E8E7 (59623)  [label]
  FDIVF                = $E8DF (59615)  [label]
  FDIVT                = $E8EA (59626)  [label]
  FFLOOP               = $D275 (53877)  [label]
  FFRTS                = $D29D (53917)  [label]
  FHALF                = $ECE5 (60645)  [label]
  FIN                  = $EACB (60107)  [label]
  FIN1                 = $EAE7 (60135)  [label]
  FINC                 = $EAE2 (60130)  [label]
  FINDG1               = $EB49 (60233)  [label]
  FINDGQ               = $EAE5 (60133)  [label]
  FINDIG               = $EB42 (60226)  [label]
  FINDIV               = $EB2A (60202)  [label]
  FINDP                = $EB19 (60185)  [label]
  FINE                 = $EB1F (60191)  [label]
  FINE1                = $EB21 (60193)  [label]
  FINEC                = $EB08 (60168)  [label]
  FINEC1               = $EB06 (60166)  [label]
  FINEC2               = $EB0D (60173)  [label]
  FINEDG               = $EB69 (60265)  [label]
  FINGO                = $DDC3 (56771)  [label]
  FINI                 = $D3F4 (54260)  [label]
  FINLOG               = $EB56 (60246)  [label]
  FINML6               = $E8C5 (59589)  [label]
  FINMUL               = $EB33 (60211)  [label]
  FINNOW               = $DF6B (57195)  [label]
  FINPTR               = $DF61 (57185)  [label]
  FINQNG               = $EB3A (60218)  [label]
  FINRE2               = $DC86 (56454)  [label]
  FINREL               = $DC7C (56444)  [label]
  FINZLP               = $EACF (60111)  [label]
  FLINRT               = $D51E (54558)  [label]
  FLNRTS               = $D51F (54559)  [label]
  FLOAD                = $D552 (54610)  [label]
  FLOAT                = $EA14 (59924)  [label]
  FLOATB               = $EA27 (59943)  [label]
  FLOATC               = $EA21 (59937)  [label]
  FLOATS               = $EA1C (59932)  [label]
  FMAPTR               = $DF70 (57200)  [label]
  FMULT                = $E800 (59392)  [label]
  FMULTT               = $E803 (59395)  [label]
  FNDFOR               = $D270 (53872)  [label]
  FNDLIN               = $D4F1 (54513)  [label]
  FNDLNC               = $D4F5 (54517)  [label]
  FNDLO1               = $D50C (54540)  [label]
  FNDOER               = $E1CA (57802)  [label]
  FNDVAR               = $E300 (58112)  [label]
  FNEDG1               = $EB0B (60171)  [label]
  FNTK                 = $009E (158)  [const]
  FNWAIT               = $E604 (58884)  [label]
  FONE                 = $E794 (59284)  [label]
  FOR                  = $D606 (54790)  [label]
  FORPNT               = $0088 (136)  [label]
  FORPSH               = $DCB8 (56504)  [label]
  FORSIZ               = $0012 (18)  [const]
  FORTK                = $0081 (129)  [const]
  FOULDY               = $EC98 (60568)  [label]
  FOUR6                = $0092 (146)  [label]
  FOUT                 = $EBB5 (60341)  [label]
  FOUT1                = $EBBF (60351)  [label]
  FOUT11               = $EC9A (60570)  [label]
  FOUT12               = $ECA7 (60583)  [label]
  FOUT14               = $ECB7 (60599)  [label]
  FOUT15               = $ECC3 (60611)  [label]
  FOUT16               = $EC3C (60476)  [label]
  FOUT17               = $ECDB (60635)  [label]
  FOUT19               = $ECD8 (60632)  [label]
  FOUT2                = $EC42 (60482)  [label]
  FOUT20               = $ECE0 (60640)  [label]
  FOUT3                = $EBEE (60398)  [label]
  FOUT37               = $EBD8 (60376)  [label]
  FOUT38               = $EBF9 (60409)  [label]
  FOUT39               = $EC2B (60459)  [label]
  FOUT4                = $EBE3 (60387)  [label]
  FOUT40               = $EC68 (60520)  [label]
  FOUT41               = $EC66 (60518)  [label]
  FOUT5                = $EC07 (60423)  [label]
  FOUT6                = $EC20 (60448)  [label]
  FOUT7                = $EBE1 (60385)  [label]
  FOUT8                = $EC3E (60478)  [label]
  FOUT9                = $EC00 (60416)  [label]
  FOUTBL               = $ECEA (60650)  [label]
  FOUTC                = $EBB7 (60343)  [label]
  FOUTCM               = $EC8E (60558)  [label]
  FOUTCP               = $EA45 (59973)  [label]
  FOUTIM               = $EC40 (60480)  [label]
  FOUTPI               = $EC1F (60447)  [label]
  FOUTYP               = $EC6F (60527)  [label]
  FPWR1                = $ED3B (60731)  [label]
  FPWRRT               = $ECE4 (60644)  [label]
  FPWRT                = $ED18 (60696)  [label]
  FPWRT1               = $ED21 (60705)  [label]
  FR4                  = $EEF1 (61169)  [label]
  FRE                  = $E155 (57685)  [label]
  FREFAC               = $E47C (58492)  [label]
  FREPLA               = $E4AB (58539)  [label]
  FRERTS               = $E4C1 (58561)  [label]
  FRESPC               = $0074 (116)  [label]
  FRESTR               = $E479 (58489)  [label]
  FRETMP               = $E480 (58496)  [label]
  FRETMS               = $E4B1 (58545)  [label]
  FRETOP               = $0072 (114)  [label]
  FRETRT               = $E4AC (58540)  [label]
  FRMEV1               = $DC19 (56345)  [label]
  FRMEVL               = $DC13 (56339)  [label]
  FRMNUM               = $DBFF (56319)  [label]
  FSUB                 = $E627 (58919)  [label]
  FSUBT                = $E62A (58922)  [label]
  FUNDSP               = $D038 (53304)  [label]
  GARBA2               = $E2FC (58108)  [label]
  GARBAG               = $E2EC (58092)  [label]
  GARBFL               = $0013 (19)  [const]
  GDBUFS               = $D437 (54327)  [label]
  GET                  = $DA41 (55873)  [label]
  GETADR               = $E5CE (58830)  [label]
  GETAGN               = $DA6C (55916)  [label]
  GETBPT               = $D4A5 (54437)  [label]
  GETBYT               = $E574 (58740)  [label]
  GETCMD               = $0001 (1)  [const]
  GETCMP               = $DE53 (56915)  [label]
  GETCON               = $E5EF (58863)  [label]
  GETDEF               = $E0C2 (57538)  [label]
  GETDTL               = $DA26 (55846)  [label]
  GETERR               = $D325 (54053)  [label]
  GETFNM               = $E1B7 (57783)  [label]
  GETFOR               = $DB9A (56218)  [label]
  GETNTH               = $DAC3 (56003)  [label]
  GETNUM               = $E5C2 (58818)  [label]
  GETRTS               = $DA1B (55835)  [label]
  GETSPA               = $E2CA (58058)  [label]
  GETSPT               = $D8FF (55551)  [label]
  GETSTK               = $D2E1 (53985)  [label]
  GETTTY               = $DA44 (55876)  [label]
  GFDIV                = $EEE0 (61152)  [label]
  GINLIN               = $DA7E (55934)  [label]
  GIVAYF               = $E169 (57705)  [label]
  GLET                 = $D6C4 (54980)  [label]
  GMOVMF               = $EE68 (61032)  [label]
  GOFLOT               = $DE68 (56936)  [label]
  GOFUC                = $E56E (58734)  [label]
  GOGO                 = $E38E (58254)  [label]
  GOLST                = $D57F (54655)  [label]
  GOMLDV               = $EDA5 (60837)  [label]
  GONE                 = $D6A4 (54948)  [label]
  GONE2                = $D6AF (54959)  [label]
  GONE3                = $D6AD (54957)  [label]
  GONPRC               = $DD6B (56683)  [label]
  GOOO                 = $DD80 (56704)  [label]
  GOOOOO               = $DD91 (56721)  [label]
  GOOVER               = $E8B7 (59575)  [label]
  GORDY                = $D722 (55074)  [label]
  GORTS                = $D7F6 (55286)  [label]
  GOSUB                = $D7AD (55213)  [label]
  GOSUTK               = $008C (140)  [const]
  GOTARY               = $E024 (57380)  [label]
  GOTK                 = $00C4 (196)  [const]
  GOTO                 = $D7CA (55242)  [label]
  GOTOTK               = $0088 (136)  [const]
  GPOLYX               = $EEB8 (61112)  [label]
  GRBPAS               = $E3DC (58332)  [label]
  GRBPNT               = $008D (141)  [const]
  GRBRTS               = $E3D7 (58327)  [label]
  GRBTOP               = $009F (159)  [const]
  GREASE               = $E091 (57489)  [label]
  GREATK               = $00AA (170)  [const]
  GRODY                = $D5E3 (54755)  [label]
  GTBYTC               = $E571 (58737)  [label]
  HAVFOR               = $DBAA (56234)  [label]
  HIGHDS               = $0098 (152)  [label]
  HIGHTR               = $009A (154)  [label]
  IF                   = $D84D (55373)  [label]
  INCFAC               = $E747 (59207)  [label]
  INCFRT               = $E755 (59221)  [label]
  INCHR                = $D451 (54353)  [label]
  INCRND               = $E9FB (59899)  [label]
  INCRTS               = $D462 (54370)  [label]
  INCTRM               = $DA0F (55823)  [label]
  INDEX                = $0061 (97)  [const]
  INDEX1               = $0061 (97)  [label]
  INDEX2               = $0063 (99)  [label]
  INDICE               = $00A4 (164)  [const]
  INDLOP               = $DFB2 (57266)  [label]
  INIT                 = $EFB0 (61360)  [label]
  INITAT               = $EF8C (61324)  [label]
  INLIN                = $D42A (54314)  [label]
  INLOOP               = $DA90 (55952)  [label]
  INLPN1               = $E0E7 (57575)  [label]
  INLPN2               = $E0E6 (57574)  [label]
  INLPNM               = $E0CA (57546)  [label]
  INPCO1               = $DA8A (55946)  [label]
  INPCOM               = $D8FF (55551)  [label]
  INPCON               = $DA88 (55944)  [label]
  INPFLG               = $0015 (21)  [label]
  INPPTR               = $0082 (130)  [label]
  INPRT                = $EB9A (60314)  [label]
  INPRTS               = $DB6F (56175)  [label]
  INPUT                = $DA53 (55891)  [label]
  INT                  = $EAA4 (60068)  [label]
  INTEGR               = $000D (13)  [const]
  INTERR               = $DE89 (56969)  [label]
  INTFLG               = $0012 (18)  [label]
  INTIDX               = $DF89 (57225)  [label]
  INTPRC               = $0001 (1)  [const]
  INTRTS               = $EACA (60106)  [label]
  INTXT                = $D25C (53852)  [label]
  ISARY                = $DFA8 (57256)  [label]
  ISCCAP               = $D6F4 (55028)  [label]
  ISCNTC               = $D6EC (55020)  [label]
  ISCRTS               = $D6EB (55019)  [label]
  ISFUN                = $DD94 (56724)  [label]
  ISLETC               = $DF02 (57090)  [label]
  ISLRTS               = $DF0B (57099)  [label]
  ISSEC                = $DE9C (56988)  [label]
  ISVAR                = $DD70 (56688)  [label]
  ISVRET               = $DD73 (56691)  [label]
  JMPER                = $0094 (148)  [label]
  JSRGM                = $DF7C (57212)  [label]
  KIMROM               = $0000 (0)  [const]
  KIMY                 = $0010 (16)  [const]
  KLOOP                = $D469 (54377)  [label]
  KLOOP1               = $D482 (54402)  [label]
  LASNUM               = $00C0 (192)  [const]
  LASTPT               = $0056 (86)  [label]
  LASTWR               = $F154 (61780)  [label]
  LD100                = $E952 (59730)  [label]
  LDFONE               = $D64F (54863)  [label]
  LDZR                 = $DF1A (57114)  [label]
  LEFT                 = $E4D6 (58582)  [label]
  LEN                  = $E552 (58706)  [label]
  LEN1                 = $E558 (58712)  [label]
  LESSTK               = $00AC (172)  [const]
  LET                  = $D8CA (55498)  [label]
  LINCHK               = $D989 (55689)  [label]
  LINGET               = $D890 (55440)  [label]
  LINLEN               = $0028 (40)  [const]
  LINNUM               = $0053 (83)  [label]
  LINPRT               = $EBA5 (60325)  [label]
  LINWID               = $0051 (81)  [label]
  LIST                 = $D577 (54647)  [label]
  LIST4                = $D5A4 (54692)  [label]
  LISTRT               = $D4F0 (54512)  [label]
  LNGERR               = $0001 (1)  [const]
  LNKPRG               = $D3FD (54269)  [label]
  LNKRTS               = $D429 (54313)  [label]
  LOAD                 = $D758 (55128)  [label]
  LOFBUF               = $00FF (255)  [label]
  LOG                  = $E7C2 (59330)  [label]
  LOG1                 = $E7CC (59340)  [label]
  LOG2                 = $E7BD (59325)  [label]
  LOGCN2               = $E799 (59289)  [label]
  LOGEB2               = $ED5C (60764)  [label]
  LOGERR               = $E7C9 (59337)  [label]
  LONGI                = $0001 (1)  [const]
  LOOPDN               = $DBED (56301)  [label]
  LOOPM1               = $F03D (61501)  [label]
  LOOPMM               = $F037 (61495)  [label]
  LOPBHT               = $D43F (54335)  [label]
  LOPFDA               = $DFF3 (57331)  [label]
  LOPFDV               = $DFFF (57343)  [label]
  LOPFN                = $DEEA (57066)  [label]
  LOPFND               = $DEE0 (57056)  [label]
  LOPPTA               = $E05E (57438)  [label]
  LOPREL               = $DC30 (56368)  [label]
  LOWDS                = $009D (157)  [label]
  LOWTR                = $009F (159)  [label]
  LPOPER               = $DC1E (56350)  [label]
  LSTEND               = $D596 (54678)  [label]
  LSTPNT               = $0088 (136)  [const]
  LUK4IT               = $D7E1 (55265)  [label]
  LUKALL               = $D7E5 (55269)  [label]
  MAIN                 = $D34D (54093)  [label]
  MAIN1                = $D366 (54118)  [label]
  MEMORY               = $F0FD (61693)  [label]
  MEMSIZ               = $0076 (118)  [label]
  MID                  = $E50D (58637)  [label]
  MID2                 = $E51E (58654)  [label]
  MINUTK               = $00A4 (164)  [const]
  MLDEXP               = $E891 (59537)  [label]
  MLDVEX               = $E8AC (59564)  [label]
  MLEX10               = $EB78 (60280)  [label]
  MLEXMI               = $EB86 (60294)  [label]
  MLOOP                = $D3A9 (54185)  [label]
  MLTPL1               = $E836 (59446)  [label]
  MLTPL2               = $E839 (59449)  [label]
  MLTPL3               = $E855 (59477)  [label]
  MLTPLY               = $E831 (59441)  [label]
  MORCO1               = $D9B1 (55729)  [label]
  MORCOM               = $D9B0 (55728)  [label]
  MORCPS               = $F089 (61577)  [label]
  MOREN1               = $D2D2 (53970)  [label]
  MORLIN               = $D896 (55446)  [label]
  MORSTS               = $D6C7 (54983)  [label]
  MOV1F                = $E9A2 (59810)  [label]
  MOV2F                = $E99F (59807)  [label]
  MOVAF                = $E9E4 (59876)  [label]
  MOVAFL               = $E9E9 (59881)  [label]
  MOVCHG               = $EFEF (61423)  [label]
  MOVDO                = $E462 (58466)  [label]
  MOVEF                = $E9E7 (59879)  [label]
  MOVFA                = $E9D4 (59860)  [label]
  MOVFA1               = $E9D6 (59862)  [label]
  MOVFAL               = $E9DA (59866)  [label]
  MOVFM                = $E97A (59770)  [label]
  MOVFR                = $E967 (59751)  [label]
  MOVINS               = $E450 (58448)  [label]
  MOVLP                = $E466 (58470)  [label]
  MOVMF                = $E9AC (59820)  [label]
  MOVML                = $E9A4 (59812)  [label]
  MOVRTS               = $E9F2 (59890)  [label]
  MOVSTR               = $E45E (58462)  [label]
  MOVVF                = $E9A8 (59816)  [label]
  MUL10                = $E8BA (59578)  [label]
  MUL10R               = $E8D0 (59600)  [label]
  MULDIV               = $E88F (59535)  [label]
  MULLN2               = $E7FC (59388)  [label]
  MULSHF               = $E75B (59227)  [label]
  MULTRT               = $E863 (59491)  [label]
  MUSTCR               = $D48A (54410)  [label]
  MVDONE               = $E46F (58479)  [label]
  MVSTRT               = $E478 (58488)  [label]
  N32768               = $DF81 (57217)  [label]
  NCMPOS               = $000E (14)  [const]
  NCMWID               = $0052 (82)  [label]
  NEGFAC               = $E71F (59167)  [label]
  NEGFCH               = $E725 (59173)  [label]
  NEGHLF               = $E7B8 (59320)  [label]
  NEGOP                = $ED51 (60753)  [label]
  NEGPRC               = $DC6F (56431)  [label]
  NEGRTS               = $ED5B (60763)  [label]
  NEGTAB               = $D07B (53371)  [label]
  NEGXQS               = $EB3F (60223)  [label]
  NEWCHR               = $D956 (55638)  [label]
  NEWSGO               = $DBEA (56298)  [label]
  NEWSTT               = $D672 (54898)  [label]
  NEXT                 = $DB94 (56212)  [label]
  NMARY1               = $E00E (57358)  [label]
  NOCHR                = $D44A (54346)  [label]
  NODATT               = $D4BC (54460)  [label]
  NODEL                = $D3B7 (54199)  [label]
  NODELC               = $D3D2 (54226)  [label]
  NOFREF               = $E15C (57692)  [label]
  NONONO               = $DFA3 (57251)  [label]
  NORM1                = $E701 (59137)  [label]
  NORM2                = $E6F5 (59125)  [label]
  NORM3                = $E6B3 (59059)  [label]
  NORMAL               = $E6AF (59055)  [label]
  NOSEC                = $DEA7 (56999)  [label]
  NOTABR               = $D9D0 (55760)  [label]
  NOTDIM               = $E06E (57454)  [label]
  NOTEVE               = $DF35 (57141)  [label]
  NOTEVL               = $DF1F (57119)  [label]
  NOTFDD               = $E038 (57400)  [label]
  NOTFL1               = $E109 (57609)  [label]
  NOTFLT               = $E04C (57420)  [label]
  NOTFNS               = $DF0C (57100)  [label]
  NOTIT                = $DEF8 (57080)  [label]
  NOTOL                = $D617 (54807)  [label]
  NOTOP                = $DD30 (56624)  [label]
  NOTQTI               = $DA64 (55908)  [label]
  NOTSTR               = $DEB1 (57009)  [label]
  NOTTAB               = $D07E (53374)  [label]
  NOTTK                = $00A1 (161)  [const]
  NOWGE1               = $DAF6 (56054)  [label]
  NOWGET               = $DAEB (56043)  [label]
  NOWLIN               = $DB4A (56138)  [label]
  NTHIS                = $D4D3 (54483)  [label]
  NTHIS1               = $D4D7 (54487)  [label]
  NULCMD               = $0000 (0)  [const]
  NUMINS               = $DB02 (56066)  [label]
  NUMLEV               = $0017 (23)  [const]
  NUMTMP               = $0003 (3)  [const]
  NXTCMP               = $DE48 (56904)  [label]
  NXTCON               = $D66F (54895)  [label]
  NXTLGC               = $D8C4 (55492)  [label]
  NZ0999               = $EB8B (60299)  [label]
  NZ9999               = $EB90 (60304)  [label]
  NZMIL                = $EB95 (60309)  [label]
  OKGOTO               = $D85C (55388)  [label]
  OKNORM               = $DDBE (56766)  [label]
  OLDLIN               = $007A (122)  [label]
  OLDOV                = $0096 (150)  [const]
  OLDTXT               = $007C (124)  [label]
  OMERR                = $D31B (54043)  [label]
  OMERR1               = $E0E3 (57571)  [label]
  ONEFUN               = $00AD (173)  [const]
  ONEON                = $D663 (54883)  [label]
  ONGLOP               = $D87C (55420)  [label]
  ONGLP1               = $D884 (55428)  [label]
  ONGOTO               = $D870 (55408)  [label]
  ONGRTS               = $D88F (55439)  [label]
  OPMASK               = $008C (140)  [label]
  OPPTR                = $008A (138)  [label]
  OPTAB                = $D066 (53350)  [label]
  OROP                 = $DDD3 (56787)  [label]
  OUTCH                = $FDED (65005)  [const]
  OUTDO                = $D9FD (55805)  [label]
  OUTDO1               = $DA0F (55823)  [label]
  OUTLOC               = $DA14 (55828)  [label]
  OUTQST               = $D9FB (55803)  [label]
  OUTRTS               = $DA19 (55833)  [label]
  OUTSPC               = $D9F8 (55800)  [label]
  OVERR                = $E756 (59222)  [label]
  PARCHK               = $DD4D (56653)  [label]
  PEEK                 = $E5E4 (58852)  [label]
  PI2                  = $EEE7 (61159)  [label]
  PLOOP                = $D5CC (54732)  [label]
  PLOOP1               = $D5CF (54735)  [label]
  PLUSTK               = $00A3 (163)  [const]
  POKE                 = $E5FB (58875)  [label]
  POKER                = $0053 (83)  [const]
  POLY                 = $EDF3 (60915)  [label]
  POLY1                = $EDF7 (60919)  [label]
  POLY2                = $EE0A (60938)  [label]
  POLY3                = $EE06 (60934)  [label]
  POLY4                = $EE17 (60951)  [label]
  POLYPT               = $00B1 (177)  [const]
  POLYX                = $EDDD (60893)  [label]
  POS                  = $E176 (57718)  [label]
  POSINT               = $DF8F (57231)  [label]
  PREAM                = $E537 (58679)  [label]
  PRINT                = $D959 (55641)  [label]
  PRINTC               = $D95B (55643)  [label]
  PRINTK               = $0096 (150)  [const]
  PRIT3                = $D5FB (54779)  [label]
  PRIT4                = $D5C8 (54728)  [label]
  PROGIO               = $D791 (55185)  [label]
  PRTRTS               = $D9A3 (55715)  [label]
  PTDORL               = $D081 (53377)  [label]
  PTRGET               = $DE78 (56952)  [label]
  PTRGT1               = $DE7D (56957)  [label]
  PTRGT2               = $DE7F (56959)  [label]
  PTRGT3               = $DE8C (56972)  [label]
  PULMOR               = $E4FB (58619)  [label]
  PULSTK               = $DCDB (56539)  [label]
  PUSHF                = $DCAD (56493)  [label]
  PUSHF1               = $DCA8 (56488)  [label]
  PUTNEW               = $E2A0 (58016)  [label]
  PUTNW1               = $E2AB (58027)  [label]
  Q                    = $00E0 (224)  [const]
  QCHNUM               = $DCD2 (56530)  [label]
  QCOMP                = $DE4E (56910)  [label]
  QDATA                = $DABE (55998)  [label]
  QDECT1               = $D3A1 (54177)  [label]
  QDOT                 = $DD09 (56585)  [label]
  QFOUND               = $D7E8 (55272)  [label]
  QINLIN               = $DA78 (55928)  [label]
  QINT                 = $EA73 (60019)  [label]
  QINT1                = $EA93 (60051)  [label]
  QINTGO               = $DFA5 (57253)  [label]
  QINTGR               = $D8E7 (55527)  [label]
  QINTRT               = $EA92 (60050)  [label]
  QISHFT               = $EA87 (60039)  [label]
  QMOVE                = $E46B (58475)  [label]
  QNUM                 = $00C0 (192)  [label]
  QOP                  = $DCCD (56525)  [label]
  QOPGO                = $DCD0 (56528)  [label]
  QOPRTS               = $DCF5 (56565)  [label]
  QPLOP                = $D5E6 (54758)  [label]
  QPLUS                = $EADE (60126)  [label]
  QPREC                = $DC65 (56421)  [label]
  QPREC1               = $DC8E (56462)  [label]
  QROOM                = $F0A9 (61609)  [label]
  QSETNR               = $EE35 (60981)  [label]
  QSHFT                = $E924 (59684)  [label]
  QSTATV               = $DD91 (56721)  [label]
  QSTAVR               = $DF1F (57119)  [label]
  QVARIA               = $D910 (55568)  [label]
  RADDZC               = $EE2B (60971)  [label]
  RAMLOC               = $0800 (2048)  [const]
  RANDRT               = $EE26 (60966)  [label]
  RDYJSR               = $0003 (3)  [label]
  READ                 = $DA81 (55937)  [label]
  READY                = $D344 (54084)  [label]
  REALIO               = $0004 (4)  [const]
  REARTS               = $D31A (54042)  [label]
  REASAV               = $D2FC (54012)  [label]
  REASON               = $D2EE (53998)  [label]
  REASTO               = $D307 (54023)  [label]
  REDDY                = $D261 (53857)  [label]
  REM                  = $D860 (55392)  [label]
  REMER                = $D83E (55358)  [label]
  REMN                 = $D82E (55342)  [label]
  REMRTS               = $D82A (55338)  [label]
  REMTK                = $008E (142)  [const]
  RESCON               = $D496 (54422)  [label]
  RESCR1               = $D5F3 (54771)  [label]
  RESER                = $D494 (54420)  [label]
  RESETC               = $DAEA (56042)  [label]
  RESFIN               = $D6E7 (55015)  [label]
  RESHO                = $0065 (101)  [label]
  RESLO                = $0068 (104)  [label]
  RESLST               = $D084 (53380)  [label]
  RESMO                = $0067 (103)  [label]
  RESMOH               = $0066 (102)  [label]
  RESPUL               = $D495 (54421)  [label]
  RESRCH               = $D5F0 (54768)  [label]
  RESTOR               = $D6DD (55005)  [label]
  RETU1                = $D810 (55312)  [label]
  RETURN               = $D7F7 (55287)  [label]
  RIGHT                = $E502 (58626)  [label]
  RLEFT                = $E4DC (58588)  [label]
  RLEFT1               = $E4E2 (58594)  [label]
  RLEFT2               = $E4E3 (58595)  [label]
  RLEFT3               = $E4E4 (58596)  [label]
  RLZRET               = $E4D3 (58579)  [label]
  RMULZC               = $EE27 (60967)  [label]
  RND                  = $EE2F (60975)  [label]
  RND1                 = $EE4D (61005)  [label]
  RNDRTS               = $E71E (59166)  [label]
  RNDSHF               = $E710 (59152)  [label]
  RNDX                 = $00CB (203)  [label]
  ROLSHF               = $E788 (59272)  [label]
  ROMLOC               = $D000 (53248)  [const]
  ROMSW                = $0001 (1)  [const]
  RORSW                = $0001 (1)  [const]
  ROUND                = $E9F3 (59891)  [label]
  RUN                  = $D7A2 (55202)  [label]
  RUNC                 = $D537 (54583)  [label]
  RUNC2                = $D7C1 (55233)  [label]
  SAVE                 = $D73F (55103)  [label]
  SAVQUO               = $E917 (59671)  [label]
  SCRATH               = $D520 (54560)  [label]
  SCRATK               = $009B (155)  [const]
  SCRTCH               = $D522 (54562)  [label]
  SETQUT               = $DADE (56030)  [label]
  SGN                  = $EA11 (59921)  [label]
  SGNFLG               = $00A7 (167)  [label]
  SHFARG               = $E927 (59687)  [label]
  SHFTR2               = $E75D (59229)  [label]
  SHFTR3               = $E77E (59262)  [label]
  SHFTR4               = $E784 (59268)  [label]
  SHFTR7               = $E78F (59279)  [label]
  SHFTRT               = $E792 (59282)  [label]
  SHIFTR               = $E771 (59249)  [label]
  SIGN                 = $EA03 (59907)  [label]
  SIGNRT               = $EA10 (59920)  [label]
  SIN                  = $EE72 (61042)  [label]
  SIN1                 = $EEA4 (61092)  [label]
  SIN2                 = $EEA7 (61095)  [label]
  SIN3                 = $EEB4 (61108)  [label]
  SINCON               = $EEF6 (61174)  [label]
  SINFIX               = $D04E (53326)  [label]
  SIZE                 = $0095 (149)  [const]
  SIZEOK               = $E433 (58419)  [label]
  SNERR                = $DD64 (56676)  [label]
  SNERR1               = $D6CB (54987)  [label]
  SNERR2               = $D80D (55309)  [label]
  SNERR3               = $D878 (55416)  [label]
  SNERR4               = $DA2E (55854)  [label]
  SNERR5               = $DCA5 (56485)  [label]
  SNERRX               = $D6CE (54990)  [label]
  SNGFLT               = $E178 (57720)  [label]
  SPCTK                = $009F (159)  [const]
  SQR                  = $ED0E (60686)  [label]
  SQRHLF               = $E7AE (59310)  [label]
  SQRTWO               = $E7B3 (59315)  [label]
  SQUEEZ               = $E70E (59150)  [label]
  ST2TXT               = $E5B9 (58809)  [label]
  START                = $0000 (0)  [label]
  STASGN               = $DE43 (56899)  [label]
  STCURL               = $DA2A (55850)  [label]
  STEPTK               = $00A2 (162)  [const]
  STKEND               = $01FB (507)  [const]
  STKINI               = $D555 (54613)  [label]
  STKRTS               = $D568 (54632)  [label]
  STMDSP               = $D000 (53248)  [label]
  STOLD                = $ED9A (60826)  [label]
  STOLOP               = $D3EC (54252)  [label]
  STOML1               = $E10F (57615)  [label]
  STOMLT               = $E055 (57429)  [label]
  STOP                 = $D6F9 (55033)  [label]
  STOPC                = $D6FC (55036)  [label]
  STORDO               = $E613 (58899)  [label]
  STPEND               = $D70B (55051)  [label]
  STR                  = $E23B (57915)  [label]
  STR1                 = $D4C3 (54467)  [label]
  STRCMP               = $DE1B (56859)  [label]
  STRCP                = $E295 (58005)  [label]
  STRDN2               = $DB0A (56074)  [label]
  STRDON               = $D953 (55635)  [label]
  STREND               = $0070 (112)  [label]
  STRFI1               = $E27E (57982)  [label]
  STRFI2               = $E27F (57983)  [label]
  STRFIN               = $E27A (57978)  [label]
  STRFRE               = $E2E1 (58081)  [label]
  STRGET               = $E26D (57965)  [label]
  STRINI               = $E24B (57931)  [label]
  STRLIT               = $E25D (57949)  [label]
  STRLT2               = $E263 (57955)  [label]
  STRNAM               = $DEC8 (57032)  [label]
  STRNEX               = $EE55 (61013)  [label]
  STRNG                = $D4CC (54476)  [label]
  STRNG1               = $00AF (175)  [const]
  STRNG2               = $00B1 (177)  [const]
  STROU2               = $EBB2 (60338)  [label]
  STROUT               = $D9DB (55771)  [label]
  STRPR2               = $D9E5 (55781)  [label]
  STRPRT               = $D9DE (55774)  [label]
  STRRTS               = $DD7F (56703)  [label]
  STRSIZ               = $0003 (3)  [const]
  STRSPA               = $E253 (57939)  [label]
  STRST2               = $E28B (57995)  [label]
  STRTX2               = $DD22 (56610)  [label]
  STRTXT               = $DD19 (56601)  [label]
  STUFFH               = $D4A7 (54439)  [label]
  STXBUF               = $EC8A (60554)  [label]
  STXFND               = $DEDE (57054)  [label]
  STXFOR               = $DB9D (56221)  [label]
  STXTPT               = $D569 (54633)  [label]
  SUBFLG               = $0014 (20)  [label]
  SUBIT                = $E687 (59015)  [label]
  SVAR                 = $E32F (58159)  [label]
  SVARGO               = $E337 (58167)  [label]
  SVARS                = $E323 (58147)  [label]
  SWAPLP               = $EDB8 (60856)  [label]
  SYNCHR               = $DD5B (56667)  [label]
  TABER                = $D9BB (55739)  [label]
  TABTK                = $009C (156)  [const]
  TAN                  = $EEBB (61115)  [label]
  TANFIX               = $D050 (53328)  [label]
  TANSGN               = $0016 (22)  [label]
  TEMPF1               = $0097 (151)  [label]
  TEMPF2               = $009C (156)  [label]
  TEMPF3               = $008D (141)  [const]
  TEMPPT               = $0055 (85)  [label]
  TEMPST               = $0058 (88)  [label]
  TENEXP               = $009E (158)  [const]
  TENZC                = $E8D1 (59601)  [label]
  THENTK               = $00A0 (160)  [const]
  TIME                 = $0000 (0)  [const]
  TIMSTR               = $E245 (57925)  [label]
  TOTK                 = $009D (157)  [const]
  TPDONE               = $D77B (55163)  [label]
  TRMNO1               = $DA31 (55857)  [label]
  TRMNOK               = $DA1C (55836)  [label]
  TRMOK                = $DB16 (56086)  [label]
  TRMPOS               = $0050 (80)  [label]
  TRYAG2               = $E2CC (58060)  [label]
  TRYAG3               = $E2D7 (58071)  [label]
  TRYAGN               = $DB81 (56193)  [label]
  TRYMOR               = $D2F8 (54008)  [label]
  TRYOFF               = $E89C (59548)  [label]
  TRYOUT               = $DA11 (55825)  [label]
  TSTDUN               = $D5BF (54719)  [label]
  TSTOP                = $DC2D (56365)  [label]
  TTYW                 = $F066 (61542)  [label]
  TTYWID               = $F109 (61705)  [label]
  TURNON               = $DEC1 (57025)  [label]
  TVAR                 = $E31A (58138)  [label]
  TWOPI                = $EEEC (61164)  [label]
  TXTPTR               = $00BA (186)  [const]
  TXTTAB               = $006A (106)  [label]
  TYPAUT               = $EFA9 (61353)  [label]
  TYPERR               = $D332 (54066)  [label]
  TYPLIN               = $D5C1 (54721)  [label]
  UMLCNT               = $E150 (57680)  [label]
  UMLRTS               = $E154 (57684)  [label]
  UMULT                = $E124 (57636)  [label]
  UMULTC               = $E137 (57655)  [label]
  UMULTD               = $E12D (57645)  [label]
  UNPRTS               = $DCF7 (56567)  [label]
  UNPSTK               = $DCD9 (56537)  [label]
  USEDE9               = $F04E (61518)  [label]
  USEDEC               = $F05A (61530)  [label]
  USEDEF               = $F05E (61534)  [label]
  USERR                = $D808 (55304)  [label]
  USRLOC               = $D03E (53310)  [label]
  USRPOK               = $000A (10)  [label]
  VAL                  = $E583 (58755)  [label]
  VAL2                 = $E5A3 (58787)  [label]
  VALRTS               = $E5C1 (58817)  [label]
  VALTYP               = $0011 (17)  [label]
  VAREND               = $DB57 (56151)  [label]
  VARNAM               = $0084 (132)  [label]
  VAROK                = $DF1F (57119)  [label]
  VARPNT               = $0086 (134)  [label]
  VARTAB               = $006C (108)  [label]
  VARTIO               = $D782 (55170)  [label]
  VARTXT               = $008A (138)  [const]
  VARY0                = $DB62 (56162)  [label]
  WAITER               = $E617 (58903)  [label]
  WORDS                = $F118 (61720)  [label]
  XSPAC                = $D9CC (55756)  [label]
  XSPAC1               = $D9D6 (55766)  [label]
  XSPAC2               = $D9CD (55757)  [label]
  ZEREMV               = $E8B2 (59570)  [label]
  ZERITA               = $E0A0 (57504)  [label]
  ZERO                 = $ECE7 (60647)  [label]
  ZEROF1               = $E6D1 (59089)  [label]
  ZEROFC               = $E6CF (59087)  [label]
  ZEROML               = $E6D3 (59091)  [label]
  ZERRTS               = $E61F (58911)  [label]
  ZSTORD               = $E613 (58899)  [const]

================================================================================