
Assembly listing:

 LINE  ADDR  BYTES        SOURCE
------------------------------------------------------------------------------
    1                     TITLE	BASIC M6502 8K VER 1.1 BY MICRO-SOFT
    2                     SEARCH	M6502
    3                     SALL
    4                     RADIX 10			;THROUGHOUT ALL BUT MATH-PAK.
    6  0000               $Z::				;STARTING POINT FOR M6502 SIMULATOR
    7                     	ORG	0		;START OFF AT LOCATION ZERO.
    8                     SUBTTL	SWITCHES,MACROS.
   10  0004               REALIO=4			;5=STM
   11                     				;4=APPLE.
   12                     				;3=COMMODORE.
   13                     				;2=OSI
   14                     				;1=MOS TECH,KIM
   15                     				;0=PDP-10 SIMULATING 6502
   16  0001               INTPRC==1			;INTEGER ARRAYS.
   17  0001               ADDPRC==1			;FOR ADDITIONAL PRECISION.
   18  0000               LNGERR==0			;LONG ERROR MESSAGES.
   19  0000               TIME==	0			;CAPABILITY TO SET AND READ A CLK.
   20  0000               EXTIO== 0			;EXTERNAL I/O.
   21  0000               DISKO== 0			;SAVE AND LOAD COMMANDS
   22  0001               NULCMD==1			;FOR THE "NULL" COMMAND
   23  0001               GETCMD==1
   24  0001               RORSW==1
   25  0001               ROMSW==1			;TELLS IF THIS IS ON ROM.
   26  000E               CLMWID==14
   27  0001               LONGI==1			;LONG INITIALIZATION SWITCH.
   28  01FF               STKEND=511
   29  0000               BUFPAG==0
   30  0048               LINLEN==72			;TERMINAL LINE LENGTH.
   31  0048               BUFLEN==72			;INPUT BUFFER SIZE.
   32  2000               ROMLOC= ^O20000			;ADDRESS OF START OF PURE SEGMENT.
   33  0001               KIMROM=1
   34                     IFE	ROMSW,<KIMROM==0>
   35                     IFN	REALIO-1,<KIMROM==0>
   35  0000               KIMROM==0
   36                     IFN	ROMSW,<
   37  4000               RAMLOC= ^O40000			;USED ONLY IF ROMSW=1
   38                     IFE	REALIO,<ROMLOC= ^O20000 ;START AT 8K.
                          	RAMLOC=^O1400>
   40                     IFE	REALIO-3,<
                          	DISKO==1
                          	RAMLOC==^O2000
                          	ROMLOC=^O140000
                          	NULCMD==0
                          	GETCMD==1
                          	linlen==40
                          	BUFLEN==81
                          	CQOPEN=^O177700
                          	CQCLOS=^O177703
                          	CQOIN= ^O177706		;OPEN CHANNEL FOR INPUT
                          	CQOOUT=^O177711		;FILL FOR COMMO.
                          	CQCCHN=^O177714
                          	CQINCH=^O177717		;INCHR'S CALL TO GET A CHARACTER
                          	OUTCH= ^O177722
                          	CQLOAD=^O177725
                          	CQSAVE=^O177730
                          	CQVERF=^O177733
                          	CQSYS= ^O177736
                          	ISCNTC=^O177741
                          	CZGETL=^O177744		;CALL POINT FOR "GET"
                          	CQCALL=^O177747		;CLOSE ALL CHANNELS
                          	CQTIMR=^O215
                          	BUFPAG==2
                          	BUF==256*BUFPAG
                          	STKEND==507
                          	CQSTAT=^O226
                          	CQHTIM=^O164104
                          	EXTIO==1
                          	TIME==1
                          	GETCMD==1
                          	CLMWID==10
                          	PI=255				;VALUE OF PI CHARACTER FOR COMMODORE.
                          	ROMSW==1
                          	RORSW==1
                          	TRMPOS=^O306>
   76                     IFE	REALIO-1,<GETCMD==1
                          	DISKO==1
                          	OUTCH=^O17240			;1EA0
                          	ROMLOC==^O20000
                          	RORSW==0
                          	CZGETL=^O17132>
   82                     IFE	REALIO-2,<
                          	RORSW==0
                          	RAMLOC==^O1000
                          IFN	ROMSW,<
                          	RORSW==0
                          	RAMLOC==^O100000>
                          	OUTCH==^O177013>
   89                     IFE	REALIO-4,<
   90  0001               	RORSW==1
   91  0000               	NULCMD==0
   92  0001               	GETCMD==1
   93  FD67               	CQINLN==^O176547
   94  0033               	CQPRMP==^O63
   95  FD0C               	CQINCH==^O176414
   96  FECD               	CQCOUT==^O177315
   97  FEFD               	CQCSIN==^O177375
   98  0002               	BUFPAG==2
   99  0200               	BUF=BUFPAG*256
  100  0800               	ROMLOC=^O4000
  101  2A00               	RAMLOC=^O25000			;PAGE 2A
  102  FDED               	OUTCH=^O176755
  103  FD0C               	CZGETL=^O176414
  104  0028               	LINLEN==40
  105  00F0               	BUFLEN==240
  106  0001               	RORSW==1
  107  01FB               	STKEND=507
  108                     IFE	RORSW,<
                          DEFINE	ROR (WD),<
                          	LDAI	0
                          	BCC	.+4
                          	LDAI	^O200
                          	LSR	WD
                          	ORA	WD
                          	STA	WD>>
  117                     DEFINE ACRLF,<
                          	13
                          	10>
  120                     DEFINE	SYNCHK	(Q),<
                          	LDAI	<Q>
                          	JSR	SYNCHR>
  123                     DEFINE	DT(Q),<
                          IRPC	Q,<IFDIF <Q><">,<EXP "Q">>>
  125                     DEFINE	LDWD	(WD),<
                          	LDA	WD
                          	LDY	<WD>+1>
  128                     DEFINE	LDWDI	(WD),<
                          	LDAI	<<WD>&^O377>
                          	LDYI	<<WD>/^O400>>
  131                     DEFINE	LDWX	(WD),<
                          	LDA	WD
                          	LDX	<WD>+1>
  134                     DEFINE	LDWXI	(WD),<
                          	LDAI	<<WD>&^O377>
                          	LDXI	<<WD>/^O400>>
  137                     DEFINE	LDXY	(WD),<
                          	LDX	WD
                          	LDY	<WD>+1>
  140                     DEFINE	LDXYI	(WD),<
                          	LDXI	<<WD>&^O377>
                          	LDYI	<<WD>/^O400>>
  143                     DEFINE	STWD	(WD),<
                          	STA	WD
                          	STY	<WD>+1>
  146                     DEFINE	STWX	(WD),<
                          	STA	WD
                          	STX	<WD>+1>
  149                     DEFINE	STXY	(WD),<
                          	STX	WD
                          	STY	<WD>+1>
  152                     DEFINE	CLR	(WD),<
                          	LDAI	0
                          	STA	WD>
  155                     DEFINE	COM	(WD),<
                          	LDA	WD
                          	EORI	^O377
                          	STA	WD>
  159                     DEFINE	PULWD	(WD),<
                          	PLA
                          	STA	WD
                          	PLA
                          	STA	<WD>+1>
  164                     DEFINE	PSHWD	(WD),<
                          	LDA	<WD>+1
                          	PHA
                          	LDA	WD
                          	PHA>
  169                     DEFINE	JEQ	(WD),<
                          	BNE	.+5
                          	JMP	WD>
  172                     DEFINE	JNE	(WD),<
                          	BEQ	.+5
                          	JMP	WD>
  175                     DEFINE	BCCA(Q),<	BCC	Q>	;BRANCHES THAT ALWAYS BRANCH
  176                     DEFINE	BCSA(Q),<	BCS	Q>	;THESE ARE USED ON THE 6502 BECAUSE
  177                     DEFINE	BEQA(Q),<	BEQ	Q>	;THERE IS NO UNCONDITIONAL BRANCH
  178                     DEFINE	BNEA(Q),<	BNE	Q>
  179                     DEFINE	BMIA(Q),<	BMI	Q>
  180                     DEFINE	BPLA(Q),<	BPL	Q>
  181                     DEFINE	BVCA(Q),<	BVC	Q>
  182                     DEFINE	BVSA(Q),<	BVS	Q>
  183                     DEFINE	INCW(R),<
                          	INC	R
                          	BNE	%Q
                          	INC	R+1
                          %Q:>
  188                     DEFINE	SKIP1,	<XWD ^O1000,^O044>	;BIT ZERO PAGE TRICK.
  189                     DEFINE	SKIP2,	<XWD ^O1000,^O054>	;BIT ABS TRICK.
  190                     IF1,<
                          IFE	REALIO,<PRINTX/SIMULATE/>
                          IFE	REALIO-1,<PRINTX KIM>
                          IFE	REALIO-2,<PRINTX OSI>
                          IFE	REALIO-3,<PRINTX COMMODORE>
                          IFE	REALIO-4,<PRINTX APPLE>
                          IFE	REALIO-5,<PRINTX STM>
                          IFN	ADDPRC,<PRINTX ADDITIONAL PRECISION>
                          IFN	INTPRC,<PRINTX INTEGER ARRAYS>
                          IFN	LNGERR,<PRINTX LONG ERRORS>
                          IFN	DISKO,<PRINTX SAVE AND LOAD>
                          IFE	ROMSW,<PRINTX RAM>
                          IFN	ROMSW,<PRINTX ROM>
                          IFE	RORSW,<PRINTX NO ROR>
                          IFN	RORSW,<PRINTX ROR ASSUMED>>
  205                     PAGE
  206                     SUBTTL	INTRODUCTION AND COMPILATION PARAMETERS.
  238  0017               NUMLEV==23			;NUMBER OF STACK LEVELS RESERVED
  239                     				;BY AN EXPLICIT CALL TO "GETSTK".
  240  0003               STRSIZ==3			;# OF LOCS PER STRING DESCRIPTOR.
  241  0003               NUMTMP==3			;NUMBER OF STRING TEMPORARIES.
  242  000F               CONTW==15			;CHARACTER TO SUPPRESS OUTPUT.
  244                     PAGE
  245                     SUBTTL	SOME EXPLANATION.
  729                     PAGE
  730                     SUBTTL	PAGE ZERO.
  731                     IFN	REALIO-3,<
  732  0000  4C CE 26     START:	JMP	INIT		;INITIALIZE - SETUP CERTAIN LOCATIONS
  733                     				;AND DELETE FUNCTIONS IF NOT NEEDED,
  734                     				;AND CHANGE THIS TO "JMP READY"
  735                     				;IN CASE USER RESTARTS AT LOC ZERO.
  736  0003  4C CE 26     RDYJSR: JMP	INIT		;CHANGED TO "JMP STROUT" BY "INIT"
  737                     				;TO HANDLE ERRORS.
  738  0006  B5 16        ADRAYI: ADR(AYINT)		;STORE HERE THE ADDR OF THE
  739                     				;ROUTINE TO TURN THE FAC INTO A
  740                     				;TWO BYTE SIGNED INTEGER IN [Y,A]
  741  0008  88 18        ADRGAY: ADR(GIVAYF)
  742                     				;ROUTINE TO CONVERT [Y,A] TO A FLOATING
  743                     				;POINT NUMBER IN THE FAC.
  744                     IFN	ROMSW,<
  745  000A  4C 3E 17     USRPOK: JMP	FCERR
  746                     ;
  747                     ; THIS IS THE "VOLATILE" STORAGE AREA AND NONE OF IT
  748                     ; CAN BE KEPT IN ROM. ANY CONSTANTS IN THIS AREA CANNOT
  749                     ; BE KEPT IN A ROM, BUT MUST BE LOADED IN BY THE
  750                     ; PROGRAM INSTRUCTIONS IN ROM.
  751                     ;
  752                     ; --- GENERAL RAM ---:
  753  000D               CHARAC: BLOCK	1		;A DELIMITING CHARACTER.
  754  000D               INTEGR= CHARAC			;A ONE-BYTE INTEGER FROM "QINT".
  755  000E               ENDCHR: BLOCK	1		;THE OTHER DELIMITING CHARACTER.
  756  000F               COUNT:	BLOCK	1		;A GENERAL COUNTER.
  758                     ; --- FLAGS ---:
  759  0010               DIMFLG: BLOCK	1		;IN GETTING A POINTER TO A VARIABLE
  760                     				;IT IS IMPORTANT TO REMEMBER WHETHER IT
  761                     				;IS BEING DONE FOR "DIM" OR NOT.
  762                     				;DIMFLG AND VALTYP MUST BE
  763                     				;CONSECUTIVE LOCATIONS.
  764  0010               KIMY=	DIMFLG			;PLACE TO PRESERVE Y DURING OUT.
  765  0011               VALTYP: BLOCK	1		;THE TYPE INDICATOR.
  766                     				;0=NUMERIC 1=STRING.
  767                     IFN	INTPRC,<
  768  0012               INTFLG: BLOCK	1
  769  0013               DORES:	BLOCK	1		;WHETHER CAN OR CAN'T CRUNCH RES'D WORDS.
  770                     				;TURNED ON WHEN "DATA"
  771                     				;BEING SCANNED BY CRUNCH SO UNQUOTED
  772                     				;STRINGS WON'T BE CRUNCHED.
  773  0013               GARBFL= DORES			;WHETHER TO DO GARBAGE COLLECTION.
  774  0014               SUBFLG: BLOCK	1		;FLAG WHETHER SUB'D VARIABLE ALLOWED.
  775                     				;"FOR" AND USER-DEFINED FUNCTION
  776                     				;POINTER FETCHING TURN
  777                     				;THIS ON BEFORE CALLING "PTRGET"
  778                     				;SO ARRAYS WON'T BE DETECTED.
  779                     				;"STKINI" AND "PTRGET" CLEAR IT.
  780                     				;ALSO DISALLOWS INTEGERS THERE.
  781  0015               INPFLG: BLOCK	1		;FLAGS WHETHER WE ARE DOING "INPUT"
  782                     				;OR "READ".
  783  0016               TANSGN: BLOCK	1		;USED IN DETERMINING SIGN OF TANGENT.
  784                     IFN	REALIO,<
  785  0017               CNTWFL: BLOCK	1
  786                     				;NON-ZERO MEANS SUPPRESS.
  787                     				;RESET BY "INPUT", READY AND ERRORS.
  788                     				;COMPLEMENTED BY INPUT OF ^O.
  790                     IFE	REALIO-4,<ORG	80>	;ROOM FOR APPLE PAGE 0 STUFF.
  790  0018               ORG	80
  791                     ; --- RAM DEALING WITH TERMINAL HANDLING ---:
  792                     IFN	EXTIO,<
                          CHANNL: BLOCK	1>		;HOLDS CHANNEL NUMBER.
  794                     IFN	NULCMD,<
                          NULCNT: 0>			;NUMBER OF NULLS TO PRINT.
  796                     IFN	REALIO-3,<
  797  0050               TRMPOS: BLOCK	1
  798  0051  28           LINWID: LINLEN			;LENGTH OF LINE (WIDTH).
  799  0052  0E           NCMWID: NCMPOS			;POSITION BEYOND WHICH THERE ARE
  800                     				;NO MORE FIELDS.
  801  0053  00           LINNUM: 0			;LOCATION TO STORE LINE NUMBER BEFORE BUF
  802                     				;SO THAT "BLTUC" CAN STORE IT ALL AWAY AT ONCE.
  803  0054  2C           	44			;A COMMA (PRELOAD OR FROM ROM)
  804                     				;USED BY INPUT STATEMENT SINCE THE
  805                     				;DATA POINTER ALWAYS STARTS ON A
  806                     				;COMMA OR TERMINATOR.
  807                     IFE	BUFPAG,<
                          BUF:	BLOCK	BUFLEN>		;TYPE IN STORED HERE.
  809                     				;DIRECT STATEMENTS EXECUTE OUT OF
  810                     				;HERE. REMEMBER "INPUT" SMASHES BUF.
  811                     				;MUST BE ON PAGE ZERO
  812                     				;OR ASSIGNMENT OF STRING
  813                     				;VALUES IN DIRECT STATEMENTS WON'T COPY
  814                     				;INTO STRING SPACE -- WHICH IT MUST.
  815                     				;N.B. TWO NONZERO BYTES MUST PRECEDE "BUFLNM".
  817                     ; --- STORAGE FOR TEMPORARY THINGS ---:
  818  0055               TEMPPT: BLOCK	1		;POINTER AT FIRST FREE TEMP DESCRIPTOR.
  819                     				;INITIALIZED TO POINT TO TEMPST.
  820  0056               LASTPT: BLOCK	2		;POINTER TO LAST-USED STRING TEMPORARY.
  821  0058               TEMPST: BLOCK	STRSIZ*NUMTMP	;STORAGE FOR NUMTMP TEMP DESCRIPTORS.
  822  0061               INDEX1: BLOCK	2		;INDEXES.
  823  0061               INDEX=	INDEX1
  824  0063               INDEX2: BLOCK	2
  825  0065               RESHO:	BLOCK	1		;RESULT OF MULTIPLIER AND DIVIDER.
  826                     IFN	ADDPRC,<
  827  0066               RESMOH: BLOCK	1
  828  0067               RESMO:	BLOCK	1
  829  0068               RESLO:	BLOCK	1
  830  0067               ADDEND= RESMO			;TEMPORARY USED BY "UMULT".
  831  0069  00           	0			;OVERFLOW FOR RES.
  833                     ; --- POINTERS INTO DYNAMIC DATA STRUCTURES ---;
  834  006A               TXTTAB: BLOCK	2		;POINTER TO BEGINNING OF TEXT.
  835                     				;DOESN'T CHANGE AFTER BEING
  836                     				;SETUP BY "INIT".
  837  006C               VARTAB: BLOCK	2		;POINTER TO START OF SIMPLE
  838                     				;VARIABLE SPACE.
  839                     				;UPDATED WHENEVER THE SIZE OF THE
  840                     				;PROGRAM CHANGES, SET TO [TXTTAB]
  841                     				;BY "SCRATCH" ("NEW").
  842  006E               ARYTAB: BLOCK	2		;POINTER TO BEGINNING OF ARRAY
  843                     				;TABLE.
  844                     				;INCREMENTED BY 6 WHENEVER
  845                     				;A NEW SIMPLE VARIABLE IS FOUND, AND
  846                     				;SET TO [VARTAB] BY "CLEARC".
  847  0070               STREND: BLOCK	2		;END OF STORAGE IN USE.
  848                     				;INCREASED WHENEVER A NEW ARRAY
  849                     				;OR SIMPLE VARIABLE IS ENCOUNTERED.
  850                     				;SET TO [VARTAB] BY "CLEARC".
  851  0072               FRETOP: BLOCK	2		;TOP OF STRING FREE SPACE.
  852  0074               FRESPC: BLOCK	2		;POINTER TO NEW STRING.
  853  0076               MEMSIZ: BLOCK	2		;HIGHEST LOCATION IN MEMORY.
  855                     ; --- LINE NUMBERS AND TEXTUAL POINTERS ---:
  856  0078               CURLIN: BLOCK	2		;CURRENT LINE #.
  857                     				;SET TO 0,255 FOR DIRECT STATEMENTS.
  858  007A               OLDLIN: BLOCK	2		;OLD LINE NUMBER (SETUP BY ^C,"STOP"
  859                     				;OR "END" IN A PROGRAM).
  860  0053               POKER=	LINNUM			;SET UP LOCATION USED BY POKE.
  861                     				;TEMPORARY FOR INPUT AND READ CODE
  862  007C               OLDTXT: BLOCK	2		;OLD TEXT POINTER.
  863                     				;POINTS AT STATEMENT TO BE EXEC'D NEXT.
  864  007E               DATLIN: BLOCK	2		;DATA LINE # -- REMEMBER FOR ERRORS.
  865  0080               DATPTR: BLOCK	2		;POINTER TO DATA. INITIALIZED TO POINT
  866                     				;AT THE ZERO IN FRONT OF [TXTTAB]
  867                     				;BY "RESTORE" WHICH IS CALLED BY "CLEARC".
  868                     				;UPDATED BY EXECUTION OF A "READ".
  869  0082               INPPTR: BLOCK	2		;THIS REMEMBERS WHERE INPUT IS COMING FROM.
  871                     ; --- STUFF USED IN EVALUATIONS ---:
  872  0084               VARNAM: BLOCK	2		;VARIABLE'S NAME IS STORED HERE.
  873  0086               VARPNT: BLOCK	2		;POINTER TO VARIABLE IN MEMORY.
  874  0086               FDECPT= VARPNT			;POINTER INTO POWER OF TENS OF "FOUT".
  875  0088               FORPNT: BLOCK	2		;A VARIABLE'S POINTER FOR "FOR" LOOPS
  876                     				;AND "LET" STATEMENTS.
  877  0088               LSTPNT= FORPNT			;PNTR TO LIST STRING.
  878  0088               ANDMSK= FORPNT			;THE MASK USED BY WAIT FOR ANDING.
  879  0089               EORMSK= FORPNT+1		;THE MASK FOR EORING IN WAIT.
  880  008A               OPPTR:	BLOCK	2		;POINTER TO CURRENT OP'S ENTRY IN "OPTAB".
  881  008A               VARTXT= OPPTR			;POINTER INTO LIST OF VARIABLES.
  882  008C               OPMASK: BLOCK	1		;MASK CREATED BY CURRENT OPERATOR.
  883  0016               DOMASK=TANSGN			;MASK IN USE BY RELATION OPERATIONS.
  884  008D               DEFPNT: BLOCK	2		;POINTER USED IN FUNCTION DEFINITION.
  885  008D               GRBPNT= DEFPNT			;ANOTHER USED IN GARBAGE COLLECTION.
  886  008F               DSCPNT: BLOCK	2		;POINTER TO A STRING DESCRIPTOR.
  887                     IFN	ADDPRC,<BLOCK	1>	;FOR TEMPF3.
  887  0091               BLOCK	1
  888  0092  03           FOUR6:	EXP	STRSIZ		;VARIABLE CONSTANT USED BY GARB COLLECT.
  890                     ; --- ET CETERA ---:
  891  0093  4C 60 EA     JMPER:	JMP	60000
  892  0094               SIZE=	JMPER+1
  893  0095               OLDOV=	JMPER+2			;THE OLD OVERFLOW.
  894  008D               TEMPF3= DEFPNT			;A THIRD FAC TEMPORARY (4 BYTES).
  895  0096               TEMPF1:
  896                     IFN	ADDPRC,<0>		;FOR TEMPF1S EXTRA BYTE.
  896  0096  00           0
  897  0097               HIGHDS: BLOCK	2		;DESINATION OF HIGHEST ELEMENT IN BLT.
  898  0099               HIGHTR: BLOCK	2		;SOURCE OF HIGHEST ELEMENT TO MOVE.
  899  009B               TEMPF2:
  900                     IFN	ADDPRC,<0>		;FOR TEMPF2S EXTRA BYTE.
  900  009B  00           0
  901  009C               LOWDS:	BLOCK	2		;LOCATION OF LAST BYTE TRANSFERRED INTO.
  902  009E               LOWTR:	BLOCK	2		;LAST THING TO MOVE IN BLT.
  903  0097               ARYPNT= HIGHDS			;A POINTER USED IN ARRAY BUILDING.
  904  009E               GRBTOP= LOWTR			;A POINTER USED IN GARBAGE COLLECTION.
  905  009C               DECCNT= LOWDS			;NUMBER OF PLACES BEFORE DECIMAL POINT.
  906  009D               TENEXP= LOWDS+1			;HAS A DPT BEEN INPUT?
  907  009E               DPTFLG= LOWTR			;BASE TEN EXPONENT.
  908  009F               EXPSGN= LOWTR+1			;SIGN OF BASE TEN EXPONENT.
  910                     ; --- THE FLOATING ACCUMULATOR ---:
  911  00A0               FAC:
  912  00A0  00           FACEXP: 0
  913  00A1  00           FACHO:	0			;MOST SIGNIFICANT BYTE OF MANTISSA.
  914                     IFN	ADDPRC,<
  915  00A2  00           FACMOH: 0
  916  00A3  00           FACMO:	0			;MIDDLE ORDER OF MANTISSA.
  917  00A4  00           FACLO:	0			;LEAST SIG BYTE OF MANTISSA.
  918  00A5  00           FACSGN: 0			;SIGN OF FAC (0 OR -1) WHEN UNPACKED.
  919  00A6  00           SGNFLG: 0			;SIGN OF FAC IS PRESERVED BERE BY "FIN".
  920  00A6               DEGREE= SGNFLG			;A COUNT USED BY POLYNOMIALS.
  921  00A0               DSCTMP= FAC			;THIS IS WHERE TEMP DESCS ARE BUILT.
  922  00A3               INDICE= FACMO			;INDICE IS SET UP HERE BY "QINT".
  923  00A7  00           BITS:	0			;SOMETHING FOR "SHIFTR" TO USE.
  925                     ; --- THE FLOATING ARGUMENT (UNPACKED) ---:
  926  00A8  00           ARGEXP: 0
  927  00A9  00           ARGHO:	0
  928                     IFN	ADDPRC,<ARGMOH: 0>
  928  00AA  00           ARGMOH: 0
  929  00AB  00           ARGMO:	0
  930  00AC  00           ARGLO:	0
  931  00AD  00           ARGSGN: 0
  933  00AE  00           ARISGN: 0			;A SIGN REFLECTING THE RESULT.
  934  00AF  00           FACOV:	0			;OVERFLOW BYTE OF THE FAC.
  935  00AE               STRNG1= ARISGN			;POINTER TO A STRING OR DESCRIPTOR.
  937  00B0               FBUFPT: BLOCK	2		;POINTER INTO FBUFFR USED BY FOUT.
  938  00B0               BUFPTR= FBUFPT			;POINTER TO BUF USED BY "CRUNCH".
  939  00B0               STRNG2= FBUFPT			;POINTER TO STRING OR DESC.
  940  00B0               POLYPT= FBUFPT			;POINTER INTO POLYNOMIAL COEFFICIENTS.
  941  00B0               CURTOL= FBUFPT			;ABSOLUTE LINEAR INDEX IS FORMED HERE.
  942                     PAGE
  943                     SUBTTL	RAM CODE.
  944                     ; THIS CODE GETS CHANGED THROUGHOUT EXECUTION.
  945                     ; IT IS MADE TO BE FAST THIS WAY.
  946                     ; ALSO, [X] AND [Y] ARE NOT DISTURBED
  947                     ;
  948                     ; "CHRGET" USING [TXTPTR] AS THE CURRENT TEXT PNTR
  949                     ; FETCHES A NEW CHARACTER INTO ACCA AFTER INCREMENTING [TXTPTR]
  950                     ; AND SETS CONDITION CODES ACCORDING TO WHAT'S IN ACCA.
  951                     ;	NOT C=	NUMERIC	  ("0" THRU "9")
  952                     ;	Z=	":" OR END-OF-LINE (A NULL)
  953                     ;
  954                     ; [ACCA] = NEW CHAR.
  955                     ; [TXTPTR]=[TXTPTR]+1
  956                     ;
  957                     ; THE FOLLOWING EXISTS IN ROM IF ROM EXISTS AND IS LOADED
  958                     ; DOWN HERE BY INIT. OTHERWISE IT IS JUST LOADED INTO THIS
  959                     ; RAM LIKE ALL THE REST OF RAM IS LOADED.
  960                     ;
  961  00B2  E6 B9        CHRGET: INC	CHRGET+7	;INCREMENT THE WHOLE TXTPTR.
  962  00B4  D0 02        	BNE	CHRGOT
  963  00B6  E6 BA        	INC	CHRGET+8
  964  00B8  AD 60 EA     CHRGOT: LDA	60000		;A LOAD WITH AN EXT ADDR.
  965  00B9               TXTPTR= CHRGOT+1
  966  00BB  C9 20        	CMPI	" "		;SKIP SPACES.
  967  00BD  F0 F3        	BEQ	CHRGET
  968  00BF  C9 3A        QNUM:	CMPI	":"		;IS IT A ":"?
  969  00C1  B0 06        	BCS	CHRRTS		;IT IS .GE. ":"
  970  00C3  38           	SEC
  971  00C4  E9 30        	SBCI	"0"		;ALL CHARS .GT. "9" HAVE RET'D SO
  972  00C6  38           	SEC
  973  00C7  E9 D0        	SBCI	256-"0"		;SEE IF NUMERIC.
  974                     				;TURN CARRY ON IF NUMERIC.
  975                     				;ALSO, SETZ IF NULL.
  976  00C9  60           CHRRTS: RTS			;RETURN TO CALLER.
  978  00CA  80           RNDX:	128			;LOADED OR FROM ROM.
  979  00CB  4F           	79			;THE INITIAL RANDOM NUMBER.
  980  00CC  C7           	199
  981  00CD  52           	82
  982                     IFN	ADDPRC,<89>		;ONE MORE BYTE.
  982  00CE  59           89
  984  00CF               ORG	255			;PAGE 1 STUFF COMING UP.
  985  00FF               LOFBUF: BLOCK	1		;THE LOW FAC BUFFER. COPYABLE.
  986                     ;---  PAGE ZERO/ONE BOUNDARY ---.
  987                     				;MUST HAVE 13 CONTIGUOUS BYTES.
  988  0100               FBUFFR: BLOCK	3*ADDPRC+13	;BUFFER FOR "FOUT".
  989                     				;ON PAGE 1 SO THAT STRING IS NOT COPIED.
  991                     ;STACK IS LOCATED HERE. IE FROM THE END OF FBUFFR TO STKEND.
  992                     PAGE
  993                     SUBTTL	DISPATCH TABLES, RESERVED WORDS, AND ERROR TEXTS.
  995  0110               	ORG	ROMLOC
  997  0800  1D 0E        STMDSP: ADR(END-1)
  998  0802  28 0D        	ADR(FOR-1)
  999  0804  B6 12        	ADR(NEXT-1)
 1000  0806  3F 0F        	ADR(DATA-1)
 1001                     IFN	EXTIO,<
                          	ADR(INPUTN-1)>
 1003  0808  75 11        	ADR(INPUT-1)
 1004  080A  90 15        	ADR(DIM-1)
 1005  080C  A3 11        	ADR(READ-1)
 1006  080E  EC 0F        	ADR(LET-1)
 1007  0810  EC 0E        	ADR(GOTO-1)
 1008  0812  C4 0E        	ADR(RUN-1)
 1009  0814  6F 0F        	ADR(IF-1)
 1010  0816  FF 0D        	ADR(RESTORE-1)
 1011  0818  CF 0E        	ADR(GOSUB-1)
 1012  081A  19 0F        	ADR(RETURN-1)
 1013  081C  82 0F        	ADR(REM-1)
 1014  081E  1B 0E        	ADR(STOP-1)
 1015  0820  92 0F        	ADR(ONGOTO-1)
 1016                     IFN	NULCMD,<
                          	ADR(NULL-1)>
 1018  0822  22 1D        	ADR(FNWAIT-1)
 1019                     IFN	DISKO,<
                          IFE	REALIO-3,<
                          	ADR(CQLOAD-1)
                          	ADR(CQSAVE-1)
                          	ADR(CQVERF-1)>
                          IFN	REALIO,<
                          IFN	REALIO-2,<
                          IFN	REALIO-3,<
                          IFN	REALIO-5,<
                          	ADR(LOAD-1)
                          	ADR(SAVE-1)>>>>
                          IFN	REALIO-1,<
                          IFN	REALIO-3,<
                          IFN	REALIO-4,<
                          	ADR(511)		;ADDRESS OF LOAD
                          	ADR(511)>>>>		;ADDRESS OF SAVE
 1035  0824  A7 18        	ADR(DEF-1)
 1036  0826  19 1D        	ADR(POKE-1)
 1037                     IFN	EXTIO,<
                          	ADR(PRINTN-1)>
 1039  0828  7B 10        	ADR(PRINT-1)
 1040  082A  47 0E        	ADR(CONT-1)
 1041                     IFE	REALIO,<
                          	ADR(DDT-1)>
 1043  082C  99 0C        	ADR(LIST-1)
 1044  082E  5E 0C        	ADR(CLEAR-1)
 1045                     IFN	EXTIO,<
                          	ADR(CMD-1)
                          	ADR(CQSYS-1)
                          	ADR(CQOPEN-1)
                          	ADR(CQCLOS-1)>
 1050                     IFN	GETCMD,<
 1051  0830  63 11        	ADR(GET-1)
 1052  0832  42 0C        	ADR(SCRATH-1)
 1054  0834  2F 21        FUNDSP: ADR(SGN)
 1055  0836  C2 21        	ADR(INT)
 1056  0838  4E 21        	ADR(ABS)
 1057                     IFE	ROMSW,<
                          USRLOC: ADR(FCERR)>		;INITIALLY NO USER ROUTINE.
 1059                     IFN	ROMSW,<
 1060  083A  0A 00        USRLOC: ADR(USRPOK)
 1061  083C  74 18        	ADR(FRE)
 1062  083E  95 18        	ADR(POS)
 1063  0840  2C 24        	ADR(SQR)
 1064  0842  4D 25        	ADR(RND)
 1065  0844  E0 1E        	ADR(LOG)
 1066  0846  A8 24        	ADR(EXP)
 1067                     IFN	KIMROM,<
                          REPEAT	4,<
                          	ADR(FCERR)>>
 1070                     IFE	KIMROM,<
 1071  0848  89 25        COSFIX: ADR(COS)
 1072  084A  90 25        SINFIX: ADR(SIN)
 1073  084C  D9 25        TANFIX: ADR(TAN)
 1074  084E  3D 26        ATNFIX: ADR(ATN)
 1075  0850  03 1D        	ADR(PEEK)
 1076  0852  71 1C        	ADR(LEN)
 1077  0854  5A 19        	ADR(STR)
 1078  0856  A2 1C        	ADR(VAL)
 1079  0858  80 1C        	ADR(ASC)
 1080  085A  E1 1B        	ADR(CHR)
 1081  085C  F5 1B        	ADR(LEFT)
 1082  085E  21 1C        	ADR(RIGHT)
 1083  0860  2C 1C        	ADR(MID)
 1084  0862  79           OPTAB:	121
 1085  0863  5F 1D        	ADR(FADDT-1)
 1086  0865  79           	121
 1087  0866  48 1D        	ADR(FSUBT-1)
 1088  0868  7B           	123
 1089  0869  20 1F        	ADR(FMULTT-1)
 1090  086B  7B           	123
 1091  086C  07 20        	ADR(FDIVT-1)
 1092  086E  7F           	127
 1093  086F  35 24        	ADR(FPWRT-1)
 1094  0871  50           	80
 1095  0872  F8 14        	ADR(ANDOP-1)
 1096  0874  46           	70
 1097  0875  F5 14        	ADR(OROP-1)
 1098  0877  7D           NEGTAB: 125
 1099  0878  6E 24        	ADR(NEGOP-1)
 1100  087A  5A           NOTTAB: 90
 1101  087B  52 14        	ADR(NOTOP-1)
 1102  087D  64           PTDORL: 100			;PRECEDENCE.
 1103  087E  25 15        	ADR	(DOREL-1)	;OPERATOR ADDRESS.
 1104                     ;
 1105                     ; TOKENS FOR RESERVED WORDS ALWAYS HAVE THE MOST
 1106                     ; SIGNIFICANT BIT ON.
 1107                     ; THE LIST OF RESERVED WORDS:
 1108                     ;
 1109  007F               Q=128-1
 1110                     DEFINE	DCI(A),<Q=Q+1
                          	DC(A)>
 1112  0880  45 4E C4     RESLST: DCI"END"
 1113  0080               	ENDTK==Q
 1114  0883  46 4F D2     	DCI"FOR"
 1115  0081               	FORTK==Q
 1116  0886  4E 45 58 D4  	DCI"NEXT"
 1117  088A  44 41 54 C1  	DCI"DATA"
 1118  0083               	DATATK==Q
 1119                     IFN	EXTIO,<
                          	DCI"INPUT#">
 1121  088E  49 4E 50 55  	DCI"INPUT"
       0892  D4
 1122  0893  44 49 CD     	DCI"DIM"
 1123  0896  52 45 41 C4  	DCI"READ"
 1124  089A  4C 45 D4     	DCI"LET"
 1125  089D  47 4F 54 CF  	DCI"GOTO"
 1126  0088               	GOTOTK==Q
 1127  08A1  52 55 CE     	DCI"RUN"
 1128  08A4  49 C6        	DCI"IF"
 1129  08A6  52 45 53 54  	DCI"RESTORE"
       08AA  4F 52 C5
 1130  08AD  47 4F 53 55  	DCI"GOSUB"
       08B1  C2
 1131  008C               	GOSUTK=Q
 1132  08B2  52 45 54 55  	DCI"RETURN"
       08B6  52 CE
 1133  08B8  52 45 CD     	DCI"REM"
 1134  008E               	REMTK=Q
 1135  08BB  53 54 4F D0  	DCI"STOP"
 1136  08BF  4F CE        	DCI"ON"
 1137                     IFN	NULCMD,<
                          	DCI"NULL">
 1139  08C1  57 41 49 D4  	DCI"WAIT"
 1140                     IFN	DISKO,<
                          	DCI"LOAD"
                          	DCI"SAVE"
                          IFE	REALIO-3,<
                          	DCI"VERIFY">>
 1145  08C5  44 45 C6     	DCI"DEF"
 1146  08C8  50 4F 4B C5  	DCI"POKE"
 1147                     IFN	EXTIO,<
                          	DCI"PRINT#">
 1149  08CC  50 52 49 4E  	DCI"PRINT"
       08D0  D4
 1150  0094               	PRINTK==Q
 1151  08D1  43 4F 4E D4  	DCI"CONT"
 1152                     IFE	REALIO,<
                          	DCI"DDT">
 1154  08D5  4C 49 53 D4  	DCI"LIST"
 1155                     IFN	REALIO-3,<
 1156  08D9  43 4C 45 41  	DCI"CLEAR"
       08DD  D2
 1157                     IFE	REALIO-3,<
                          	DCI"CLR">
 1159                     IFN	EXTIO,<
                          	DCI"CMD"
                          	DCI"SYS"
                          	DCI"OPEN"
                          	DCI"CLOSE">
 1164                     IFN	GETCMD,<
 1165  08DE  47 45 D4     	DCI"GET"
 1166  08E1  4E 45 D7     	DCI"NEW"
 1167  0099               	SCRATK=Q
 1168                     ; END OF COMMAND LIST.
 1169  08E4  54           	"T"
 1170  08E5  41           	"A"
 1171  08E6  42           	"B"
 1172  08E7  A8           	"("+128
 1173  009A               	Q=Q+1
 1174  009A               	TABTK=Q
 1175  08E8  54 CF        	DCI"TO"
 1176  009B               	TOTK==Q
 1177  08EA  46 CE        	DCI"FN"
 1178  009C               	FNTK==Q
 1179  08EC  53           	"S"
 1180  08ED  50           	"P"
 1181  08EE  43           	"C"
 1182  08EF  A8           	"("+128			;MACRO DOESNT LIKE ('S IN ARGUMENTS.
 1183  009D               	Q=Q+1
 1184  009D               	SPCTK==Q
 1185  08F0  54 48 45 CE  	DCI"THEN"
 1186  009E               	THENTK=Q
 1187  08F4  4E 4F D4     	DCI"NOT"
 1188  009F               	NOTTK==Q
 1189  08F7  53 54 45 D0  	DCI"STEP"
 1190  00A0               	STEPTK=Q
 1191  08FB  AB           	DCI"+"
 1192  00A1               	PLUSTK=Q
 1193  08FC  AD           	DCI"-"
 1194  00A2               	MINUTK=Q
 1195  08FD  AA           	DCI"*"
 1196  08FE  AF           	DCI"/"
 1197  08FF  DE           	DCI"^"
 1198  0900  41 4E C4     	DCI"AND"
 1199  0903  4F D2        	DCI"OR"
 1200  0905  BE           	190			;A GREATER THAN SIGN
 1201  00A8               	Q=Q+1
 1202  00A8               	GREATK=Q
 1203  0906  BD           	DCI"="
 1204  00A9               	EQULTK=Q
 1205  0907  BC           	188
 1206  00AA               	Q=Q+1			;A LESS THAN SIGN
 1207  00AA               	LESSTK=Q
 1208                     ;
 1209                     ; NOTE DANGER OF ONE RESERVED WORD BEING A PART
 1210                     ; OF ANOTHER:
 1211                     ; IE . . IF 2 GREATER THAN F OR T=5 THEN...
 1212                     ; WILL NOT WORK!!! SINCE "FOR" WILL BE CRUNCHED!!
 1213                     ; IN ANY CASE MAKE SURE THE SMALLER WORD APPEARS
 1214                     ; SECOND IN THE RESERVED WORD TABLE ("INP" AND "INPUT")
 1215                     ; ANOTHER EXAMPLE: IF T OR Q THEN ... "TO" IS CRUNCHED
 1216                     ;
 1217  0908  53 47 CE     	DCI"SGN"
 1218  00AB               	ONEFUN=Q
 1219  090B  49 4E D4     	DCI"INT"
 1220  090E  41 42 D3     	DCI"ABS"
 1221  0911  55 53 D2     	DCI"USR"
 1222  0914  46 52 C5     	DCI"FRE"
 1223  0917  50 4F D3     	DCI"POS"
 1224  091A  53 51 D2     	DCI"SQR"
 1225  091D  52 4E C4     	DCI"RND"
 1226  0920  4C 4F C7     	DCI"LOG"
 1227  0923  45 58 D0     	DCI"EXP"
 1228  0926  43 4F D3     	DCI"COS"
 1229  0929  53 49 CE     	DCI"SIN"
 1230  092C  54 41 CE     	DCI"TAN"
 1231  092F  41 54 CE     	DCI"ATN"
 1232  0932  50 45 45 CB  	DCI"PEEK"
 1233  0936  4C 45 CE     	DCI"LEN"
 1234  0939  53 54 52 A4  	DCI"STR$"
 1235  093D  56 41 CC     	DCI"VAL"
 1236  0940  41 53 C3     	DCI"ASC"
 1237  0943  43 48 52 A4  	DCI"CHR$"
 1238  00BE               LASNUM==Q			;NUMBER OF LAST FUNCTION
 1239                     				;THAT TAKES ONE ARG
 1240  0947  4C 45 46 54  	DCI"LEFT$"
       094B  A4
 1241  094C  52 49 47 48  	DCI"RIGHT$"
       0950  54 A4
 1242  0952  4D 49 44 A4  	DCI"MID$"
 1243  0956  47 CF        	DCI"GO"
 1244  00C2               GOTK==Q
 1245  0958  00           	0			;MARKS END OF RESERVED WORD LIST
 1247                     IFE LNGERR,<
 1248  FFFE               Q=0-2
 1249                     DEFINE	DCE(X),<Q=Q+2
                          	DC(X)>
 1251  0959  4E C6        ERRTAB: DCE"NF"
 1252  0000               	ERRNF==Q		;NEXT WITHOUT FOR.
 1253  095B  53 CE        	DCE"SN"
 1254  0002               	ERRSN==Q		;SYNTAX
 1255  095D  52 C7        	DCE"RG"
 1256  0004               	ERRRG==Q		;RETURN WITHOUT GOSUB.
 1257  095F  4F C4        	DCE"OD"
 1258  0006               	ERROD==Q		;OUT OF DATA.
 1259  0961  46 C3        	DCE"FC"
 1260  0008               	ERRFC==Q		;ILLEGAL QUANTITY.
 1261  0963  4F D6        	DCE"OV"
 1262  000A               	ERROV==Q		;OVERFLOW.
 1263  0965  4F CD        	DCE"OM"
 1264  000C               	ERROM==Q		;OUT OF MEMORY.
 1265  0967  55 D3        	DCE"US"
 1266  000E               	ERRUS==Q		;UNDEFINED STATEMENT.
 1267  0969  42 D3        	DCE"BS"
 1268  0010               	ERRBS==Q		;BAD SUBSCRIPT.
 1269  096B  44 C4        	DCE"DD"
 1270  0012               	ERRDD==Q		;REDIMENSIONED ARRAY.
 1271  096D  2F B0        	DCE"/0"
 1272  0014               	ERRDV0==Q		;DIVISION BY ZERO.
 1273  096F  49 C4        	DCE"ID"
 1274  0016               	ERRID==Q		;ILLEGAL DIRECT.
 1275  0971  54 CD        	DCE"TM"
 1276  0018               	ERRTM==Q		;TYPE MISMATCH.
 1277  0973  4C D3        	DCE"LS"
 1278  001A               	ERRLS==Q		;STRING TOO LONG.
 1279                     IFN	EXTIO,<
                          	DCE"FD"			;FILE DATA.
                          	ERRBD==Q>
 1282  0975  53 D4        	DCE"ST"
 1283  001C               	ERRST==Q		;STRING FORMULA TOO COMPLEX.
 1284  0977  43 CE        	DCE"CN"
 1285  001E               	ERRCN==Q		;CAN'T CONTINUE.
 1286  0979  55 C6        	DCE"UF"
 1287  0020               	ERRUF==Q
 1289                     IFN LNGERR,<
                          Q=0
                          ; NOTE: THIS ERROR COUNT TECHNIQUE WILL NOT WORK IF THERE ARE MORE
                          ; THAN 256 CHARACTERS OF ERROR MESSAGES
                          ERRTAB: DC"NEXT WITHOUT FOR"
                          	ERRNF==Q
                          	Q=Q+16
                          	DC"SYNTAX"
                          	ERRSN==Q
                          	Q=Q+6
                          	DC"RETURN WITHOUT GOSUB"
                          	ERRRG==Q
                          	Q=Q+20
                          	DC"OUT OF DATA"
                          	ERROD==Q
                          	Q=Q+11
                          	DC"ILLEGAL QUANTITY"
                          	ERRFC==Q
                          	Q=Q+16
                          	DC"OVERFLOW"
                          	ERROV==Q
                          	Q=Q+8
                          	DC"OUT OF MEMORY"
                          	ERROM==Q
                          	Q=Q+13
                          	DC"UNDEF'D STATEMENT"
                          	ERRUS==Q
                          	Q=Q+17
                          	DC"BAD SUBSCRIPT"
                          	ERRBS==Q
                          	Q=Q+13
                          	DC"REDIM'D ARRAY"
                          	ERRDD==Q
                          	Q=Q+13
                          	DC"DIVISION BY ZERO"
                          	ERRDV0==Q
                          	Q=Q+16
                          	DC"ILLEGAL DIRECT"
                          	ERRID==Q
                          	Q=Q+14
                          	DC"TYPE MISMATCH"
                          	ERRTM==Q
                          	Q=Q+13
                          	DC"STRING TOO LONG"
                          	ERRLS==Q
                          	Q=Q+15
                          IFN	EXTIO,<
                          	DC"FILE DATA"
                          	ERRBD==Q
                          	Q=Q+9>
                          	DC"FORMULA TOO COMPLEX"
                          	ERRST==Q
                          	Q=Q+19
                          	DC"CAN'T CONTINUE"
                          	ERRCN==Q
                          	Q=Q+14
                          	DC"UNDEF'D FUNCTION"
                          	ERRUF==Q>
 1348                     ;
 1349                     ; NEEDED FOR MESSAGES IN ALL VERSIONS.
 1350                     ;
 1351  097B  20 45 52 52  ERR:	DT" ERROR"
       097F  4F 52
 1352  0981  00           	0
 1353  0982  20 49 4E 20  INTXT:	DT" IN "
 1354  0986  00           	0
 1355  0987  0D 0A        REDDY:	ACRLF
 1356                     IFE REALIO-3,<
                          	DT"READY.">
 1358                     IFN REALIO-3,<
 1359  0989  4F 4B        	DT"OK"
 1360  098B  0D 0A        	ACRLF
 1361  098D  00           	0
 1362  098E  0D 0A        BRKTXT: ACRLF
 1363  0990  42 52 45 41  	DT"BREAK"
       0994  4B
 1364  0995  00           	0
 1365                     PAGE
 1366                     SUBTTL	GENERAL STORAGE MANAGEMENT ROUTINES.
 1367                     ;
 1368                     ; FIND A "FOR" ENTRY ON THE STACK VIA "VARPNT".
 1369                     ;
 1370  0012               FORSIZ==2*ADDPRC+16
 1371  0996  BA           FNDFOR: TSX			;LOAD XREG WITH STK PNTR.
 1372  0997  E8 E8 E8 E8  	REPEAT	4,<INX>		;IGNORE ADR(NEWSTT) AND RTS ADDR.
 1373  099B  BD 01 01     FFLOOP: LDA	257,X		;GET STACK ENTRY.
 1374  099E  C9 81        	CMPI	FORTK		;IS IT A "FOR" TOKEN?
 1375  09A0  D0 21        	BNE	FFRTS		;NO, NO "FOR" LOOPS WITH THIS PNTR.
 1376  09A2  A5 89        	LDA	FORPNT+1	;GET HIGH.
 1377  09A4  D0 0A        	BNE	CMPFOR
 1378  09A6  BD 02 01     	LDA	258,X		;PNTR IS ZERO, SO ASSUME THIS ONE.
 1379  09A9  85 88        	STA	FORPNT
 1380  09AB  BD 03 01     	LDA	259,X
 1381  09AE  85 89        	STA	FORPNT+1
 1382  09B0  DD 03 01     CMPFOR: CMP	259,X
 1383  09B3  D0 07        	BNE	ADDFRS		;NOT THIS ONE.
 1384  09B5  A5 88        	LDA	FORPNT		;GET DOWN.
 1385  09B7  DD 02 01     	CMP	258,X
 1386  09BA  F0 07        	BEQ	FFRTS		;WE GOT IT! WE GOT IT!
 1387  09BC  8A           ADDFRS: TXA
 1388  09BD  18           	CLC			;ADD 16 TO X.
 1389  09BE  69 12        	ADCI	FORSIZ
 1390  09C0  AA           	TAX			;RESULT BACK INTO X.
 1391  09C1  D0 D8        	BNE	FFLOOP
 1392  09C3  60           FFRTS:	RTS			;RETURN TO CALLER.
 1394                     ;
 1395                     ; THIS IS THE BLOCK TRANSFER ROUTINE.
 1396                     ; IT MAKES SPACE BY SHOVING EVERYTHING FORWARD.
 1397                     ;
 1398                     ; ON ENTRY:
 1399                     ; [Y,A]=[HIGHDS]    (FOR REASON).
 1400                     ; [HIGHDS]= DESTINATION OF [HIGH ADDRESS].
 1401                     ; [LOWTR]= LOWEST ADDR TO BE TRANSFERRED.
 1402                     ; [HIGHTR]= HIGHEST ADDR TO BE TRANSFERRED.
 1403                     ;
 1404                     ; A CHECK IS MADE TO ASCERTAIN THAT A REASONABLE
 1405                     ; AMOUNT OF SPACE REMAINS BETWEEN THE BOTTOM
 1406                     ; OF THE STRINGS AND THE HIGHEST LOCATION TRANSFERRED INTO.
 1407                     ;
 1408                     ; ON EXIT:
 1409                     ; [LOWTR] ARE UNCHANGED.
 1410                     ; [HIGHTR]=[LOWTR]-200 OCTAL.
 1411                     ; [HIGHDS]=LOWEST ADDR TRANSFERRED INTO MINUS 200 OCTAL.
 1412                     ;
 1413  09C4  20 14 0A     BLTU:	JSR	REASON		;ASCERTAIN THAT STRING SPACE WON'T
 1414                     				;BE OVERRUN.
 1415  09C7  85 70 84 71  	STWD	STREND
 1416  09CB  38           BLTUC:	SEC			;PREPARE TO SUBTRACT.
 1417  09CC  A5 99        	LDA	HIGHTR
 1418  09CE  E5 9E        	SBC	LOWTR		;COMPUTE NUMBER OF THINGS TO MOVE.
 1419  09D0  85 61        	STA	INDEX		;SAVE FOR LATER.
 1420  09D2  A8           	TAY
 1421  09D3  A5 9A        	LDA	HIGHTR+1
 1422  09D5  E5 9F        	SBC	LOWTR+1
 1423  09D7  AA           	TAX			;PUT IT IN A COUNTER REGISTER.
 1424  09D8  E8           	INX			;SO THAT COUNTER ALGORITHM WORKS.
 1425  09D9  98           	TYA			;SEE IF LOW PART OF COUNT IS ZERO.
 1426  09DA  F0 23        	BEQ	DECBLT		;YES, GO START MOVING BLOCKS.
 1427  09DC  A5 99        	LDA	HIGHTR		;NO, MUST MODIFY BASE ADDR.
 1428  09DE  38           	SEC
 1429  09DF  E5 61        	SBC	INDEX		;BORROW IS OFF SINCE [HIGHTR].GT.[LOWTR].
 1430  09E1  85 99        	STA	HIGHTR		;SAVE MODIFIED BASE ADDR.
 1431  09E3  B0 03        	BCS	BLT1		;IF NO BORROW, GO SHOVE IT.
 1432  09E5  C6 9A        	DEC	HIGHTR+1	;BORROW IMPLIES SUB 1 FROM HIGH ORDER.
 1433  09E7  38           	SEC
 1434  09E8  A5 97        BLT1:	LDA	HIGHDS		;MOD BASE OF DEST ADDR.
 1435  09EA  E5 61        	SBC	INDEX
 1436  09EC  85 97        	STA	HIGHDS
 1437  09EE  B0 08        	BCS	MOREN1		;NO BORROW.
 1438  09F0  C6 98        	DEC	HIGHDS+1	;DECREMENT HIGH ORDER BYTE.
 1439  09F2  90 04        	BCC	MOREN1		;ALWAYS SKIP.
 1440  09F4  B1 99        BLTLP:	LDADY	HIGHTR		;FETCH BYTE TO MOVE
 1441  09F6  91 97        	STADY	HIGHDS		;MOVE IT IN, MOVE IT OUT.
 1442  09F8  88           MOREN1: DEY
 1443  09F9  D0 F9        	BNE	BLTLP
 1444  09FB  B1 99        	LDADY	HIGHTR		;MOVE LAST OF THE BLOCK.
 1445  09FD  91 97        	STADY	HIGHDS
 1446  09FF  C6 9A        DECBLT: DEC	HIGHTR+1
 1447  0A01  C6 98        	DEC	HIGHDS+1	;START ON NEW BLOCKS.
 1448  0A03  CA           	DEX
 1449  0A04  D0 F2        	BNE	MOREN1
 1450  0A06  60           	RTS			;RETURN TO CALLER.
 1452                     ;
 1453                     ; THIS ROUTINE IS USED TO ASCERTAIN THAT A GIVEN
 1454                     ; NUMBER OF LOCS REMAIN AVAILABLE FOR THE STACK.
 1455                     ;    THE CALL IS:
 1456                     ;	LDAI	NUMBER OF 2-BYTE ENTRIES NEEDED.
 1457                     ;	JSR	GETSTK
 1458                     ;
 1459                     ; THIS ROUTINE MUST BE CALLED BY ANY ROUTINE WHICH PUTS
 1460                     ; AN ARBITRARY AMOUNT OF STUFF ON THE STACK,
 1461                     ; I.E., ANY RECURSIVE ROUTINE LIKE "FRMEVL".
 1462                     ; IT IS ALSO CALLED BY ROUTINES SUCH AS "GOSUB" AND "FOR"
 1463                     ; WHICH MAKE PERMANENT ENTRIES ON THE STACK.
 1464                     ;
 1465                     ; ROUTINES WHICH MERELY USE AND FREE UP THE GUARANTEED
 1466                     ; NUMLEV LOCATIONS NEED NOT CALL THIS.
 1467                     ;
 1468                     ;
 1469                     ; ON EXIT:
 1470                     ;    [A] AND [X] HAVE BEEN MODIFIED.
 1471                     ;
 1472  0A07  0A           GETSTK: ASL	A,		;MULT [A] BY 2. NB, CLEARS C BIT.
 1473  0A08  69 3E        	ADCI	2*NUMLEV+<3*ADDPRC>+13	;MAKE SURE 2*NUMLEV+13 LOCS
 1474                     				;(13 BECAUSE OF FBUFFR)
 1475  0A0A  B0 35        	BCS	OMERR		;WILL REMAIN IN STACK.
 1476  0A0C  85 61        	STA	INDEX
 1477  0A0E  BA           	TSX			;GET STACKED.
 1478  0A0F  E4 61        	CPX	INDEX		;COMPARE.
 1479  0A11  90 2E        	BCC	OMERR		;IF STACK.LE.INDEX1, OM.
 1480  0A13  60           	RTS
 1482                     ;
 1483                     ; [Y,A] IS A CERTAIN ADDRESS. "REASON" MAKES SURE
 1484                     ; IT IS LESS THAN [FRETOP].
 1485                     ;
 1486  0A14  C4 73        REASON: CPY	FRETOP+1
 1487  0A16  90 28        	BCC	REARTS
 1488  0A18  D0 04        	BNE	TRYMOR		;GO GARB COLLECT.
 1489  0A1A  C5 72        	CMP	FRETOP
 1490  0A1C  90 22        	BCC	REARTS
 1491  0A1E  48           TRYMOR: PHA
 1492  0A1F  A2 09        	LDXI	8+ADDPRC	;IF TEMPF2 HAS ZERO IN BETWEEN.
 1493  0A21  98           	TYA
 1494  0A22  48           REASAV: PHA
 1495  0A23  B5 96        	LDA	HIGHDS-1,X	;SAVE HIGHDS ON STACK.
 1496  0A25  CA           	DEX
 1497  0A26  10 FA        	BPL	REASAV		;PUT 8 OF THEM ON STK.
 1498  0A28  20 1B 1A     	JSR	GARBA2		;GO GARB COLLECT.
 1499  0A2B  A2 F7        	LDXI	256-8-ADDPRC
 1500  0A2D  68           REASTO: PLA
 1501  0A2E  95 A0        	STA	HIGHDS+8+ADDPRC,X	;RESTORE AFTER GARB COLLECT.
 1502  0A30  E8           	INX
 1503  0A31  30 FA        	BMI	REASTO
 1504  0A33  68           	PLA
 1505  0A34  A8           	TAY
 1506  0A35  68           	PLA			;RESTORE A AND Y.
 1507  0A36  C4 73        	CPY	FRETOP+1	;COMPARE HIGHS
 1508  0A38  90 06        	BCC	REARTS
 1509  0A3A  D0 05        	BNE	OMERR		;HIGHER IS BAD.
 1510  0A3C  C5 72        	CMP	FRETOP		;AND THE LOWS.
 1511  0A3E  B0 01        	BCS	OMERR
 1512  0A40  60           REARTS: RTS
 1514                     PAGE
 1515                     SUBTTL	ERROR HANDLER, READY, TERMINAL INPUT, COMPACTIFY, NEW, REINIT.
 1516  0A41  A2 0C        OMERR:	LDXI	ERROM
 1517  0A43               ERROR:
 1518                     IFN	REALIO,<
 1519  0A43  46 17        	LSR	CNTWFL
 1520                     IFN	EXTIO,<
                          	LDA	CHANNL		;CLOSE NON-TERMINAL CHANNEL.
                          	BEQ	ERRCRD
                          	JSR	CQCCHN		;CLOSE IT.
                          	LDAI	0
                          	STA	CHANNL>
 1526  0A45  20 B4 10     ERRCRD: JSR	CRDO		;OUTPUT CRLF.
 1527  0A48  20 1E 11     	JSR	OUTQST		;PRINT A QUESTION MARK
 1528                     IFE LNGERR,<
 1529  0A4B  BD 59 09     	LDA	ERRTAB,X,	;GET FIRST CHR OF ERR MSG.
 1530  0A4E  20 20 11     	JSR	OUTDO		;OUTPUT IT.
 1531  0A51  BD 5A 09     	LDA	ERRTAB+1,X,	;GET SECOND CHR.
 1532  0A54  20 20 11     	JSR	OUTDO
 1533                     IFN LNGERR,<
                          GETERR: LDA	ERRTAB,X
                          	PHA
                          	ANDI	127		;GET RID OF HIGH BIT.
                          	JSR	OUTDO		;OUTPUT IT.
                          	INX
                          	PLA			;LAST CHAR OF MESSAGE?
                          	BPL	GETERR>		;NO. GO GET NEXT AND OUTPUT IT.
 1541  0A57  20 78 0C     TYPERR: JSR	STKINI		;RESET THE STACK AND FLAGS.
 1542  0A5A  A9 7B A0 09  	LDWDI	ERR		;GET PNTR TO " ERROR".
 1543  0A5E  20 FE 10     ERRFIN: JSR	STROUT		;OUTPUT IT.
 1544  0A61  A4 79        	LDY	CURLIN+1
 1545  0A63  C8           	INY			;WAS NUMBER 64000?
 1546  0A64  F0 03        	BEQ	READY		;YES, DON'T TYPE LINE NUMBER.
 1547  0A66  20 B8 22     	JSR	INPRT
 1548  0A69               READY:
 1549                     IFN	REALIO,<
 1550  0A69  46 17        	LSR	CNTWFL
 1551  0A6B  A9 87 A0 09  	LDWDI	REDDY		;SAY "OK".
 1552                     IFN	REALIO-3,<
 1553  0A6F  20 03 00     	JSR	RDYJSR
 1554                     IFE	REALIO-3,<
                          	JSR	STROUT>		;NO INIT ERRORS POSSIBLE.
 1556  0A72  20 4F 0B     MAIN:	JSR	INLIN		;GET A LINE FROM TERMINAL.
 1557  0A75  86 B9 84 BA  	STXY	TXTPTR
 1558  0A79  20 B2 00     	JSR	CHRGET
 1559  0A7C  AA           	TAX			;SET ZERO FLAG BASED ON [A]
 1560                     				;THIS DISTINGUISHES ":" AND 0
 1561  0A7D  F0 F3        	BEQ	MAIN		;IF BLANK LINE, GET ANOTHER.
 1562  0A7F  A2 FF        	LDXI	255		;SET DIRECT LINE NUMBER.
 1563  0A81  86 79        	STX	CURLIN+1
 1564  0A83  90 06        	BCC	MAIN1		;IS A LINE NUMBER. NOT DIRECT.
 1565  0A85  20 88 0B     	JSR	CRUNCH		;COMPACTIFY.
 1566  0A88  4C C7 0D     	JMP	GONE		;EXECUTE IT.
 1567  0A8B  20 B3 0F     MAIN1:	JSR	LINGET		;READ LINE NUMBER INTO "LINNUM".
 1568  0A8E  20 88 0B     	JSR	CRUNCH
 1569  0A91  84 0F        	STY	COUNT		;RETAIN CHARACTER COUNT.
 1570  0A93  20 14 0C     	JSR	FNDLIN
 1571  0A96  90 44        	BCC	NODEL		;NO MATCH, SO DON'T DELETE.
 1572  0A98  A0 01        	LDYI	1
 1573  0A9A  B1 9E        	LDADY	LOWTR
 1574  0A9C  85 62        	STA	INDEX1+1
 1575  0A9E  A5 6C        	LDA	VARTAB
 1576  0AA0  85 61        	STA	INDEX1
 1577  0AA2  A5 9F        	LDA	LOWTR+1		;SET TRANSFER TO.
 1578  0AA4  85 64        	STA	INDEX2+1
 1579  0AA6  A5 9E        	LDA	LOWTR
 1580  0AA8  88           	DEY
 1581  0AA9  F1 9E        	SBCDY	LOWTR		;COMPUTE NEGATIVE LENGTH.
 1582  0AAB  18           	CLC
 1583  0AAC  65 6C        	ADC	VARTAB		;COMPUTE NEW VARTAB.
 1584  0AAE  85 6C        	STA	VARTAB
 1585  0AB0  85 63        	STA	INDEX2		;SET LOW OF TRANS TO.
 1586  0AB2  A5 6D        	LDA	VARTAB+1
 1587  0AB4  69 FF        	ADCI	255
 1588  0AB6  85 6D        	STA	VARTAB+1	;COMPUTE HIGH OF VARTAB.
 1589  0AB8  E5 9F        	SBC	LOWTR+1		;COMPUTE NUMBER OF BLOCKS TO MOVE.
 1590  0ABA  AA           	TAX
 1591  0ABB  38           	SEC
 1592  0ABC  A5 9E        	LDA	LOWTR
 1593  0ABE  E5 6C        	SBC	VARTAB		;COMPUTE OFFSET.
 1594  0AC0  A8           	TAY
 1595  0AC1  B0 03        	BCS	QDECT1		;IF VARTAB.LE.LOWTR,
 1596  0AC3  E8           	INX			;DECR DUE TO CARRY, AND
 1597  0AC4  C6 64        	DEC	INDEX2+1	;DECREMENT STORE SO CARRY WORKS.
 1598  0AC6  18           QDECT1: CLC
 1599  0AC7  65 61        	ADC	INDEX1
 1600  0AC9  90 03        	BCC	MLOOP
 1601  0ACB  C6 62        	DEC	INDEX1+1
 1602  0ACD  18           	CLC			;FOR LATER ADCQ
 1603  0ACE  B1 61        MLOOP:	LDADY	INDEX1
 1604  0AD0  91 63        	STADY	INDEX2
 1605  0AD2  C8           	INY
 1606  0AD3  D0 F9        	BNE	MLOOP		;BLOCK DONE?
 1607  0AD5  E6 62        	INC	INDEX1+1
 1608  0AD7  E6 64        	INC	INDEX2+1
 1609  0AD9  CA           	DEX
 1610  0ADA  D0 F2        	BNE	MLOOP		;DO ANOTHER BLOCK. ALWAYS.
 1611  0ADC  20 5A 0C     NODEL:	JSR	RUNC		;RESET ALL VARIABLE INFO SO GARBAGE
 1612                     				;COLLECTION CAUSED BY REASON WILL WORK
 1613  0ADF  20 22 0B     	JSR	LNKPRG		;FIX UP THE LINKS
 1614  0AE2  AD 00 02     	LDA	BUF		;SEE IF ANYTHNG THERE
 1615  0AE5  F0 8B        	BEQ	MAIN
 1616  0AE7  18           	CLC
 1617  0AE8  A5 6C        	LDA	VARTAB
 1618  0AEA  85 99        	STA	HIGHTR		;SETUP HIGHTR.
 1619  0AEC  65 0F        	ADC	COUNT		;ADD LENGTH OF LINE TO INSERT.
 1620  0AEE  85 97        	STA	HIGHDS		;THIS GIVES DEST ADDR.
 1621  0AF0  A4 6D        	LDY	VARTAB+1
 1622  0AF2  84 9A        	STY	HIGHTR+1	;SAME FOR HIGH ORDERS.
 1623  0AF4  90 01        	BCC	NODELC
 1624  0AF6  C8           	INY
 1625  0AF7  84 98        NODELC: STY	HIGHDS+1
 1626  0AF9  20 C4 09     	JSR	BLTU
 1627                     IFN	BUFPAG,<
 1628  0AFC  A5 53 A4 54  	LDWD	LINNUM		;POSITION THE BINARY LINE NUMBER
 1629  0B00  8D FE 01 8C  	STWD	BUF-2
       0B04  FF 01
 1630  0B06  A5 70 A4 71  	LDWD	STREND
 1631  0B0A  85 6C 84 6D  	STWD	VARTAB
 1632  0B0E  A4 0F        	LDY	COUNT
 1633  0B10  88           	DEY
 1634  0B11  B9 FC 01     STOLOP: LDA	BUF-4,Y
 1635  0B14  91 9E        	STADY	LOWTR
 1636  0B16  88           	DEY
 1637  0B17  10 F8        	BPL	STOLOP
 1638  0B19  20 5A 0C     FINI:	JSR	RUNC		;DO CLEAR & SET UP STACK.
 1639                     				;AND SET [TXTPTR] TO [TXTTAB]-1.
 1640  0B1C  20 22 0B     	JSR	LNKPRG		;FIX UP PROGRAM LINKS
 1641  0B1F  4C 72 0A     	JMP	MAIN
 1642  0B22  A5 6A A4 6B  LNKPRG: LDWD	TXTTAB		;SET [INDEX] TO [TXTTAB].
 1643  0B26  85 61 84 62  	STWD	INDEX
 1644  0B2A  18           	CLC
 1645                     ;
 1646                     ; CHEAD GOES THROUGH PROGRAM STORAGE AND FIXES
 1647                     ; UP ALL THE LINKS. THE END OF EACH LINE IS FOUND
 1648                     ; BY SEARCHING FOR THE ZERO AT THE END.
 1649                     ; THE DOUBLE ZERO LINK IS USED TO DETECT THE END OF THE PROGRAM.
 1650                     ;
 1651  0B2B  A0 01        CHEAD:	LDYI	1
 1652  0B2D  B1 61        	LDADY	INDEX		;ARRIVED AT DOUBLE ZEROES?
 1653  0B2F  F0 1D        	BEQ	LNKRTS
 1654  0B31  A0 04        	LDYI	4
 1655  0B33  C8           CZLOOP: INY			;THERE IS AT LEAST ONE BYTE.
 1656  0B34  B1 61        	LDADY	INDEX
 1657  0B36  D0 FB        	BNE	CZLOOP		;NO, CONTINUE SEARCHING.
 1658  0B38  C8           	INY			;GO ONE BEYOND.
 1659  0B39  98           	TYA
 1660  0B3A  65 61        	ADC	INDEX
 1661  0B3C  AA           	TAX
 1662  0B3D  A0 00        	LDYI	0
 1663  0B3F  91 61        	STADY	INDEX
 1664  0B41  A5 62        	LDA	INDEX+1
 1665  0B43  69 00        	ADCI	0
 1666  0B45  C8           	INY
 1667  0B46  91 61        	STADY	INDEX
 1668  0B48  86 61        	STX	INDEX
 1669  0B4A  85 62        	STA	INDEX+1
 1670  0B4C  90 DD        	BCCA	CHEAD		;ALWAYS BRANCHES.
 1671  0B4E  60           LNKRTS: RTS
 1672                     ;
 1673                     ; THIS IS THE LINE INPUT ROUTINE.
 1674                     ; IT READS CHARACTERS INTO BUF USING BACKARROW (UNDERSCORE, OR
 1675                     ; SHIFT O) AS THE DELETE CHARACTER AND @ AS THE
 1676                     ; LINE DELETE CHARACTER. IF MORE THAN BUFLEN CHARACTERS
 1677                     ; ARE TYPED, NO ECHOING IS DONE UNTIL A BACKARROW OR @ OR CR
 1678                     ; IS TYPED. CONTROL-G WILL BE TYPED FOR EACH EXTRA CHARACTER.
 1679                     ; THE ROUTINE IS ENTERED AT INLIN.
 1680                     ;
 1681                     IFE	REALIO-4,<
 1682  0B4F  A2 80        INLIN:	LDXI	128		;NO PROMPT CHARACTER
 1683  0B51  86 33        	STX	CQPRMP
 1684  0B53  20 67 FD     	JSR	CQINLN		;GET A LINE ONTO PAGE 2
 1685  0B56  E0 EF        	CPXI	BUFLEN-1
 1686  0B58  B0 02        	BCS	GDBUFS		;NOT TOO MANY CHARACTERS
 1687  0B5A  A2 EF        	LDXI	BUFLEN-1
 1688  0B5C  A9 00        GDBUFS: LDAI	0		;PUT A ZERO AT THE END
 1689  0B5E  9D 00 02     	STA	BUF,X
 1690  0B61  8A           	TXA
 1691  0B62  F0 0B        	BEQ	NOCHR
 1692  0B64  BD FF 01     LOPBHT: LDA	BUF-1,X
 1693  0B67  29 7F        	ANDI	127
 1694  0B69  9D FF 01     	STA	BUF-1,X
 1695  0B6C  CA           	DEX
 1696  0B6D  D0 F5        	BNE	LOPBHT
 1697  0B6F  A9 00        NOCHR:	LDAI	0
 1698  0B71  A2 FF A0 01  	LDXYI	<BUF-1>		;POINT AT THE BEGINNING
 1699  0B75  60           	RTS
 1700                     IFN	REALIO-4,<
                          IFN	REALIO-3,<
                          LINLIN: IFE	REALIO-2,<
                          	JSR	OUTDO>		;ECHO IT.
                          	DEX			;BACKARROW SO BACKUP PNTR AND
                          	BPL	INLINC		;GET ANOTHER IF COUNT IS POSITIVE.
                          INLINN: IFE	REALIO-2,<
                          	JSR	OUTDO>		;PRINT THE @ OR A SECOND BACKARROW
                          				;IF THERE WERE TOO MANY.
                          	JSR	CRDO>
                          INLIN:	LDXI	0
                          INLINC: JSR	INCHR		;GET A CHARACTER.
                          IFN REALIO-3,<
                          	CMPI	7		;IS IT BOB ALBRECHT RINGING THE BELL
                          				;FOR SCHOOL KIDS?
                          	BEQ	GOODCH>
                          	CMPI	13		;CARRIAGE RETURN?
                          	BEQ	FININ1		;YES, FINISH UP.
                          IFN	REALIO-3,<
                          	CMPI	32		;CHECK FOR FUNNY CHARACTERS.
                          	BCC	INLINC
                          	CMPI	125		;IS IT TILDA OR DELETE?
                          	BCS	INLINC		;BIG BAD ONES TOO.
                          	CMPI	"@"		;LINE DELETE?
                          	BEQ	INLINN		;YES.
                          	CMPI	"_"		;CHARACTER DELETE?
                          	BEQ	LINLIN>		;YES.
                          GOODCH:
                          IFN	REALIO-3,<
                          	CPXI	BUFLEN-1	;LEAVE ROOM FOR NULL.
                          			;COMMO ASSURES US NEVER MORE THAN BUFLEN.
                          	BCS	OUTBEL>
                          	STA	BUF,X
                          	INX
                          IFE	REALIO-2,<SKIP2>
                          IFN	REALIO-2,<BNE INLINC>
                          IFN REALIO-3,<
                          OUTBEL: LDAI	7
                          IFN	REALIO,<
                          	JSR	OUTDO>		;ECHO IT.
                          	BNE	INLINC>		;CYCLE ALWAYS.
                          FININ1: JMP	FININL>		;GO TO FININL FAR, FAR AWAY.
 1742  0B76               INCHR:
 1743                     IFE	REALIO-3,<
                          	JSR	CQINCH>		;FOR COMMODORE.
 1745                     IFE	REALIO-2,<
                          INCHRL: LDA	^O176000
                          	REPEAT	4,<NOP>
                          	LSR	A,
                          	BCC	INCHRL
                          	LDA	^O176001	;GET THE CHARACTER.
                          	REPEAT	4,<NOP>
                          	ANDI	127>
 1753                     IFE	REALIO-1,<
                          	JSR	^O17132>	;1E5A FOR MOS TECH.
 1755                     IFE	REALIO-4,<
 1756  0B76  20 0C FD     	JSR	CQINCH		;FD0C FOR APPLE COMPUTER.
 1757  0B79  29 7F        	ANDI	127
 1758                     IFE	REALIO,<
                          	TJSR	INSIM##>	;GET A CHARACTER FROM SIMULATOR
 1761                     IFN	REALIO,<
 1762                     IFN	EXTIO,<
                          	LDY	CHANNL		;CNT-O HAS NO EFFECT IF NOT FROM TERM.
                          	BNE	INCRTS>
 1765  0B7B  C9 0F        	CMPI	CONTW		;SUPPRESS OUTPUT CHARACTER (^W).
 1766  0B7D  D0 08        	BNE	INCRTS		;NO, RETURN.
 1767  0B7F  48           	PHA
 1768  0B80  A5 17 49 FF  	COM	CNTWFL		;COMPLEMENT ITS STATE.
       0B84  85 17
 1769  0B86  68           	PLA
 1770  0B87  60           INCRTS: RTS			;END OF INCHR.
 1772                     ;
 1773                     ; ALL "RESERVED" WORDS ARE TRANSLATED INTO SINGLE
 1774                     ; BYTES WITH THE MSB ON. THIS SAVES SPACE AND TIME
 1775                     ; BY ALLOWING FOR TABLE DISPATCH DURING EXECUTION.
 1776                     ; THEREFORE ALL STATEMENTS APPEAR TOGETHER IN THE
 1777                     ; RESERVED WORD LIST IN THE SAME ORDER THEY
 1778                     ; APPEAR IN STMDSP.
 1779                     ;
 1780  0000               BUFOFS=0			;THE AMOUNT TO OFFSET THE LOW BYTE
 1781                     				;OF THE TEXT POINTER TO GET TO BUF
 1782                     				;AFTER TXTPTR HAS BEEN SETUP TO POINT INTO BUF
 1783                     IFN	BUFPAG,<
 1784  0200               BUFOFS=<BUF/256>*256
 1785  0B88  A6 B9        CRUNCH: LDX	TXTPTR		;SET SOURCE POINTER.
 1786  0B8A  A0 04        	LDYI	4		;SET DESTINATION OFFSET.
 1787  0B8C  84 13        	STY	DORES		;ALLOW CRUNCHING.
 1788  0B8E  BD 00 02     KLOOP:	LDA	BUFOFS,X
 1789                     IFE	REALIO-3,<
                          	BPL	CMPSPC		;GO LOOK AT SPACES.
                          	CMPI	PI		;PI??
                          	BEQ	STUFFH		;GO SAVE IT.
                          	INX			;SKIP NO PRINTING.
                          	BNE	KLOOP>		;ALWAYS GOES.
 1795  0B91  C9 20        CMPSPC: CMPI	" "		;IS IT A SPACE TO SAVE?
 1796  0B93  F0 37        	BEQ	STUFFH		;YES, GO SAVE IT.
 1797  0B95  85 0E        	STA	ENDCHR		;IF IT'S A QUOTE, THIS WILL
 1798                     				;STOP LOOP WHEN OTHER QUOTE APPEARS.
 1799  0B97  C9 22        	CMPI	34		;QUOTE SIGN?
 1800  0B99  F0 56        	BEQ	STRNG		;YES, DO SPECIAL STRING HANDLING.
 1801  0B9B  24 13        	BIT	DORES		;TEST FLAG.
 1802  0B9D  70 2D        	BVS	STUFFH		;NO CRUNCH, JUST STORE.
 1803  0B9F  C9 3F        	CMPI	"?"		;A QMARK?
 1804  0BA1  D0 04        	BNE	KLOOP1
 1805  0BA3  A9 94        	LDAI	PRINTK		;YES, STUFF A "PRINT" TOKEN.
 1806  0BA5  D0 25        	BNE	STUFFH		;ALWAYS GO TO STUFFH.
 1807  0BA7  C9 30        KLOOP1: CMPI	"0"		;SKIP NUMERICS.
 1808  0BA9  90 04        	BCC	MUSTCR
 1809  0BAB  C9 3C        	CMPI	60		;":" AND ";" ARE ENTERED STRAIGHTAWAY.
 1810  0BAD  90 1D        	BCC	STUFFH
 1811  0BAF  84 B0        MUSTCR: STY	BUFPTR		;SAVE BUFFER POINTER.
 1812  0BB1  A0 00        	LDYI	0		;LOAD RESLST POINTER.
 1813  0BB3  84 0F        	STY	COUNT		;ALSO CLEAR COUNT.
 1814  0BB5  88           	DEY
 1815  0BB6  86 B9        	STX	TXTPTR		;SAVE TEXT POINTER FOR LATER USE.
 1816  0BB8  CA           	DEX
 1817  0BB9  C8           RESER:	INY
 1818  0BBA  E8           RESPUL: INX
 1819  0BBB  BD 00 02     RESCON: LDA	BUFOFS,X
 1820  0BBE  38           	SEC			;PREPARE TO SUBSTARCT.
 1821  0BBF  F9 80 08     	SBC	RESLST,Y	;CHARACTERS EQUAL?
 1822  0BC2  F0 F5        	BEQ	RESER		;YES, CONTINUE SEARCH.
 1823  0BC4  C9 80        	CMPI	128		;NO BUT MAYBE THE END IS HERE.
 1824  0BC6  D0 30        	BNE	NTHIS		;NO, TRULY UNEQUAL.
 1825  0BC8  05 0F        	ORA	COUNT
 1826  0BCA  A4 B0        GETBPT: LDY	BUFPTR		;GET BUFFER PNTR.
 1827  0BCC  E8           STUFFH: INX
 1828  0BCD  C8           	INY
 1829  0BCE  99 FB 01     	STA	BUF-5,Y
 1830  0BD1  B9 FB 01     	LDA	BUF-5,Y
 1831  0BD4  F0 36        	BEQ	CRDONE		;NULL IMPLIES END OF LINE.
 1832  0BD6  38           	SEC			;PREPARE TO SUBSTARCT.
 1833  0BD7  E9 3A        	SBCI	":"		;IS IT A ":"?
 1834  0BD9  F0 04        	BEQ	COLIS		;YES, ALLOW CRUNCHING AGAIN.
 1835  0BDB  C9 49        	CMPI	DATATK-":"	;IS IT A DATATK?
 1836  0BDD  D0 02        	BNE	NODATT		;NO, SEE IF IT IS REM TOKEN.
 1837  0BDF  85 13        COLIS:	STA	DORES		;SETUP FLAG.
 1838  0BE1  38           NODATT: SEC			;PREP TO SBCQ
 1839  0BE2  E9 54        	SBCI	REMTK-":"	;REM ONLY STOPS ON NULL.
 1840  0BE4  D0 A8        	BNE	KLOOP		;NO, CONTINUE CRUNCHING.
 1841  0BE6  85 0E        	STA	ENDCHR		;REM STOPS ONLY ON NULL, NOT : OR ".
 1842  0BE8  BD 00 02     STR1:	LDA	BUFOFS,X
 1843  0BEB  F0 DF        	BEQ	STUFFH		;YES, END OF LINE, SO DONE.
 1844  0BED  C5 0E        	CMP	ENDCHR		;END OF GOBBLE?
 1845  0BEF  F0 DB        	BEQ	STUFFH		;YES, DONE WITH STRING.
 1846  0BF1  C8           STRNG:	INY			;INCREMENT BUFFER POINTER.
 1847  0BF2  99 FB 01     	STA	BUF-5,Y
 1848  0BF5  E8           	INX
 1849  0BF6  D0 F0        	BNE	STR1		;PROCESS NEXT CHARACTER.
 1850  0BF8  A6 B9        NTHIS:	LDX	TXTPTR		;RESTORE TEXT POINTER.
 1851  0BFA  E6 0F        	INC	COUNT		;INCREMENT RES WORD COUNT.
 1852  0BFC  C8           NTHIS1: INY
 1853  0BFD  B9 7F 08     	LDA	RESLST-1,Y,	;GET RES CHARACTER.
 1854  0C00  10 FA        	BPL	NTHIS1		;END OF ENTRY?
 1855  0C02  B9 80 08     	LDA	RESLST,Y,	;YES. IS IT THE END?
 1856  0C05  D0 B4        	BNE	RESCON		;NO, TRY THE NEXT WORD.
 1857  0C07  BD 00 02     	LDA	BUFOFS,X	;YES, END OF TABLE. GET 1ST CHR.
 1858  0C0A  10 BE        	BPL	GETBPT		;STORE IT AWAY (ALWAYS BRANCHES).
 1859  0C0C  99 FD 01     CRDONE: STA	BUF-3,Y,	;SO THAT IF THIS IS A DIR STATEMENT
 1860                     				;ITS END WILL LOOK LIKE END OF PROGRAM.
 1861                     IFN	<<BUF+BUFLEN>/256>-<<BUF-1>/256>,<
                          	DEC	TXTPTR+1>
 1863  0C0F  A9 FF        	LDAI	<BUF&255>-1	;MAKE TXTPTR POINT TO
 1864  0C11  85 B9        	STA	TXTPTR		;CRUNCHED LINE.
 1865  0C13  60           LISTRT: RTS			;RETURN TO CALLER.
 1866                     ;
 1867                     ; FNDLIN SEARCHES THE PROGRAM TEXT FOR THE LINE
 1868                     ; WHOSE NUMBER IS PASSED IN "LINNUM".
 1869                     ; THERE ARE TWO POSSIBLE RETURNS:
 1870                     ;
 1871                     ;	1) CARRY SET.
 1872                     ;	   LOWTR POINTS TO THE LINK FIELD IN THE LINE
 1873                     ;	   WHICH IS THE ONE SEARCHED FOR.
 1874                     ;
 1875                     ;	2) CARRY NOT SET.
 1876                     ;	   LINE NOT FOUND. [LOWTR] POINTS TO THE LINE IN THE
 1877                     ;	   PROGRAM GREATER THAN THE ONE SOUGHT AFTER.
 1878                     ;
 1879  0C14  A5 6A A6 6B  FNDLIN: LDWX	TXTTAB		;LOAD [X,A] WITH [TXTTAB]
 1880  0C18  A0 01        FNDLNC: LDYI	1
 1881  0C1A  85 9E 86 9F  	STWX	LOWTR		;STORE [X,A] INTO LOWTR
 1882  0C1E  B1 9E        	LDADY	LOWTR		;SEE IF LINK IS 0
 1883  0C20  F0 1F        	BEQ	FLINRT
 1884  0C22  C8           	INY
 1885  0C23  C8           	INY
 1886  0C24  A5 54        	LDA	LINNUM+1	;COMP HIGH ORDERS OF LINE NUMBERS.
 1887  0C26  D1 9E        	CMPDY	LOWTR
 1888  0C28  90 18        	BCC	FLNRTS		;NO SUCH LINE NUMBER.
 1889  0C2A  F0 03        	BEQ	FNDLO1
 1890  0C2C  88           	DEY
 1891  0C2D  D0 09        	BNE	AFFRTS		;ALWAYS BRANCH.
 1892  0C2F  A5 53        FNDLO1: LDA	LINNUM
 1893  0C31  88           	DEY
 1894  0C32  D1 9E        	CMPDY	LOWTR		;COMPARE LOW ORDERS.
 1895  0C34  90 0C        	BCC	FLNRTS		;NO SUCH NUMBER.
 1896  0C36  F0 0A        	BEQ	FLNRTS		;GO TIT.
 1897  0C38  88           AFFRTS: DEY
 1898  0C39  B1 9E        	LDADY	LOWTR		;FETCH LINK.
 1899  0C3B  AA           	TAX
 1900  0C3C  88           	DEY
 1901  0C3D  B1 9E        	LDADY	LOWTR
 1902  0C3F  B0 D7        	BCS	FNDLNC		;ALWAYS BRANCHES.
 1903  0C41  18           FLINRT: CLC			;C MAY BE HIGH.
 1904  0C42  60           FLNRTS: RTS			;RETURN TO CALLER.
 1905                     ;
 1906                     ; THE "NEW" COMMAND CLEARS THE PROGRAM TEXT AS WELL
 1907                     ; AS VARIABLE SPACE.
 1908                     ;
 1909  0C43  D0 FD        SCRATH: BNE	FLNRTS		;MAKE SURE THERE IS A TERMINATOR.
 1910  0C45  A9 00        SCRTCH: LDAI	0		;GET A CLEARER.
 1911  0C47  A8           	TAY			;SET UP INDEX.
 1912  0C48  91 6A        	STADY	TXTTAB		;CLEAR	FIRST LINK.
 1913  0C4A  C8           	INY
 1914  0C4B  91 6A        	STADY	TXTTAB
 1915  0C4D  A5 6A        	LDA	TXTTAB
 1916  0C4F  18           	CLC
 1917  0C50  69 02        	ADCI	2
 1918  0C52  85 6C        	STA	VARTAB		;SETUP [VARTAB].
 1919  0C54  A5 6B        	LDA	TXTTAB+1
 1920  0C56  69 00        	ADCI	0
 1921  0C58  85 6D        	STA	VARTAB+1
 1922  0C5A  20 8C 0C     RUNC:	JSR	STXTPT
 1923  0C5D  A9 00        	LDAI	0		;SET ZERO FLAG
 1924                     ;
 1925                     ; THIS CODE IS FOR THE CLEAR COMMAND.
 1926                     ;
 1927  0C5F  D0 2A        CLEAR:	BNE	STKRTS		;SYNTAX ERROR IF NO TERMINATOR.
 1928                     ;
 1929                     ; CLEAR INITIALIZES THE VARIABLE AND
 1930                     ; ARRAY SPACE BY RESETING ARYTAB (THE END OF SIMPLE VARIABLE SPACE)
 1931                     ; AND STREND (THE END OF ARRAY STORAGE). IT FALLS INTO "STKINI"
 1932                     ; WHICH RESETS THE STACK.
 1933                     ;
 1934  0C61  A5 76 A4 77  CLEARC: LDWD	MEMSIZ		;FREE UP STRING SPACE.
 1935  0C65  85 72 84 73  	STWD	FRETOP
 1936                     IFN	EXTIO,<
                          	JSR	CQCALL>		;CLOSE ALL OPEN FILES.
 1938  0C69  A5 6C A4 6D  	LDWD	VARTAB		;LIBERATE THE
 1939  0C6D  85 6E 84 6F  	STWD	ARYTAB		;VARIABLES AND
 1940  0C71  85 70 84 71  	STWD	STREND		;ARRAYS.
 1941  0C75  20 00 0E     FLOAD:	JSR	RESTOR		;RESTORE DATA.
 1942                     ;
 1943                     ; STKINI RESETS THE STACK POINTER ELIMINATING
 1944                     ; GOSUB AND FOR CONTEXT. STRING TEMPORARIES ARE FREED
 1945                     ; UP, SUBFLG IS RESET. CONTINUING IS PROHIBITED.
 1946                     ; AND A DUMMY ENTRY IS LEFT AT THE BOTTOM OF THE STACK SO "FNDFOR" WILL ALWAYS
 1947                     ; FIND A NON-"FOR" ENTRY AT THE BOTTOM OF THE STACK.
 1948                     ;
 1949  0C78  A2 58        STKINI: LDXI	TEMPST		;INITIALIZE STRING TEMPORARIES.
 1950  0C7A  86 55        	STX	TEMPPT
 1951  0C7C  68           	PLA			;SETUP RETURN ADDRESS.
 1952  0C7D  A8           	TAY
 1953  0C7E  68           	PLA
 1954  0C7F  A2 FA        	LDXI	STKEND-257
 1955  0C81  9A           	TXS
 1956  0C82  48           	PHA
 1957  0C83  98           	TYA
 1958  0C84  48           	PHA
 1959  0C85  A9 00        	LDAI	0
 1960  0C87  85 7D        	STA	OLDTXT+1	;DISALLOWING CONTINUING
 1961  0C89  85 14        	STA	SUBFLG		;ALLOW SUBSCRIPTS.
 1962  0C8B  60           STKRTS: RTS
 1964  0C8C  18           STXTPT: CLC
 1965  0C8D  A5 6A        	LDA	TXTTAB
 1966  0C8F  69 FF        	ADCI	255
 1967  0C91  85 B9        	STA	TXTPTR
 1968  0C93  A5 6B        	LDA	TXTTAB+1
 1969  0C95  69 FF        	ADCI	255
 1970  0C97  85 BA        	STA	TXTPTR+1	;SETUP TEXT POINTER.
 1971  0C99  60           	RTS
 1972                     PAGE
 1973                     SUBTTL	THE "LIST" COMMAND.
 1975  0C9A  90 06        LIST:	BCC	GOLST		;IT IS A DIGIT.
 1976  0C9C  F0 04        	BEQ	GOLST		;IT IS A TERMINATOR.
 1977  0C9E  C9 A2        	CMPI	MINUTK		;DASH PRECEDING?
 1978  0CA0  D0 E9        	BNE	STKRTS		;NO, SO SYNTAX ERROR.
 1979  0CA2  20 B3 0F     GOLST:	JSR	LINGET		;GET LINE NUMBER INTO NUMLIN.
 1980  0CA5  20 14 0C     	JSR	FNDLIN		;FIND LINE .GE. [NUMLIN].
 1981  0CA8  20 B8 00     	JSR	CHRGOT		;GET LAST CHARACTER.
 1982  0CAB  F0 0C        	BEQ	LSTEND		;IF END OF LINE, # IS THE END.
 1983  0CAD  C9 A2        	CMPI	MINUTK		;DASH?
 1984  0CAF  D0 91        	BNE	FLNRTS		;IF NOT, SYNTAX ERROR.
 1985  0CB1  20 B2 00     	JSR	CHRGET		;GET NEXT CHAR.
 1986  0CB4  20 B3 0F     	JSR	LINGET		;GET END #.
 1987  0CB7  D0 89        	BNE	FLNRTS		;IF NOT TERMINATOR, ERROR.
 1988  0CB9  68           LSTEND: PLA
 1989  0CBA  68           	PLA			;GET RID OF "NEWSTT" RTS ADDR.
 1990  0CBB  A5 53        	LDA	LINNUM		;SEE IF IT WAS EXISTENT.
 1991  0CBD  05 54        	ORA	LINNUM+1
 1992  0CBF  D0 06        	BNE	LIST4		;IT WAS TYPED.
 1993  0CC1  A9 FF        	LDAI	255
 1994  0CC3  85 53        	STA	LINNUM
 1995  0CC5  85 54        	STA	LINNUM+1	;MAKE IT HUGE.
 1996  0CC7  A0 01        LIST4:	LDYI	1
 1997                     IFE	REALIO-3,<
                          	STY	DORES>
 1999  0CC9  B1 9E        	LDADY	LOWTR		;IS LINK ZERO?
 2000  0CCB  F0 39        	BEQ	GRODY		;YES, GO TO READY.
 2001                     IFN	REALIO,<
 2002  0CCD  20 0F 0E     	JSR	ISCNTC
 2003  0CD0  20 B4 10     	JSR	CRDO		;PRINT CRLF TO START WITH.
 2004  0CD3  C8           	INY
 2005  0CD4  B1 9E        	LDADY	LOWTR
 2006  0CD6  AA           	TAX
 2007  0CD7  C8           	INY
 2008  0CD8  B1 9E        	LDADY	LOWTR		;GET LINE NUMBER.
 2009  0CDA  C5 54        	CMP	LINNUM+1	;SEE IF BEYOND LAST.
 2010  0CDC  D0 04        	BNE	TSTDUN		;GO DETERMINE RELATION.
 2011  0CDE  E4 53        	CPX	LINNUM		;WAS EQUAL SO TEST LOW ORDER.
 2012  0CE0  F0 02        	BEQ	TYPLIN		;EQUAL, SO LIST IT.
 2013  0CE2  B0 22        TSTDUN: BCS	GRODY		;IF LINE IS GR THAN LAST, THEN DUNE.
 2014  0CE4  84 88        TYPLIN: STY	LSTPNT
 2015  0CE6  20 C3 22     	JSR	LINPRT		;PRINT AS INT WITHOUT LEADING SPACE.
 2016  0CE9  A9 20        	LDAI	" "		;ALWAYS PRINT SPACE AFTER NUMBER.
 2017  0CEB  A4 88        PRIT4:	LDY	LSTPNT		;GET POINTER TO LINE BACK.
 2018  0CED  29 7F        	ANDI	127
 2019  0CEF  20 20 11     PLOOP:	JSR	OUTDO		;PRINT CHAR.
 2020                     IFE	REALIO-3,<
                          	CMPI	34
                          	BNE	PLOOP1
                          	COM	DORES>		;IF QUOTE, COMPLEMENT FLAG.
 2024  0CF2  C8           PLOOP1: INY
 2025  0CF3  F0 11        	BEQ	GRODY		;IF WE HAVE PRINTED 256 CHARACTERS
 2026                     				;THE PROGRAM MUST BE MISFORMATED IN
 2027                     				;MEMORY DUE TO A BAD LOAD OR BAD
 2028                     				;HARDWARE. LET THE GUY RECOVER
 2029  0CF5  B1 9E        	LDADY	LOWTR		;GET NEXT CHAR. IS IT ZERO?
 2030  0CF7  D0 10        	BNE	QPLOP		;YES. END OF LINE.
 2031  0CF9  A8           	TAY
 2032  0CFA  B1 9E        	LDADY	LOWTR
 2033  0CFC  AA           	TAX
 2034  0CFD  C8           	INY
 2035  0CFE  B1 9E        	LDADY	LOWTR
 2036  0D00  86 9E        	STX	LOWTR
 2037  0D02  85 9F        	STA	LOWTR+1
 2038  0D04  D0 C1        	BNE	LIST4		;BRANCH IF SOMETHING TO LIST.
 2039  0D06  4C 69 0A     GRODY:	JMP	READY
 2040                     				;IS IT A TOKEN?
 2041  0D09  10 E4        QPLOP:	BPL	PLOOP		;NO, HEAD FOR PRINTER.
 2042                     IFE	REALIO-3,<
                          	CMPI	PI
                          	BEQ	PLOOP
                          	BIT	DORES		;INSIDE QUOTE MARKS?
                          	BMI	PLOOP>		;YES, JUST TYPE THE CHARACTER.
 2047  0D0B  38           	SEC
 2048  0D0C  E9 7F        	SBCI	127		;GET RID OF SIGN BIT AND ADD 1.
 2049  0D0E  AA           	TAX			;MAKE IT A COUNTER.
 2050  0D0F  84 88        	STY	LSTPNT		;SAVE POINTER TO LINE.
 2051  0D11  A0 FF        	LDYI	255		;LOOK AT RES'D WORD LIST.
 2052  0D13  CA           RESRCH: DEX			;IS THIS THE RES'D WORD?
 2053  0D14  F0 08        	BEQ	PRIT3		;YES, GO TOSS IT UP..
 2054  0D16  C8           RESCR1: INY
 2055  0D17  B9 80 08     	LDA	RESLST,Y,	;END OF ENTRY?
 2056  0D1A  10 FA        	BPL	RESCR1		;NO, CONTINUE PASSING.
 2057  0D1C  30 F5        	BMI	RESRCH
 2058  0D1E  C8           PRIT3:	INY
 2059  0D1F  B9 80 08     	LDA	RESLST,Y
 2060  0D22  30 C7        	BMI	PRIT4		;END OF RESERVED WORD.
 2061  0D24  20 20 11     	JSR	OUTDO		;PRINT IT.
 2062  0D27  D0 F5        	BNE	PRIT3		;END OF ENTRY? NO, TYPE REST.
 2063                     PAGE
 2064                     SUBTTL THE "FOR" STATEMENT.
 2065                     ;
 2066                     ; A "FOR" ENTRY ON THE STACK HAS THE FOLLOWING FORMAT:
 2067                     ;
 2068                     ; LOW ADDRESS
 2069                     ;	TOKEN (FORTK) 1 BYTE
 2070                     ;	A POINTER TO THE LOOP VARIABLE 2 BYTES
 2071                     ;	THE STEP 4+ADDPRC BYTES
 2072                     ;	A BYTE REFLECTING THE SIGN OF THE INCREMENT 1 BYTE
 2073                     ;	THE UPPER VALUE 4+ADDPRC BYTES
 2074                     ;	THE LINE NUMBER OF THE "FOR" STATEMENT 2 BYTES
 2075                     ;	A TEXT POINTER INTO THE "FOR" STATEMENT 2 BYTES
 2076                     ; HIGH ADDRESS
 2077                     ;
 2078                     ; TOTAL 16+2*ADDPRC BYTES.
 2079                     ;
 2081  0D29  A9 80        FOR:	LDAI	128		;DON'T RECOGNIZE
 2082  0D2B  85 14        	STA	SUBFLG		;SUBSCRIPTED VARIABLES.
 2083  0D2D  20 ED 0F     	JSR	LET		;READ THE VARIABLE AND ASSIGN IT
 2084                     				;THE CORRECT INITIAL VALUE AND STORE
 2085                     				;A POINTER TO THE VARIABLE IN VARPNT.
 2086  0D30  20 96 09     	JSR	FNDFOR		;PNTR IS IN VARPNT, AND FORPNT.
 2087  0D33  D0 05        	BNE	NOTOL		;IF NO MATCH, DON'T ELIMINATE ANYTHING.
 2088  0D35  8A           	TXA			;MAKE IT ARITHMETICAL.
 2089  0D36  69 0F        	ADCI	FORSIZ-3	;ELIMINATE ALMOST ALL.
 2090  0D38  AA           	TAX			;NOTE C=1, THEN PLA, PLA.
 2091  0D39  9A           	TXS			;MANIFEST.
 2092  0D3A  68           NOTOL:	PLA			;GET RID OF NEWSTT RETURN ADDRESS
 2093  0D3B  68           	PLA			;IN CASE THIS IS A TOTALLY NEW ENTRY.
 2094  0D3C  A9 09        	LDAI	8+ADDPRC
 2095  0D3E  20 07 0A     	JSR	GETSTK		;MAKE SURE 16 BYTES ARE AVAILABLE.
 2096  0D41  20 4E 0F     	JSR	DATAN		;GET A COUNT IN [Y] OF THE NUMBER OF
 2097                     				;CHACRACTERS LEFT IN THE "FOR" STATEMENT
 2098                     				;[TXTPTR] IS UNAFFECTED.
 2099  0D44  18           	CLC			;PREP TO ADD.
 2100  0D45  98           	TYA			;SAVE IT FOR PUSHING.
 2101  0D46  65 B9        	ADC	TXTPTR
 2102  0D48  48           	PHA
 2103  0D49  A5 BA        	LDA	TXTPTR+1
 2104  0D4B  69 00        	ADCI	0
 2105  0D4D  48           	PHA
 2106  0D4E  A5 79 48 A5  	PSHWD	CURLIN		;PUT LINE NUMBER ON STACK.
       0D52  78 48
 2107  0D54  A9 9B 20 7E  	SYNCHK	TOTK		;"TO" IS NECESSARY.
       0D58  14
 2108  0D59  20 25 13     	JSR	CHKNUM		;VALUE MUST BE A NUMBER.
 2109  0D5C  20 22 13     	JSR	FRMNUM		;GET UPPER VALUE INTO FAC.
 2110  0D5F  A5 A5        	LDA	FACSGN		;PACK FAC.
 2111  0D61  09 7F        	ORAI	127
 2112  0D63  25 A1        	AND	FACHO
 2113  0D65  85 A1        	STA	FACHO		;SET PACKED SIGN BIT.
 2114  0D67  A9 72 A0 0D  	LDWDI	LDFONE
 2115  0D6B  85 61 84 62  	STWD	INDEX1
 2116  0D6F  4C DB 13     	JMP	FORPSH		;PUT FAC ONTO STACK, PACKED.
 2117  0D72  A9 B2 A0 1E  LDFONE: LDWDI	FONE		;PUT 1.0 INTO FAC.
 2118  0D76  20 98 20     	JSR	MOVFM
 2119  0D79  20 B8 00     	JSR	CHRGOT
 2120  0D7C  C9 A0        	CMPI	STEPTK		;A STEP IS GIVEN?
 2121  0D7E  D0 06        	BNE	ONEON		;NO. ASSUME 1.0.
 2122  0D80  20 B2 00     	JSR	CHRGET		;YES. ADVANCE POINTER.
 2123  0D83  20 22 13     	JSR	FRMNUM		;READ THE STEP.
 2124  0D86  20 21 21     ONEON:	JSR	SIGN		;GET SIGN IN ACCA.
 2125  0D89  20 D0 13     	JSR	PUSHF		;PUSH FAC ONTO STACK (THRU A).
 2126  0D8C  A5 89 48 A5  	PSHWD	FORPNT		;PUT PNTR TO VARIABLE ON STACK.
       0D90  88 48
 2127  0D92  A9 81        NXTCON: LDAI	FORTK		;PUT A FORTK ONTO STACK.
 2128  0D94  48           	PHA
 2129                     ;	BNEA	NEWSTT		;SIMULATE BNE TO NEWSTT. JUST FALL IN.
 2130                     PAGE
 2131                     SUBTTL	NEW STATEMENT FETCHER.
 2132                     ;
 2133                     ; BACK HERE FOR NEW STATEMENT. CHARACTER POINTED TO BY TXTPTR
 2134                     ; IS ":" OR END-OF-LINE. THE ADDRESS OF THIS LOC IS LEFT
 2135                     ; ON THE STACK WHEN A STATEMENT IS EXECUTED SO THAT
 2136                     ; IT CAN MERELY DO A RTS WHEN IT IS DONE.
 2137                     ;
 2138                     NEWSTT: IFN	REALIO,<
 2139  0D95  20 0F 0E     	JSR	ISCNTC
 2140  0D98  A5 B9 A4 BA  	LDWD	TXTPTR		;LOOK AT CURRENT CHARACTER.
 2141                     IFN	BUFPAG,<
 2142  0D9C  C0 02        	CPYI	BUFPAG
 2143  0D9E  F0 04        	BEQ	DIRCON
 2144  0DA0  85 7C 84 7D  	STWD	OLDTXT		;SAVE IN CASE OF RESTART BY INPUT.
 2145                     IFN	BUFPAG,<DIRCON:>
 2145  0DA4               DIRCON:
 2146  0DA4  A0 00        	LDYI	0
 2147                     IFE	BUFPAG,<DIRCON:>
 2148  0DA6  B1 B9        	LDADY	TXTPTR
 2149  0DA8  D0 40        	BNE	MORSTS		;NOT NULL -- CHECK WHAT IT IS
 2150  0DAA  A0 02        	LDYI	2		;LOOK AT LINK.
 2151  0DAC  B1 B9        	LDADY	TXTPTR		;IS LINK 0?
 2152  0DAE  18           	CLC		;CLEAR CARRY FOR ENDCON AND MATH THAT FOLLOWS
 2153  0DAF  D0 03 4C 38  	JEQ	ENDCON		;YES - RAN OFF THE END.
       0DB3  0E
 2154  0DB4  C8           	INY			;PUT LINE NUMBER IN CURLIN.
 2155  0DB5  B1 B9        	LDADY	TXTPTR
 2156  0DB7  85 78        	STA	CURLIN
 2157  0DB9  C8           	INY
 2158  0DBA  B1 B9        	LDADY	TXTPTR
 2159  0DBC  85 79        	STA	CURLIN+1
 2160  0DBE  98           	TYA
 2161  0DBF  65 B9        	ADC	TXTPTR
 2162  0DC1  85 B9        	STA	TXTPTR
 2163  0DC3  90 02        	BCC	GONE
 2164  0DC5  E6 BA        	INC	TXTPTR+1
 2165  0DC7  20 B2 00     GONE:	JSR	CHRGET		;GET THE STATEMENT TYPE.
 2166  0DCA  20 D0 0D     	JSR	GONE3
 2167  0DCD  4C 95 0D     	JMP	NEWSTT
 2168  0DD0  F0 3C        GONE3:	BEQ	ISCRTS		;IF TERMINATOR, TRY AGAIN.
 2169                     				;NO NEED TO SET UP CARRY SINCE IT WILL
 2170                     				;BE ON IF NON-NUMERIC AND NUMERICS
 2171                     				;WILL CAUSE A SYNTAX ERROR LIKE THEY SHOULD
 2172  0DD2  E9 80        GONE2:	SBCI	ENDTK		;" ON ... GOTO AND GOSUB" COME HERE.
 2173  0DD4  90 11        	BCC	GLET
 2174  0DD6  C9 1A        	CMPI	SCRATK-ENDTK+1
 2175  0DD8  B0 17        	BCS	SNERRX		;SOME RES'D WORD BUT NOT
 2176                     				;A STATEMENT RES'D WORD.
 2177  0DDA  0A           	ASL	A,		;MULTIPLY BY TWO.
 2178  0DDB  A8           	TAY			;MAKE AN INDEX.
 2179  0DDC  B9 01 08     	LDA	STMDSP+1,Y
 2180  0DDF  48           	PHA
 2181  0DE0  B9 00 08     	LDA	STMDSP,Y
 2182  0DE3  48           	PHA			;PUT DISP ADDR ONTO STACK.
 2183  0DE4  4C B2 00     	JMP	CHRGET
 2184  0DE7  4C ED 0F     GLET:	JMP	LET		;MUST BE A LET
 2185  0DEA  C9 3A        MORSTS: CMPI	":"
 2186  0DEC  F0 D9        	BEQ	GONE		;IF A ":" CONTINUE STATEMENT
 2187  0DEE  4C 87 14     SNERR1: JMP	SNERR		;NEITHER 0 OR ":" SO SYNTAX ERROR
 2188  0DF1  C9 42        SNERRX: CMPI	GOTK-ENDTK
 2189  0DF3  D0 F9        	BNE	SNERR1
 2190  0DF5  20 B2 00     	JSR	CHRGET		;READ IN THE CHARACTER AFTER "GO "
 2191  0DF8  A9 9B 20 7E  	SYNCHK	TOTK
       0DFC  14
 2192  0DFD  4C ED 0E     	JMP	GOTO
 2193                     PAGE
 2194                     SUBTTL	RESTORE,STOP,END,CONTINUE,NULL,CLEAR.
 2196  0E00  38           RESTOR: SEC
 2197  0E01  A5 6A        	LDA	TXTTAB
 2198  0E03  E9 01        	SBCI	1
 2199  0E05  A4 6B        	LDY	TXTTAB+1
 2200  0E07  B0 01        	BCS	RESFIN
 2201  0E09  88           	DEY
 2202  0E0A  85 80 84 81  RESFIN: STWD	DATPTR		;READ FINISHES COME TO "RESFIN".
 2203  0E0E  60           ISCRTS: RTS
 2205                     IFE	REALIO-1,<
                          ISCNTC: LDAI	1
                          	BIT	^O13500
                          	BMI	ISCRTS
                          	LDXI	8
                          	LDAI	3
                          	CMPI	3>
 2212                     IFE	REALIO-2,<
                          ISCNTC: LDA	^O176000
                          	REPEAT	4,<NOP>
                          	LSR	A,
                          	BCC	ISCRTS
                          	JSR	INCHR		;EAT CHAR THAT WAS TYPED
                          	CMPI	3>		;WAS IT A CONTROL-C??
 2220                     IFE	REALIO-4,<
 2221  0E0F  AD 00 C0     ISCNTC: LDA	^O140000	;CHECK THE CHARACTER
 2222  0E12  C9 83        	CMPI	^O203
 2223  0E14  F0 01        	BEQ	ISCCAP
 2224  0E16  60           	RTS
 2225  0E17  20 76 0B     ISCCAP: JSR	INCHR
 2226  0E1A  C9 83        	CMPI	^O203
 2227  0E1C  B0 01        STOP:	BCS	STOPC		;MAKE [C] NONZERO AS A FLAG.
 2228  0E1E  18           END:	CLC
 2229  0E1F  D0 40        STOPC:	BNE	CONTRT		;RETURN IF NOT CONT-C OR
 2230                     				;IF NO TERMINATOR FOR STOP OR END.
 2231                     				;[C]=0 SO WILL NOT PRINT "BREAK".
 2232  0E21  A5 B9 A4 BA  	LDWD	TXTPTR
 2233                     IFN	BUFPAG,<
 2234  0E25  A6 79        	LDX	CURLIN+1
 2235  0E27  E8           	INX
 2236  0E28  F0 0C        	BEQ	DIRIS
 2237  0E2A  85 7C 84 7D  	STWD	OLDTXT
 2238  0E2E  A5 78 A4 79  STPEND: LDWD	CURLIN
 2239  0E32  85 7A 84 7B  	STWD	OLDLIN
 2240  0E36  68           DIRIS:	PLA			;POP OFF NEWSTT ADDR.
 2241  0E37  68           	PLA
 2242  0E38  A9 8E A0 09  ENDCON: LDWDI	BRKTXT
 2243                     IFN	REALIO,<
 2244  0E3C  A2 00        	LDXI	0
 2245  0E3E  86 17        	STX	CNTWFL
 2246  0E40  90 03        	BCC	GORDY		;CARRY CLEAR SO DON'T PRINT "BREAK".
 2247  0E42  4C 5E 0A     	JMP	ERRFIN
 2248  0E45  4C 69 0A     GORDY:	JMP	READY		;TYPE "READY".
 2250                     IFE	REALIO,<
                          DDT:	PLA			;GET RID OF NEWSTT RETURN.
                          	PLA
                          	HRRZ	14,.JBDDT##
                          	JRST	0(14)>
 2255  0E48  D0 17        CONT:	BNE	CONTRT		;MAKE SURE THERE IS A TERMINATOR.
 2256  0E4A  A2 1E        	LDXI	ERRCN		;CONTINUE ERROR.
 2257  0E4C  A4 7D        	LDY	OLDTXT+1	;A STORED TXTPTR OF ZERO IS SETUP
 2258                     				;BY STKINI AND INDICATES THERE IS
 2259                     				;NOTHING TO CONTINUE.
 2260  0E4E  D0 03 4C 43  	JEQ	ERROR		;"STOP", "END", TYPING CRLF TO
       0E52  0A
 2261                     				;"INPUT" AND  ^C SETUP OLDTXT.
 2262  0E53  A5 7C        	LDA	OLDTXT
 2263  0E55  85 B9 84 BA  	STWD	TXTPTR
 2264  0E59  A5 7A A4 7B  	LDWD	OLDLIN
 2265  0E5D  85 78 84 79  	STWD	CURLIN
 2266  0E61  60           CONTRT: RTS			;RETURN TO CALLER.
 2268                     IFN	NULCMD,<
                          NULL:	JSR	GETBYT
                          	BNE	CONTRT		;MAKE SURE THERE IS TERMINATOR.
                          	INX
                          	CPXI	240		;IS THE NUMBER REASONABLE?
                          	BCS	FCERR1		;"FUNCTION CALL" ERROR.
                          	DEX			;BACK -1
                          	STX	NULCNT
                          	RTS
                          FCERR1: JMP	FCERR>
 2278                     PAGE
 2279                     SUBTTL	LOAD AND SAVE SUBROUTINES.
 2281                     IFE	REALIO-1,<		;KIM CASSETTE I/O
                          SAVE:	TSX			;SAVE STACK POINTER
                          	STX	INPFLG
                          	LDAI	STKEND-256-200
                          	STA	^O362		;SETUP DUMMY STACK FOR KIM MONITOR
                          	LDAI	254		;MAKE ID BYTE EQUAL TO FF HEX
                          	STA	^O13771		;STORE INTO KIM ID
                          	LDWD	TXTTAB		;START DUMPING FROM TXTTAB
                          	STWD	^O13765		;SETUP SAL,SAH
                          	LDWD	VARTAB		;STOP AT VARTAB
                          	STWD	^O13767		;SETUP EAL,EAH
                          	JMP	^O14000
                          RETSAV: LDX	INPFLG		;RESORE THE REAL STACK POINTER
                          	TXS
                          	LDWDI	TAPMES		;SAY IT WAS DONE
                          	JMP	STROUT
                          GLOAD:	DT"LOADED"
                          	0
                          TAPMES: DT"SAVED"
                          	ACRLF
                          	0
                          PATSAV: BLOCK 20
                          LOAD:	LDWD	TXTTAB		;START DUMPING IN AT TXTTAB
                          	STWD	^O13765		;SETUP SAL,SAH
                          	LDAI	255
                          	STA	^O13771
                          	LDWDI	RTLOAD
                          	STWD	^O1		;SET UP RETURN ADDRESS FOR LOAD
                          	JMP	^O14163		;GO READ THE DATA IN
                          RTLOAD: LDXI	STKEND-256		;RESET THE STACK
                          	TXS
                          	LDWDI	READY
                          	STWD	^O1
                          	LDWDI	GLOAD		;TELL HIM IT WORKED
                          	JSR	STROUT
                          	LDXY	^O13755		;GET LAST LOCATION
                          	TXA			;ITS ONE TOO BIG
                          	BNE	DECVRT		;DECREMENT [X,Y]
                          	NOP
                          DECVRT: NOP
                          	STXY	VARTAB		;SETUP NEW VARIABLE LOCATION
                          	JMP	FINI>		;RELINK THE PROGRAM
 2323                     IFE	REALIO-4,<
 2324  0E62  38           SAVE:	SEC			;CALCLUATE PROGRAM SIZE IN POKER
 2325  0E63  A5 6C        	LDA	VARTAB
 2326  0E65  E5 6A        	SBC	TXTTAB
 2327  0E67  85 53        	STA	POKER
 2328  0E69  A5 6D        	LDA	VARTAB+1
 2329  0E6B  E5 6B        	SBC	TXTTAB+1
 2330  0E6D  85 54        	STA	POKER+1
 2331  0E6F  20 A5 0E     	JSR	VARTIO
 2332  0E72  20 CD FE     	JSR	CQCOUT		;WRITE PROGRAM SIZE [POKER]
 2333  0E75  20 B4 0E     	JSR	PROGIO
 2334  0E78  4C CD FE     	JMP	CQCOUT		;WRITE PROGRAM.
 2336  0E7B  20 A5 0E     LOAD:	JSR	VARTIO
 2337  0E7E  20 FD FE     	JSR	CQCSIN		;READ SIZE OF PROGRAM INTO POKER
 2338  0E81  18           	CLC
 2339  0E82  A5 6A        	LDA	TXTTAB		;CALCULATE VARTAB FROM SIZE AND
 2340  0E84  65 53        	ADC	POKER		;TXTTAB
 2341  0E86  85 6C        	STA	VARTAB
 2342  0E88  A5 6B        	LDA	TXTTAB+1
 2343  0E8A  65 54        	ADC	POKER+1
 2344  0E8C  85 6D        	STA	VARTAB+1
 2345  0E8E  20 B4 0E     	JSR	PROGIO
 2346  0E91  20 FD FE     	JSR	CQCSIN		;READ PROGRAM.
 2347  0E94  A9 9E A0 0E  	LDWDI	TPDONE
 2348  0E98  20 FE 10     	JSR	STROUT
 2349  0E9B  4C 19 0B     	JMP	FINI
 2351  0E9E  4C 4F 41 44  TPDONE: DT"LOADED"
       0EA2  45 44
 2352  0EA4  00           	0
 2354  0EA5  A9 53 A0 00  VARTIO: LDWDI	POKER
 2355  0EA9  85 3C 84 3D  	STWD	^O74
 2356  0EAD  A9 55        	LDAI	POKER+2
 2357  0EAF  85 3E 84 3F  	STWD	^O76
 2358  0EB3  60           	RTS
 2359  0EB4  A5 6A A4 6B  PROGIO: LDWD	TXTTAB
 2360  0EB8  85 3C 84 3D  	STWD	^O74
 2361  0EBC  A5 6C A4 6D  	LDWD	VARTAB
 2362  0EC0  85 3E 84 3F  	STWD	^O76
 2363  0EC4  60           	RTS
 2364                     PAGE
 2365                     SUBTTL	RUN,GOTO,GOSUB,RETURN.
 2366  0EC5  D0 03 4C 5A  RUN:	JEQ	RUNC		;IF NO LINE # ARGUMENT.
       0EC9  0C
 2367  0ECA  20 61 0C     	JSR	CLEARC		;CLEAN UP -- RESET THE STACK.
 2368  0ECD  4C E4 0E     	JMP	RUNC2		;MUST REPLACE RTS ADDR.
 2369                     ;
 2370                     ; A GOSUB ENTRY ON THE STACK HAS THE FOLLOWING FORMAT:
 2371                     ;
 2372                     ; LOW ADDRESS:
 2373                     ;	THE GOSUTK ONE BYTE
 2374                     ;	THE LINE NUMBER OF THE GOSUB STATEMENT TWO BYTES
 2375                     ;	A POINTER INTO THE TEXT OF THE GOSUB TWO BYTES
 2376                     ;
 2377                     ; HIGH ADDRESS.
 2378                     ;
 2379                     ; TOTAL FIVE BYTES.
 2380                     ;
 2381  0ED0  A9 03        GOSUB:	LDAI	3
 2382  0ED2  20 07 0A     	JSR	GETSTK		;MAKE SURE THERE IS ROOM.
 2383  0ED5  A5 BA 48 A5  	PSHWD	TXTPTR		;PUSH ON THE TEXT POINTER.
       0ED9  B9 48
 2384  0EDB  A5 79 48 A5  	PSHWD	CURLIN		;PUSH ON THE CURRENT LINE NUMBER.
       0EDF  78 48
 2385  0EE1  A9 8C        	LDAI	GOSUTK
 2386  0EE3  48           	PHA			;PUSH ON A GOSUB TOKEN.
 2387  0EE4  20 B8 00     RUNC2:	JSR	CHRGOT		;GET CHARACTER AND SET CODES FOR LINGET.
 2388  0EE7  20 ED 0E     	JSR	GOTO		;USE RTS SCHEME TO "NEWSTT".
 2389  0EEA  4C 95 0D     	JMP	NEWSTT
 2391  0EED  20 B3 0F     GOTO:	JSR	LINGET		;PICK UP THE LINE NUMBER IN "LINNUM".
 2392  0EF0  20 51 0F     	JSR	REMN		;SKIP TO END OF LINE.
 2393  0EF3  A5 79        	LDA	CURLIN+1
 2394  0EF5  C5 54        	CMP	LINNUM+1
 2395  0EF7  B0 0B        	BCS	LUK4IT
 2396  0EF9  98           	TYA
 2397  0EFA  38           	SEC
 2398  0EFB  65 B9        	ADC	TXTPTR
 2399  0EFD  A6 BA        	LDX	TXTPTR+1
 2400  0EFF  90 07        	BCC	LUKALL
 2401  0F01  E8           	INX
 2402  0F02  B0 04        	BCSA	LUKALL		;ALWAYS GOES.
 2403  0F04  A5 6A A6 6B  LUK4IT: LDWX	TXTTAB
 2404  0F08  20 18 0C     LUKALL: JSR	FNDLNC		;[X,A] ARE ALL SET UP.
 2405  0F0B  90 1E        QFOUND: BCC	USERR		;GOTO LINE IS NONEXISTANT.
 2406  0F0D  A5 9E        	LDA	LOWTR
 2407  0F0F  E9 01        	SBCI	1
 2408  0F11  85 B9        	STA	TXTPTR
 2409  0F13  A5 9F        	LDA	LOWTR+1
 2410  0F15  E9 00        	SBCI	0
 2411  0F17  85 BA        	STA	TXTPTR+1
 2412  0F19  60           GORTS:	RTS			;PROCESS THE STATEMENT.
 2413                     ;
 2414                     ; "RETURN" RESTORES THE LINE NUMBER AND TEXT PNTR FROM THE STACK
 2415                     ; AND ELIMINATES ALL THE "FOR" ENTRIES IN FRONT OF THE "GOSUB" ENTRY.
 2416                     ;
 2417  0F1A  D0 FD        RETURN: BNE	GORTS		;NO TERMINATOR=BLOW HIM UP.
 2418  0F1C  A9 FF        	LDAI	255
 2419  0F1E  85 89        	STA	FORPNT+1	;MAKE SURE THE VARIABLE'S PNTR
 2420                     				;NEVER GETS MATCHED.
 2421  0F20  20 96 09     	JSR	FNDFOR		;GO PAST ALL THE "FOR" ENTRIES.
 2422  0F23  9A           	TXS
 2423  0F24  C9 8C        	CMPI	GOSUTK		;RETURN WITHOUT GOSUB?
 2424  0F26  F0 0B        	BEQ	RETU1
 2425  0F28  A2 04        	LDXI	ERRRG
 2426  0F2A  2C           	SKIP2
 2427  0F2B  A2 0E        USERR:	LDXI	ERRUS		;NO MATCH SO "US" ERROR.
 2428  0F2D  4C 43 0A     	JMP	ERROR		;YES.
 2429  0F30  4C 87 14     SNERR2: JMP	SNERR
 2430  0F33  68           RETU1:	PLA			;REMOVE GOSUTK.
 2431  0F34  68 85 78 68  	PULWD	CURLIN		;GET LINE NUMBER "GOSUB" WAS FROM.
       0F38  85 79
 2432  0F3A  68 85 B9 68  	PULWD	TXTPTR		;GET TEXT PNTR FROM "GOSUB".
       0F3E  85 BA
 2433  0F40  20 4E 0F     DATA:	JSR	DATAN		;SKIP TO END OF STATEMENT,
 2434                     				;SINCE WHEN "GOSUB" STUCK THE TEXT  PNTR
 2435                     				;ONTO THE STACK, THE LINE NUMBER ARG
 2436                     				;HADN'T BEEN READ YET.
 2437  0F43  98           ADDON:	TYA
 2438  0F44  18           	CLC
 2439  0F45  65 B9        	ADC	TXTPTR
 2440  0F47  85 B9        	STA	TXTPTR
 2441  0F49  90 02        	BCC	REMRTS
 2442  0F4B  E6 BA        	INC	TXTPTR+1
 2443  0F4D  60           REMRTS: RTS			;"NEWSTT" RTS ADDR IS STILL THERE.
 2445  0F4E  A2 3A        DATAN:	LDXI	":"		;"DATA" TERMINATES ON ":" AND NULL.
 2446  0F50  2C           	SKIP2
 2447  0F51  A2 00        REMN:	LDXI	0		;THE ONLY TERMINATOR IS NULL.
 2448  0F53  86 0D        	STX	CHARAC		;PRESERVE IT.
 2449  0F55  A0 00        	LDYI	0		;THIS MAKES CHARAC=0 AFTER SWAP.
 2450  0F57  84 0E        	STY	ENDCHR
 2451  0F59  A5 0E        EXCHQT: LDA	ENDCHR
 2452  0F5B  A6 0D        	LDX	CHARAC
 2453  0F5D  85 0D        	STA	CHARAC
 2454  0F5F  86 0E        	STX	ENDCHR
 2455  0F61  B1 B9        REMER:	LDADY	TXTPTR
 2456  0F63  F0 E8        	BEQ	REMRTS		;NULL ALWAYS TERMINATES.
 2457  0F65  C5 0E        	CMP	ENDCHR		;IS IT THE OTHER TERMINATOR?
 2458  0F67  F0 E4        	BEQ	REMRTS		;YES, IT'S FINISHED.
 2459  0F69  C8           	INY			;PROGRESS TO NEXT CHARACTER.
 2460  0F6A  C9 22        	CMPI	34		;IS IT A QUOTE?
 2461  0F6C  D0 F3        	BNE	REMER		;NO, JUST CONTINUE.
 2462  0F6E  F0 E9        	BEQA	EXCHQT		;YES, TIME TO TRADE.
 2463                     PAGE
 2464                     SUBTTL	"IF ... THEN" CODE.
 2465  0F70  20 36 13     IF:	JSR	FRMEVL		;EVALUATE A FORMULA.
 2466  0F73  20 B8 00     	JSR	CHRGOT		;GET CURRENT CHARACTER.
 2467  0F76  C9 88        	CMPI	GOTOTK		;IS TERMINATING CHARACTER A GOTOTK?
 2468  0F78  F0 05        	BEQ	OKGOTO		;YES.
 2469  0F7A  A9 9E 20 7E  	SYNCHK	THENTK		;NO, IT MUST BE "THEN".
       0F7E  14
 2470  0F7F  A5 A0        OKGOTO: LDA	FACEXP		;0=FALSE. ALL OTHERS TRUE.
 2471  0F81  D0 05        	BNE	DOCOND		;TRUE !
 2472  0F83  20 51 0F     REM:	JSR	REMN		;SKIP REST OF STATEMENT.
 2473  0F86  F0 BB        	BEQA	ADDON		;WILL ALWAYS BRANCH.
 2474  0F88  20 B8 00     DOCOND: JSR	CHRGOT		;TEST CURRENT CHARACTER.
 2475  0F8B  B0 03        	BCS	DOCO		;IF A NUMBER, GOTO IT.
 2476  0F8D  4C ED 0E     	JMP	GOTO
 2477  0F90  4C D0 0D     DOCO:	JMP	GONE3		;INTERPRET NEW STATEMENT.
 2478                     PAGE
 2479                     SUBTTL	"ON ... GO TO ..." CODE.
 2480  0F93  20 93 1C     ONGOTO: JSR	GETBYT		;GET VALUE IN FACLO.
 2481  0F96  48           	PHA			;SAVE FOR LATER.
 2482  0F97  C9 8C        	CMPI	GOSUTK		;AN "ON ... GOSUB" PERHAPS?
 2483  0F99  F0 04        	BEQ	ONGLOP		;YES.
 2484  0F9B  C9 88        SNERR3: CMPI	GOTOTK		;MUST BE "GOTOTK".
 2485  0F9D  D0 91        	BNE	SNERR2
 2486  0F9F  C6 A4        ONGLOP: DEC	FACLO
 2487  0FA1  D0 04        	BNE	ONGLP1		;SKIP ANOTHER LINE NUMBER.
 2488  0FA3  68           	PLA			;GET DISPATCH CHARACTER.
 2489  0FA4  4C D2 0D     	JMP	GONE2
 2490  0FA7  20 B2 00     ONGLP1: JSR	CHRGET		;ADVANCE AND SET CODES.
 2491  0FAA  20 B3 0F     	JSR	LINGET
 2492  0FAD  C9 2C        	CMPI	44		;IS IT A COMMA?
 2493  0FAF  F0 EE        	BEQ	ONGLOP
 2494  0FB1  68           	PLA			;REMOVE STACK ENTRY (TOKEN).
 2495  0FB2  60           ONGRTS: RTS			;EITHER END-OF-LINE OR SYNTAX ERROR.
 2496                     PAGE
 2497                     SUBTTL	LINGET -- READ A LINE NUMBER INTO LINNUM
 2498                     ;
 2499                     ; "LINGET" READS A LINE NUMBER FROM THE CURRENT TEXT POSITION.
 2500                     ;
 2501                     ; LINE NUMBERS RANGE FROM 0 TO 64000-1.
 2502                     ;
 2503                     ; THE ANSWER IS RETURNED IN "LINNUM".
 2504                     ; "TXTPTR" IS UPDATED TO POINT TO THE TERMINATING CHARCTER
 2505                     ; AND [A] = THE TERMINATING CHARACTER WITH CONDITION
 2506                     ; CODES SET UP TO REFLECT ITS VALUE.
 2507                     ;
 2508  0FB3  A2 00        LINGET: LDXI	0
 2509  0FB5  86 53        	STX	LINNUM		;INITIALIZE LINE NUMBER TO ZERO.
 2510  0FB7  86 54        	STX	LINNUM+1
 2511  0FB9  B0 F7        MORLIN: BCS	ONGRTS		;IT IS NOT A DIGIT.
 2512  0FBB  E9 2F        	SBCI	"0"-1		;-1 SINCE C=0.
 2513  0FBD  85 0D        	STA	CHARAC		;SAVE CHARACTER.
 2514  0FBF  A5 54        	LDA	LINNUM+1
 2515  0FC1  85 61        	STA	INDEX
 2516  0FC3  C9 19        	CMPI	25		;LINE NUMBER WILL BE .LT. 64000?
 2517  0FC5  B0 D4        	BCS	SNERR3
 2518  0FC7  A5 53        	LDA	LINNUM
 2519  0FC9  0A           	ASL	A,		;MULTIPLY BY 10.
 2520  0FCA  26 61        	ROL	INDEX
 2521  0FCC  0A           	ASL	A
 2522  0FCD  26 61        	ROL	INDEX
 2523  0FCF  65 53        	ADC	LINNUM
 2524  0FD1  85 53        	STA	LINNUM
 2525  0FD3  A5 61        	LDA	INDEX
 2526  0FD5  65 54        	ADC	LINNUM+1
 2527  0FD7  85 54        	STA	LINNUM+1
 2528  0FD9  06 53        	ASL	LINNUM
 2529  0FDB  26 54        	ROL	LINNUM+1
 2530  0FDD  A5 53        	LDA	LINNUM
 2531  0FDF  65 0D        	ADC	CHARAC		;ADD IN DIGIT.
 2532  0FE1  85 53        	STA	LINNUM
 2533  0FE3  90 02        	BCC	NXTLGC
 2534  0FE5  E6 54        	INC	LINNUM+1
 2535  0FE7  20 B2 00     NXTLGC: JSR	CHRGET
 2536  0FEA  4C B9 0F     	JMP	MORLIN
 2538                     PAGE
 2539                     SUBTTL	"LET" CODE.
 2540  0FED  20 9B 15     LET:	JSR	PTRGET		;GET PNTR TO VARIABLE INTO "VARPNT".
 2541  0FF0  85 88 84 89  	STWD	FORPNT		;PRESERVE POINTER.
 2542  0FF4  A9 A9 20 7E  	SYNCHK	EQULTK		;"=" IS NECESSARY.
       0FF8  14
 2543                     IFN	INTPRC,<
 2544  0FF9  A5 12        	LDA	INTFLG		;SAVE FOR LATER.
 2545  0FFB  48           	PHA
 2546  0FFC  A5 11        	LDA	VALTYP		;RETAIN THE VARIABLE'S VALUE TYPE.
 2547  0FFE  48           	PHA
 2548  0FFF  20 36 13     	JSR	FRMEVL		;GET VALUE OF FORMULA INTO "FAC".
 2549  1002  68           	PLA
 2550  1003  2A           	ROL	A,		;CARRY SET FOR STRING, OFF FOR
 2551                     				;NUMERIC.
 2552  1004  20 28 13     	JSR	CHKVAL		;MAKE SURE "VALTYP" MATCHES CARRY.
 2553                     				;AND SET ZERO FLAG FOR NUMERIC.
 2554  1007  D0 18        	BNE	COPSTR		;IF NUMERIC, COPY IT.
 2555  1009               COPNUM:
 2556                     IFN	INTPRC,<
 2557  1009  68           	PLA			;GET NUMBER TYPE.
 2558  100A  10 12        QINTGR: BPL	COPFLT		;STORE A FLTING NUMBER.
 2559  100C  20 11 21     	JSR	ROUND		;ROUND INTEGER.
 2560  100F  20 B5 16     	JSR	AYINT		;MAKE 2-BYTE NUMBER.
 2561  1012  A0 00        	LDYI	0
 2562  1014  A5 A3        	LDA	FACMO		;GET HIGH.
 2563  1016  91 88        	STADY	FORPNT		;STORE IT.
 2564  1018  C8           	INY
 2565  1019  A5 A4        	LDA	FACLO		;GET LOW.
 2566  101B  91 88        	STADY	FORPNT
 2567  101D  60           	RTS
 2568  101E  4C C6 20     COPFLT: JMP	MOVVF		;PUT NUMBER @FORPNT.
 2570  1021               COPSTR:
 2571                     IFN	INTPRC,<PLA>		;IF STRING, NO INTFLG.
 2571  1021  68           PLA
 2572  1022               INPCOM:
 2573                     IFN	TIME,<
                          	LDY	FORPNT+1	;TI$?
                          	CPYI	ZERO/256	;ONLY TI$ CAN BE THIS ON ASSIG.
                          	BNE	GETSPT		; WAS NOT TI$.
                          	JSR	FREFAC		;WE WONT NEEDIT.
                          	CMPI	6		;LENGTH CORRECT?
                          	BNE	FCERR2
                          	LDYI	0		;YES. DO SETUP.
                          	STY	FACEXP		;ZERO FAC TO START WITH.
                          	STY	FACSGN
                          TIMELP: STY	FBUFPT		;SAVE POSOTION.
                          	JSR	TIMNUM		;GET A DIGIT.
                          	JSR	MUL10		;WHOLE QTY BY 10.
                          	INC	FBUFPT
                          	LDY	FBUFPT
                          	JSR	TIMNUM
                          	JSR	MOVAF
                          	TAX			;IF NUM=0 THEN NO MULT.
                          	BEQ	NOML6		;IF =0, GO TIT.
                          	INX			;MULT BY TWO.
                          	TXA
                          	JSR	FINML6		;ADD IN AND MULT BY 2 GIVES *6.
                          NOML6:	LDY	FBUFPT
                          	INY
                          	CPYI	6		;DONE ALL SIX?
                          	BNE	TIMELP
                          	JSR	MUL10		;ONE LAST TIME.
                          	JSR	QINT		;SHIFT IT OVER TO THE RIGHT.
                          	LDXI	2
                          	SEI			;DISALLOW INTERRUPTS.
                          TIMEST: LDA	FACMOH,X
                          	STA	CQTIMR,X
                          	DEX
                          	BPL	TIMEST		;LOOP 3 TIMES.
                          	CLI			;TURN ON INTS AGAIN.
                          	RTS
                          TIMNUM: LDADY	INDEX		;INDEX SET UP BY FREFAC.
                          	JSR	QNUM
                          	BCC	GOTNUM
                          FCERR2: JMP	FCERR		;MUST BE NUMERIC STRING.
                          GOTNUM: SBCI	"0"-1		;C IS OFF.
                          	JMP	FINLOG>		;ADD IN DIGIT TO FAC.
 2616  1022  A0 02        GETSPT: LDYI	2		;GET PNTR TO DESCRIPTOR.
 2617  1024  B1 A3        	LDADY	FACMO
 2618  1026  C5 73        	CMP	FRETOP+1	;SEE IF IT POINTS INTO STRING SPACE.
 2619  1028  90 17        	BCC	DNTCPY		;IF [FRETOP],GT.[2&3,FACMO], DON'T COPY.
 2620  102A  D0 07        	BNE	QVARIA		;IT IS LESS.
 2621  102C  88           	DEY
 2622  102D  B1 A3        	LDADY	FACMO
 2623  102F  C5 72        	CMP	FRETOP		;COMPARE LOW ORDERS.
 2624  1031  90 0E        	BCC	DNTCPY
 2625  1033  A4 A4        QVARIA: LDY	FACLO
 2626  1035  C4 6D        	CPY	VARTAB+1	;IF [VARTAB].GT.[FACMO], DON'T COPY.
 2627  1037  90 08        	BCC	DNTCPY
 2628  1039  D0 0D        	BNE	COPY		;IT IS LESS.
 2629  103B  A5 A3        	LDA	FACMO
 2630  103D  C5 6C        	CMP	VARTAB		;COMPARE LOW ORDERS.
 2631  103F  B0 07        	BCS	COPY
 2632  1041  A5 A3 A4 A4  DNTCPY: LDWD	FACMO
 2633  1045  4C 5E 10     	JMP	COPYZC
 2634  1048  A0 00        COPY:	LDYI	0
 2635  104A  B1 A3        	LDADY	FACMO
 2636  104C  20 6A 19     	JSR	STRINI		;GET ROOM TO COPY STRING INTO.
 2637  104F  A5 8F A4 90  	LDWD	DSCPNT		;GET POINTER TO OLD DESCRIPTOR, SO
 2638  1053  85 AE 84 AF  	STWD	STRNG1		;MOVINS CAN FIND STRING.
 2639  1057  20 6F 1B     	JSR	MOVINS		;COPY IT.
 2640  105A  A9 A0 A0 00  	LDWDI	DSCTMP		;GET POINTER TO OLD DESCRIPTOR.
 2641  105E  85 8F 84 90  COPYZC: STWD	DSCPNT		;REMEMBER POINTER TO DESCRIPTOR.
 2642  1062  20 D0 1B     	JSR	FRETMS		;FREE UP THE TEMPORARY WITHOUT
 2643                     				;FREEING UP ANY STRING SPACE.
 2644  1065  A0 00        	LDYI	0
 2645  1067  B1 8F        	LDADY	DSCPNT
 2646  1069  91 88        	STADY	FORPNT
 2647  106B  C8           	INY			;POINT TO STRING PNTR.
 2648  106C  B1 8F        	LDADY	DSCPNT
 2649  106E  91 88        	STADY	FORPNT
 2650  1070  C8           	INY
 2651  1071  B1 8F        	LDADY	DSCPNT
 2652  1073  91 88        	STADY	FORPNT
 2653  1075  60           	RTS
 2654                     PAGE
 2655                     SUBTTL	PRINT CODE.
 2656                     IFN	EXTIO,<
                          PRINTN: JSR	CMD		;DOCMD
                          	JMP	IODONE		;RELEASE CHANNEL.
                          CMD:	JSR	GETBYT
                          	BEQ	SAVEIT
                          	SYNCHK	44		;COMMA?
                          SAVEIT: PHP
                          	JSR	CQOOUT		;CHECK AND OPEN OUTPUT CHANNL.
                          	STX	CHANNL		;CHANNL TO OUTPUT ON.
                          	PLP			;GET STATUS BACK.
                          	JMP	PRINT>
 2667  1076  20 01 11     STRDON: JSR	STRPRT
 2668  1079  20 B8 00     NEWCHR: JSR	CHRGOT		;REGET LAST CHARACTER.
 2669  107C  F0 36        PRINT:	BEQ	CRDO		;TERMINATOR SO TYPE CRLF.
 2670  107E  F0 46        PRINTC: BEQ	PRTRTS		;HERE AFTER SEEING TAB(X) OR , OR ;
 2671                     				;IN WHICH CASE A TERMINATOR DOES NOT
 2672                     				;MEAN TYPE A CRLF BUT JUST RTS.
 2673  1080  C9 9A        	CMPI	TABTK		;TAB FUNCTION?
 2674  1082  F0 5A        	BEQ	TABER		;YES.
 2675  1084  C9 9D        	CMPI	SPCTK		;SPACE FUNCTION?
 2676  1086  18           	CLC
 2677  1087  F0 55        	BEQ	TABER
 2678  1089  C9 2C        	CMPI	44		;A COMMA?
 2679  108B  F0 3A        	BEQ	COMPRT		;YES.
 2680  108D  C9 3B        	CMPI	59		;A SEMICOLON?
 2681  108F  F0 62        	BEQ	NOTABR		;YES.
 2682  1091  20 36 13     	JSR	FRMEVL		;EVALUATE THE FORMULA.
 2683  1094  24 11        	BIT	VALTYP		;A STRING?
 2684  1096  30 DE        	BMI	STRDON		;YES.
 2685  1098  20 D3 22     	JSR	FOUT
 2686  109B  20 7C 19     	JSR	STRLIT		;BUILD DESCRIPTOR.
 2687                     IFN	REALIO-3,<
 2688  109E  A0 00        	LDYI	0		;GET THE POINTER.
 2689  10A0  B1 A3        	LDADY	FACMO
 2690  10A2  18           	CLC
 2691  10A3  65 50        	ADC	TRMPOS		;MAKE SURE LEN+POS.LT.WIDTH.
 2692  10A5  C5 51        	CMP	LINWID		;GREATER THAN LINE LENGTH?
 2693                     				;REMEMBER SPACE PRINTED AFTER NUMBER.
 2694  10A7  90 03        	BCC	LINCHK		;GO TYPE.
 2695  10A9  20 B4 10     	JSR	CRDO
 2696  10AC  20 01 11     LINCHK: JSR	STRPRT		;PRINT THE NUMBER.
 2697  10AF  20 1B 11     	JSR	OUTSPC		;PRINT A SPACE
 2698  10B2  D0 C5        	BNEA	NEWCHR		;ALWAYS GOES.
 2699                     IFN	REALIO-4,<
                          IFN	BUFPAG,<
                          FININL: LDAI	0
                          	STA	BUF,X
                          	LDXYI	BUF-1>
                          IFE	BUFPAG,<
                          FININL: LDYI	0		;PUT A ZERO AT END OF BUF.
                          	STY	BUF,X
                          	LDXI	BUF-1>		;SETUP POINTER.
                          IFN	EXTIO,<
                          	LDA	CHANNL		;NO CRDO IF NOT TERMINAL.
                          	BNE	PRTRTS>>
 2711  10B4               CRDO:
 2712                     IFE	EXTIO,<
 2713  10B4  A9 0D        	LDAI	13		;MAKE TRMPOS LESS THAN LINE LENGTH.
 2714  10B6  85 50        	STA	TRMPOS
 2715                     IFN	EXTIO,<
                          IFN	REALIO-3,<
                          	LDA	CHANNL
                          	BNE	GOCR
                          	STA	TRMPOS>
                          GOCR:	LDAI	13>		;X AND Y MUST BE PRESERVED.
 2721  10B8  20 20 11     	JSR	OUTDO
 2722  10BB  A9 0A        	LDAI	10
 2723  10BD  20 20 11     	JSR	OUTDO
 2724  10C0               CRFIN:
 2725                     IFN	EXTIO,<
                          IFN	REALIO-3,<
                          	LDA	CHANNL
                          	BNE	PRTRTS>>
 2729                     IFE	NULCMD,<
 2730                     IFN	REALIO-3,<
 2731  10C0  A9 00        	LDAI	0
 2732  10C2  85 50        	STA	TRMPOS
 2733  10C4  49 FF        	EORI	255
 2734                     IFN	NULCMD,<
                          	TXA			;PRESERVE [ACCX]. SOME NEED IT.
                          	PHA
                          	LDX	NULCNT		;GET NUMBER OF NULLS.
                          	BEQ	CLRPOS
                          	LDAI	0
                          PRTNUL: JSR	OUTDO
                          	DEX			;DONE WITH NULLS?
                          	BNE	PRTNUL
                          CLRPOS: STX	TRMPOS
                          	PLA
                          	TAX>
 2746  10C6  60           PRTRTS: RTS
 2748  10C7  A5 50        COMPRT: LDA	TRMPOS
 2749  000E               NCMPOS==<<<LINLEN/CLMWID>-1>*CLMWID>	;CLMWID BEYOND WHICH THERE ARE
 2750                     IFN	REALIO-3,<
 2751                     				;NO MORE COMMA FIELDS.
 2752  10C9  C5 52        	CMP	NCMWID		;SO ALL COMMA DOES IS "CRDO".
 2754  10CB  90 06        	BCC	MORCOM
 2755  10CD  20 B4 10     	JSR	CRDO		;TYPE CRLF.
 2756  10D0  4C F3 10     	JMP	NOTABR
 2757  10D3  38           MORCOM: SEC
 2758  10D4  E9 0E        MORCO1: SBCI	CLMWID		;GET [A] MODULUS CLMWID.
 2759  10D6  B0 FC        	BCS	MORCO1
 2760  10D8  49 FF        	EORI	255		;FILL PRINT POS OUT TO EVEN CLMWID SO
 2761  10DA  69 01        	ADCI	1
 2762  10DC  D0 10        	BNE	ASPAC		;PRINT [A] SPACES.
 2764  10DE  08           TABER:	PHP			;REMEMBER IF SPC OR TAB FUNCTION.
 2765  10DF  20 90 1C     	JSR	GTBYTC		;GET VALUE INTO ACCX.
 2766  10E2  C9 29        	CMPI	41
 2767  10E4  D0 6B        	BNE	SNERR4
 2768  10E6  28           	PLP
 2769  10E7  90 06        	BCC	XSPAC		;PRINT [X] SPACES.
 2770  10E9  8A           	TXA
 2771  10EA  E5 50        	SBC	TRMPOS
 2772  10EC  90 05        	BCC	NOTABR		;NEGATIVE, DON'T PRINT ANY.
 2773  10EE  AA           ASPAC:	TAX
 2774  10EF  E8           XSPAC:	INX
 2775  10F0  CA           XSPAC2: DEX			;DECREMENT THE COUNT.
 2776  10F1  D0 06        	BNE	XSPAC1
 2777  10F3  20 B2 00     NOTABR: JSR	CHRGET		;REGET LAST CHARACTER.
 2778  10F6  4C 7E 10     	JMP	PRINTC		;DON'T CALL CRDO.
 2779  10F9  20 1B 11     XSPAC1: JSR	OUTSPC
 2780  10FC  D0 F2        	BNEA	XSPAC2
 2781                     ;
 2782                     ; PRINT THE STRING POINTED TO BY [Y,A] WHICH ENDS WITH A ZERO.
 2783                     ; IF THE STRING IS BELOW DSCTMP IT WILL BE COPIED INTO STRING SPACE.
 2784                     ;
 2785  10FE  20 7C 19     STROUT: JSR	STRLIT		;GET A STRING LITERAL.
 2786                     ;
 2787                     ; PRINT THE STRING WHOSE DESCRIPTOR IS POINTED TO BY FACMO.
 2788                     ;
 2789  1101  20 9B 1B     STRPRT: JSR	FREFAC		;RETURN TEMP POINTER.
 2790  1104  AA           	TAX			;PUT COUNT INTO COUNTER.
 2791  1105  A0 00        	LDYI	0
 2792  1107  E8           	INX			;MOVE ONE AHEAD.
 2793  1108  CA           STRPR2: DEX
 2794  1109  F0 BB        	BEQ	PRTRTS		;ALL DONE.
 2795  110B  B1 61        	LDADY	INDEX		;PNTR TO ACT STRNG SET BY FREFAC.
 2796  110D  20 20 11     	JSR	OUTDO
 2797  1110  C8           	INY
 2798  1111  C9 0D        	CMPI	13
 2799  1113  D0 F3        	BNE	STRPR2
 2800  1115  20 C0 10     	JSR	CRFIN		;TYPE REST OF CARRIAGE RETURN.
 2801  1118  4C 08 11     	JMP	STRPR2		;AND ON AND ON.
 2802                     ;
 2803                     ; OUTDO OUTPUTS THE CHARACTER IN ACCA, USING CNTWFL
 2804                     ; (SUPPRESS OR NOT), TRMPOS (PRINT HEAD POSITION),
 2805                     ; TIMING, ETCQ. NO REGISTERS ARE CHANGED.
 2806                     ;
 2807  111B               OUTSPC:
 2808                     IFN	REALIO-3,<
 2809  111B  A9 20        	LDAI	" "
 2810                     IFE	REALIO-3,<
                          	LDA	CHANNL
                          	BEQ	CRTSKP
                          	LDAI	" "
                          	SKIP2
                          CRTSKP: LDAI	29>		;COMMODORE'S SKIP CHARACTER.
 2816  111D  2C           	SKIP2
 2817  111E  A9 3F        OUTQST: LDAI	"?"
 2818                     OUTDO:	IFN	REALIO,<
 2819  1120  24 17        	BIT	CNTWFL		;SHOULDN'T AFFECT CHANNEL I/O!
 2820  1122  30 18        	BMI	OUTRTS
 2821                     IFN	REALIO-3,<
 2822  1124  48           	PHA
 2823  1125  C9 20        	CMPI	32		;IS THIS A PRINTING CHAR?
 2824  1127  90 0B        	BCC	TRYOUT		;NO, DON'T INCLUDE IT IN TRMPOS.
 2825  1129  A5 50        	LDA	TRMPOS
 2826  112B  C5 51        	CMP	LINWID		;LENGTH = TERMINAL WIDTH?
 2827  112D  D0 03        	BNE	OUTDO1
 2828  112F  20 B4 10     	JSR	CRDO		;YES, TYPE CRLF
 2829  1132               OUTDO1:
 2830                     IFN EXTIO,<
                          	LDA	CHANNL
                          	BNE	TRYOUT>
 2833  1132  E6 50        INCTRM: INC	TRMPOS		;INCREMENT COUNT.
 2834  1134  68           TRYOUT: PLA
 2836                     IFE	REALIO-1,<
                          	STY	KIMY>		;PRESERVE Y.
 2838                     IFE	REALIO-4,<ORAI	^O200>	;TURN ON B7 FOR APPLE.
 2838  1135  09 80        ORAI	^O200
 2839                     IFN	REALIO,<
 2840  1137  20 ED FD     OUTLOC: JSR	OUTCH
 2841                     IFE	REALIO-1,<
                          	LDY	KIMY>		;GET Y BACK.
 2843                     IFE	REALIO-2,<REPEAT	4,<NOP>>
 2844                     IFE	REALIO-4,<ANDI	^O177>	;GET [A] BACK FROM APPLE.
 2844  113A  29 7F        ANDI	^O177
 2846                     IFE	REALIO,<
                          	TJSR	OUTSIM##>	;CALL SIMULATOR OUTPUT ROUTINE
 2848  113C  29 FF        OUTRTS: ANDI	255		;SET Z=0.
 2849  113E  60           GETRTS: RTS
 2851                     PAGE
 2852                     SUBTTL	INPUT AND READ CODE.
 2853                     ;
 2854                     ; HERE WHEN THE DATA THAT WAS TYPED IN OR IN "DATA" STATEMENTS
 2855                     ; IS IMPROPERLY FORMATTED. FOR "INPUT" WE START AGAIN.
 2856                     ; FOR "READ" WE GIVE A SYNTAX ERROR AT THE DATA LINE.
 2857                     ;
 2858  113F  A5 15        TRMNOK: LDA	INPFLG
 2859  1141  F0 11        	BEQ	TRMNO1		;IF INPUT TRY AGAIN.
 2860                     IFN	GETCMD,<
 2861  1143  30 04        	BMI	GETDTL
 2862  1145  A0 FF        	LDYI	255		;MAKE IT LOOK DIRECT.
 2863  1147  D0 04        	BNEA	STCURL		;ALWAYS GOES.
 2864  1149               GETDTL:
 2865  1149  A5 7E A4 7F  	LDWD	DATLIN		;GET DATA LINE NUMBER.
 2866  114D  85 78 84 79  STCURL: STWD	CURLIN		;MAKE IT CURRENT LINE.
 2867  1151  4C 87 14     SNERR4: JMP	SNERR
 2868  1154               TRMNO1:
 2869                     IFN	EXTIO,<
                          	LDA	CHANNL		;IF NOT TERMINAL, GIVE BAD DATA.
                          	BEQ	DOAGIN
                          	LDXI	ERRBD
                          	JMP	ERROR>
 2874  1154  A9 A4 A0 12  DOAGIN: LDWDI	TRYAGN
 2875  1158  20 FE 10     	JSR	STROUT		;PRINT "?REDO FROM START".
 2876  115B  A5 7C A4 7D  	LDWD	OLDTXT		;POINT AT START
 2877  115F  85 B9 84 BA  	STWD	TXTPTR		;OF THIS CURRENT LINE.
 2878  1163  60           	RTS			;GO TO "NEWSTT".
 2879                     IFN	GETCMD,<
 2880  1164  20 9B 18     GET:	JSR	ERRDIR		;DIRECT IS NOT OK.
 2881                     IFN	EXTIO,<
                          	CMPI	"#"		;SEE IF "GET#".
                          	BNE	GETTTY		;NO, JUST GET TTY INPUT.
                          	JSR	CHRGET		;MOVE UP TO NEXT BYTE.
                          	JSR	GETBYT		;GET CHANNEL INTO X
                          	SYNCHK	44		;COMMA?
                          	JSR	CQOIN		;GET CHANNEL OPEN FOR INPUT.
                          	STX	CHANNL>
 2889  1167  A2 01 A0 02  GETTTY: LDXYI	BUF+1		;POINT TO 0.
 2890                     IFN	BUFPAG,<
 2891  116B  A9 00        	LDAI	0		;TO STUFF AND TO POINT.
 2892  116D  8D 01 02     	STA	BUF+1
 2893                     IFE	BUFPAG,<
                          	STY	BUF+1>		;ZERO IT.
 2895  1170  A9 40        	LDAI	64		;TURN ON V-BIT.
 2896  1172  20 AD 11     	JSR	INPCO1		;DO THE GET.
 2897                     IFN	EXTIO,<
                          	LDX	CHANNL
                          	BNE	IORELE>		;RELEASE.
 2900  1175  60           	RTS
 2902                     IFN	EXTIO,<
                          INPUTN: JSR	GETBYT		;GET CHANNEL NUMBER.
                          	SYNCHK	44		;A COMMA?
                          	JSR	CQOIN		;GO WHERE COMMODORE CHECKS IN OPEN.
                          	STX	CHANNL
                          	JSR	NOTQTI		;DO INPUT TO VARIABLES.
                          IODONE: LDA	CHANNL		;RELEASE CHANNEL.
                          IORELE: JSR	CQCCHN
                          	LDXI	0		;RESET CHANNEL TO TERMINAL.
                          	STX	CHANNL
                          	RTS>
 2913                     INPUT:	IFN	REALIO,<
 2914  1176  46 17        	LSR	CNTWFL
 2915  1178  C9 22        	CMPI	34		;A QUOTE?
 2916  117A  D0 0B        	BNE	NOTQTI		;NO MESSAGE.
 2917  117C  20 3C 14     	JSR	STRTXT		;LITERALIZE THE STRING IN TEXT
 2918  117F  A9 3B 20 7E  	SYNCHK	59		;MUST END WITH SEMICOLON.
       1183  14
 2919  1184  20 01 11     	JSR	STRPRT		;PRINT IT OUT.
 2920  1187  20 9B 18     NOTQTI: JSR	ERRDIR		;USE COMMON ROUTINE SINCE DEF DIRECT
 2921  118A  A9 2C        	LDAI	44		;GET COMMA.
 2922  118C  8D FF 01     	STA	BUF-1
 2923                     				;IS ALSO ILLEGAL.
 2924  118F  20 9B 11     GETAGN: JSR	QINLIN		;TYPE "?" AND INPUT A LINE OF TEXT.
 2925                     IFN	EXTIO,<
                          	LDA	CHANNL
                          	BEQ	BUFFUL
                          	LDA	CQSTAT		;GET STATUS BYTE.
                          	ANDI	2
                          	BEQ	BUFFUL		;A-OK.
                          	JSR	IODONE		;BAD. CLOSE CHANNEL.
                          	JMP	DATA		;SKIP REST OF INPUT.
                          BUFFUL:>
 2934  1192  AD 00 02     	LDA	BUF		;ANYTHING INPUT?
 2935  1195  D0 14        	BNE	INPCON		;YES, CONTINUE.
 2936                     IFN	EXTIO,<
                          	LDA	CHANNL		;BLANK LINE MEANS GET ANOTHER.
                          	BNE	GETAGN>		;IF NOT TERMINAL.
 2939  1197  18           	CLC			;MAKE SURE DONT PRINT BREAK
 2940  1198  4C 2E 0E     	JMP	STPEND		;NO, STOP.
 2941  119B               QINLIN:
 2942                     IFN	EXTIO,<
                          	LDA	CHANNL
                          	BNE	GINLIN>
 2945  119B  20 1E 11     	JSR	OUTQST
 2946  119E  20 1B 11     	JSR	OUTSPC
 2947  11A1  4C 4F 0B     GINLIN: JMP	INLIN
 2948  11A4  A6 80 A4 81  READ:	LDXY	DATPTR		;GET LAST DATA LOCATION.
 2949  11A8  A9           	XWD	^O1000,^O251	;LDAI TYA TO MAKE IT NONZERO.
 2950                     IFE	BUFPAG,<
                          INPCON: >
 2952  11A9  98           	TYA
 2953                     IFN	BUFPAG,<
 2954  11AA  2C           	SKIP2
 2955  11AB  A9 00        INPCON: LDAI	0
 2956  11AD  85 15        INPCO1: STA	INPFLG		;STORE THE FLAG.
 2957                     ;
 2958                     ; IN THE PROCESSING OF DATA AND READ STATEMENTS:
 2959                     ; ONE POINTER POINTS TO THE DATA (IE, THE NUMBERS BEING FETCHED)
 2960                     ; AND ANOTHER POINTS TO THE LIST OF VARIABLES.
 2961                     ;
 2962                     ; THE POINTER INTO THE DATA ALWAYS STARTS POINTING TO A
 2963                     ; TERMINATOR -- A , : OR END-OF-LINE.
 2964                     ;
 2965                     ; AT THIS POINT TXTPTR POINTS TO LIST OF VARIABLES AND
 2966                     ; [Y,X] POINTS TO DATA OR INPUT LINE.
 2967                     ;
 2968  11AF  86 82 84 83  	STXY	INPPTR
 2969  11B3  20 9B 15     INLOOP: JSR	PTRGET		;READ VARIABLE LIST.
 2970  11B6  85 88 84 89  	STWD	FORPNT		;SAVE POINTER FOR "LET" STRING STUFFING.
 2971                     				;RETURNS PNTR TOP VAR IN VARPNT.
 2972  11BA  A5 B9 A4 BA  	LDWD	TXTPTR		;SAVE TEXT PNTR.
 2973  11BE  85 8A 84 8B  	STWD	VARTXT
 2974  11C2  A6 82 A4 83  	LDXY	INPPTR
 2975  11C6  86 B9 84 BA  	STXY	TXTPTR
 2976  11CA  20 B8 00     	JSR	CHRGOT		;GET IT AND SET Z IF TERM.
 2977  11CD  D0 1E        	BNE	DATBK1
 2978  11CF  24 15        	BIT	INPFLG
 2979                     IFN	GETCMD,<
 2980  11D1  50 0E        	BVC	QDATA
 2981  11D3  20 0C FD     	JSR	CZGETL		;DON'T WANT INCHR. JUST ONE.
 2982                     IFE	REALIO-4,<
 2983  11D6  29 7F        	ANDI	127
 2984  11D8  8D 00 02     	STA	BUF		;MAKE IT FIRST CHARACTER.
 2985  11DB  A2 FF A0 01  	LDXYI	<BUF-1>		;POINT JUST BEFORE IT.
 2986                     IFE	BUFPAG,<
                          	BEQA	DATBK>
 2988                     IFN	BUFPAG,<
 2989  11DF  D0 08        	BNEA	DATBK
 2990  11E1  30 71        QDATA:	BMI	DATLOP		;SEARCH FOR ANOTHER DATA STATEMENT.
 2991                     IFN	EXTIO,<
                          	LDA	CHANNL
                          	BNE	GETNTH>
 2994  11E3  20 1E 11     	JSR	OUTQST
 2995  11E6  20 9B 11     GETNTH: JSR	QINLIN		;GET ANOTHER LINE.
 2996  11E9  86 B9 84 BA  DATBK:	STXY	TXTPTR		;SET FOR "CHRGET".
 2997  11ED  20 B2 00     DATBK1: JSR	CHRGET
 2998  11F0  24 11        	BIT	VALTYP		;GET VALUE TYPE.
 2999  11F2  10 31        	BPL	NUMINS		;INPUT A NUMBER IF NUMERIC.
 3000                     IFN	GETCMD,<
 3001  11F4  24 15        	BIT	INPFLG		;GET?
 3002  11F6  50 09        	BVC	SETQUT		;NO, GO SET QUOTE.
 3003  11F8  E8           	INX
 3004  11F9  86 B9        	STX	TXTPTR
 3005  11FB  A9 00        	LDAI	0		;ZERO TERMINATORS.
 3006  11FD  85 0D        	STA	CHARAC
 3007  11FF  F0 0C        	BEQA	RESETC
 3008  1201  85 0D        SETQUT: STA	CHARAC		;ASSUME QUOTED STRING.
 3009  1203  C9 22        	CMPI	34		;TERMINATORS OK?
 3010  1205  F0 07        	BEQ	NOWGET		;YES.
 3011  1207  A9 3A        	LDAI	":"		;SET TERMINATORS TO ":" AND
 3012  1209  85 0D        	STA	CHARAC
 3013  120B  A9 2C        	LDAI	44		;COMMA.
 3014  120D  18           RESETC: CLC
 3015  120E  85 0E        NOWGET: STA	ENDCHR
 3016  1210  A5 B9 A4 BA  	LDWD	TXTPTR
 3017  1214  69 00        	ADCI	0		;C IS SET PROPERLY ABOVE.
 3018  1216  90 01        	BCC	NOWGE1
 3019  1218  C8           	INY
 3020  1219  20 82 19     NOWGE1: JSR	STRLT2		;MAKE A STRING DESCRIPTOR FOR THE VALUE
 3021                     				;AND COPY IF NECESSARY.
 3022  121C  20 D8 1C     	JSR	ST2TXT		;SET TEXT POINTER.
 3023  121F  20 22 10     	JSR	INPCOM		;DO ASSIGNMENT.
 3024  1222  4C 2D 12     	JMP	STRDN2
 3025  1225  20 E9 21     NUMINS: JSR	FIN
 3026                     IFE	INTPRC,<
                          	JSR	MOVVF>
 3028                     IFN	INTPRC,<
 3029  1228  A5 12        	LDA	INTFLG		;SET CODES ON FLAG.
 3030  122A  20 0A 10     	JSR	QINTGR
 3031  122D  20 B8 00     STRDN2: JSR	CHRGOT		;READ LAST CHARACTER.
 3032  1230  F0 07        	BEQ	TRMOK		;":" OR EOL IS OK.
 3033  1232  C9 2C        	CMPI	44		;A COMMA?
 3034  1234  F0 03 4C 3F  	JNE	TRMNOK
       1238  11
 3035  1239  A5 B9 A4 BA  TRMOK:	LDWD	TXTPTR
 3036  123D  85 82 84 83  	STWD	INPPTR		;SAVE FOR MORE READS.
 3037  1241  A5 8A A4 8B  	LDWD	VARTXT
 3038  1245  85 B9 84 BA  	STWD	TXTPTR		;POINT TO VARIABLE LIST.
 3039  1249  20 B8 00     	JSR	CHRGOT		;LOOK AT LAST VARIABLE LIST CHARACTER.
 3040  124C  F0 2C        	BEQ	VAREND		;THAT'S THE END OF THE LIST.
 3041  124E  20 7C 14     	JSR	CHKCOM		;NOT END. CHECK FOR COMMA.
 3042  1251  4C B3 11     	JMP	INLOOP
 3043                     ;
 3044                     ; SUBROUTINE TO FIND DATA
 3045                     ; THE SEARCH IS MADE BY USING THE EXECUTION CODE FOR DATA TO
 3046                     ; SKIP OVER STATEMENTS. THE START WORD OF EACH STATEMENT
 3047                     ; IS COMPARED WITH "DATATK". EACH NEW LINE NUMBER
 3048                     ; IS STORED IN "DATLIN" SO THAT IF AN ERROR OCCURS
 3049                     ; WHILE READING DATA THE ERROR MESSAGE CAN GIVE THE LINE
 3050                     ; NUMBER OF THE ILL-FORMATTED DATA.
 3051                     ;
 3052  1254  20 4E 0F     DATLOP: JSR	DATAN		;SKIP SOME TEXT.
 3053  1257  C8           	INY
 3054  1258  AA           	TAX			;END OF LINE?
 3055  1259  D0 12        	BNE	NOWLIN		;SHO AIN'T.
 3056  125B  A2 06        	LDXI	ERROD		;YES = "NO DATA" ERROR.
 3057  125D  C8           	INY
 3058  125E  B1 B9        	LDADY	TXTPTR
 3059  1260  F0 69        	BEQ	ERRGO5
 3060  1262  C8           	INY
 3061  1263  B1 B9        	LDADY	TXTPTR		;GET HIGH BYTE OF LINE NUMBER.
 3062  1265  85 7E        	STA	DATLIN
 3063  1267  C8           	INY
 3064  1268  B1 B9        	LDADY	TXTPTR		;GET LOW BYTE.
 3065  126A  C8           	INY
 3066  126B  85 7F        	STA	DATLIN+1
 3067  126D  B1 B9        NOWLIN: LDADY	TXTPTR		;HOW IS IT?
 3068  126F  AA           	TAX
 3069  1270  20 43 0F     	JSR	ADDON		;ADD [Y] TO [TXTPTR].
 3070  1273  E0 83        	CPXI	DATATK		;IS IT A "DATA" STATEMENT.
 3071  1275  D0 DD        	BNE	DATLOP		;NOT QUITE RIGHT. KEEP LOOKING.
 3072  1277  4C ED 11     	JMP	DATBK1		;THIS IS THE ONE !
 3073  127A  A5 82 A4 83  VAREND: LDWD	INPPTR		;PUT AWAY A NEW DATA PNTR MAYBE.
 3074  127E  A6 15        	LDX	INPFLG
 3075  1280  10 03        	BPL	VARY0
 3076  1282  4C 0A 0E     	JMP	RESFIN
 3077  1285  A0 00        VARY0:	LDYI	0
 3078  1287  B1 82        	LDADY	INPPTR		;LAST DATA CHR COULD HAVE BEEN
 3079                     				;COMMA OR COLON BUT SHOULD BE NULL.
 3080  1289  F0 07        	BEQ	INPRTS		;IT IS NULL.
 3081                     IFN	EXTIO,<
                          	LDA	CHANNL		;IF NOT TERMINAL, NO TYPE.
                          	BNE	INPRTS>
 3084  128B  A9 93 A0 12  	LDWDI	EXIGNT
 3085  128F  4C FE 10     	JMP	STROUT		;TYPE "?EXTRA IGNORED"
 3086  1292  60           INPRTS: RTS			;DO NEXT STATEMENT.
 3087  1293  3F 45 58 54  EXIGNT: DT"?EXTRA IGNORED"
       1297  52 41 20 49
       129B  47 4E 4F 52
       129F  45 44
 3088  12A1  0D 0A        	ACRLF
 3089  12A3  00           	0
 3090  12A4  3F 52 45 44  TRYAGN: DT"?REDO FROM START"
       12A8  4F 20 46 52
       12AC  4F 4D 20 53
       12B0  54 41 52 54
 3091  12B4  0D 0A        	ACRLF
 3092  12B6  00           	0
 3093                     PAGE
 3094                     SUBTTL	THE NEXT CODE IS THE "NEXT CODE"
 3095                     ;
 3096                     ; A "FOR" ENTRY ON THE STACK HAS THE FOLLOWING FORMAT:
 3097                     ;
 3098                     ; LOW ADDRESS
 3099                     ;	TOKEN (FORTK) 1 BYTE
 3100                     ;	A POINTER TO THE LOOP VARIABLE 2 BYTES
 3101                     ;	THE STEP 4+ADDPRC BYTES
 3102                     ;	A BYTE REFLECTING THE SIGN OF THE INCREMENT 1 BYTE
 3103                     ;	THE UPPER VALUE (PACKED) 4+ADDPRC BYTES
 3104                     ;	THE LINE NUMBER OF THE "FOR" STATEMENT 2 BYTES
 3105                     ;	A TEXT POINTER INTO THE "FOR" STATEMENT 2 BYTES
 3106                     ; HIGH ADDRESS
 3107                     ;
 3108                     ; TOTAL 16+2*ADDPRC BYTES.
 3109                     ;
 3110  12B7  D0 04        NEXT:	BNE	GETFOR
 3111  12B9  A0 00        	LDYI	0		;WITHOUT ARG CALL "FNDFOR" WITH
 3112  12BB  F0 03        	BEQA	STXFOR		;[FORPNT]=0.
 3113  12BD  20 9B 15     GETFOR: JSR	PTRGET		;GET A POINTER TO LOOP VARIABLE
 3114  12C0  85 88 84 89  STXFOR: STWD	FORPNT		;INTO "FORPNT".
 3115  12C4  20 96 09     	JSR	FNDFOR		;FIND THE MATCHING ENTRY IF ANY.
 3116  12C7  F0 04        	BEQ	HAVFOR
 3117  12C9  A2 00        	LDXI	ERRNF		;"NEXT WITHOUT FOR".
 3118  12CB  F0 66        ERRGO5: BEQ	ERRGO4
 3119  12CD  9A           HAVFOR: TXS			;SETUP STACK. CHOP FIRST.
 3120  12CE  8A           	TXA
 3121  12CF  18           	CLC
 3122  12D0  69 04        	ADCI	4		;POINT TO INCREMENT
 3123  12D2  48           	PHA			;SAVE THIS POINTER TO RESTORE TO [A]
 3124  12D3  69 06        	ADCI	5+ADDPRC	;POINT TO UPPER LIMIT
 3125  12D5  85 63        	STA	INDEX2		;SAVE AS INDEX
 3126  12D7  68           	PLA			;RESTORE POINTER TO INCREMENT
 3127  12D8  A0 01        	LDYI	1		;SET HI ADDR OF THING TO MOVE.
 3128  12DA  20 98 20     	JSR	MOVFM		;GET QUANTITY INTO THE FAC.
 3129  12DD  BA           	TSX
 3130  12DE  BD 09 01     	LDA	257+7+ADDPRC,X, ;SET SIGN CORRECTLY.
 3131  12E1  85 A5        	STA	FACSGN
 3132  12E3  A5 88 A4 89  	LDWD	FORPNT
 3133  12E7  20 5D 1D     	JSR	FADD		;ADD INC TO LOOP VARIABLE.
 3134  12EA  20 C6 20     	JSR	MOVVF		;PACK THE FAC INTO MEMORY.
 3135  12ED  A0 01        	LDYI	1
 3136  12EF  20 53 21     	JSR	FCOMPN		;COMPARE FAC WITH UPPER VALUE.
 3137  12F2  BA           	TSX
 3138  12F3  38           	SEC
 3139  12F4  FD 09 01     	SBC	257+7+ADDPRC,X, ;SUBTRACT SIGN OF INC FROM SIGN OF
 3140                     				;OF (CURRENT VALUE-FINAL VALUE).
 3141  12F7  F0 17        	BEQ	LOOPDN		;IF SIGN (FINAL-CURRENT)-SIGN STEP=0
 3142                     				;THEN LOOP IS DONE.
 3143  12F9  BD 0F 01     	LDA	2*ADDPRC+12+257,X
 3144  12FC  85 78        	STA	CURLIN		;STORE LINE NUMBER OF "FOR" STATEMENT.
 3145  12FE  BD 10 01     	LDA	257+13+<2*ADDPRC>,X
 3146  1301  85 79        	STA	CURLIN+1
 3147  1303  BD 12 01     	LDA	2*ADDPRC+15+257,X
 3148  1306  85 B9        	STA	TXTPTR		;STORE TEXT PNTR INTO "FOR" STATEMENT.
 3149  1308  BD 11 01     	LDA	2*ADDPRC+14+257,X
 3150  130B  85 BA        	STA	TXTPTR+1
 3151  130D  4C 95 0D     NEWSGO: JMP	NEWSTT		;PROCESS NEXT STATEMENT.
 3152  1310  8A           LOOPDN: TXA
 3153  1311  69 11        	ADCI	2*ADDPRC+15		;ADDS 16 WITH CARRY.
 3154  1313  AA           	TAX
 3155  1314  9A           	TXS			;NEW STACK PNTR.
 3156  1315  20 B8 00     	JSR	CHRGOT
 3157  1318  C9 2C        	CMPI	44		;COMMA AT END?
 3158  131A  D0 F1        	BNE	NEWSGO
 3159  131C  20 B2 00     	JSR	CHRGET
 3160  131F  20 BD 12     	JSR	GETFOR		;DO NEXT BUT DON'T ALLOW BLANK VARIABLE
 3161                     				;PNTR. [VARPNT] IS THE STK PNTR WHICH
 3162                     				;NEVER MATCHES ANY POINTER.
 3163                     				;JSR TO PUT ON DUMMY NEWSTT ADDR.
 3164                     SUBTTL FORMULA EVALUATION CODE.
 3165                     ;
 3166                     ; THESE ROUTINES CHECK FOR CERTAIN "VALTYP".
 3167                     ; [C] IS NOT PRESERVED.
 3168                     ;
 3169  1322  20 36 13     FRMNUM: JSR	FRMEVL
 3170  1325  18           CHKNUM: CLC
 3171  1326  24           	SKIP1
 3172  1327  38           CHKSTR: SEC			;SET CARRY.
 3173  1328  24 11        CHKVAL: BIT	VALTYP		;WILL NOT F UP "VALTYP".
 3174  132A  30 03        	BMI	DOCSTR
 3175  132C  B0 03        	BCS	CHKERR
 3176  132E  60           CHKOK:	RTS
 3177  132F  B0 FD        DOCSTR: BCS	CHKOK
 3178  1331  A2 18        CHKERR: LDXI	ERRTM
 3179  1333  4C 43 0A     ERRGO4: JMP	ERROR
 3180                     ;
 3181                     ; THE FORMULA EVALUATOR STARTS WITH
 3182                     ; [TXTPTR] POINTING TO THE FIRST CHARACTER OF THE FORMULA.
 3183                     ; AT THE END [TXTPTR] POINTS TO THE TERMINATOR.
 3184                     ; THE RESULT IS LEFT IN THE FAC.
 3185                     ; ON RETURN [A] DOES NOT REFLECT THE TERMINATOR.
 3186                     ;
 3187                     ; THE FORMULA EVALUATOR USES THE OPERATOR LIST (OPTAB)
 3188                     ; TO DETERMINE PRECEDENCE AND DISPATCH ADDRESSES FOR
 3189                     ; EACH OPERATOR.
 3190                     ; A TEMPORARY RESULT ON THE STACK HAS THE FOLLOWING FORMAT.
 3191                     ;	THE ADDRESS OF THE OPERATOR ROUTINE.
 3192                     ;	THE FLOATING POINT TEMPORARY RESULT.
 3193                     ;	THE PRECEDENCE OF THE OPERATOR.
 3194                     ;
 3195  1336  A6 B9        FRMEVL: LDX	TXTPTR
 3196  1338  D0 02        	BNE	FRMEV1
 3197  133A  C6 BA        	DEC	TXTPTR+1
 3198  133C  C6 B9        FRMEV1: DEC	TXTPTR
 3199  133E  A2 00        	LDXI	0		;INITIAL DUMMY PRECEDENCE IS 0.
 3200  1340  24           	SKIP1
 3201  1341  48           LPOPER: PHA			;SAVE LOW PRECEDENCE. (MASK.)
 3202  1342  8A           	TXA
 3203  1343  48           	PHA			;SAVE HIGH PRECEDENCE.
 3204  1344  A9 01        	LDAI	1
 3205  1346  20 07 0A     	JSR	GETSTK		;MAKE SURE THERE IS ROOM FOR
 3206                     				;RECURSIVE CALLS.
 3207  1349  20 1B 14     	JSR	EVAL		;EVALUATE SOMETHING.
 3208  134C  A9 00 85 8C  	CLR	OPMASK		;PREPARE TO BUILD MASK MAYBE.
 3209  1350  20 B8 00     TSTOP:	JSR	CHRGOT		;REGET LAST CHARACTER.
 3210  1353  38           LOPREL: SEC			;PREP TO SUBTRACT.
 3211  1354  E9 A8        	SBCI	GREATK		;IS CURRENT CHARACTER A RELATION?
 3212  1356  90 17        	BCC	ENDREL		;NO. RELATIONS ALL THROUGH.
 3213  1358  C9 03        	CMPI	LESSTK-GREATK+1 ;REALLY RELATIONAL?
 3214  135A  B0 13        	BCS	ENDREL		;NO -- JUST BIG.
 3215  135C  C9 01        	CMPI	1		;RESET CARRY FOR ZERO ONLY.
 3216  135E  2A           	ROL	A,		;0 TO 1, 1 TO 2, 2 TO 4.
 3217  135F  49 01        	EORI	1
 3218  1361  45 8C        	EOR	OPMASK		;BRING IN THE OLD BITS.
 3219  1363  C5 8C        	CMP	OPMASK		;MAKE SURE THE NEW MASK IS BIGGER.
 3220  1365  90 61        	BCC	SNERR5		;SYNTAX ERROR. BECAUSE TWO OF THE SAME.
 3221  1367  85 8C        	STA	OPMASK		;SAVE MASK.
 3222  1369  20 B2 00     	JSR	CHRGET
 3223  136C  4C 53 13     	JMP	LOPREL		;GET THE NEXT CANDIDATE.
 3224  136F  A6 8C        ENDREL: LDX	OPMASK		;WERE THERE ANY?
 3225  1371  D0 2C        	BNE	FINREL		;YES, HANDLE AS SPECIAL OP.
 3226  1373  B0 7B        	BCS	QOP		;NOT AN OPERATOR.
 3227  1375  69 07        	ADCI	GREATK-PLUSTK
 3228  1377  90 77        	BCC	QOP		;NOT AN OPERATOR.
 3229  1379  65 11        	ADC	VALTYP		;[C]=1.
 3230  137B  D0 03 4C 32  	JEQ	CAT		;ONLY IF [A]=0 AND [VALTYP]=-1 (A STR).
       137F  1B
 3231  1380  69 FF        	ADCI	^O377		;GET BACK ORIGINAL [A].
 3232  1382  85 61        	STA	INDEX1
 3233  1384  0A           	ASL	A,		;MULTIPLY BY 2.
 3234  1385  65 61        	ADC	INDEX1		;BY THREE.
 3235  1387  A8           	TAY			;SET UP FOR LATER.
 3236  1388  68           QPREC:	PLA			;GET PREVIOUS PRECEDENCE.
 3237  1389  D9 62 08     	CMP	OPTAB,Y		;IS OLD PRECEDENCE GREATER OR EQUAL?
 3238  138C  B0 67        	BCS	QCHNUM		;YES, GO OPERATE.
 3239  138E  20 25 13     	JSR	CHKNUM		;CAN'T BE STRING HERE.
 3240  1391  48           DOPREC: PHA			;SAVE OLD PRECEDENCE.
 3241  1392  20 B8 13     NEGPRC: JSR	DOPRE1		;SET A RETURN ADDRESS FOR OP.
 3242  1395  68           	PLA			;PULL OFF PREVIOUS PRECEDENCE.
 3243  1396  A4 8A        	LDY	OPPTR		;GET POINTER TO OP.
 3244  1398  10 17        	BPL	QPREC1		;THAT'S A REAL OPERATOR.
 3245  139A  AA           	TAX			;DONE ?
 3246  139B  F0 56        	BEQ	QOPGO		;DONE !
 3247  139D  D0 5F        	BNE	PULSTK
 3248  139F  46 11        FINREL: LSR	VALTYP		;GET VALUE TYPE INTO "C".
 3249  13A1  8A           	TXA
 3250  13A2  2A           	ROL	A,		;PUT VALTYP INTO LOW ORDER BIT OF MASK.
 3251  13A3  A6 B9        	LDX	TXTPTR		;DECREMENT TEXT POINTER.
 3252  13A5  D0 02        	BNE	FINRE2
 3253  13A7  C6 BA        	DEC	TXTPTR+1
 3254  13A9  C6 B9        FINRE2: DEC	TXTPTR
 3255  13AB  A0 1B        	LDYI	PTDORL-OPTAB	;MAKE [YREG] POINT AT OPERATOR ENTRY.
 3256  13AD  85 8C        	STA	OPMASK		;SAVE THE OPERATION MASK.
 3257  13AF  D0 D7        	BNE	QPREC		;SAVE IT ALL. BR ALWAYS.
 3258                     				;NOTE B7(VALTYP)=0 SO CHKNUM CALL IS OK.
 3259  13B1  D9 62 08     QPREC1: CMP	OPTAB,Y		;LAST PRECEDENCE IS GREATER?
 3260  13B4  B0 48        	BCS	PULSTK		;YES, GO OPERATE.
 3261  13B6  90 D9        	BCC	DOPREC		;NO SAVE ARGUMENT AND GET OTHER OPERAND.
 3262  13B8  B9 64 08     DOPRE1: LDA	OPTAB+2,Y
 3263  13BB  48           	PHA			;DISP ADDR GOES ONTO STACK.
 3264  13BC  B9 63 08     	LDA	OPTAB+1,Y
 3265  13BF  48           	PHA
 3266  13C0  20 CB 13     	JSR	PUSHF1		;SAVE FAC ON STACK UNPACKED.
 3267  13C3  A5 8C        	LDA	OPMASK		;[ACCA] MAY BE MASK FOR REL.
 3268  13C5  4C 41 13     	JMP	LPOPER
 3269  13C8  4C 87 14     SNERR5: JMP	SNERR		;GO TO AN ERROR.
 3270  13CB  A5 A5        PUSHF1: LDA	FACSGN
 3271  13CD  BE 62 08     	LDX	OPTAB,Y,	;GET HIGH PRECEDENCE.
 3272  13D0  A8           PUSHF:	TAY			;GET POINTER INTO STACK.
 3273  13D1  68           	PLA
 3274  13D2  85 61        	STA	INDEX1
 3275  13D4  E6 61        	INC	INDEX1
 3276  13D6  68           	PLA
 3277  13D7  85 62        	STA	INDEX1+1
 3278  13D9  98           	TYA
 3279                     				;STORE FAC ON STACK UNPACKED.
 3280  13DA  48           	PHA			;START WITH SIGN SET UP.
 3281  13DB  20 11 21     FORPSH: JSR	ROUND		;PUT ROUNDED FAC ON STACK.
 3282  13DE  A5 A4        	LDA	FACLO		;ENTRY POINT TO SKIP STORING SIGN.
 3283  13E0  48           	PHA
 3284  13E1  A5 A3        	LDA	FACMO
 3285  13E3  48           	PHA
 3286                     IFN	ADDPRC,<
 3287  13E4  A5 A2        	LDA	FACMOH
 3288  13E6  48           	PHA
 3289  13E7  A5 A1        	LDA	FACHO
 3290  13E9  48           	PHA
 3291  13EA  A5 A0        	LDA	FACEXP
 3292  13EC  48           	PHA
 3293  13ED  6C 61 00     	JMPD	INDEX1		;RETURN.
 3294  13F0  A0 FF        QOP:	LDYI	255
 3295  13F2  68           	PLA			;GET HIGH PRECEDENCE OF LAST OP.
 3296  13F3  F0 23        QOPGO:	BEQ	QOPRTS		;DONE !
 3297  13F5  C9 64        QCHNUM: CMPI	100		;RELATIONAL OPERATOR?
 3298  13F7  F0 03        	BEQ	UNPSTK		;YES, DON'T CHECK OPERAND.
 3299  13F9  20 25 13     	JSR	CHKNUM		;MUST BE NUMBER.
 3300  13FC  84 8A        UNPSTK: STY	OPPTR		;SAVE OPERATOR'S POINTER FOR NEXT TIME.
 3301  13FE  68           PULSTK: PLA			;GET MASK FOR REL OP IF IT IS ONE.
 3302  13FF  4A           	LSR	A,		;SETUP [C] FOR DOREL'S "CHKVAL".
 3303  1400  85 16        	STA	DOMASK		;SAVE FOR "DOCMP".
 3304  1402  68           	PLA			;UNPACK STACK INTO ARG.
 3305  1403  85 A8        	STA	ARGEXP
 3306  1405  68           	PLA
 3307  1406  85 A9        	STA	ARGHO
 3308                     IFN	ADDPRC,<
 3309  1408  68           	PLA
 3310  1409  85 AA        	STA	ARGMOH
 3311  140B  68           	PLA
 3312  140C  85 AB        	STA	ARGMO
 3313  140E  68           	PLA
 3314  140F  85 AC        	STA	ARGLO
 3315  1411  68           	PLA
 3316  1412  85 AD        	STA	ARGSGN
 3317  1414  45 A5        	EOR	FACSGN		;GET PROBABLE RESULT SIGN.
 3318  1416  85 AE        	STA	ARISGN		;ARITHMETIC SIGN. USED BY
 3319                     				;ADD, SUB, MULT, DIV.
 3320  1418  A5 A0        QOPRTS: LDA	FACEXP		;GET IT AND SET CODES.
 3321  141A  60           UNPRTS: RTS			;RETURN.
 3323  141B  A9 00 85 11  EVAL:	CLR	VALTYP		;ASSUME VALUE WILL BE NUMERIC.
 3324  141F  20 B2 00     EVAL0:	JSR	CHRGET		;GET A CHARACTER.
 3325  1422  B0 03        	BCS	EVAL2
 3326  1424  4C E9 21     EVAL1:	JMP	FIN		;IT IS A NUMBER.
 3327  1427  20 25 16     EVAL2:	JSR	ISLETC		;VARIABLE NAME?
 3328  142A  B0 67        	BCS	ISVAR		;YES.
 3329                     IFE	REALIO-3,<
                          	CMPI	PI
                          	BNE	QDOT
                          	LDWDI	PIVAL
                          	JSR	MOVFM		;PUT VALUE IN FOR PI.
                          	JMP	CHRGET
                          PIVAL:	^O202
                          	^O111
                          	^O017
                          	^O332
                          	^O241>
 3340  142C  C9 2E        QDOT:	CMPI	"."		;LEADING CHARACTER OF CONSTANT?
 3341  142E  F0 F4        	BEQ	EVAL1
 3342  1430  C9 A2        	CMPI	MINUTK		;NEGATION?
 3343  1432  F0 58        	BEQ	DOMIN		;SHO IS.
 3344  1434  C9 A1        	CMPI	PLUSTK
 3345  1436  F0 E7        	BEQ	EVAL0
 3346  1438  C9 22        	CMPI	34		;A QUOTE? A STRING?
 3347  143A  D0 0F        	BNE	EVAL3
 3348  143C  A5 B9 A4 BA  STRTXT: LDWD	TXTPTR
 3349  1440  69 00        	ADCI	0		;TO INC, ADD C=1.
 3350  1442  90 01        	BCC	STRTX2
 3351  1444  C8           	INY
 3352  1445  20 7C 19     STRTX2: JSR	STRLIT		;YES. GO PROCESS IT.
 3353  1448  4C D8 1C     	JMP	ST2TXT
 3354  144B  C9 9F        EVAL3:	CMPI	NOTTK		;CHECK FOR "NOT" OPERATOR.
 3355  144D  D0 13        	BNE	EVAL4
 3356  144F  A0 18        	LDYI	NOTTAB-OPTAB		;"NOT" HAS PRECEDENCE 90.
 3357  1451  D0 3B        	BNE	GONPRC		;GO DO ITS EVALUATION.
 3358  1453  20 B5 16     NOTOP:	JSR	AYINT		;INTEGERIZE.
 3359  1456  A5 A4        	LDA	FACLO		;GET THE ARGUMENT.
 3360  1458  49 FF        	EORI	255
 3361  145A  A8           	TAY
 3362  145B  A5 A3        	LDA	FACMO
 3363  145D  49 FF        	EORI	255
 3364  145F  4C 88 18     	JMP	GIVAYF		;FLOAT [Y,A] AS RESULT IN FAC.
 3365                     				;AND RETURN.
 3366  1462  C9 9C        EVAL4:	CMPI	FNTK		;USER-DEFINED FUNCTION?
 3367  1464  D0 03 4C E9  	JEQ	FNDOER
       1468  18
 3368  1469  C9 AB        	CMPI	ONEFUN		;A FUNCTION NAME?
 3369  146B  90 03        	BCC	PARCHK		;FUNCTIONS ARE THE HIGHEST NUMBERED
 3370  146D  4C B7 14     	JMP	ISFUN		;CHARACTERS SO NO NEED TO CHECK
 3371                     				;AN UPPER-BOUND.
 3372  1470  20 79 14     PARCHK: JSR	CHKOPN		;ONLY POSSIBILITY LEFT IS
 3373  1473  20 36 13     	JSR	FRMEVL		;A FORMULA IN PARENTHESIS.
 3374                     				;RECURSIVELY EVALUATE THE FORMULA.
 3375  1476  A9 29        CHKCLS: LDAI	41		;CHECK FOR A RIGHT PARENTHESE
 3376  1478  2C           	SKIP2
 3377  1479  A9 28        CHKOPN: LDAI	40
 3378  147B  2C           	SKIP2
 3379  147C  A9 2C        CHKCOM: LDAI	44
 3380                     ;
 3381                     ; "SYNCHK" LOOKS AT THE CURRENT CHARACTER TO MAKE SURE IT
 3382                     ; IS THE SPECIFIC THING LOADED INTO ACCA JUST BEFORE THE CALL TO
 3383                     ; "SYNCHK". IF NOT, IT CALLS THE "SYNTAX ERROR" ROUTINE.
 3384                     ; OTHERWISE IT GOBBLES THE NEXT CHAR AND RETURNS,
 3385                     ;
 3386                     ; [A]=NEW CHAR AND TXTPTR IS ADVANCED BY "CHRGET".
 3387                     ;
 3388  147E  A0 00        SYNCHR: LDYI	0
 3389  1480  D1 B9        	CMPDY	TXTPTR		;CHARACTERS EQUAL?
 3390  1482  D0 03        	BNE	SNERR
 3391  1484  4C B2 00     CHRGO5: JMP	CHRGET
 3392  1487  A2 02        SNERR:	LDXI	ERRSN		;"SYNTAX ERROR"
 3393  1489  4C 43 0A     	JMP	ERROR
 3394  148C  A0 15        DOMIN:	LDYI	NEGTAB-OPTAB	;A PRECEDENCE BELOW "^".
 3395  148E  68           GONPRC: PLA			;GET RID OF RTS ADDR.
 3396  148F  68           	PLA
 3397  1490  4C 92 13     	JMP	NEGPRC		;EVALUTE FOR NEGATION.
 3399  1493  20 9B 15     ISVAR:	JSR	PTRGET		;GET A PNTR TO VARIABLE.
 3400  1496  85 A3 84 A4  ISVRET: STWD	FACMO
 3401                     IFN	TIME!EXTIO,<
                          	LDWD	VARNAM>		;CHECK TIME,TIME$,STATUS.
 3403  149A  A6 11        	LDX	VALTYP
 3404  149C  F0 05        	BEQ	GOOO		;THE STRING IS SET UP.
 3405  149E  A2 00        	LDXI	0
 3406  14A0  86 AF        	STX	FACOV
 3407                     IFN	TIME,<
                          	BIT	FACLO		;AN ARRAY?
                          	BPL	STRRTS		;YES.
                          	CMPI	"T"		;TI$?
                          	BNE	STRRTS
                          	CPYI	"I"+128
                          	BNE	STRRTS
                          	JSR	GETTIM		;YES. PUT TIME IN FACMOH-LO.
                          	STY	TENEXP		;Y=0.
                          	DEY
                          	STY	FBUFPT
                          	LDYI	6		;SIX	DIGITS TO PRINT.
                          	STY	DECCNT
                          	LDYI	FDCEND-FOUTBL
                          	JSR	FOUTIM		;CONVERT TO ASCII.
                          	JMP	TIMSTR>
 3423  14A2  60           STRRTS: RTS
 3424  14A3               GOOO:
 3425                     IFN	INTPRC,<
 3426  14A3  A6 12        	LDX	INTFLG
 3427  14A5  10 0D        	BPL	GOOOOO
 3428  14A7  A0 00        	LDYI	0
 3429  14A9  B1 A3        	LDADY	FACMO		;FETCH HIGH.
 3430  14AB  AA           	TAX
 3431  14AC  C8           	INY
 3432  14AD  B1 A3        	LDADY	FACMO
 3433  14AF  A8           	TAY			;PUT LOW IN Y.
 3434  14B0  8A           	TXA			;GET HIGH IN A.
 3435  14B1  4C 88 18     	JMP	GIVAYF
 3436  14B4               GOOOOO:
 3437                     IFN	TIME,<
                          	BIT	FACLO		;AN ARRAY?
                          	BPL	GOMOVF		;YES.
                          	CMPI	"T"
                          	BNE	QSTATV
                          	CPYI	"I"
                          	BNE	GOMOVF
                          	JSR	GETTIM
                          	TYA			;FOR FLOATB.
                          	LDXI	160		;SET EXPONNENT.
                          	JMP	FLOATB
                          GETTIM: LDWDI	<CQTIMR-2>
                          	SEI			;TURN OF INT SYS.
                          	JSR	MOVFM
                          	CLI			;BACK ON.
                          	STY	FACHO		;ZERO HIGHEST.
                          	RTS>
 3454  14B4               QSTATV:
 3455                     IFN	EXTIO,<
                          	CMPI	"S"
                          	BNE	GOMOVF
                          	CPYI	"T"
                          	BNE	GOMOVF
                          	LDA	CQSTAT
                          	JMP	FLOAT
                          GOMOVF:>
 3463                     IFN	TIME!EXTIO,<
                          	LDWD	FACMO>
 3465  14B4  4C 98 20     	JMP	MOVFM		;MOVE ACTUAL VALUE IN.
 3466                     				;AND RETURN.
 3468  14B7  0A           ISFUN:	ASL	A,		;MULTIPLY BY TWO.
 3469  14B8  48           	PHA
 3470  14B9  AA           	TAX
 3471  14BA  20 B2 00     	JSR	CHRGET		;SET UP FOR SYNCHK.
 3472  14BD  E0 7D        	CPXI	2*LASNUM-256+1	;IS IT PAST "LASNUM"?
 3473  14BF  90 20        	BCC	OKNORM		;NO, MUST BE NORMAL FUNCTION.
 3474                     ;
 3475                     ; MOST FUNCTIONS TAKE A SINGLE ARGUMENT.
 3476                     ; THE RETURN ADDRESS OF THESE FUNCTIONS IS "CHKNUM"
 3477                     ; WHICH ASCERTAINS THAT [VALTYP]=0  (NUMERIC).
 3478                     ; NORMAL FUNCTIONS THAT RETURN STRING RESULTS
 3479                     ; (E.G., CHR$) MUST POP OFF THAT RETURN ADDR AND
 3480                     ; RETURN DIRECTLY TO "FRMEVL".
 3481                     ;
 3482                     ; THE SO-CALLED "FUNNY" FUNCTIONS CAN TAKE MORE THAN ONE ARGUMENT,
 3483                     ; THE FIRST OF WHICH MUST BE STRING AND THE SECOND OF WHICH
 3484                     ; MUST BE A NUMBER BETWEEN 0 AND 255.
 3485                     ; THE CLOSED PARENTHESIS MUST BE CHECKED AND RETURN IS DIRECTLY
 3486                     ; TO "FRMEVL" WITH THE TEXT PNTR POINTING BEYOND THE ")".
 3487                     ; THE POINTER TO THE DESCRIPTOR OF THE STRING ARGUMENT
 3488                     ; IS STORED ON THE STACK UNDERNEATH THE VALUE OF THE
 3489                     ; INTEGER ARGUMENT.
 3490                     ;
 3491  14C1  20 79 14     	JSR	CHKOPN		;CHECK FOR AN OPEN PARENTHESE
 3492  14C4  20 36 13     	JSR	FRMEVL		;EAT OPEN PAREN AND FIRST ARG.
 3493  14C7  20 7C 14     	JSR	CHKCOM		;TWO ARGS SO COMMA MUST DELIMIT.
 3494  14CA  20 27 13     	JSR	CHKSTR		;MAKE SURE FIRST WAS STRING.
 3495  14CD  68           	PLA			;GET FUNCTION NUMBER.
 3496  14CE  AA           	TAX
 3497  14CF  A5 A4 48 A5  	PSHWD	FACMO		;SAVE POINTER AT STRING DESCRIPTOR
       14D3  A3 48
 3498  14D5  8A           	TXA
 3499  14D6  48           	PHA			;RESAVE FUNCTION NUMBER.
 3500                     				;THIS MUST BE ON STACK SINCE RECURSIVE.
 3501  14D7  20 93 1C     	JSR	GETBYT		;[X]=VALUE OF FORMULA.
 3502  14DA  68           	PLA			;GET FUNCTION NUMBER.
 3503  14DB  A8           	TAY
 3504  14DC  8A           	TXA
 3505  14DD  48           	PHA
 3506  14DE  4C E6 14     	JMP	FINGO		;DISPATCH TO FUNCTION.
 3507  14E1  20 70 14     OKNORM: JSR	PARCHK		;READ A FORMULA SURROUNDED BY PARENS.
 3508  14E4  68           	PLA			;GET DISPATCH FUNCTION.
 3509  14E5  A8           	TAY
 3510  14E6  B9 66 7A     FINGO:	LDA	FUNDSP-2*ONEFUN+256,Y,	;MODIFY DISPATCH ADDRESS.
 3511  14E9  85 94        	STA	JMPER+1
 3512  14EB  B9 67 7A     	LDA	FUNDSP-2*ONEFUN+257,Y
 3513  14EE  85 95        	STA	JMPER+2
 3514  14F0  20 93 00     	JSR	JMPER		;DISPATCH!
 3515                     				;STRING FUNCTIONS REMOVE THIS RET ADDR.
 3516  14F3  4C 25 13     	JMP	CHKNUM		;CHECK IT FOR NUMERICNESS AND RETURN.
 3518  14F6  A0 FF        OROP:	LDYI	255		;MUST ALWAYS COMPLEMENT..
 3519  14F8  2C           	SKIP2
 3520  14F9  A0 00        ANDOP:	LDYI	0
 3521  14FB  84 0F        	STY	COUNT		;OPERATOR.
 3522  14FD  20 B5 16     	JSR	AYINT		;[FACMO&LO]=INT VALUE AND CHECK SIZE.
 3523  1500  A5 A3        	LDA	FACMO		;USE DEMORGAN'S LAW ON HIGH
 3524  1502  45 0F        	EOR	COUNT
 3525  1504  85 0D        	STA	INTEGR
 3526  1506  A5 A4        	LDA	FACLO		;AND LOW.
 3527  1508  45 0F        	EOR	COUNT
 3528  150A  85 0E        	STA	INTEGR+1
 3529  150C  20 F2 20     	JSR	MOVFA
 3530  150F  20 B5 16     	JSR	AYINT		;[FACMO&LO]=INT OF ARG.
 3531  1512  A5 A4        	LDA	FACLO
 3532  1514  45 0F        	EOR	COUNT
 3533  1516  25 0E        	AND	INTEGR+1
 3534  1518  45 0F        	EOR	COUNT		;FINISH OUT DEMORGAN.
 3535  151A  A8           	TAY			;SAVE HIGH.
 3536  151B  A5 A3        	LDA	FACMO
 3537  151D  45 0F        	EOR	COUNT
 3538  151F  25 0D        	AND	INTEGR
 3539  1521  45 0F        	EOR	COUNT
 3540  1523  4C 88 18     	JMP	GIVAYF		;FLOAT [A.Y] AND RET TO USER.
 3542                     ;
 3543                     ; TIME TO PERFORM A RELATIONAL OPERATOR.
 3544                     ; [DOMASK] CONTAINS THE BITS AS TO WHICH RELATIONAL
 3545                     ; OPERATOR IT WAS. CARRY BIT ON=STRING COMPARE.
 3546                     ;
 3547  1526  20 28 13     DOREL:	JSR	CHKVAL		;CHECK FOR MATCH.
 3548  1529  B0 13        	BCS	STRCMP		;IT IS A STRING.
 3549  152B  A5 AD        	LDA	ARGSGN		;PACK ARG FOR FCOMP.
 3550  152D  09 7F        	ORAI	127
 3551  152F  25 A9        	AND	ARGHO
 3552  1531  85 A9        	STA	ARGHO
 3553  1533  A9 A8 A0 00  	LDWDI	ARGEXP
 3554  1537  20 51 21     	JSR	FCOMP
 3555  153A  AA           	TAX
 3556  153B  4C 71 15     	JMP	QCOMP
 3557  153E  A9 00 85 11  STRCMP: CLR	VALTYP		;RESULT WILL BE NUMERIC.
 3558  1542  C6 8C        	DEC	OPMASK		;TURN OFF VALTYP WHICH WAS STRING.
 3559  1544  20 9B 1B     	JSR	FREFAC		;FREE THE FACLO STRING.
 3560  1547  85 A0        	STA	DSCTMP		;SAVE FOR LATER.
 3561  1549  86 A1 84 A2  	STXY	DSCTMP+1
 3562  154D  A5 AB A4 AC  	LDWD	ARGMO		;GET POINTER TO OTHER STRING.
 3563  1551  20 9F 1B     	JSR	FRETMP		;FREES FIRST DESC POINTER.
 3564  1554  86 AB 84 AC  	STXY	ARGMO
 3565  1558  AA           	TAX			;COPY COUNT INTO X.
 3566  1559  38           	SEC
 3567  155A  E5 A0        	SBC	DSCTMP		;WHICH IS GREATER. IF 0, ALL SET UP.
 3568  155C  F0 08        	BEQ	STASGN		;JUST PUT SIGN OF DIFFERENCE AWAY.
 3569  155E  A9 01        	LDAI	1
 3570  1560  90 04        	BCC	STASGN		;SIGN IS POSITIVE.
 3571  1562  A6 A0        	LDX	DSCTMP		;LENGTH OF FAC IS SHORTER.
 3572  1564  A9 FF        	LDAI	^O377		;GET A MINUS 1 FOR NEGATIVES.
 3573  1566  85 A5        STASGN: STA	FACSGN		;KEEP FOR LATER.
 3574  1568  A0 FF        	LDYI	255		;SET POINTER TO FIRST STRING. (ARG.)
 3575  156A  E8           	INX			;TO LOOP PROPERLY.
 3576  156B  C8           NXTCMP: INY
 3577  156C  CA           	DEX			;ANY CHARACTERS LEFT TO COMPARE?
 3578  156D  D0 07        	BNE	GETCMP		;NOT DONE YET.
 3579  156F  A6 A5        	LDX	FACSGN		;USE SIGN OF LENGTH DIFFERENCE
 3580                     				;SINCE ALL CHARACTERS ARE THE SAME.
 3581  1571  30 0F        QCOMP:	BMI	DOCMP		;C IS ALWAYS SET THEN.
 3582  1573  18           	CLC
 3583  1574  90 0C        	BCC	DOCMP		;ALWAYS BRANCH.
 3584  1576  B1 AB        GETCMP: LDADY	ARGMO		;GET NEXT CHAR TO COMPARE.
 3585  1578  D1 A1        	CMPDY	DSCTMP+1	;SAME?
 3586  157A  F0 EF        	BEQ	NXTCMP		;YEP. TRY FURTHER.
 3587  157C  A2 FF        	LDXI	^O377		;SET A POSITIVE DIFFERENCE.
 3588  157E  B0 02        	BCS	DOCMP		;PUT STACK BACK TOGETHER.
 3589  1580  A2 01        	LDXI	1		;SET A NEGATIVE DIFFERENCE.
 3590  1582  E8           DOCMP:	INX			;-1 TO 1, 0 TO 2, 1 TO 4.
 3591  1583  8A           	TXA
 3592  1584  2A           	ROL	A
 3593  1585  25 16        	AND	DOMASK
 3594  1587  F0 02        	BEQ	GOFLOT
 3595  1589  A9 FF        	LDAI	^O377		;MAP 0 TO 0. ALL OTHERS TO -1.
 3596  158B  4C 32 21     GOFLOT: JMP	FLOAT		;FLOAT THE ONE-BYTE RESULT INTO FAC.
 3598                     PAGE
 3599                     SUBTTL	DIMENSION AND VARIABLE SEARCHING.
 3600                     ;
 3601                     ; THE "DIM" CODE SETS [DIMFLG] AND THEN FALLS INTO THE VARIABLE SEARCH
 3602                     ; ROUTINE, WHICH LOOKS AT DIMFLG AT THREE DIFFERENT POINTS.
 3603                     ;	1) IF AN ENTRY IS FOUND, "DIMFLG" BEING ON INDICATES
 3604                     ;		A "DOUBLY" DIMENSIONED VARIABLE.
 3605                     ;	2) WHEN A NEW ENTRY IS BEING BUILT "DIMFLG" BEING ON
 3606                     ;		INDICTAES THE INDICES SHOULD BE USED FOR THE
 3607                     ;		SIZE OF EACH INDEX. OTHERWISE THE DEFAULT OF TEN
 3608                     ;		IS USED.
 3609                     ;	3) WHEN THE BUILD ENTRY CODE FINISHES, ONLY IF "DIMFLG" IS OFF
 3610                     ;		WILL INDEXING BE DONE.
 3611                     ;
 3612  158E  20 7C 14     DIM3:	JSR	CHKCOM		;MUST BE A COMMA
 3613  1591  AA           DIM:	TAX			;SET [ACCX] NONZERO.
 3614                     				;[ACCA] MUST BE NONZERO TO WORK RIGHT.
 3615  1592  20 A0 15     DIM1:	JSR	PTRGT1
 3616  1595  20 B8 00     DIMCON: JSR	CHRGOT		;GET LAST CHARACTER.
 3617  1598  D0 F4        	BNE	DIM3
 3618  159A  60           	RTS
 3619                     ;
 3620                     ; ROUTINE TO READ THE VARIABLE NAME AT THE CURRENT TEXT POSITION
 3621                     ; AND  PUT A POINTER TO ITS VALUE IN VARPNT. [TXTPTR]
 3622                     ; POINTS TO THE TERMINATING CHARCTER.. NOT THAT EVALUATING SUBSCRIPTS
 3623                     ; IN A VARIABLE NAME CAN CAUSE RECURSIVE CALLS TO "PTRGET" SO AT
 3624                     ; THAT POINT ALL VALUES MUST BE STORED ON THE STACK.
 3625                     ;
 3626  159B  A2 00        PTRGET: LDXI	0		;MAKE [ACCX]=0.
 3627  159D  20 B8 00     	JSR	CHRGOT		;RETRIEVE LAST CHARACTER.
 3628  15A0  86 10        PTRGT1: STX	DIMFLG		;STORE FLAG AWAY.
 3629  15A2  85 84        PTRGT2: STA	VARNAM
 3630  15A4  20 B8 00     	JSR	CHRGOT		;GET CURRENT CHARACTER
 3631                     				;MAYBE WITH FUNCTION BIT OFF.
 3632  15A7  20 25 16     	JSR	ISLETC		;CHECK FOR LETTER.
 3633  15AA  B0 03        	BCS	PTRGT3		;MUST HAVE A LETTER.
 3634  15AC  4C 87 14     INTERR: JMP	SNERR
 3635  15AF  A2 00        PTRGT3: LDXI	0		;ASSUME NO SECOND CHARACTER.
 3636  15B1  86 11        	STX	VALTYP		;DEFAULT IS NUMERIC.
 3637                     IFN	INTPRC,<
 3638  15B3  86 12        	STX	INTFLG
 3639  15B5  20 B2 00     	JSR	CHRGET		;GET FOLLOWING CHARACTER.
 3640  15B8  90 05        	BCC	ISSEC		;CARRY RESET BY CHRGET IF NUMERIC.
 3641  15BA  20 25 16     	JSR	ISLETC		;SET CARRY IF NOT ALPHABETIC.
 3642  15BD  90 0B        	BCC	NOSEC		;ALLOW ALPHABETICS.
 3643  15BF  AA           ISSEC:	TAX			;IT IS A NUMBER -- SAVE IN ACCX.
 3644  15C0  20 B2 00     EATEM:	JSR	CHRGET		;LOOK AT NEXT CHARACTER.
 3645  15C3  90 FB        	BCC	EATEM		;SKIP NUMERICS.
 3646  15C5  20 25 16     	JSR	ISLETC
 3647  15C8  B0 F6        	BCS	EATEM		;SKIP ALPHABETICS.
 3648  15CA  C9 24        NOSEC:	CMPI	"$"		;IS IT A STRING?
 3649  15CC  D0 06        	BNE	NOTSTR		;IF NOT, [VALTYP]=0.
 3650  15CE  A9 FF        	LDAI	^O377		;SET [VALTYP]=255 (STRING !).
 3651  15D0  85 11        	STA	VALTYP
 3652                     IFN	INTPRC,<
 3653  15D2  D0 10        	BNEA	TURNON		;ALWAYS GOES.
 3654  15D4  C9 25        NOTSTR: CMPI	"%"		;INTEGER VARIABLE?
 3655  15D6  D0 13        	BNE	STRNAM		;NO.
 3656  15D8  A5 14        	LDA	SUBFLG
 3657  15DA  D0 D0        	BNE	INTERR
 3658  15DC  A9 80        	LDAI	128
 3659  15DE  85 12        	STA	INTFLG		;SET FLAG.
 3660  15E0  05 84        	ORA	VARNAM		;TURN ON BOTH HIGH BITS.
 3661  15E2  85 84        	STA	VARNAM
 3662  15E4  8A           TURNON: TXA
 3663  15E5  09 80        	ORAI	128		;TURN ON MSB OF SECOND CHARACTER.
 3664  15E7  AA           	TAX
 3665  15E8  20 B2 00     	JSR	CHRGET		;GET CHARACTER AFTER $.
 3666                     IFE	INTPRC,<
                          NOTSTR:>
 3668  15EB  86 85        STRNAM: STX	VARNAM+1	;STORE AWAY SECOND CHARACTER.
 3669  15ED  38           	SEC
 3670  15EE  05 14        	ORA	SUBFLG		;ADD FLAG WHETHER TO ALLOW ARRAYS.
 3671  15F0  E9 28        	SBCI	40		;(CHECK FOR "(") WON'T MATCH IF SUBFLG SET.
 3672  15F2  D0 03 4C C7  	JEQ	ISARY		;IT IS!
       15F6  16
 3673  15F7  A9 00 85 14  	CLR	SUBFLG		;ALLOW SUBSCRIPTS AGAIN.
 3674  15FB  A5 6C        	LDA	VARTAB		;PLACE TO START SEARCH.
 3675  15FD  A6 6D        	LDX	VARTAB+1
 3676  15FF  A0 00        	LDYI	0
 3677  1601  86 9F        STXFND: STX	LOWTR+1
 3678  1603  85 9E        LOPFND: STA	LOWTR
 3679  1605  E4 6F        	CPX	ARYTAB+1	;AT END OF TABLE YET?
 3680  1607  D0 04        	BNE	LOPFN
 3681  1609  C5 6E        	CMP	ARYTAB
 3682  160B  F0 22        	BEQ	NOTFNS		;YES. WE COULDN'T FIND IT.
 3683  160D  A5 84        LOPFN:	LDA	VARNAM
 3684  160F  D1 9E        	CMPDY	LOWTR		;COMPARE HIGH ORDERS.
 3685  1611  D0 08        	BNE	NOTIT		;NO COMPARISON.
 3686  1613  A5 85        	LDA	VARNAM+1
 3687  1615  C8           	INY
 3688  1616  D1 9E        	CMPDY	LOWTR		;AND THE LOW PART?
 3689  1618  F0 6A        	BEQ	FINPTR		;THAT'S IT ! THAT'S IT !
 3690  161A  88           	DEY
 3691  161B  18           NOTIT:	CLC
 3692  161C  A5 9E        	LDA	LOWTR
 3693  161E  69 07        	ADCI	6+ADDPRC	;MAKES NO DIF AMONG TYPES.
 3694  1620  90 E1        	BCC	LOPFND
 3695  1622  E8           	INX
 3696  1623  D0 DC        	BNEA	STXFND		;ALWAYS BRANCHES.
 3698                     ;
 3699                     ; TEST FOR A LETTER.	/ CARRY OFF= NOT A LETTER.
 3700                     ;			  CARRY ON= A LETTER.
 3701                     ;
 3702  1625  C9 41        ISLETC: CMPI	"A"
 3703  1627  90 05        	BCC	ISLRTS		;IF LESS THAN "A", RET.
 3704  1629  E9 5B        	SBCI	"Z"+1
 3705  162B  38           	SEC
 3706  162C  E9 A5        	SBCI	256-"Z"-1	;RESET CARRY IF [A] .GT. "Z".
 3707  162E  60           ISLRTS: RTS			;RETURN TO CALLER.
 3709  162F  68           NOTFNS: PLA			;CHECK WHO'S CALLING.
 3710  1630  48           	PHA			;RESTORE IT.
 3711  1631  C9 00        	CMPI	ISVRET-1-<ISVRET-1>/256*256	;IS EVAL CALLING?
 3712  1633  D0 0D        	BNE	NOTEVL		;NO, CARRY ON.
 3713                     IFN	REALIO-3,<
 3714  1635  BA           	TSX
 3715  1636  BD 02 01     	LDA	258,X
 3716  1639  C9 14        	CMPI	<<ISVRET-1>/256>
 3717  163B  D0 05        	BNE	NOTEVL
 3718  163D  A9 05 A0 24  LDZR:	LDWDI	ZERO		;SET UP PNTR TO SIMULATED ZERO.
 3719  1641  60           	RTS			;FOR STRINGS OR NUMERIC.
 3720                     				;AND FOR INTEGERS TOO.
 3721  1642               NOTEVL:
 3722                     IFN	TIME!EXTIO,<
                          	LDWD	VARNAM>
 3724                     IFN	TIME,<
                          	CMPI	"T"
                          	BNE	QSTAVR
                          	CPYI	"I"+128
                          	BEQ	LDZR
                          	CPYI	"I"
                          	BNE	QSTAVR>
 3731                     IFN	EXTIO!TIME,<
                          GOBADV: JMP	SNERR>
 3733  1642               QSTAVR:
 3734                     IFN	EXTIO,<
                          	CMPI	"S"
                          	BNE	VAROK
                          	CPYI	"T"
                          	BEQ	GOBADV>
 3739  1642  A5 6E A4 6F  VAROK:	LDWD	ARYTAB
 3740  1646  85 9E 84 9F  	STWD	LOWTR		;LOWEST THING TO MOVE.
 3741  164A  A5 70 A4 71  	LDWD	STREND		;GET HIGHEST ADDR TO MOVE.
 3742  164E  85 99 84 9A  	STWD	HIGHTR
 3743  1652  18           	CLC
 3744  1653  69 07        	ADCI	6+ADDPRC
 3745  1655  90 01        	BCC	NOTEVE
 3746  1657  C8           	INY
 3747  1658  85 97 84 98  NOTEVE: STWD	HIGHDS		;PLACE TO STUFF IT.
 3748  165C  20 C4 09     	JSR	BLTU		;MOVE IT ALL.
 3749                     				;NOTE [Y,A] HAS [HIGHDS] FOR REASON.
 3750  165F  A5 97 A4 98  	LDWD	HIGHDS		;AND SET UP
 3751  1663  C8           	INY
 3752  1664  85 6E 84 6F  	STWD	ARYTAB		;NEW START OF ARRAY TABLE.
 3753  1668  A0 00        	LDYI	0		;GET ADDR OF VARIABLE ENTRY.
 3754  166A  A5 84        	LDA	VARNAM
 3755  166C  91 9E        	STADY	LOWTR
 3756  166E  C8           	INY
 3757  166F  A5 85        	LDA	VARNAM+1
 3758  1671  91 9E        	STADY	LOWTR		;STORE NAME OF VARIABLE.
 3759  1673  A9 00        	LDAI	0
 3760  1675  C8           	INY
 3761  1676  91 9E        	STADY	LOWTR
 3762  1678  C8           	INY
 3763  1679  91 9E        	STADY	LOWTR
 3764  167B  C8           	INY
 3765  167C  91 9E        	STADY	LOWTR
 3766  167E  C8           	INY
 3767  167F  91 9E        	STADY	LOWTR		;FOURTH ZERO FOR DEF FUNC.
 3768                     IFN	ADDPRC,<
 3769  1681  C8           	INY
 3770  1682  91 9E        	STADY	LOWTR
 3771  1684  A5 9E        FINPTR: LDA	LOWTR
 3772  1686  18           	CLC
 3773  1687  69 02        	ADCI	2
 3774  1689  A4 9F        	LDY	LOWTR+1
 3775  168B  90 01        	BCC	FINNOW
 3776  168D  C8           	INY
 3777  168E  85 86 84 87  FINNOW: STWD	VARPNT		;THIS IS IT.
 3778  1692  60           	RTS
 3779                     PAGE
 3780                     SUBTTL	MULTIPLE DIMENSION CODE.
 3781  1693  A5 0F        FMAPTR: LDA	COUNT
 3782  1695  0A           	ASL	A,
 3783  1696  69 05        	ADCI	5		;POINT TO ENTRIES. C CLR'D BY ASL.
 3784  1698  65 9E        	ADC	LOWTR
 3785  169A  A4 9F        	LDY	LOWTR+1
 3786  169C  90 01        	BCC	JSRGM
 3787  169E  C8           	INY
 3788  169F  85 97 84 98  JSRGM:	STWD	ARYPNT
 3789  16A3  60           	RTS
 3791  16A4  90 80 00 00  N32768: EXP	144,128,0,0	;-32768.
 3793                     ;
 3794                     ; INTIDX READS A FORMULA FROM THE CURRENT POSITION AND
 3795                     ; TURNS IT INTO A POSITIVE INTEGER
 3796                     ; LEAVING THE RESULT IN FACMO&LO. NEGATIVE ARGUMENTS
 3797                     ; ARE NOT ALLOWED.
 3798                     ;
 3799  16A8  20 B2 00     INTIDX: JSR	CHRGET
 3800  16AB  20 36 13     	JSR	FRMEVL		;GET A NUMBER
 3801  16AE  20 25 13     POSINT: JSR	CHKNUM
 3802  16B1  A5 A5        	LDA	FACSGN
 3803  16B3  30 0D        	BMI	NONONO		;IF NEGATIVE, BLOW HIM OUT.
 3804  16B5  A5 A0        AYINT:	LDA	FACEXP
 3805  16B7  C9 90        	CMPI	144		;FAC .GT. 32767?
 3806  16B9  90 09        	BCC	QINTGO
 3807  16BB  A9 A4 A0 16  	LDWDI	N32768		;GET ADDR OF -32768.
 3808  16BF  20 51 21     	JSR	FCOMP		;SEE IF FAC=[[Y,A]].
 3809  16C2  D0 7A        NONONO: BNE	FCERR		;NO, FAC IS TOO BIG.
 3810  16C4  4C 91 21     QINTGO: JMP	QINT		;GO TO QINT AND SHOVE IT.
 3811                     ;
 3812                     ; FORMAT OF ARRAYS IN CORE.
 3813                     ;
 3814                     ; DESCRIPTOR:
 3815                     ;	LOWBYTE = FIRST CHARACTER.
 3816                     ;	HIGHBYTE = SECOND CHARACTER (200 BIT IS STRING FLAG).
 3817                     ; LENGTH OF ARRAY IN CORE IN BYTES (INCLUDES EVERYTHING).
 3818                     ; NUMBER OF DIMENSIONS.
 3819                     ; FOR EACH DIMENSION STARTING WITH THE FIRST A LIST
 3820                     ; (2 BYTES EACH) OF THE MAX INDICE+1
 3821                     ; THE VALUES
 3822                     ;
 3823  16C7  A5 10        ISARY:	LDA	DIMFLG
 3824                     IFN	INTPRC,<
 3825  16C9  05 12        	ORA	INTFLG
 3826  16CB  48           	PHA			;SAVE [DIMFLG] FOR RECURSION.
 3827  16CC  A5 11        	LDA	VALTYP
 3828  16CE  48           	PHA			;SAVE [VALTYP] FOR RECURSION.
 3829  16CF  A0 00        	LDYI	0		;SET NUMBER OF DIMENSIONS TO ZERO.
 3830  16D1  98           INDLOP: TYA			;SAVE NUMBER OF DIMS.
 3831  16D2  48           	PHA
 3832  16D3  A5 85 48 A5  	PSHWD	VARNAM		;SAVE LOOKS.
       16D7  84 48
 3833  16D9  20 A8 16     	JSR	INTIDX		;EVALUATE INDICE INTO FACMO&LO.
 3834  16DC  68 85 84 68  	PULWD	VARNAM		;GET BACK ALL... WE'RE HOME.
       16E0  85 85
 3835  16E2  68           	PLA			;(# OF DIMS).
 3836  16E3  A8           	TAY
 3837  16E4  BA           	TSX
 3838  16E5  BD 02 01     	LDA	258,X
 3839  16E8  48           	PHA			;PUSH DIMFLG AND VALTYP FURTHER.
 3840  16E9  BD 01 01     	LDA	257,X
 3841  16EC  48           	PHA
 3842  16ED  A5 A3        	LDA	INDICE		;PUT INDICE ONTO STACK.
 3843  16EF  9D 02 01     	STA	258,X,		;UNDER DIMFLG AND VALTYP.
 3844  16F2  A5 A4        	LDA	INDICE+1
 3845  16F4  9D 01 01     	STA	257,X
 3846  16F7  C8           	INY			;INCREMENT # OF DIMS.
 3847  16F8  20 B8 00     	JSR	CHRGOT		;GET TERMINATING CHARACTER.
 3848  16FB  C9 2C        	CMPI	44		;A COMMA?
 3849  16FD  F0 D2        	BEQ	INDLOP		;YES.
 3850  16FF  84 0F        	STY	COUNT		;SAVE COUNT OF DIMS.
 3851  1701  20 76 14     	JSR	CHKCLS		;MUST BE CLOSED PAREN.
 3852  1704  68           	PLA
 3853  1705  85 11        	STA	VALTYP		;GET VALTYP AND
 3854  1707  68           	PLA
 3855                     IFN	INTPRC,<
 3856  1708  85 12        	STA	INTFLG
 3857  170A  29 7F        	ANDI	127
 3858  170C  85 10        	STA	DIMFLG		;DIMFLG OFF STACK.
 3859  170E  A6 6E        	LDX	ARYTAB		;PLACE TO START SEARCH.
 3860  1710  A5 6F        	LDA	ARYTAB+1
 3861  1712  86 9E        LOPFDA: STX	LOWTR
 3862  1714  85 9F        	STA	LOWTR+1
 3863  1716  C5 71        	CMP	STREND+1	;END OF ARRAYS?
 3864  1718  D0 04        	BNE	LOPFDV
 3865  171A  E4 70        	CPX	STREND
 3866  171C  F0 39        	BEQ	NOTFDD		;A FINE THING! NO ARRAY!.
 3867  171E  A0 00        LOPFDV: LDYI	0
 3868  1720  B1 9E        	LDADY	LOWTR
 3869  1722  C8           	INY
 3870  1723  C5 84        	CMP	VARNAM		;COMPARE HIGH ORDERS.
 3871  1725  D0 06        	BNE	NMARY1		;NO WAY IS IT THIS. GET OUT OF HERE.
 3872  1727  A5 85        	LDA	VARNAM+1
 3873  1729  D1 9E        	CMPDY	LOWTR		;LOW ORDERS?
 3874  172B  F0 16        	BEQ	GOTARY		;WELL, HERE IT IS !!
 3875  172D  C8           NMARY1: INY
 3876  172E  B1 9E        	LDADY	LOWTR		;GET LENGTH.
 3877  1730  18           	CLC
 3878  1731  65 9E        	ADC	LOWTR
 3879  1733  AA           	TAX
 3880  1734  C8           	INY
 3881  1735  B1 9E        	LDADY	LOWTR
 3882  1737  65 9F        	ADC	LOWTR+1
 3883  1739  90 D7        	BCC	LOPFDA		;ALWAYS BRANCHES.
 3884  173B  A2 10        BSERR:	LDXI	ERRBS		;GET BAD SUB ERROR NUMBER.
 3885  173D  2C           	SKIP2
 3886  173E  A2 08        FCERR:	LDXI	ERRFC		;TOO BIG. "FUNCTION CALL" ERROR.
 3887  1740  4C 43 0A     ERRGO3: JMP	ERROR
 3888  1743  A2 12        GOTARY: LDXI	ERRDD		;PERHAPS A "RE-DIMENSION" ERROR
 3889  1745  A5 10        	LDA	DIMFLG		;TEST THE DIMFLG
 3890  1747  D0 F7        	BNE	ERRGO3
 3891  1749  20 93 16     	JSR	FMAPTR
 3892  174C  A5 0F        	LDA	COUNT		;GET NUMBER OF DIMS INPUT.
 3893  174E  A0 04        	LDYI	4
 3894  1750  D1 9E        	CMPDY	LOWTR		;# OF DIMS THE SAME?
 3895  1752  D0 E7        	BNE	BSERR		;SAME SO GO GET DEFINITION.
 3896  1754  4C E1 17     	JMP	GETDEF
 3898                     ;
 3899                     ; HERE WHEN VARIABLE IS NOT FOUND IN THE ARRAY TABLE.
 3900                     ;
 3901                     ; BUILDING AN ENTRY.
 3902                     ;
 3903                     ;	PUT DOWN THE DESCRIPTOR.
 3904                     ;	SETUP NUMBER OF DIMENSIONS.
 3905                     ;	MAKE SURE THERE IS ROOM FOR THE NEW ENTRY.
 3906                     ;	REMEMBER "VARPNT".
 3907                     ;	TALLY=4.
 3908                     ;	SKIP 2 LOCS FOR LATER FILL IN OF SIZE.
 3909                     ; LOOP: GET AN INDICE
 3910                     ;	PUT DOWN NUMBER+1 AND INCREMENT VARPTR.
 3911                     ;	TALLY=TALLY*NUMBER+1.
 3912                     ;	DECREMENT NUMBER-DIMS.
 3913                     ;	BNE LOOP
 3914                     ;	CALL "REASON" WITH [Y,A] REFLECTING LAST LOC OF VARIABLE.
 3915                     ;	UPDATE STREND.
 3916                     ;	ZERO ALL.
 3917                     ;	MAKE TALLY INCLUDE MAXDIMS AND DESCRIPTOR.
 3918                     ;	PUT DOWN TALLY.
 3919                     ;	IF CALLED BY DIMENSION, RETURN.
 3920                     ;	OTHERWISE INDEX INTO THE VARIABLE AS IF IT
 3921                     ;	 WERE FOUND ON THE INITIAL SEARCH.
 3922                     ;
 3923  1757  20 93 16     NOTFDD: JSR	FMAPTR		;FORM ARYPNT.
 3924  175A  20 14 0A     	JSR	REASON
 3925  175D  A9 00        	LDAI	0
 3926  175F  A8           	TAY
 3927  1760  85 B1        	STA	CURTOL+1
 3928                     IFE	ADDPRC,<
                          	LDXI	4>
 3930                     IFN	ADDPRC,<
 3931  1762  A2 05        	LDXI	5
 3932  1764  A5 84        	LDA	VARNAM		;THIS CODE ONLY WORKS FOR INTPRC=1
 3933  1766  91 9E        	STADY	LOWTR		;IF ADDPRC=1.
 3934                     IFN	ADDPRC,<
 3935  1768  10 01        	BPL	NOTFLT
 3936  176A  CA           	DEX
 3937  176B  C8           NOTFLT: INY
 3938  176C  A5 85        	LDA	VARNAM+1
 3939  176E  91 9E        	STADY	LOWTR
 3940  1770  10 02        	BPL	STOMLT
 3941  1772  CA           	DEX
 3942                     IFN	ADDPRC,<
 3943  1773  CA           	DEX
 3944  1774  86 B0        STOMLT: STX	CURTOL
 3945  1776  A5 0F        	LDA	COUNT
 3946  1778  C8 C8 C8     	REPEAT	3,<INY>
 3947  177B  91 9E        	STADY	LOWTR		;SAVE NUMBER OF DIMENSIONS.
 3948  177D  A2 0B        LOPPTA: LDXI	11		;DEFAULT SIZE.
 3949  177F  A9 00        	LDAI	0
 3950  1781  24 10        	BIT	DIMFLG
 3951  1783  50 08        	BVC	NOTDIM		;NOT IN A DIM STATEMENT.
 3952  1785  68           	PLA			;GET LOW ORDER OF INDICE.
 3953  1786  18           	CLC
 3954  1787  69 01        	ADCI	1
 3955  1789  AA           	TAX
 3956  178A  68           	PLA			;GET HIGH PART OF INDICE.
 3957  178B  69 00        	ADCI	0
 3958  178D  C8           NOTDIM: INY
 3959  178E  91 9E        	STADY	LOWTR		;STORE HIGH PART OF INDICE.
 3960  1790  C8           	INY
 3961  1791  8A           	TXA
 3962  1792  91 9E        	STADY	LOWTR		;STORE LOW ORDER OF INDICE.
 3963  1794  20 43 18     	JSR	UMULT		;[X,A]=[CURTOL]*[LOWTR,Y]
 3964  1797  86 B0        	STX	CURTOL		;SAVE NEW TALLY.
 3965  1799  85 B1        	STA	CURTOL+1
 3966  179B  A4 61        	LDY	INDEX
 3967  179D  C6 0F        	DEC	COUNT		;ANY MORE INDICES LEFT?
 3968  179F  D0 DC        	BNE	LOPPTA		;YES.
 3969  17A1  65 98        	ADC	ARYPNT+1
 3970  17A3  B0 5D        	BCS	OMERR1		;OVERFLOW.
 3971  17A5  85 98        	STA	ARYPNT+1	;COMPUTE WHERE TO ZERO.
 3972  17A7  A8           	TAY
 3973  17A8  8A           	TXA
 3974  17A9  65 97        	ADC	ARYPNT
 3975  17AB  90 03        	BCC	GREASE
 3976  17AD  C8           	INY
 3977  17AE  F0 52        	BEQ	OMERR1
 3978  17B0  20 14 0A     GREASE: JSR	REASON		;GET ROOM.
 3979  17B3  85 70 84 71  	STWD	STREND		;NEW END OF STORAGE.
 3980  17B7  A9 00        	LDAI	0		;STORING [ACCA] IS FASTER THAN CLEAR.
 3981  17B9  E6 B1        	INC	CURTOL+1
 3982  17BB  A4 B0        	LDY	CURTOL
 3983  17BD  F0 05        	BEQ	DECCUR
 3984  17BF  88           ZERITA: DEY
 3985  17C0  91 97        	STADY	ARYPNT
 3986  17C2  D0 FB        	BNE	ZERITA		;NO. CONTINUE.
 3987  17C4  C6 98        DECCUR: DEC	ARYPNT+1
 3988  17C6  C6 B1        	DEC	CURTOL+1
 3989  17C8  D0 F5        	BNE	ZERITA		;DO ANOTHER BLOCK.
 3990  17CA  E6 98        	INC	ARYPNT+1	;BUMP BACK UP. WILL USE LATER.
 3991  17CC  38           	SEC
 3992  17CD  A5 70        	LDA	STREND		;RESTORE [ACCA].
 3993  17CF  E5 9E        	SBC	LOWTR		;DETERMINE LENGTH.
 3994  17D1  A0 02        	LDYI	2
 3995  17D3  91 9E        	STADY	LOWTR		;LOW.
 3996  17D5  A5 71        	LDA	STREND+1
 3997  17D7  C8           	INY
 3998  17D8  E5 9F        	SBC	LOWTR+1
 3999  17DA  91 9E        	STADY	LOWTR		;HIGH.
 4000  17DC  A5 10        	LDA	DIMFLG
 4001  17DE  D0 62        	BNE	DIMRTS		;BYE.
 4002  17E0  C8           	INY
 4003                     ;
 4004                     ; AT THIS POINT [LOWTR,Y] POINTS BEYOND THE SIZE TO THE NUMBER OF
 4005                     ; DIMENSIONS. STRATEGY:
 4006                     ;	NUMDIM=NUMBER OF DIMENSIONS.
 4007                     ;	CURTOL=0.
 4008                     ; INLPNM:GET A NEW INDICE.
 4009                     ;	MAKE SURE INDICE IS NOT TOO BIG.
 4010                     ;	MULTIPLY CURTOL BY CURMAX.
 4011                     ;	ADD INDICE TO CURTOL.
 4012                     ;	NUMDIM=NUMDIM-1.
 4013                     ;	BNE	INLPNM.
 4014                     ;	USE [CURTOL]*4 AS OFFSET.
 4015                     ;
 4016  17E1  B1 9E        GETDEF: LDADY	LOWTR
 4017  17E3  85 0F        	STA	COUNT		;SAVE A COUNTER.
 4018  17E5  A9 00        	LDAI	0		;ZERO [CURTOL].
 4019  17E7  85 B0        	STA	CURTOL
 4020  17E9  85 B1        INLPNM: STA	CURTOL+1
 4021  17EB  C8           	INY
 4022  17EC  68           	PLA			;GET LOW INDICE.
 4023  17ED  AA           	TAX
 4024  17EE  85 A3        	STA	INDICE
 4025  17F0  68           	PLA			;AND THE HIGH PART
 4026  17F1  85 A4        	STA	INDICE+1
 4027  17F3  D1 9E        	CMPDY	LOWTR		;COMPARE WITH MAX INDICE.
 4028  17F5  90 0E        	BCC	INLPN2
 4029  17F7  D0 06        	BNE	BSERR7		;IF GREATER, "BAD SUBSCRIPT" ERROR.
 4030  17F9  C8           	INY
 4031  17FA  8A           	TXA
 4032  17FB  D1 9E        	CMPDY	LOWTR
 4033  17FD  90 07        	BCC	INLPN1
 4034  17FF  4C 3B 17     BSERR7: JMP	BSERR
 4035  1802  4C 41 0A     OMERR1: JMP	OMERR
 4036  1805  C8           INLPN2: INY
 4037  1806  A5 B1        INLPN1: LDA	CURTOL+1	;DON'T MULTIPLY IF CURTOL=0.
 4038  1808  05 B0        	ORA	CURTOL
 4039  180A  18           	CLC			;PREPARE TO GET INDICE BACK.
 4040  180B  F0 0A        	BEQ	ADDIND		;GET HIGH PART OF INDICE BACK.
 4041  180D  20 43 18     	JSR	UMULT		;MULTIPLY [CURTOL] BY [LOWTR,Y,Y+1].
 4042  1810  8A           	TXA
 4043  1811  65 A3        	ADC	INDICE		;ADD IN [INDICE].
 4044  1813  AA           	TAX
 4045  1814  98           	TYA
 4046  1815  A4 61        	LDY	INDEX1
 4047  1817  65 A4        ADDIND: ADC	INDICE+1
 4048  1819  86 B0        	STX	CURTOL
 4049  181B  C6 0F        	DEC	COUNT		;ANY MORE?
 4050  181D  D0 CA        	BNE	INLPNM		;YES.
 4051  181F  85 B1        	STA	CURTOL+1	;FIX ARRAY BUG ****
 4052                     IFE	ADDPRC,<
                          	LDXI	4>
 4054                     IFN	ADDPRC,<
 4055  1821  A2 05        	LDXI	5		;THIS CODE ONLY WORKS FOR INTPRC=1
 4056  1823  A5 84        	LDA	VARNAM		;IF ADDPRC=1.
 4057  1825  10 01        	BPL	NOTFL1
 4058  1827  CA           	DEX
 4059  1828  A5 85        NOTFL1: LDA	VARNAM+1
 4060  182A  10 02        	BPL	STOML1
 4061  182C  CA           	DEX
 4062                     IFN	ADDPRC,<
 4063  182D  CA           	DEX
 4064  182E  86 67        STOML1: STX	ADDEND
 4065  1830  A9 00        	LDAI	0
 4066  1832  20 4C 18     	JSR	UMULTD		;ON RTS, A&Y=HI . X=LO.
 4067  1835  8A           	TXA
 4068  1836  65 97        	ADC	ARYPNT
 4069  1838  85 86        	STA	VARPNT
 4070  183A  98           	TYA
 4071  183B  65 98        	ADC	ARYPNT+1
 4072  183D  85 87        	STA	VARPNT+1
 4073  183F  A8           	TAY
 4074  1840  A5 86        	LDA	VARPNT
 4075  1842  60           DIMRTS: RTS			;RETURN TO CALLER.
 4076                     SUBTTL	INTEGER ARITHMETIC ROUTINES.
 4077                     	;TWO BYTE UNSIGNED INTEGER MULTIPLY.
 4078                     	;THIS IS FOR MULTIPLY DIMENSIONED ARRAYS.
 4079                     	; [X,Y]=[X,A]=[CURTOL]*[LOWTR,Y,Y+1].
 4080  1843  84 61        UMULT:	STY	INDEX
 4081  1845  B1 9E        	LDADY	LOWTR
 4082  1847  85 67        	STA	ADDEND		;LOW, THEN HIGH.
 4083  1849  88           	DEY
 4084  184A  B1 9E        	LDADY	LOWTR		;PUT [LOWTR,Y,Y+1] IN FASTER MEMORY.
 4085  184C  85 68        UMULTD: STA	ADDEND+1
 4086  184E  A9 10        	LDAI	16
 4087  1850  85 9C        	STA	DECCNT
 4088  1852  A2 00        	LDXI	0		;CLR THE ACCS.
 4089  1854  A0 00        	LDYI	0		;RESULT INITIALLY ZERO.
 4090  1856  8A           UMULTC: TXA
 4091  1857  0A           	ASL	A,		;MULTIPLY BY TWO.
 4092  1858  AA           	TAX
 4093  1859  98           	TYA
 4094  185A  2A           	ROL	A,
 4095  185B  A8           	TAY
 4096  185C  B0 A4        	BCS	OMERR1		;TWO MUCH !
 4097  185E  06 B0        	ASL	CURTOL
 4098  1860  26 B1        	ROL	CURTOL+1
 4099  1862  90 0B        	BCC	UMLCNT		;NOTHING IN THIS POSITION TO MULTIPLY.
 4100  1864  18           	CLC
 4101  1865  8A           	TXA
 4102  1866  65 67        	ADC	ADDEND
 4103  1868  AA           	TAX
 4104  1869  98           	TYA
 4105  186A  65 68        	ADC	ADDEND+1
 4106  186C  A8           	TAY
 4107  186D  B0 93        	BCS	OMERR1		;MAN, JUST TOO MUCH !
 4108  186F  C6 9C        UMLCNT: DEC	DECCNT		;DONE?
 4109  1871  D0 E3        	BNE	UMULTC		;KEEP IT UP.
 4110  1873  60           UMLRTS: RTS			;YES, ALL DONE.
 4111                     PAGE
 4112                     SUBTTL	FRE FUNCTION AND INTEGER TO FLOATING ROUTINES.
 4113  1874  A5 11        FRE:	LDA	VALTYP
 4114  1876  F0 03        	BEQ	NOFREF
 4115  1878  20 9B 1B     	JSR	FREFAC
 4116  187B  20 1B 1A     NOFREF: JSR	GARBA2
 4117  187E  38           	SEC
 4118  187F  A5 72        	LDA	FRETOP		;WE WANT
 4119  1881  E5 70        	SBC	STREND		;[FRETOP]-[STREND].
 4120  1883  A8           	TAY
 4121  1884  A5 73        	LDA	FRETOP+1
 4122  1886  E5 71        	SBC	STREND+1
 4124  1888  A2 00        GIVAYF: LDXI	0
 4125  188A  86 11        	STX	VALTYP
 4126  188C  85 A1 84 A2  	STWD	FACHO
 4127  1890  A2 90        	LDXI	144		;SET EXPONENT TO 2^16.
 4128  1892  4C 3A 21     	JMP	FLOATS		;TURN IT TO A FLOATING PNT #.
 4130  1895  A4 50        POS:	LDY	TRMPOS		;GET POSITION.
 4131  1897  A9 00        SNGFLT: LDAI	0
 4132  1899  F0 ED        	BEQA	GIVAYF		;FLOAT IT.
 4133                     PAGE
 4134                     SUBTTL	SIMPLE-USER-DEFINED-FUNCTION CODE.
 4135                     ;
 4136                     ; NOTE ONLY SINGLE ARGUMENTS ARE ALLOWED TO FUNCTIONS
 4137                     ; AND FUNCTIONS MUST BE OF THE SINGLE LINE FORM:
 4138                     ;	DEF FNA(X)=X^2+X-2
 4139                     ; NO STRINGS CAN BE INVOLVED WITH THESE FUNCTIONS.
 4140                     ;
 4141                     ; IDEA: CREATE A SIMPLE VARIABLE ENTRY
 4142                     ; WHOSE FIRST CHARACTER HAS THE 200 BIT SET.
 4143                     ; THE VALUE WILL BE:
 4144                     ;
 4145                     ;	A TEXT PNTR TO THE FORMULA.
 4146                     ;	A PNTR TO THE ARGUMENT VARIABLE.
 4147                     ;
 4148                     ; FUNCTION NAMES CAN BE LIKE "FNA4".
 4149                     ;
 4150                     ;
 4151                     ; SUBROUTINE TO SEE IF WE ARE IN DIRECT MODE.
 4152                     ; AND COMPLAIN IF SO.
 4153                     ;
 4154  189B  A6 79        ERRDIR: LDX	CURLIN+1	;DIR MODE HAS [CURLIN]=0,255
 4155  189D  E8           	INX			;SO NOW, IS RESULT ZERO?
 4156  189E  D0 A2        	BNE	DIMRTS		;YES.
 4157  18A0  A2 16        	LDXI	ERRID		;INPUT DIRECT ERROR CODE.
 4158  18A2  2C           	SKIP2
 4159  18A3  A2 20        ERRGUF: LDXI	ERRUF		;USER DEFINED FUNCTION NEVER DEFINED
 4160  18A5  4C 43 0A     ERRGO1: JMP	ERROR
 4162  18A8  20 D6 18     DEF:	JSR	GETFNM		;GET A PNTR TO THE FUNCTION.
 4163  18AB  20 9B 18     	JSR	ERRDIR
 4164  18AE  20 79 14     	JSR	CHKOPN		;MUST HAVE "(".
 4165  18B1  A9 80        	LDAI	128
 4166  18B3  85 14        	STA	SUBFLG		;PROHIBIT SUBSCRIPTED VARIABLES.
 4167  18B5  20 9B 15     	JSR	PTRGET		;GET PNTR TO ARGUMENT.
 4168  18B8  20 25 13     	JSR	CHKNUM		;IS IT A NUMBER?
 4169  18BB  20 76 14     	JSR	CHKCLS		;MUST HAVE ")"
 4170  18BE  A9 A9 20 7E  	SYNCHK	EQULTK		;MUST HAVE "=".
       18C2  14
 4171                     IFN	ADDPRC,<PHA>		;PUT CRAZY BYTE ON.
 4171  18C3  48           PHA
 4172  18C4  A5 87 48 A5  	PSHWD	VARPNT
       18C8  86 48
 4173  18CA  A5 BA 48 A5  	PSHWD	TXTPTR
       18CE  B9 48
 4174  18D0  20 40 0F     	JSR	DATA
 4175  18D3  4C 44 19     	JMP	DEFFIN
 4176                     ;
 4177                     ; SUBROUTINE TO GET A PNTR TO A FUNCTION NAME.
 4178                     ;
 4179  18D6  A9 9C 20 7E  GETFNM: SYNCHK	FNTK		;MUST START WITH FN.
       18DA  14
 4180  18DB  09 80        	ORAI	128		;PUT FUNCTION BIT ON.
 4181  18DD  85 14        	STA	SUBFLG
 4182  18DF  20 A2 15     	JSR	PTRGT2		;GET POINTER TO FUNCTION OR CREATE ANEW.
 4183  18E2  85 8D 84 8E  	STWD	DEFPNT
 4184  18E6  4C 25 13     	JMP	CHKNUM		;MAKE SURE IT'S NOT A STRING AND RETURN.
 4186  18E9  20 D6 18     FNDOER: JSR	GETFNM		;GET THE FUNCTION'S NAME.
 4187  18EC  A5 8E 48 A5  	PSHWD	DEFPNT
       18F0  8D 48
 4188  18F2  20 70 14     	JSR	PARCHK		;EVALUATE PARAMETER.
 4189  18F5  20 25 13     	JSR	CHKNUM
 4190  18F8  68 85 8D 68  	PULWD	DEFPNT
       18FC  85 8E
 4191  18FE  A0 02        	LDYI	2
 4192  1900  B1 8D        	LDADY	DEFPNT		;GET POINTER TO VARIABLE.
 4193  1902  85 86        	STA	VARPNT		;SAVE VARIABLE POINTER.
 4194  1904  AA           	TAX
 4195  1905  C8           	INY
 4196  1906  B1 8D        	LDADY	DEFPNT
 4197  1908  F0 99        	BEQ	ERRGUF
 4198  190A  85 87        	STA	VARPNT+1
 4199                     IFN	ADDPRC,<INY>		;SINCE DEF USES ONLY 4.
 4199  190C  C8           INY
 4200  190D  B1 86        DEFSTF: LDADY	VARPNT
 4201  190F  48           	PHA			;PUSH IT ALL ON STACK.
 4202  1910  88           	DEY			;SINCE WE ARE RECURSING MAYBE.
 4203  1911  10 FA        	BPL	DEFSTF
 4204  1913  A4 87        	LDY	VARPNT+1
 4205  1915  20 CA 20     	JSR	MOVMF		;PUT CURRENT FAC INTO OUR ARG VARIABLE.
 4206  1918  A5 BA 48 A5  	PSHWD	TXTPTR		;SAVE TEXT POINTER.
       191C  B9 48
 4207  191E  B1 8D        	LDADY	DEFPNT		;PNTR TO FUNCTION.
 4208  1920  85 B9        	STA	TXTPTR
 4209  1922  C8           	INY
 4210  1923  B1 8D        	LDADY	DEFPNT
 4211  1925  85 BA        	STA	TXTPTR+1
 4212  1927  A5 87 48 A5  	PSHWD	VARPNT		;SAVE VARIABLE POINTER.
       192B  86 48
 4213  192D  20 22 13     	JSR	FRMNUM		;EVALUATE FORMULA AND CHECK NUMERIC.
 4214  1930  68 85 8D 68  	PULWD	DEFPNT
       1934  85 8E
 4215  1936  20 B8 00     	JSR	CHRGOT
 4216  1939  F0 03 4C 87  	JNE	SNERR		;IT DIDN'T TERMINATE. HUH?
       193D  14
 4217  193E  68 85 B9 68  	PULWD	TXTPTR		;RESTORE TEXT PNTR.
       1942  85 BA
 4218  1944  A0 00        DEFFIN: LDYI	0
 4219  1946  68           	PLA			;GET OLD ARG VALUE OFF STACK
 4220  1947  91 8D        	STADY	DEFPNT		;AND PUT IT BACK IN VARIABLE.
 4221  1949  68           	PLA
 4222  194A  C8           	INY
 4223  194B  91 8D        	STADY	DEFPNT
 4224  194D  68           	PLA
 4225  194E  C8           	INY
 4226  194F  91 8D        	STADY	DEFPNT
 4227  1951  68           	PLA
 4228  1952  C8           	INY
 4229  1953  91 8D        	STADY	DEFPNT
 4230                     IFN	ADDPRC,<
 4231  1955  68           	PLA
 4232  1956  C8           	INY
 4233  1957  91 8D        	STADY	DEFPNT
 4234  1959  60           DEFRTS: RTS
 4235                     	PAGE
 4236                     SUBTTL	STRING FUNCTIONS.
 4237                     ;
 4238                     ; THE STR$ FUNCTION TAKES A NUMBER AND GIVES A STRING
 4239                     ; WITH THE CHARACTERS THE OUTPUT OF THE NUMBER
 4240                     ; WOULD HAVE GIVEN.
 4241                     ;
 4242  195A  20 25 13     STR:	JSR	CHKNUM		;ARG HAS TO BE NUMERIC.
 4243  195D  A0 00        	LDYI	0
 4244  195F  20 D5 22     	JSR	FOUTC		;DO ITS OUTPUT.
 4245  1962  68           	PLA
 4246  1963  68           	PLA
 4247  1964  A9 FF A0 00  TIMSTR: LDWDI	LOFBUF
 4248  1968  F0 12        	BEQA	STRLIT		;SCAN IT AND TURN IT INTO A STRING.
 4249                     ;
 4250                     ; "STRINI" GET STRING SPACE FOR THE CREATION OF A STRING AND
 4251                     ; CREATES A DESCRIPTOR FOR IT IN "DSCTMP".
 4252                     ;
 4253  196A  A6 A3 A4 A4  STRINI: LDXY	FACMO		;GET FACMO TO STORE IN DSCPNT.
 4254  196E  86 8F 84 90  	STXY	DSCPNT		;RETAIN THE DESCRIPTOR POINTER.
 4255  1972  20 E9 19     STRSPA: JSR	GETSPA		;GET STRING SPACE.
 4256  1975  86 A1 84 A2  	STXY	DSCTMP+1	;SAVE LOCATION.
 4257  1979  85 A0        	STA	DSCTMP		;SAVE LENGTH.
 4258  197B  60           	RTS			;ALL DONE.
 4259                     ;
 4260                     ; "STRLT2" TAKES THE STRING LITERAL WHOSE FIRST CHARACTER
 4261                     ; IS POINTED TO BY [Y,A] AND BUILDS A DESCRIPTOR FOR IT.
 4262                     ; THE DESCRIPTOR IS INITIALLY BUILT IN "DSCTMP", BUT "PUTNEW"
 4263                     ; TRANSFERS IT INTO A TEMPORARY AND LEAVES A POINTER
 4264                     ; AT THE TEMPORARY IN FACMO&LO. THE CHARACTERS OTHER THAN
 4265                     ; ZERO THAT TERMINATE THE STRING SHOULD BE SET UP IN "CHARAC"
 4266                     ; AND "ENDCHR". IF THE TERMINATOR IS A QUOTE, THE QUOTE IS SKIPPED
 4267                     ; OVER. LEADING QUOTES SHOULD BE SKIPPED BEFORE JSR. ON RETURN
 4268                     ; THE CHARACTER AFTER THE STRING LITERAL IS POINTED TO
 4269                     ; BY [STRNG2].
 4270                     ;
 4271  197C  A2 22        STRLIT: LDXI	34		;ASSUME STRING ENDS ON QUOTE.
 4272  197E  86 0D        	STX	CHARAC
 4273  1980  86 0E        	STX	ENDCHR
 4274  1982  85 AE 84 AF  STRLT2: STWD	STRNG1		;SAVE POINTER TO STRING.
 4275  1986  85 A1 84 A2  	STWD	DSCTMP+1	;IN CASE NO STRCPY.
 4276  198A  A0 FF        	LDYI	255		;INITIALIZE CHARACTER COUNT.
 4277  198C  C8           STRGET: INY
 4278  198D  B1 AE        	LDADY	STRNG1		;GET CHARACTER.
 4279  198F  F0 0C        	BEQ	STRFI1		;IF ZERO.
 4280  1991  C5 0D        	CMP	CHARAC		;THIS TERMINATOR?
 4281  1993  F0 04        	BEQ	STRFIN		;YES.
 4282  1995  C5 0E        	CMP	ENDCHR
 4283  1997  D0 F3        	BNE	STRGET		;LOOK FURTHER.
 4284  1999  C9 22        STRFIN: CMPI	34		;QUOTE?
 4285  199B  F0 01        	BEQ	STRFI2
 4286  199D  18           STRFI1: CLC			;NO, BACK UP.
 4287  199E  84 A0        STRFI2: STY	DSCTMP		;RETAIN COUNT.
 4288  19A0  98           	TYA
 4289  19A1  65 AE        	ADC	STRNG1		;WISHING TO SET [TXTPTR].
 4290  19A3  85 B0        	STA	STRNG2
 4291  19A5  A6 AF        	LDX	STRNG1+1
 4292  19A7  90 01        	BCC	STRST2
 4293  19A9  E8           	INX
 4294  19AA  86 B1        STRST2: STX	STRNG2+1
 4295  19AC  A5 AF        	LDA	STRNG1+1	;IF PAGE 0, COPY SINCE IT IS EITHER
 4296                     				;A STRING CONSTANT IN BUF OR A STR$
 4297                     				;RESULT IN LOFBUF
 4298                     IFN	BUFPAG,<
 4299  19AE  F0 04        	BEQ	STRCP
 4300  19B0  C9 02        	CMPI	BUFPAG
 4301  19B2  D0 0B        	BNE	PUTNEW
 4302  19B4  98           STRCP:	TYA
 4303  19B5  20 6A 19     	JSR	STRINI
 4304  19B8  A6 AE A4 AF  	LDXY	STRNG1
 4305  19BC  20 7D 1B     	JSR	MOVSTR		;MOVE STRING.
 4306                     ;
 4307                     ; SOME STRING FUNCTION IS RETURNING A RESULT IN DSCTMP.
 4308                     ; SETUP A TEMP DESCRIPTOR WITH DSCTMP IN IT.
 4309                     ; PUT A POINTER TO THE DESCRIPTOR IN FACMO&LO AND FLAG THE
 4310                     ; RESULT AS TYPE STRING.
 4311                     ;
 4312  19BF  A6 55        PUTNEW: LDX	TEMPPT		;POINTER TO FIRST FREE TEMP.
 4313  19C1  E0 11        	CPXI	TEMPST+STRSIZ*NUMTMP
 4314  19C3  D0 05        	BNE	PUTNW1
 4315  19C5  A2 1C        	LDXI	ERRST		;STRING TEMPORARY ERROR.
 4316  19C7  4C 43 0A     ERRGO2: JMP	ERROR		;GO TELL HIM.
 4317  19CA  A5 A0        PUTNW1: LDA	DSCTMP
 4318  19CC  95 00        	STA	0,X
 4319  19CE  A5 A1        	LDA	DSCTMP+1
 4320  19D0  95 01        	STA	1,X
 4321  19D2  A5 A2        	LDA	DSCTMP+2
 4322  19D4  95 02        	STA	2,X
 4323  19D6  A0 00        	LDYI	0
 4324  19D8  86 A3 84 A4  	STXY	FACMO
 4325  19DC  84 AF        	STY	FACOV
 4326  19DE  88           	DEY
 4327  19DF  84 11        	STY	VALTYP		;TYPE IS "STRING".
 4328  19E1  86 56        	STX	LASTPT		;SET POINTER TO LAST-USED TEMP.
 4329  19E3  E8           	INX
 4330  19E4  E8           	INX
 4331  19E5  E8           	INX			;POINT FURTHER.
 4332  19E6  86 55        	STX	TEMPPT		;SAVE POINTER TO NEXT TEMP IF ANY.
 4333  19E8  60           	RTS			;ALL DONE.
 4335                     ;
 4336                     ; GETSPA - GET SPACE FOR CHARACTER STRING.
 4337                     ; MAY FORCE GARBAGE COLLECTION.
 4338                     ;
 4339                     ; # OF CHARACTERS (BYTES) IN ACCA.
 4340                     ; RETURNS WITH POINTER IN [Y,X]. OTHERWISE (IF CAN'T GET
 4341                     ; SPACE) BLOWS OFF TO "OUT OF STRING SPACE" TYPE ERROR.
 4342                     ; ALSO PRESERVES [ACCA] AND SETS [FRESPC]=[Y,X]=PNTR AT SPACE.
 4343                     ;
 4344  19E9  46 13        GETSPA: LSR	GARBFL		;SIGNAL NO GARBAGE COLLECTION YET.
 4345  19EB  48           TRYAG2: PHA			;SAVE FOR LATER.
 4346  19EC  49 FF        	EORI	255
 4347  19EE  38           	SEC			;ADD ONE TO COMPLETE NEGATION.
 4348  19EF  65 72        	ADC	FRETOP
 4349  19F1  A4 73        	LDY	FRETOP+1
 4350  19F3  B0 01        	BCS	TRYAG3
 4351  19F5  88           	DEY
 4352  19F6  C4 71        TRYAG3: CPY	STREND+1	;COMPARE HIGH ORDERS.
 4353  19F8  90 11        	BCC	GARBAG		;MAKE ROOM FOR MORE.
 4354  19FA  D0 04        	BNE	STRFRE		;SAVE NEW FRETOP.
 4355  19FC  C5 70        	CMP	STREND		;COMPARE LOW ORDERS.
 4356  19FE  90 0B        	BCC	GARBAG		;CLEAN UP.
 4357  1A00  85 72 84 73  STRFRE: STWD	FRETOP		;SAVE NEW [FRETOP].
 4358  1A04  85 74 84 75  	STWD	FRESPC		;PUT IT THERE OLD MAN.
 4359  1A08  AA           	TAX			;PRESERVE A IN X.
 4360  1A09  68           	PLA			;GET COUNT BACK IN ACCA.
 4361  1A0A  60           	RTS			;ALL DONE.
 4362  1A0B  A2 0C        GARBAG: LDXI	ERROM		;"OUT OF STRING SPACE"
 4363  1A0D  A5 13        	LDA	GARBFL
 4364  1A0F  30 B6        	BMI	ERRGO2
 4365  1A11  20 1B 1A     	JSR	GARBA2
 4366  1A14  A9 80        	LDAI	128
 4367  1A16  85 13        	STA	GARBFL
 4368  1A18  68           	PLA			;GET BACK STRING LENGTH.
 4369  1A19  D0 D0        	BNE	TRYAG2		;ALWAYS BRANCHES.
 4370  1A1B               GARBA2:				;START FROM TOP DOWN.
 4371                     IFE	REALIO!DISKO,<
                          	LDAI	7		;TYPE "BELL".
                          	JSR	OUTDO>
 4374  1A1B  A6 76        	LDX	MEMSIZ
 4375  1A1D  A5 77        	LDA	MEMSIZ+1
 4376  1A1F  86 72        FNDVAR: STX	FRETOP		;LIKE SO.
 4377  1A21  85 73        	STA	FRETOP+1
 4378  1A23  A0 00        	LDYI	0
 4379  1A25  84 8E        	STY	GRBPNT+1
 4380  1A27  84 8D        	STY	GRBPNT		;BOTH BYTES SET TO ZERO (FIX BUG)
 4381  1A29  A5 70 A6 71  	LDWX	STREND
 4382  1A2D  85 9E 86 9F  	STWX	GRBTOP
 4383  1A31  A9 58 A2 00  	LDWXI	TEMPST
 4384  1A35  85 61 86 62  	STWX	INDEX1
 4385  1A39  C5 55        TVAR:	CMP	TEMPPT		;DONE WITH TEMPS?
 4386  1A3B  F0 05        	BEQ	SVARS		;YEP.
 4387  1A3D  20 BC 1A     	JSR	DVAR
 4388  1A40  F0 F7        	BEQ	TVAR		;LOOP.
 4389  1A42  A9 07        SVARS:	LDAI	6+ADDPRC
 4390  1A44  85 92        	STA	FOUR6
 4391  1A46  A5 6C A6 6D  	LDWX	VARTAB		;GET START OF SIMPLE VARIABLES.
 4392  1A4A  85 61 86 62  	STWX	INDEX1
 4393  1A4E  E4 6F        SVAR:	CPX	ARYTAB+1	;DONE WITH SIMPLE VARIABLES?
 4394  1A50  D0 04        	BNE	SVARGO		;NO.
 4395  1A52  C5 6E        	CMP	ARYTAB
 4396  1A54  F0 05        	BEQ	ARYVAR		;YEP.
 4397  1A56  20 B2 1A     SVARGO: JSR	DVARS		;DO IT , AGAIN.
 4398  1A59  F0 F3        	BEQ	SVAR		;LOOP.
 4399  1A5B  85 97 86 98  ARYVAR: STWX	ARYPNT		;SAVE FOR ADDITION.
 4400  1A5F  A9 03        	LDAI	STRSIZ
 4401  1A61  85 92        	STA	FOUR6
 4402  1A63  A5 97 A6 98  ARYVA2: LDWX	ARYPNT		;GET THE POINTER TO VARIABLE.
 4403  1A67  E4 71        ARYVA3: CPX	STREND+1	;DONE WITH ARRAYS?
 4404  1A69  D0 07        	BNE	ARYVGO		;NO.
 4405  1A6B  C5 70        	CMP	STREND
 4406  1A6D  D0 03 4C FB  	JEQ	GRBPAS		;YES, GO FINISH UP.
       1A71  1A
 4407  1A72  85 61 86 62  ARYVGO: STWX	INDEX1
 4408  1A76  A0 00        	LDYI	1-ADDPRC
 4409                     IFN	ADDPRC,<
 4410  1A78  B1 61        	LDADY	INDEX1
 4411  1A7A  AA           	TAX
 4412  1A7B  C8           	INY
 4413  1A7C  B1 61        	LDADY	INDEX1
 4414  1A7E  08           	PHP
 4415  1A7F  C8           	INY
 4416  1A80  B1 61        	LDADY	INDEX1
 4417  1A82  65 97        	ADC	ARYPNT
 4418  1A84  85 97        	STA	ARYPNT		;FORM POINTER TO NEXT ARRAY VAR.
 4419  1A86  C8           	INY
 4420  1A87  B1 61        	LDADY	INDEX1
 4421  1A89  65 98        	ADC	ARYPNT+1
 4422  1A8B  85 98        	STA	ARYPNT+1
 4423  1A8D  28           	PLP
 4424  1A8E  10 D3        	BPL	ARYVA2
 4425                     IFN	ADDPRC,<
 4426  1A90  8A           	TXA
 4427  1A91  30 D0        	BMI	ARYVA2
 4428  1A93  C8           	INY
 4429  1A94  B1 61        	LDADY	INDEX1
 4430  1A96  A0 00        	LDYI	0		;RESET INDEX Y.
 4431  1A98  0A           	ASL	A,
 4432  1A99  69 05        	ADCI	5		;CARRY IS OFF AND OFF AFTER ADD.
 4433  1A9B  65 61        	ADC	INDEX1
 4434  1A9D  85 61        	STA	INDEX1
 4435  1A9F  90 02        	BCC	ARYGET
 4436  1AA1  E6 62        	INC	INDEX1+1
 4437  1AA3  A6 62        ARYGET: LDX	INDEX1+1
 4438  1AA5  E4 98        ARYSTR: CPX	ARYPNT+1	;END OF THE ARRAY?
 4439  1AA7  D0 04        	BNE	GOGO
 4440  1AA9  C5 97        	CMP	ARYPNT
 4441  1AAB  F0 BA        	BEQ	ARYVA3		;YES.
 4442  1AAD  20 BC 1A     GOGO:	JSR	DVAR
 4443  1AB0  F0 F3        	BEQ	ARYSTR		;CYCLE.
 4444  1AB2               DVARS:
 4445                     IFN	INTPRC,<
 4446  1AB2  B1 61        	LDADY	INDEX1
 4447  1AB4  30 35        	BMI	DVARTS
 4448  1AB6  C8           	INY
 4449  1AB7  B1 61        	LDADY	INDEX1
 4450  1AB9  10 30        	BPL	DVARTS
 4451  1ABB  C8           	INY
 4452  1ABC  B1 61        DVAR:	LDADY	INDEX1		;IS LENGTH=0?
 4453  1ABE  F0 2B        	BEQ	DVARTS		;YES, RETURN.
 4454  1AC0  C8           	INY
 4455  1AC1  B1 61        	LDADY	INDEX1		;GET LOW(ADR).
 4456  1AC3  AA           	TAX
 4457  1AC4  C8           	INY
 4458  1AC5  B1 61        	LDADY	INDEX1
 4459  1AC7  C5 73        	CMP	FRETOP+1	;COMPARE HIGHS.
 4460  1AC9  90 06        	BCC	DVAR2		;IF THIS STRING'S PNTR .GE. [FRETOP]
 4461  1ACB  D0 1E        	BNE	DVARTS		;NO NEED TO MESS WITH IT FURTHER.
 4462  1ACD  E4 72        	CPX	FRETOP		;COMPARE LOWS.
 4463  1ACF  B0 1A        	BCS	DVARTS
 4464  1AD1  C5 9F        DVAR2:	CMP	GRBTOP+1
 4465  1AD3  90 16        	BCC	DVARTS		;IF THIS STRING IS BELOW PREVIOUS,
 4466                     				;FORGET IT.
 4467  1AD5  D0 04        	BNE	DVAR3
 4468  1AD7  E4 9E        	CPX	GRBTOP		;COMPARE LOW ORDERS.
 4469  1AD9  90 10        	BCC	DVARTS		;[X,A] .LE. [GRBTOP].
 4470  1ADB  86 9E        DVAR3:	STX	GRBTOP
 4471  1ADD  85 9F        	STA	GRBTOP+1
 4472  1ADF  A5 61 A6 62  	LDWX	INDEX1
 4473  1AE3  85 8D 86 8E  	STWX	GRBPNT
 4474  1AE7  A5 92        	LDA	FOUR6
 4475  1AE9  85 94        	STA	SIZE
 4476  1AEB  A5 92        DVARTS: LDA	FOUR6
 4477  1AED  18           	CLC
 4478  1AEE  65 61        	ADC	INDEX1
 4479  1AF0  85 61        	STA	INDEX1
 4480  1AF2  90 02        	BCC	GRBRTS
 4481  1AF4  E6 62        	INC	INDEX1+1
 4482  1AF6  A6 62        GRBRTS: LDX	INDEX1+1
 4483  1AF8  A0 00        	LDYI	0
 4484  1AFA  60           	RTS			;DONE.
 4485                     ;
 4486                     ; HERE WHEN MADE ONE COMPLETE PASS THROUGH STRING VARIABLES.
 4487                     ;
 4488  1AFB  A5 8E        GRBPAS: LDA	GRBPNT+1	;VARIABLE POINTER.
 4489  1AFD  05 8D        	ORA	GRBPNT
 4490  1AFF  F0 F5        	BEQ	GRBRTS		;ALL DONE.
 4491  1B01  A5 94        	LDA	SIZE
 4492  1B03  29 04        	ANDI	4		;LEAVES C OFF.
 4493  1B05  4A           	LSR	A,
 4494  1B06  A8           	TAY
 4495  1B07  85 94        	STA	SIZE
 4496  1B09  B1 8D        	LDADY	GRBPNT
 4497                     				;NOTE: GRBTOP=LOWTR SO NO NEED TO SET LOWTR.
 4498  1B0B  65 9E        	ADC	LOWTR
 4499  1B0D  85 99        	STA	HIGHTR
 4500  1B0F  A5 9F        	LDA	LOWTR+1
 4501  1B11  69 00        	ADCI	0
 4502  1B13  85 9A        	STA	HIGHTR+1
 4503  1B15  A5 72 A6 73  	LDWX	FRETOP
 4504  1B19  85 97 86 98  	STWX	HIGHDS		;WHERE IT ALL GOES.
 4505  1B1D  20 CB 09     	JSR	BLTUC
 4506  1B20  A4 94        	LDY	SIZE
 4507  1B22  C8           	INY
 4508  1B23  A5 97        	LDA	HIGHDS		;GET POSITION OF START OF RESULT.
 4509  1B25  91 8D        	STADY	GRBPNT
 4510  1B27  AA           	TAX
 4511  1B28  E6 98        	INC	HIGHDS+1
 4512  1B2A  A5 98        	LDA	HIGHDS+1
 4513  1B2C  C8           	INY
 4514  1B2D  91 8D        	STADY	GRBPNT		;CHANGE ADDR OF STRING IN VAR.
 4515  1B2F  4C 1F 1A     	JMP	FNDVAR		;GO TO FNDVAR WITH SOMETHING FOR
 4516                     				;[FRETOP].
 4517                     ;
 4518                     ; THE FOLLOWING ROUTINE CONCATENATES TWO STRINGS.
 4519                     ; THE FAC CONTAINS THE FIRST ONE AT THIS POINT.
 4520                     ; [TXTPTR] POINTS TO THE + SIGN.
 4521                     ;
 4522  1B32  A5 A4        CAT:	LDA	FACLO		;PSH HIGH ORDER ONTO STACK.
 4523  1B34  48           	PHA
 4524  1B35  A5 A3        	LDA	FACMO		;AND THE LOW.
 4525  1B37  48           	PHA
 4526  1B38  20 1B 14     	JSR	EVAL		;CAN COME BACK HERE SINCE
 4527                     				;OPERATOR IS KNOWN.
 4528  1B3B  20 27 13     	JSR	CHKSTR		;RESULT MUST BE STRING.
 4529  1B3E  68           	PLA
 4530  1B3F  85 AE        	STA	STRNG1		;GET HIGH ORDER OF OLD DESC.
 4531  1B41  68           	PLA
 4532  1B42  85 AF        	STA	STRNG1+1
 4533  1B44  A0 00        	LDYI	0
 4534  1B46  B1 AE        	LDADY	STRNG1		;GET LENGTH OF OLD STRING.
 4535  1B48  18           	CLC
 4536  1B49  71 A3        	ADCDY	FACMO
 4537  1B4B  90 05        	BCC	SIZEOK		;RESULT IS LESS THAN 256.
 4538  1B4D  A2 1A        	LDXI	ERRLS		;ERROR "LONG STRING".
 4539  1B4F  4C 43 0A     	JMP	ERROR
 4540  1B52  20 6A 19     SIZEOK: JSR	STRINI		;INITIALIZE STRING.
 4541  1B55  20 6F 1B     	JSR	MOVINS		;MOVE IT.
 4542  1B58  A5 8F A4 90  	LDWD	DSCPNT		;GET POINTER TO SECOND.
 4543  1B5C  20 9F 1B     	JSR	FRETMP		;FREE IT.
 4544  1B5F  20 81 1B     	JSR	MOVDO
 4545  1B62  A5 AE A4 AF  	LDWD	STRNG1
 4546  1B66  20 9F 1B     	JSR	FRETMP
 4547  1B69  20 BF 19     	JSR	PUTNEW
 4548  1B6C  4C 50 13     	JMP	TSTOP		;"CAT" REENTERS FORM EVAL AT TSTOP.
 4550  1B6F  A0 00        MOVINS: LDYI	0		;GET ADDR OF STRING.
 4551  1B71  B1 AE        	LDADY	STRNG1
 4552  1B73  48           	PHA
 4553  1B74  C8           	INY
 4554  1B75  B1 AE        	LDADY	STRNG1
 4555  1B77  AA           	TAX
 4556  1B78  C8           	INY
 4557  1B79  B1 AE        	LDADY	STRNG1
 4558  1B7B  A8           	TAY
 4559  1B7C  68           	PLA
 4560  1B7D  86 61 84 62  MOVSTR: STXY	INDEX
 4561  1B81  A8           MOVDO:	TAY
 4562  1B82  F0 0A        	BEQ	MVDONE
 4563  1B84  48           	PHA
 4564  1B85  88           MOVLP:	DEY
 4565  1B86  B1 61        	LDADY	INDEX
 4566  1B88  91 74        	STADY	FRESPC
 4567  1B8A  98           QMOVE:	TYA
 4568  1B8B  D0 F8        	BNE	MOVLP
 4569  1B8D  68           	PLA
 4570  1B8E  18           MVDONE: CLC
 4571  1B8F  65 74        	ADC	FRESPC
 4572  1B91  85 74        	STA	FRESPC
 4573  1B93  90 02        	BCC	MVSTRT
 4574  1B95  E6 75        	INC	FRESPC+1
 4575  1B97  60           MVSTRT: RTS
 4576                     ;
 4577                     ; "FRETMP" IS PASSED A STRING DESCRIPTOR PNTR IN [Y,A].
 4578                     ; A CHECK IS MADE TO SEE IF THE STRING DESCRIPTOR POINTS TO THE LAST
 4579                     ; TEMPORARY DESCRIPTOR ALLOCATED BY PUTNEW.
 4580                     ; IF SO, THE TEMPORARY IS FREED UP BY THE UPDATING OF [TEMPPT].
 4581                     ; IF A TEMP IS FREED UP, A FURTHER CHECK SEES IF THE STRING DATA THAT
 4582                     ; THAT STRING TEMP PNT'D TO IS THE LOWEST PART OF STRING SPACE IN USE.
 4583                     ; IF SO, [FRETOP] IS UPDATED TO REFLECT THE FACT THE FACT THAT THE SPACE
 4584                     ; IS NO LONGER IN USE.
 4585                     ; THE ADDR OF THE ACTUAL STRING IS RETURNED IN [Y,X] AND
 4586                     ; ITS LENGTH IN ACCA.
 4587                     ;
 4588  1B98  20 27 13     FRESTR: JSR	CHKSTR		;MAKE SURE ITS A STRING.
 4589  1B9B  A5 A3 A4 A4  FREFAC: LDWD	FACMO		;FREE UP STR PNT'D TO BY FAC.
 4590  1B9F  85 61 84 62  FRETMP: STWD	INDEX		;GET LENGTH FOR LATER.
 4591  1BA3  20 D0 1B     	JSR	FRETMS		;FREE UP THE TEMPORARY DESC.
 4592  1BA6  08           	PHP			;SAVE CODES.
 4593  1BA7  A0 00        	LDYI	0		;PREP TO GET STUFF.
 4594  1BA9  B1 61        	LDADY	INDEX		;GET COUNT AND
 4595  1BAB  48           	PHA			;SAVE IT.
 4596  1BAC  C8           	INY
 4597  1BAD  B1 61        	LDADY	INDEX
 4598  1BAF  AA           	TAX			;SAVE LOW ORDER.
 4599  1BB0  C8           	INY
 4600  1BB1  B1 61        	LDADY	INDEX
 4601  1BB3  A8           	TAY			;SAVE HIGH ORDER.
 4602  1BB4  68           	PLA
 4603  1BB5  28           	PLP			;RETURN STATUS.
 4604  1BB6  D0 13        	BNE	FRETRT
 4605  1BB8  C4 73        	CPY	FRETOP+1	;STRING IS LAST ONE IN?
 4606  1BBA  D0 0F        	BNE	FRETRT
 4607  1BBC  E4 72        	CPX	FRETOP
 4608  1BBE  D0 0B        	BNE	FRETRT
 4609  1BC0  48           	PHA
 4610  1BC1  18           	CLC
 4611  1BC2  65 72        	ADC	FRETOP
 4612  1BC4  85 72        	STA	FRETOP
 4613  1BC6  90 02        	BCC	FREPLA
 4614  1BC8  E6 73        	INC	FRETOP+1
 4615  1BCA  68           FREPLA: PLA			;GET COUNT BACK.
 4616  1BCB  86 61 84 62  FRETRT: STXY	INDEX		;SAVE FOR LATER USE.
 4617  1BCF  60           	RTS
 4618  1BD0  C4 57        FRETMS: CPY	LASTPT+1	;LAST ENTRY TO TEMP?
 4619  1BD2  D0 0C        	BNE	FRERTS
 4620  1BD4  C5 56        	CMP	LASTPT
 4621  1BD6  D0 08        	BNE	FRERTS
 4622  1BD8  85 55        	STA	TEMPPT
 4623  1BDA  E9 03        	SBCI	STRSIZ		;POINT TO LAST ONE.
 4624  1BDC  85 56        	STA	LASTPT		;UPDATE TEMP PNTR.
 4625  1BDE  A0 00        	LDYI	0		;ALSO CLEARS ZFLG SO WE DO REST OF FRETMP.
 4626  1BE0  60           FRERTS: RTS			;ALL DONE.
 4627                     ;
 4628                     ; CHR$(#) CREATES A STRING WHICH CONTAINS AS ITS ONLY
 4629                     ; CHARACTER THE ASCII EQUIVALENT OF THE INTEGER ARGUMENT (#)
 4630                     ; WHICH MUST BE .LT. 255.
 4631                     ;
 4632  1BE1  20 96 1C     CHR:	JSR	CONINT		;GET INTEGER IN RANGE.
 4633  1BE4  8A           	TXA
 4634  1BE5  48           	PHA
 4635  1BE6  A9 01        	LDAI	1		;ONE-CHARACTER STRING.
 4636  1BE8  20 72 19     	JSR	STRSPA		;GET SPACE FOR STRING.
 4637  1BEB  68           	PLA
 4638  1BEC  A0 00        	LDYI	0
 4639  1BEE  91 A1        	STADY	DSCTMP+1
 4640  1BF0  68           	PLA			;GET RID OF "CHKNUM" RETURN ADDR.
 4641  1BF1  68           	PLA
 4642  1BF2  4C BF 19     RLZRET: JMP	PUTNEW		;SETUP FAC TO POINT TO DESC.
 4643                     ;
 4644                     ; THE FOLLOWING IS THE LEFT$($,#) FUNCTION.
 4645                     ; IT TAKES THE LEFTMOST # CHARACTERS OF THE STRING.
 4646                     ; IF # .GT. THE LEN OF THE STRING, IT RETURNS THE WHOLE STRING.
 4647                     ;
 4648  1BF5  20 56 1C     LEFT:	JSR	PREAM		;TEST PARAMETERS.
 4649  1BF8  D1 8F        	CMPDY	DSCPNT
 4650  1BFA  98           	TYA
 4651  1BFB  90 04        RLEFT:	BCC	RLEFT1
 4652  1BFD  B1 8F        	LDADY	DSCPNT
 4653  1BFF  AA           	TAX			;PUT LENGTH INTO X.
 4654  1C00  98           	TYA			;ZERO A, THE OFFSET.
 4655  1C01  48           RLEFT1: PHA			;SAVE OFFSET.
 4656  1C02  8A           RLEFT2: TXA
 4657  1C03  48           RLEFT3: PHA			;SAVE LENGTH.
 4658  1C04  20 72 19     	JSR	STRSPA		;GET SPACE.
 4659  1C07  A5 8F A4 90  	LDWD	DSCPNT
 4660  1C0B  20 9F 1B     	JSR	FRETMP
 4661  1C0E  68           	PLA
 4662  1C0F  A8           	TAY
 4663  1C10  68           	PLA
 4664  1C11  18           	CLC
 4665  1C12  65 61        	ADC	INDEX		;COMPUTE WHERE TO COPY.
 4666  1C14  85 61        	STA	INDEX
 4667  1C16  90 02        	BCC	PULMOR
 4668  1C18  E6 62        	INC	INDEX+1
 4669  1C1A  98           PULMOR: TYA
 4670  1C1B  20 81 1B     	JSR	MOVDO		;GO MOVE IT.
 4671  1C1E  4C BF 19     	JMP	PUTNEW
 4672  1C21  20 56 1C     RIGHT:	JSR	PREAM
 4673  1C24  18           	CLC			;[LENGTH DES'D]-[LENGTH]-1.
 4674  1C25  F1 8F        	SBCDY	DSCPNT
 4675  1C27  49 FF        	EORI	255		;NEGATE.
 4676  1C29  4C FB 1B     	JMP	RLEFT
 4677                     ;
 4678                     ; MID ($,#) RETURNS STRING WITH CHARS FROM # POSITION
 4679                     ; ONWARD. IF # .GT. LEN ($) THEN RETURN NULL STRING.
 4680                     ; MID ($,#,#) RETURNS STRING WITH CHARACTERS FROM
 4681                     ; # POSITION FOR #2 CHARACTERS. IF #2 GOES PAST END OF STRING
 4682                     ; RETURN AS MUCH AS POSSIBLE.
 4683                     ;
 4684  1C2C  A9 FF        MID:	LDAI	255		;DEFAULT.
 4685  1C2E  85 A4        	STA	FACLO		;SAVE FOR LATER COMPARE.
 4686  1C30  20 B8 00     	JSR	CHRGOT		;GET CURRENT CHARACTER.
 4687  1C33  C9 29        	CMPI	41		;IS IT A RIGHT PAREN )?
 4688  1C35  F0 06        	BEQ	MID2		;NO THIRD PARAM.
 4689  1C37  20 7C 14     	JSR	CHKCOM		;MUST HAVE COMMA.
 4690  1C3A  20 93 1C     	JSR	GETBYT		;GET THE LENGTH INTO "FACLO".
 4691  1C3D  20 56 1C     MID2:	JSR	PREAM		;CHECK IT OUT.
 4692  1C40  F0 4B        	BEQ	GOFUC		;THERE IS NO POSTION 0
 4693  1C42  CA           	DEX			;COMPUTE OFFSET.
 4694  1C43  8A           	TXA
 4695  1C44  48           	PHA			;PRSERVE AWHILE.
 4696  1C45  18           	CLC
 4697  1C46  A2 00        	LDXI	0
 4698  1C48  F1 8F        	SBCDY	DSCPNT		;GET LENGTH OF WHAT'S LEFT.
 4699  1C4A  B0 B6        	BCS	RLEFT2		;GIVE NULL STRING.
 4700  1C4C  49 FF        	EORI	255		;IN SUB C WAS 0 SO JUST COMPLEMENT.
 4701  1C4E  C5 A4        	CMP	FACLO		;GREATER THAN WHAT'S DESIRED?
 4702  1C50  90 B1        	BCC	RLEFT3		;NO, COPY THAT MUCH.
 4703  1C52  A5 A4        	LDA	FACLO		;GET LENGTH OF WHAT'S DESIRED.
 4704  1C54  B0 AD        	BCS	RLEFT3		;COPY IT.
 4706                     ;
 4707                     ; USED BY RIGHT$, LEFT$, MID$ FOR PARAMETER CHECKING AND SETUP.
 4708                     ;
 4709  1C56  20 76 14     PREAM:	JSR	CHKCLS		;PARAM LIST SHOULD END.
 4710  1C59  68           	PLA			;GET THE RETURN ADDRESS INTO
 4711  1C5A  A8           	TAY			;[JMPER+1,Y]
 4712  1C5B  68           	PLA
 4713  1C5C  85 94        	STA	JMPER+1
 4714  1C5E  68           	PLA			;GET RID OF FINGO'S JSR RET ADDR.
 4715  1C5F  68           	PLA
 4716  1C60  68           	PLA			;GET LENGTH.
 4717  1C61  AA           	TAX
 4718  1C62  68 85 8F 68  	PULWD	DSCPNT
       1C66  85 90
 4719  1C68  A5 94        	LDA	JMPER+1		;PUT RETURN ADDRESS BACK ON
 4720  1C6A  48           	PHA
 4721  1C6B  98           	TYA
 4722  1C6C  48           	PHA
 4723  1C6D  A0 00        	LDYI	0
 4724  1C6F  8A           	TXA
 4725  1C70  60           	RTS
 4726                     ;
 4727                     ; THE FUNCTION LEN($) RETURNS THE LENGTH OF THE STRING
 4728                     ; PASSED AS AN ARGUMENT.
 4729                     ;
 4730  1C71  20 77 1C     LEN:	JSR	LEN1
 4731  1C74  4C 97 18     	JMP	SNGFLT
 4732  1C77  20 98 1B     LEN1:	JSR	FRESTR		;FREE UP STRING.
 4733  1C7A  A2 00        	LDXI	0
 4734  1C7C  86 11        	STX	VALTYP		;FORCE NUMERIC.
 4735  1C7E  A8           	TAY			;SET CODES ON LENGTH.
 4736  1C7F  60           	RTS			;DONE.
 4737                     ;
 4738                     ; THE FOLLOWING IS THE ASC($) FUNCTION. IT RETURNS
 4739                     ; AN INTEGER WHICH IS THE DECIMAL ASCII EQUIVALENT.
 4740                     ;
 4741  1C80  20 77 1C     ASC:	JSR	LEN1
 4742  1C83  F0 08        	BEQ	GOFUC		;NULL STRING, BAD ARG.
 4743  1C85  A0 00        	LDYI	0
 4744  1C87  B1 61        	LDADY	INDEX1		;GET CHARACTER.
 4745  1C89  A8           	TAY
 4746  1C8A  4C 97 18     	JMP	SNGFLT
 4747  1C8D  4C 3E 17     GOFUC:	JMP	FCERR		;YES.
 4749  1C90  20 B2 00     GTBYTC: JSR	CHRGET
 4750  1C93  20 22 13     GETBYT: JSR	FRMNUM		;READ FORMULA INTO FAC.
 4751  1C96  20 AE 16     CONINT: JSR	POSINT		;CONVERT THE FAC TO A SINGLE BYTE INT.
 4752  1C99  A6 A3        	LDX	FACMO
 4753  1C9B  D0 F0        	BNE	GOFUC		;RESULT MUST BE .LE. 255.
 4754  1C9D  A6 A4        	LDX	FACLO
 4755  1C9F  4C B8 00     CHRGO2: JMP	CHRGOT		;SET CONDITION CODES ON TERMINATOR.
 4756                     ;
 4757                     ; THE "VAL" FUNCTION TAKES A STRING AND TURNS IT INTO
 4758                     ; A NUMBER BY INTERPRETING THE ASCII DIGITS ETCQ
 4759                     ; EXCEPT FOR THE PROBLEM THAT A TERMINATOR MUST BE SUPPLIED
 4760                     ; BY REPLACING THE CHARACTER BEYOND THE STRING, VAL IS MERELY
 4761                     ; A CALL TO FLOATING POINT INPUT ("FIN").
 4762                     ;
 4763  1CA2  20 77 1C     VAL:	JSR	LEN1		;DO SETUP. SET RESULT=NUMERIC.
 4764  1CA5  D0 03 4C ED  	JEQ	ZEROFC		;ZERO THE FAC ON A NULL STRING
       1CA9  1D
 4765  1CAA  A6 B9 A4 BA  	LDXY	TXTPTR
 4766  1CAE  86 B0 84 B1  	STXY	STRNG2		;SAVE FOR LATER.
 4767  1CB2  A6 61        	LDX	INDEX1
 4768  1CB4  86 B9        	STX	TXTPTR
 4769  1CB6  18           	CLC
 4770  1CB7  65 61        	ADC	INDEX1
 4771  1CB9  85 63        	STA	INDEX2
 4772  1CBB  A6 62        	LDX	INDEX1+1
 4773  1CBD  86 BA        	STX	TXTPTR+1
 4774  1CBF  90 01        	BCC	VAL2		;NO CARRY, NO INC.
 4775  1CC1  E8           	INX
 4776  1CC2  86 64        VAL2:	STX	INDEX2+1
 4777  1CC4  A0 00        	LDYI	0
 4778  1CC6  B1 63        	LDADY	INDEX2		;PRESERVE CHARACTER.
 4779  1CC8  48           	PHA
 4780  1CC9  A9 00        	LDAI	0		;SET A TERMINATOR.
 4781  1CCB  91 63        	STADY	INDEX2
 4782  1CCD  20 B8 00     	JSR	CHRGOT		;GET CHARACTER PNT'D TO AND SET FLAGS.
 4783  1CD0  20 E9 21     	JSR	FIN
 4784  1CD3  68           	PLA			;GET PRES'D CHARACTER.
 4785  1CD4  A0 00        	LDYI	0
 4786  1CD6  91 63        	STADY	INDEX2		;STUFF IT BACK.
 4787  1CD8  A6 B0 A4 B1  ST2TXT: LDXY	STRNG2
 4788  1CDC  86 B9 84 BA  	STXY	TXTPTR
 4789  1CE0  60           VALRTS: RTS			;ALL DONE WITH STRINGS.
 4790                     PAGE
 4791                     SUBTTL	PEEK, POKE, AND FNWAIT.
 4793  1CE1  20 22 13     GETNUM: JSR	FRMNUM		;GET ADDRESS.
 4794  1CE4  20 ED 1C     	JSR	GETADR		;GET THAT LOCATION.
 4795  1CE7  20 7C 14     COMBYT: JSR	CHKCOM		;CHECK FOR A COMMA.
 4796  1CEA  4C 93 1C     	JMP	GETBYT		;GET SOMETHING TO STORE AND RETURN.
 4797  1CED  A5 A5        GETADR: LDA	FACSGN		;EXAMINE SIGN.
 4798  1CEF  30 9C        	BMI	GOFUC		;FUNCTION CALL ERROR.
 4799  1CF1  A5 A0        	LDA	FACEXP		;EXAMINE EXPONENT.
 4800  1CF3  C9 91        	CMPI	145
 4801  1CF5  B0 96        	BCS	GOFUC		;FUNCTION CALL ERROR.
 4802  1CF7  20 91 21     	JSR	QINT		;INTEGERIZE IT.
 4803  1CFA  A5 A3 A4 A4  	LDWD	FACMO
 4804  1CFE  84 53        	STY	POKER
 4805  1D00  85 54        	STA	POKER+1
 4806  1D02  60           	RTS			;IT'S DONE !.
 4808  1D03  A5 54 48 A5  PEEK:	PSHWD	POKER
       1D07  53 48
 4809  1D09  20 ED 1C     	JSR	GETADR
 4810  1D0C  A0 00        	LDYI	0
 4811                     IFE	REALIO-3,<
                          	CMPI	ROMLOC/256	;IF WITHIN BASIC,
                          	BCC	GETCON
                          	CMPI	LASTWR/256
                          	BCC	DOSGFL>		;GIVE HIM ZERO FOR AN ANSWER.
 4816  1D0E  B1 53        GETCON: LDADY	POKER		;GET THAT BYTE.
 4817  1D10  A8           	TAY
 4818  1D11  68 85 53 68  DOSGFL: PULWD	POKER
       1D15  85 54
 4819  1D17  4C 97 18     	JMP	SNGFLT		;FLOAT IT.
 4821  1D1A  20 E1 1C     POKE:	JSR	GETNUM
 4822  1D1D  8A           	TXA
 4823  1D1E  A0 00        	LDYI	0
 4824  1D20  91 53        	STADY	POKER		;STORE VALUE AWAY.
 4825  1D22  60           	RTS			;SCANNED  EVERYTHING.
 4827                     ; THE WAIT LOCATION,MASK1,MASK2 STATEMENT WAITS UNTIL THE CONTENTS
 4828                     ; OF LOCATION IS NONZERO WHEN XORED WITH MASK2
 4829                     ; AND THEN ANDED WITH MASK1. IF MASK2 IS NOT PRESENT, IT
 4830                     ; IS ASSUMED TO BE ZERO.
 4832  1D23  20 E1 1C     FNWAIT: JSR	GETNUM
 4833  1D26  86 88        	STX	ANDMSK
 4834  1D28  A2 00        	LDXI	0
 4835  1D2A  20 B8 00     	JSR	CHRGOT
 4836  1D2D  F0 03        	BEQ	ZSTORDO
 4837  1D2F  20 E7 1C     	JSR	COMBYT		;GET MASK2.
 4838  1D32  86 89        STORDO: STX	EORMSK
 4839  1D34  A0 00        	LDYI	0
 4840  1D36  B1 53        WAITER: LDADY	POKER
 4841  1D38  45 89        	EOR	EORMSK
 4842  1D3A  25 88        	AND	ANDMSK
 4843  1D3C  F0 F8        	BEQ	WAITER
 4844  1D3E  60           ZERRTS: RTS			;GOT A NONZERO.
 4845                     SUBTTL FLOATING POINT MATH PACKAGE CONFIGURATION.
 4847                     RADIX	8			;!!!! ALERT !!!!
 4848                     				;THROUGHOUT THE MATH PACKAGE.
 4898                     PAGE
 4899                     SUBTTL	FLOATING POINT ADDITION AND SUBTRACTION.
 4900  1D3F  A9 03 A0 24  FADDH:	LDWDI	FHALF		;ENTRY TO ADD 1/2.
 4901  1D43  4C 5D 1D     	JMP	FADD		;UNPACK AND GO ADD IT.
 4902  1D46  20 82 1F     FSUB:	JSR	CONUPK		;UNPACK ARGUMENT INTO ARG.
 4903  1D49  A5 A5        FSUBT:	LDA	FACSGN
 4904  1D4B  49 FF        	EORI	377		;COMPLEMENT IT.
 4905  1D4D  85 A5        	STA	FACSGN
 4906  1D4F  45 AD        	EOR	ARGSGN		;COMPLEMENT ARISGN.
 4907  1D51  85 AE        	STA	ARISGN
 4908  1D53  A5 A0        	LDA	FACEXP		;SET CODES ON FACEXP.
 4909  1D55  4C 60 1D     	JMP	FADDT		;[Y]=ARGEXP..
 4910                     	XLIST
 4911                     .XCREF
 4912                     IFN	REALIO-3,<ZSTORDO=STORDO>
 4912  1D32               ZSTORDO=STORDO
 4913                     IFE	REALIO-3,<
                          ZSTORD:!	LDA	POKER
                          	CMPI	146
                          	BNE	STORDO
                          	LDA	POKER+1
                          	SBCI	31
                          	BNE	STORDO
                          	STA	POKER
                          	TAY
                          	LDAI	200
                          	STA	POKER+1
                          MRCHKR: LDXI	12
                          IF1,<
                          MRCHR:	LDA	60000,X,>
                          IF2,<
                          MRCHR:	LDA	SINCON+36,X,>
                          	ANDI	77
                          	STADY	POKER
                          	INY
                          	BNE	PKINC
                          	INC	POKER+1
                          PKINC:	DEX
                          	BNE	MRCHR
                          	DEC	ANDMSK
                          	BNE	MRCHKR
                          	RTS
                          IF2,<PURGE ZSTORD>>
 4940                     .CREF
 4941                     	LIST
 4942  1D58  20 8F 1E     FADD5:	JSR	SHIFTR		;DO A LONG SHIFT.
 4943  1D5B  90 3C        	BCC	FADD4		;CONTINUE WITH ADDITION.
 4944  1D5D  20 82 1F     FADD:	JSR	CONUPK
 4945  1D60  D0 03 4C F2  FADDT:	JEQ	MOVFA		;IF FAC=0, RESULT IS IN ARG.
       1D64  20
 4946  1D65  A6 AF        	LDX	FACOV
 4947  1D67  86 95        	STX	OLDOV
 4948  1D69  A2 A8        	LDXI	ARGEXP		;DEFAULT IS SHIFT ARGUMENT.
 4949  1D6B  A5 A8        	LDA	ARGEXP		;IF ARG=0, FAC IS RESULT.
 4950  1D6D  A8           FADDC:	TAY			;ALSO COPY ACCA INTO ACCY.
 4951  1D6E  F0 CE        	BEQ	ZERRTS		;RETURN.
 4952  1D70  38           	SEC
 4953  1D71  E5 A0        	SBC	FACEXP
 4954  1D73  F0 24        	BEQ	FADD4		;NO SHIFTING.
 4955  1D75  90 12        	BCC	FADDA		;BR IF ARGEXP.LT.FACEXP.
 4956  1D77  84 A0        	STY	FACEXP		;RESULTING EXPONENT.
 4957  1D79  A4 AD        	LDY	ARGSGN		;SINCE ARG IS BIGGER, IT'S
 4958  1D7B  84 A5        	STY	FACSGN		;SIGN IS SIGN OF RESULT.
 4959  1D7D  49 FF        	EORI	377		;SHIFT A NEGATIVE NUMBER OF PLACES.
 4960  1D7F  69 00        	ADCI	0		;COMPLETE NEGATION. W/ C=1.
 4961  1D81  A0 00        	LDYI	0		;ZERO OLDOV.
 4962  1D83  84 95        	STY	OLDOV
 4963  1D85  A2 A0        	LDXI	FAC		;SHIFT THE FAC INSTEAD.
 4964  1D87  D0 04        	BNE	FADD1
 4965  1D89  A0 00        FADDA:	LDYI	0
 4966  1D8B  84 AF        	STY	FACOV
 4967  1D8D  C9 F9        FADD1:	CMPI	^D256-7		;FOR SPEED AND NECESSITY.  GETS
 4968                     				;MOST LIKELY CASE TO SHIFTR FASTEST
 4969                     				;AND ALLOWS SHIFTING OF NEG NUMS
 4970                     				;BY "QINT".
 4971  1D8F  30 C7        	BMI	FADD5		;SHIFT BIG.
 4972  1D91  A8           	TAY
 4973  1D92  A5 AF        	LDA	FACOV		;SET FACOV.
 4974  1D94  56 01        	LSR	1,X,		;GETS 0 IN MOST SIG BIT.
 4975  1D96  20 A6 1E     	JSR	ROLSHF		;DO THE ROLLING.
 4976  1D99  24 AE        FADD4:	BIT	ARISGN		;GET RESULTING SIGN.
 4977  1D9B  10 57        	BPL	FADD2		;IF POSITIVE, ADD.
 4978                     				;CARRY IS CLEAR.
 4979  1D9D  A0 A0        FADD3:	LDYI	FACEXP
 4980  1D9F  E0 A8        	CPXI	ARGEXP		;FAC IS BIGGER.
 4981  1DA1  F0 02        	BEQ	SUBIT
 4982  1DA3  A0 A8        	LDYI	ARGEXP		;ARG IS BIGGER.
 4983  1DA5  38           SUBIT:	SEC
 4984  1DA6  49 FF        	EORI	377
 4985  1DA8  65 95        	ADC	OLDOV
 4986  1DAA  85 AF        	STA	FACOV
 4987  1DAC  B9 04 00     	LDA	3+ADDPRC,Y
 4988  1DAF  F5 04        	SBC	3+ADDPRC,X
 4989  1DB1  85 A4        	STA	FACLO
 4990  1DB3  B9 03 00     	LDA	2+ADDPRC,Y
 4991  1DB6  F5 03        	SBC	2+ADDPRC,X
 4992  1DB8  85 A3        	STA	FACMO
 4993                     IFN	ADDPRC,<
 4994  1DBA  B9 02 00     	LDA	2,Y
 4995  1DBD  F5 02        	SBC	2,X
 4996  1DBF  85 A2        	STA	FACMOH
 4997  1DC1  B9 01 00     	LDA	1,Y
 4998  1DC4  F5 01        	SBC	1,X
 4999  1DC6  85 A1        	STA	FACHO
 5000  1DC8  B0 03        FADFLT: BCS	NORMAL		;HERE IF SIGNS DIFFER. IF CARRY,
 5001                     				;FAC IS SET OK.
 5002  1DCA  20 3D 1E     	JSR	NEGFAC		;NEGATE [FAC].
 5003  1DCD  A0 00        NORMAL: LDYI	0
 5004  1DCF  98           	TYA
 5005  1DD0  18           	CLC
 5006  1DD1  A6 A1        NORM3:	LDX	FACHO
 5007  1DD3  D0 4A        	BNE	NORM1
 5008  1DD5  A6 A2        	LDX	FACHO+1		;SHIFT 8 BITS AT A TIME FOR SPEED.
 5009  1DD7  86 A1        	STX	FACHO
 5010                     IFN	ADDPRC,<
 5011  1DD9  A6 A3        	LDX	FACMOH+1
 5012  1DDB  86 A2        	STX	FACMOH
 5013  1DDD  A6 A4        	LDX	FACMO+1
 5014  1DDF  86 A3        	STX	FACMO
 5015  1DE1  A6 AF        	LDX	FACOV
 5016  1DE3  86 A4        	STX	FACLO
 5017  1DE5  84 AF        	STY	FACOV
 5018  1DE7  69 08        	ADCI	10
 5019  1DE9  C9 20        	CMPI	10*ADDPRC+30
 5020  1DEB  D0 E4        	BNE	NORM3
 5021  1DED  A9 00        ZEROFC: LDAI	0		;NOT NEED BY NORMAL BUT BY OTHERS.
 5022  1DEF  85 A0        ZEROF1: STA	FACEXP		;NUMBER MUST BE ZERO.
 5023  1DF1  85 A5        ZEROML: STA	FACSGN		;MAKE SIGN POSITIVE.
 5024  1DF3  60           	RTS			;ALL DONE.
 5025  1DF4  65 95        FADD2:	ADC	OLDOV
 5026  1DF6  85 AF        	STA	FACOV
 5027  1DF8  A5 A4        	LDA	FACLO
 5028  1DFA  65 AC        	ADC	ARGLO
 5029  1DFC  85 A4        	STA	FACLO
 5030  1DFE  A5 A3        	LDA	FACMO
 5031  1E00  65 AB        	ADC	ARGMO
 5032  1E02  85 A3        	STA	FACMO
 5033                     IFN	ADDPRC,<
 5034  1E04  A5 A2        	LDA	FACMOH
 5035  1E06  65 AA        	ADC	ARGMOH
 5036  1E08  85 A2        	STA	FACMOH
 5037  1E0A  A5 A1        	LDA	FACHO
 5038  1E0C  65 A9        	ADC	ARGHO
 5039  1E0E  85 A1        	STA	FACHO
 5040  1E10  4C 2C 1E     	JMP	SQUEEZ		;GO ROUND IF SIGNS SAME.
 5042  1E13  69 01        NORM2:	ADCI	1		;DECREMENT SHIFT COUNT.
 5043  1E15  06 AF        	ASL	FACOV		;SHIFT ALL LEFT ONE BIT.
 5044  1E17  26 A4        	ROL	FACLO
 5045  1E19  26 A3        	ROL	FACMO
 5046                     IFN	ADDPRC,<
 5047  1E1B  26 A2        	ROL	FACMOH
 5048  1E1D  26 A1        	ROL	FACHO
 5049  1E1F  10 F2        NORM1:	BPL	NORM2		;IF MSB=0 SHIFT AGAIN.
 5050  1E21  38           	SEC
 5051  1E22  E5 A0        	SBC	FACEXP
 5052  1E24  B0 C7        	BCS	ZEROFC
 5053  1E26  49 FF        	EORI	377
 5054  1E28  69 01        	ADCI	1		;COMPLEMENT.
 5055  1E2A  85 A0        	STA	FACEXP
 5056  1E2C  90 0E        SQUEEZ: BCC	RNDRTS		;BITS TO SHIFT?
 5057  1E2E  E6 A0        RNDSHF: INC	FACEXP
 5058  1E30  F0 42        	BEQ	OVERR
 5059  1E32  66 A1        	ROR	FACHO
 5060                     IFN	ADDPRC,<
 5061  1E34  66 A2        	ROR	FACMOH
 5062  1E36  66 A3        	ROR	FACMO
 5063  1E38  66 A4        	ROR	FACLO
 5064  1E3A  66 AF        	ROR	FACOV
 5065  1E3C  60           RNDRTS: RTS			;ALL DONE ADDING.
 5067  1E3D  A5 A5 49 FF  NEGFAC: COM	FACSGN		;COMPLEMENT FAC	 ENTIRELY.
       1E41  85 A5
 5068  1E43  A5 A1 49 FF  NEGFCH: COM	FACHO		;COMPLEMENT JUST THE NUMBER.
       1E47  85 A1
 5069                     IFN	ADDPRC,<
 5070  1E49  A5 A2 49 FF  	COM	FACMOH
       1E4D  85 A2
 5071  1E4F  A5 A3 49 FF  	COM	FACMO
       1E53  85 A3
 5072  1E55  A5 A4 49 FF  	COM	FACLO
       1E59  85 A4
 5073  1E5B  A5 AF 49 FF  	COM	FACOV
       1E5F  85 AF
 5074  1E61  E6 AF        	INC	FACOV
 5075  1E63  D0 0E        	BNE	INCFRT
 5076  1E65  E6 A4        INCFAC: INC	FACLO
 5077  1E67  D0 0A        	BNE	INCFRT
 5078  1E69  E6 A3        	INC	FACMO
 5079  1E6B  D0 06        	BNE	INCFRT		;IF NO CARRY, RETURN.
 5080                     IFN	ADDPRC,<
 5081  1E6D  E6 A2        	INC	FACMOH
 5082  1E6F  D0 02        	BNE	INCFRT
 5083  1E71  E6 A1        	INC	FACHO		;CARRY INCREMENT.
 5084  1E73  60           INCFRT: RTS
 5086  1E74  A2 0A        OVERR:	LDXI	ERROV
 5087  1E76  4C 43 0A     	JMP	ERROR		;TELL USER.
 5088                     ;
 5089                     ; "SHIFTR" SHIFTS [X+1:X+3] [-ACCA]  BITS RIGHT.
 5090                     ; SHIFTS BYTES TO START WITH IF POSSIBLE.
 5091                     ;
 5092  1E79  A2 64        MULSHF: LDXI	RESHO-1		;ENTRY POINT FOR MULTIPLIER.
 5093  1E7B  B4 04        SHFTR2: LDY	3+ADDPRC,X,	;SHIFT BYTES FIRST.
 5094  1E7D  84 AF        	STY	FACOV
 5095                     IFN	ADDPRC,<
 5096  1E7F  B4 03        	LDY	3,X
 5097  1E81  94 04        	STY	4,X
 5098  1E83  B4 02        	LDY	2,X,		;GET MO.
 5099  1E85  94 03        	STY	3,X,		;STORE LO.
 5100  1E87  B4 01        	LDY	1,X,		;GET HO.
 5101  1E89  94 02        	STY	2,X,		;STORE MO.
 5102  1E8B  A4 A7        	LDY	BITS
 5103  1E8D  94 01        	STY	1,X,		;STORE HO.
 5104  1E8F  69 08        SHIFTR: ADCI	10
 5105  1E91  30 E8        	BMI	SHFTR2
 5106  1E93  F0 E6        	BEQ	SHFTR2
 5107  1E95  E9 08        	SBCI	10		;C CAN BE EITHER 1,0 AND IT WORKS.
 5108  1E97  A8           	TAY
 5109  1E98  A5 AF        	LDA	FACOV
 5110  1E9A  B0 14        	BCS	SHFTRT		;EQUIV TO BEQ HERE.
 5111                     IFN	RORSW,<
 5112  1E9C  16 01        SHFTR3: ASL	1,X
 5113  1E9E  90 02        	BCC	SHFTR4
 5114  1EA0  F6 01        	INC	1,X
 5115  1EA2  76 01        SHFTR4: ROR	1,X
 5116  1EA4  76 01        	ROR	1,X
 5117                     IFE	RORSW,<
                          SHFTR3: PHA
                          	LDA	1,X
                          	ANDI	200
                          	LSR	1,X
                          	ORA	1,X
                          	STA	1,X
                          	SKIP1>
 5125  1EA6               ROLSHF:
 5126                     IFN	RORSW,<
 5127  1EA6  76 02        	ROR	2,X
 5128  1EA8  76 03        	ROR	3,X
 5129                     IFN	ADDPRC,<	ROR	4,X>	;ONE MO TIME.
 5129  1EAA  76 04        	ROR	4,X
 5131                     IFE	RORSW,<
                          	PHA
                          	LDAI	0
                          	BCC	SHFTR5
                          	LDAI	200
                          SHFTR5: LSR	2,X
                          	ORA	2,X
                          	STA	2,X
                          	LDAI	0
                          	BCC	SHFTR6
                          	LDAI	200
                          SHFTR6: LSR	3,X
                          	ORA	3,X
                          	STA	3,X
                          IFN	ADDPRC,<
                          	LDAI	0
                          	BCC	SHFT6A
                          	LDAI	200
                          SHFT6A: LSR	4,X
                          	ORA	4,X
                          	STA	4,X>>
 5152                     IFN	RORSW,<ROR	A,>	;ROTATE ARGUMENT 1 BIT RIGHT.
 5152  1EAC  6A           ROR	A,
 5153                     IFE	RORSW,<
                          	PLA
                          	PHP
                          	LSR	A,
                          	PLP
                          	BCC	SHFTR7
                          	ORAI	200>
 5160  1EAD  C8           SHFTR7: INY
 5161  1EAE  D0 EC        	BNE	SHFTR3		;$$$ ( MOST EXPENSIVE ! )
 5162  1EB0  18           SHFTRT: CLC			;CLEAR OUTPUT OF FACOV.
 5163  1EB1  60           	RTS
 5164                     PAGE
 5165                     SUBTTL	NATURAL LOG FUNCTION.
 5166                     ;
 5167                     ; CALCULATION IS BY:
 5168                     ; LN(F*2^N)=(N+LOG2(F))*LN(2)
 5169                     ; AN APPROXIMATION POLYNOMIAL IS USED TO CALCULATE LOG2(F).
 5170                     ;  CONSTANTS USED BY LOG:
 5171  1EB2  81           FONE:	201	; 1.0
 5172  1EB3  00           	000
 5173  1EB4  00           	000
 5174  1EB5  00           	000
 5175                     IFN	ADDPRC,<0>
 5175  1EB6  00           0
 5176                     IFE	ADDPRC,<
                          LOGCN2: 2	; DEGREE-1
                          	200	; 0.59897437
                          	031
                          	126
                          	142
                          	200	; 0.96147080
                          	166
                          	042
                          	363
                          	202	; 2.88539129
                          	070
                          	252
                          	100>
 5191                     IFN	ADDPRC,<
 5192  1EB7  03           LOGCN2: 3	;DEGREE-1
 5193  1EB8  7F           	177	;.43425594188
 5194  1EB9  5E           	136
 5195  1EBA  56           	126
 5196  1EBB  CB           	313
 5197  1EBC  79           	171
 5198  1EBD  80           	200	; .57658454134
 5199  1EBE  13           	023
 5200  1EBF  9B           	233
 5201  1EC0  0B           	013
 5202  1EC1  64           	144
 5203  1EC2  80           	200	; .96180075921
 5204  1EC3  76           	166
 5205  1EC4  38           	070
 5206  1EC5  93           	223
 5207  1EC6  16           	026
 5208  1EC7  82           	202	; 2.8853900728
 5209  1EC8  38           	070
 5210  1EC9  AA           	252
 5211  1ECA  3B           	073
 5212  1ECB  20           	040
 5213  1ECC  80           SQRHLF: 200	; SQR(0.5)
 5214  1ECD  35           	065
 5215  1ECE  04           	004
 5216  1ECF  F3           	363
 5217                     IFN	ADDPRC,<064>
 5217  1ED0  34           064
 5218  1ED1  81           SQRTWO: 201	; SQR(2.0)
 5219  1ED2  35           	065
 5220  1ED3  04           	004
 5221  1ED4  F3           	363
 5222                     IFN	ADDPRC,<064>
 5222  1ED5  34           064
 5223  1ED6  80           NEGHLF: 200	; -1/2
 5224  1ED7  80           	200
 5225  1ED8  00           	000
 5226  1ED9  00           	000
 5227                     IFN	ADDPRC,<0>
 5227  1EDA  00           0
 5228  1EDB  80           LOG2:	200	; LN(2)
 5229  1EDC  31           	061
 5230  1EDD  72           	162
 5231                     IFE	ADDPRC,<030>
 5232                     IFN	ADDPRC,<027
 5232  1EDE  17           027
 5233  1EDF  F8           	370
 5235  1EE0  20 21 21     LOG:	JSR	SIGN		;IS IT POSITIVE?
 5236  1EE3  F0 02        	BEQ	LOGERR
 5237  1EE5  10 03        	BPL	LOG1
 5238  1EE7  4C 3E 17     LOGERR: JMP	FCERR		;CAN'T TOLERATE NEG OR ZERO.
 5239  1EEA  A5 A0        LOG1:	LDA	FACEXP		;GET EXPONENT INTO ACCA.
 5240  1EEC  E9 7F        	SBCI	177		;REMOVE BIAS. (CARRY IS OFF)
 5241  1EEE  48           	PHA			;SAVE AWHILE.
 5242  1EEF  A9 80        	LDAI	200
 5243  1EF1  85 A0        	STA	FACEXP		;RESULT IS FAC IN RANGE [0.5,1].
 5244  1EF3  A9 CC A0 1E  	LDWDI	SQRHLF		;GET POINTER TO SQR(0.5).
 5246                     ; CALCULATE (F-SQR(.5))/(F+SQR(.5))
 5248  1EF7  20 5D 1D     	JSR	FADD		;ADD TO FAC.
 5249  1EFA  A9 D1 A0 1E  	LDWDI	SQRTWO		;GET SQR(2.).
 5250  1EFE  20 05 20     	JSR	FDIV
 5251  1F01  A9 B2 A0 1E  	LDWDI	FONE
 5252  1F05  20 46 1D     	JSR	FSUB
 5253  1F08  A9 B7 A0 1E  	LDWDI	LOGCN2
 5254  1F0C  20 FB 24     	JSR	POLYX		;EVALUATE APPROXIMATION POLYNOMIAL.
 5255  1F0F  A9 D6 A0 1E  	LDWDI	NEGHLF		;ADD IN LAST CONSTANT.
 5256  1F13  20 5D 1D     	JSR	FADD
 5257  1F16  68           	PLA			;GET EXPONENT BACK.
 5258  1F17  20 74 22     	JSR	FINLOG		;ADD IT IN.
 5259  1F1A  A9 DB A0 1E  MULLN2: LDWDI	LOG2		;MULTIPLY RESULT BY LOG(2.0).
 5260                     ;	JMP	FMULT		;MULTIPLY TOGETHER.
 5261                     PAGE
 5262                     SUBTTL	FLOATING MULTIPLICATION AND DIVISION.
 5263                     	;MULTIPLICATION		FAC:=ARG*FAC.
 5264  1F1E  20 82 1F     FMULT:	JSR	CONUPK		;UNPACK THE CONSTANT INTO ARG FOR USE.
 5265  1F21  D0 03 4C 81  FMULTT: JEQ	MULTRT		;IF FAC=0, RETURN. FAC IS SET.
       1F25  1F
 5266  1F26  20 AD 1F     	JSR	MULDIV		;FIX UP THE EXPONENTS.
 5267  1F29  A9 00        	LDAI	0		;TO CLEAR RESULT.
 5268  1F2B  85 65        	STA	RESHO
 5269                     IFN	ADDPRC,<
 5270  1F2D  85 66        	STA	RESMOH
 5271  1F2F  85 67        	STA	RESMO
 5272  1F31  85 68        	STA	RESLO
 5273  1F33  A5 AF        	LDA	FACOV
 5274  1F35  20 4F 1F     	JSR	MLTPLY
 5275  1F38  A5 A4        	LDA	FACLO		;MLTPLY ARG BY FACLO.
 5276  1F3A  20 4F 1F     	JSR	MLTPLY
 5277  1F3D  A5 A3        	LDA	FACMO		;MLTPLY ARG BY FACMO.
 5278  1F3F  20 4F 1F     	JSR	MLTPLY
 5279                     IFN	ADDPRC,<
 5280  1F42  A5 A2        	LDA	FACMOH
 5281  1F44  20 4F 1F     	JSR	MLTPLY
 5282  1F47  A5 A1        	LDA	FACHO		;MLTPLY ARG BY FACHO.
 5283  1F49  20 54 1F     	JSR	MLTPL1
 5284  1F4C  4C 85 20     	JMP	MOVFR		;MOVE RESULT INTO FAC,
 5285                     				;NORMALIZE RESULT, AND RETURN.
 5286  1F4F  D0 03 4C 79  MLTPLY: JEQ	MULSHF		;SHIFT RESULT RIGHT 1 BYTE.
       1F53  1E
 5287  1F54  4A           MLTPL1: LSR	A,
 5288  1F55  09 80        	ORAI	200
 5289  1F57  A8           MLTPL2: TAY
 5290  1F58  90 19        	BCC	MLTPL3		;IT MULT BIT=0, JUST SHIFT.
 5291  1F5A  18           	CLC
 5292  1F5B  A5 68        	LDA	RESLO
 5293  1F5D  65 AC        	ADC	ARGLO
 5294  1F5F  85 68        	STA	RESLO
 5295  1F61  A5 67        	LDA	RESMO
 5296  1F63  65 AB        	ADC	ARGMO
 5297  1F65  85 67        	STA	RESMO
 5298                     IFN	ADDPRC,<
 5299  1F67  A5 66        	LDA	RESMOH
 5300  1F69  65 AA        	ADC	ARGMOH
 5301  1F6B  85 66        	STA	RESMOH
 5302  1F6D  A5 65        	LDA	RESHO
 5303  1F6F  65 A9        	ADC	ARGHO
 5304  1F71  85 65        	STA	RESHO
 5305  1F73  66 65        MLTPL3: ROR	RESHO
 5306                     IFN	ADDPRC,<
 5307  1F75  66 66        	ROR	RESMOH
 5308  1F77  66 67        	ROR	RESMO
 5309  1F79  66 68        	ROR	RESLO
 5310  1F7B  66 AF        	ROR	FACOV		;SAVE FOR ROUNDING.
 5311  1F7D  98           	TYA
 5312  1F7E  4A           	LSR	A,		;CLEAR MSB SO WE GET A CLOSER TO 0.
 5313  1F7F  D0 D6        	BNE	MLTPL2		;SLOW AS A TURTLE !
 5314  1F81  60           MULTRT: RTS
 5316                     	;ROUTINE TO UNPACK MEMORY INTO ARG.
 5317  1F82  85 61 84 62  CONUPK: STWD	INDEX1
 5318  1F86  A0 04        	LDYI	3+ADDPRC
 5319  1F88  B1 61        	LDADY	INDEX1
 5320  1F8A  85 AC        	STA	ARGLO
 5321  1F8C  88           	DEY
 5322  1F8D  B1 61        	LDADY	INDEX1
 5323  1F8F  85 AB        	STA	ARGMO
 5324  1F91  88           	DEY
 5325                     IFN	ADDPRC,<
 5326  1F92  B1 61        	LDADY	INDEX1
 5327  1F94  85 AA        	STA	ARGMOH
 5328  1F96  88           	DEY
 5329  1F97  B1 61        	LDADY	INDEX1
 5330  1F99  85 AD        	STA	ARGSGN
 5331  1F9B  45 A5        	EOR	FACSGN
 5332  1F9D  85 AE        	STA	ARISGN
 5333  1F9F  A5 AD        	LDA	ARGSGN
 5334  1FA1  09 80        	ORAI	200
 5335  1FA3  85 A9        	STA	ARGHO
 5336  1FA5  88           	DEY
 5337  1FA6  B1 61        	LDADY	INDEX1
 5338  1FA8  85 A8        	STA	ARGEXP
 5339  1FAA  A5 A0        	LDA	FACEXP		;SET CODES OF FACEXP.
 5340  1FAC  60           	RTS
 5342                     	;CHECK SPECIAL CASES AND ADD EXPONENTS FOR FMULT, FDIV.
 5343  1FAD  A5 A8        MULDIV: LDA	ARGEXP		;EXP OF ARG=0?
 5344  1FAF  F0 1F        MLDEXP: BEQ	ZEREMV		;SO WE GET ZERO EXPONENT.
 5345  1FB1  18           	CLC
 5346  1FB2  65 A0        	ADC	FACEXP		;RESULT IS IN ACCA.
 5347  1FB4  90 04        	BCC	TRYOFF		;FIND [C] XOR [N].
 5348  1FB6  30 1D        	BMI	GOOVER		;OVERFLOW IF BITS MATCH.
 5349  1FB8  18           	CLC
 5350  1FB9  2C           	SKIP2
 5351  1FBA  10 14        TRYOFF: BPL	ZEREMV		;UNDERFLOW.
 5352  1FBC  69 80        	ADCI	200		;ADD BIAS.
 5353  1FBE  85 A0        	STA	FACEXP
 5354  1FC0  D0 03 4C F1  	JEQ	ZEROML		;ZERO THE REST OF IT.
       1FC4  1D
 5355  1FC5  A5 AE        	LDA	ARISGN
 5356  1FC7  85 A5        	STA	FACSGN		;ARISGN IS RESULT'S SIGN.
 5357  1FC9  60           	RTS			;DONE.
 5358  1FCA  A5 A5        MLDVEX: LDA	FACSGN		;GET SIGN.
 5359  1FCC  49 FF        	EORI	377		;COMPLEMENT IT.
 5360  1FCE  30 05        	BMI	GOOVER
 5361  1FD0  68           ZEREMV: PLA			;GET ADDR OFF STACK.
 5362  1FD1  68           	PLA
 5363  1FD2  4C ED 1D     	JMP	ZEROFC		;UNDERFLOW.
 5364  1FD5  4C 74 1E     GOOVER: JMP	OVERR		;OVERFLOW.
 5366                     	;MULTIPLY FAC BY 10.
 5367  1FD8  20 02 21     MUL10:	JSR	MOVAF		;COPY FAC INTO ARG.
 5368  1FDB  AA           	TAX
 5369  1FDC  F0 10        	BEQ	MUL10R		;IF [FAC]=0, GOT ANSWER.
 5370  1FDE  18           	CLC
 5371  1FDF  69 02        	ADCI	2		;AUGMENT EXP BY 2.
 5372  1FE1  B0 F2        	BCS	GOOVER		;OVERFLOW.
 5373  1FE3  A2 00        FINML6: LDXI	0
 5374  1FE5  86 AE        	STX	ARISGN		;SIGNS ARE SAME.
 5375  1FE7  20 6D 1D     	JSR	FADDC		;ADD TOGETHER.
 5376  1FEA  E6 A0        	INC	FACEXP		;MULTIPLY BY TWO.
 5377  1FEC  F0 E7        	BEQ	GOOVER		;OVERFLOW.
 5378  1FEE  60           MUL10R: RTS
 5380                     	; DIVIDE FAC BY 10.
 5381  1FEF  84           TENZC:	204
 5382  1FF0  20           	040
 5383  1FF1  00           	000
 5384  1FF2  00           	000
 5385                     IFN	ADDPRC,<0>
 5385  1FF3  00           0
 5386  1FF4  20 02 21     DIV10:	JSR	MOVAF		;MOVE FAC TO ARG.
 5387  1FF7  A9 EF A0 1F  	LDWDI	TENZC		;POINT TO CONSTANT OF 10.0
 5388  1FFB  A2 00        	LDXI	0		;SIGNS ARE BOTH POSITIVE.
 5389  1FFD  86 AE        FDIVF:	STX	ARISGN
 5390  1FFF  20 98 20     	JSR	MOVFM		;PUT IT INTO FAC.
 5391  2002  4C 08 20     	JMP	FDIVT		;SKIP OVER NEXT TWO BYTES.
 5392  2005  20 82 1F     FDIV:	JSR	CONUPK		;UNPACK CONSTANT.
 5393  2008  F0 76        FDIVT:	BEQ	DV0ERR		;CAN'T DIVIDE BY ZERO !
 5394                     				;(NOT ENOUGH ROOM TO STORE RESULT.)
 5395  200A  20 11 21     	JSR	ROUND		;TAKE FACOV INTO ACCT IN FAC.
 5396  200D  A9 00        	LDAI	0		;NEGATE FACEXP.
 5397  200F  38           	SEC
 5398  2010  E5 A0        	SBC	FACEXP
 5399  2012  85 A0        	STA	FACEXP
 5400  2014  20 AD 1F     	JSR	MULDIV		;FIX UP EXPONENTS.
 5401  2017  E6 A0        	INC	FACEXP		;SCALE IT RIGHT.
 5402  2019  F0 BA        	BEQ	GOOVER		;OVERFLOW.
 5403  201B  A2 FC        	LDXI	^D256-3-ADDPRC	;SETUP PROCEDURE.
 5404  201D  A9 01        	LDAI	1
 5405  201F               DIVIDE:				;THIS IS THE BEST CODE IN THE WHOLE PILE.
 5406  201F  A4 A9        	LDY	ARGHO		;SEE WHAT RELATION HOLDS.
 5407  2021  C4 A1        	CPY	FACHO
 5408  2023  D0 10        	BNE	SAVQUO		;[C]=0,1. N(C=0)=0.
 5409                     IFN	ADDPRC,<
 5410  2025  A4 AA        	LDY	ARGMOH
 5411  2027  C4 A2        	CPY	FACMOH
 5412  2029  D0 0A        	BNE	SAVQUO
 5413  202B  A4 AB        	LDY	ARGMO
 5414  202D  C4 A3        	CPY	FACMO
 5415  202F  D0 04        	BNE	SAVQUO
 5416  2031  A4 AC        	LDY	ARGLO
 5417  2033  C4 A4        	CPY	FACLO
 5418  2035  08           SAVQUO: PHP
 5419  2036  2A           	ROL	A,		;SAVE RESULT.
 5420  2037  90 09        	BCC	QSHFT		;IF NOT DONE, CONTINUE.
 5421  2039  E8           	INX
 5422  203A  95 68        	STA	RESLO,X
 5423  203C  F0 32        	BEQ	LD100
 5424  203E  10 34        	BPL	DIVNRM		;NOTE THIS REQ 1 MO RAM THEN NECESS.
 5425  2040  A9 01        	LDAI	1
 5426  2042  28           QSHFT:	PLP			;RETURN CONDITION CODES.
 5427  2043  B0 0E        	BCS	DIVSUB		;FAC .LE. ARG.
 5428  2045  06 AC        SHFARG: ASL	ARGLO		;SHIFT ARG ONE PLACE LEFT.
 5429  2047  26 AB        	ROL	ARGMO
 5430                     IFN	ADDPRC,<
 5431  2049  26 AA        	ROL	ARGMOH
 5432  204B  26 A9        	ROL	ARGHO
 5433  204D  B0 E6        	BCS	SAVQUO		;SAVE A RESULT OF ONE FOR THIS POSITION
 5434                     				;AND DIVIDE.
 5435  204F  30 CE        	BMI	DIVIDE		;IF MSB ON, GO DECIDE WHETHER TO SUB.
 5436  2051  10 E2        	BPL	SAVQUO
 5437  2053  A8           DIVSUB: TAY			;NOTICE C MUST BE ON HERE.
 5438  2054  A5 AC        	LDA	ARGLO
 5439  2056  E5 A4        	SBC	FACLO
 5440  2058  85 AC        	STA	ARGLO
 5441  205A  A5 AB        	LDA	ARGMO
 5442  205C  E5 A3        	SBC	FACMO
 5443  205E  85 AB        	STA	ARGMO
 5444                     IFN	ADDPRC,<
 5445  2060  A5 AA        	LDA	ARGMOH
 5446  2062  E5 A2        	SBC	FACMOH
 5447  2064  85 AA        	STA	ARGMOH
 5448  2066  A5 A9        	LDA	ARGHO
 5449  2068  E5 A1        	SBC	FACHO
 5450  206A  85 A9        	STA	ARGHO
 5451  206C  98           	TYA
 5452  206D  4C 45 20     	JMP	SHFARG
 5453  2070  A9 40        LD100:	LDAI	100		;ONLY WANT TWO MORE BITS.
 5454  2072  D0 CE        	BNE	QSHFT		;ALWAYS BRANCHES.
 5455  2074  0A 0A 0A 0A  DIVNRM: REPEAT	6,<ASL	A>	;GET LAST TWO BITS INTO MSB AND B6.
       2078  0A 0A
 5456  207A  85 AF        	STA	FACOV
 5457  207C  28           	PLP			;TO GET GARBAGE OFF STACK.
 5458  207D  4C 85 20     	JMP	MOVFR		;MOVE RESULT INTO FAC, THEN
 5459                     				;NORMALIZE RESULT AND RETURN.
 5460  2080  A2 14        DV0ERR: LDXI	ERRDV0
 5461  2082  4C 43 0A     	JMP	ERROR
 5462                     PAGE
 5463                     SUBTTL	FLOATING POINT MOVEMENT ROUTINES.
 5464                     	;MOVE RESULT TO FAC.
 5465  2085  A5 65        MOVFR:	LDA	RESHO
 5466  2087  85 A1        	STA	FACHO
 5467                     IFN	ADDPRC,<
 5468  2089  A5 66        	LDA	RESMOH
 5469  208B  85 A2        	STA	FACMOH
 5470  208D  A5 67        	LDA	RESMO
 5471  208F  85 A3        	STA	FACMO
 5472  2091  A5 68        	LDA	RESLO		;MOVE LO AND SGN.
 5473  2093  85 A4        	STA	FACLO
 5474  2095  4C CD 1D     	JMP	NORMAL		;ALL DONE.
 5476                     	;MOVE MEMORY INTO FAC (UNPACKED).
 5477  2098  85 61 84 62  MOVFM:	STWD	INDEX1
 5478  209C  A0 04        	LDYI	3+ADDPRC
 5479  209E  B1 61        	LDADY	INDEX1
 5480  20A0  85 A4        	STA	FACLO
 5481  20A2  88           	DEY
 5482  20A3  B1 61        	LDADY	INDEX1
 5483  20A5  85 A3        	STA	FACMO
 5484  20A7  88           	DEY
 5485                     IFN	ADDPRC,<
 5486  20A8  B1 61        	LDADY	INDEX1
 5487  20AA  85 A2        	STA	FACMOH
 5488  20AC  88           	DEY
 5489  20AD  B1 61        	LDADY	INDEX1
 5490  20AF  85 A5        	STA	FACSGN
 5491  20B1  09 80        	ORAI	200
 5492  20B3  85 A1        	STA	FACHO
 5493  20B5  88           	DEY
 5494  20B6  B1 61        	LDADY	INDEX1
 5495  20B8  85 A0        	STA	FACEXP		;LEAVE SWITCHES SET ON EXP.
 5496  20BA  84 AF        	STY	FACOV
 5497  20BC  60           	RTS
 5499                     	;MOVE NUMBER FROM FAC TO MEMORY.
 5500  20BD  A2 9B        MOV2F:	LDXI	TEMPF2
 5501  20BF  2C           	SKIP2
 5502  20C0  A2 96        MOV1F:	LDXI	TEMPF1
 5503  20C2  A0 00        MOVML:	LDYI	0
 5504  20C4  F0 04        	BEQ	MOVMF		;ALWAYS BRANCHES.
 5505  20C6  A6 88 A4 89  MOVVF:	LDXY	FORPNT
 5506  20CA  20 11 21     MOVMF:	JSR	ROUND
 5507  20CD  86 61 84 62  	STXY	INDEX1
 5508  20D1  A0 04        	LDYI	3+ADDPRC
 5509  20D3  A5 A4        	LDA	FACLO
 5510  20D5  91 61        	STADY	INDEX
 5511  20D7  88           	DEY
 5512  20D8  A5 A3        	LDA	FACMO
 5513  20DA  91 61        	STADY	INDEX
 5514  20DC  88           	DEY
 5515                     IFN	ADDPRC,<
 5516  20DD  A5 A2        	LDA	FACMOH
 5517  20DF  91 61        	STADY	INDEX
 5518  20E1  88           	DEY
 5519  20E2  A5 A5        	LDA	FACSGN		;INCLUDE SIGN IN HO.
 5520  20E4  09 7F        	ORAI	177
 5521  20E6  25 A1        	AND	FACHO
 5522  20E8  91 61        	STADY	INDEX
 5523  20EA  88           	DEY
 5524  20EB  A5 A0        	LDA	FACEXP
 5525  20ED  91 61        	STADY	INDEX
 5526  20EF  84 AF        	STY	FACOV		;ZERO IT SINCE ROUNDED.
 5527  20F1  60           	RTS			;[Y]=0.
 5529                     	;MOVE ARG INTO FAC.
 5530  20F2  A5 AD        MOVFA:	LDA	ARGSGN
 5531  20F4  85 A5        MOVFA1: STA	FACSGN
 5532  20F6  A2 05        	LDXI	4+ADDPRC
 5533  20F8  B5 A7        MOVFAL: LDA	ARGEXP-1,X
 5534  20FA  95 9F        	STA	FACEXP-1,X
 5535  20FC  CA           	DEX
 5536  20FD  D0 F9        	BNE	MOVFAL
 5537  20FF  86 AF        	STX	FACOV
 5538  2101  60           	RTS
 5540                     	;MOVE FAC INTO ARG.
 5541  2102  20 11 21     MOVAF:	JSR	ROUND
 5542  2105  A2 06        MOVEF:	LDXI	5+ADDPRC
 5543  2107  B5 9F        MOVAFL: LDA	FACEXP-1,X
 5544  2109  95 A7        	STA	ARGEXP-1,X
 5545  210B  CA           	DEX
 5546  210C  D0 F9        	BNE	MOVAFL
 5547  210E  86 AF        	STX	FACOV		;ZERO IT SINCE ROUNDED.
 5548  2110  60           MOVRTS: RTS
 5550  2111  A5 A0        ROUND:	LDA	FACEXP		;ZERO?
 5551  2113  F0 FB        	BEQ	MOVRTS		;YES. DONE ROUNDING.
 5552  2115  06 AF        	ASL	FACOV		;ROUND?
 5553  2117  90 F7        	BCC	MOVRTS		;NO. MSB OFF.
 5554  2119  20 65 1E     INCRND: JSR	INCFAC		;YES, ADD ONE TO LSB(FAC).
 5555  211C  D0 F2        	BNE	MOVRTS		;NO CARRY MEANS DONE.
 5556  211E  4C 2E 1E     	JMP	RNDSHF		;SQUEEZ MSB IN AND RTS.
 5557                     				;NOTE [C]=1 SINCE INCFAC DOESNT TOUCH C.
 5558                     PAGE
 5559                     SUBTTL	SIGN, SGN, FLOAT, NEG, ABS.
 5561                     	;PUT SIGN OF FAC IN ACCA.
 5562  2121  A5 A0        SIGN:	LDA	FACEXP
 5563  2123  F0 09        	BEQ	SIGNRT		;IF NUMBER IS ZERO, SO IS RESULT.
 5564  2125  A5 A5        FCSIGN: LDA	FACSGN
 5565  2127  2A           FCOMPS: ROL	A
 5566  2128  A9 FF        	LDAI	^O377		;ASSUME NEGATIVE.
 5567  212A  B0 02        	BCS	SIGNRT
 5568  212C  A9 01        	LDAI	1		;GET +1.
 5569  212E  60           SIGNRT: RTS
 5571                     	;SGN FUNCTION.
 5572  212F  20 21 21     SGN:	JSR	SIGN
 5574                     	;FLOAT THE SIGNED INTEGER IN ACCA.
 5575  2132  85 A1        FLOAT:	STA	FACHO		;PUT [ACCA] IN HIGH ORDER.
 5576  2134  A9 00        	LDAI	0
 5577  2136  85 A2        	STA	FACHO+1
 5578  2138  A2 88        	LDXI	210		;GET THE EXPONENT.
 5580                     	;FLOAT THE SIGNED NUMBER IN FAC.
 5581  213A  A5 A1        FLOATS: LDA	FACHO
 5582  213C  49 FF        	EORI	377
 5583  213E  2A           	ROL	A,		;GET COMP OF SIGN IN CARRY.
 5584  213F  A9 00        FLOATC: LDAI	0		;ZERO [ACCA] BUT NOT CARRY.
 5585  2141  85 A4        	STA	FACLO
 5586                     IFN	ADDPRC,<
 5587  2143  85 A3        	STA	FACMO
 5588  2145  86 A0        FLOATB: STX	FACEXP
 5589  2147  85 AF        	STA	FACOV
 5590  2149  85 A5        	STA	FACSGN
 5591  214B  4C C8 1D     	JMP	FADFLT
 5593                     	;ABSOLUTE VALUE OF FAC.
 5594  214E  46 A5        ABS:	LSR	FACSGN
 5595  2150  60           	RTS
 5597                     PAGE
 5598                     SUBTTL	COMPARE TWO NUMBERS.
 5599                     	;A=1 IF ARG .LT. FAC.
 5600                     	;A=0 IF ARG=FAC.
 5601                     	;A=-1 IF ARG .GT. FAC.
 5602  2151  85 63        FCOMP:	STA	INDEX2
 5603  2153  84 64        FCOMPN: STY	INDEX2+1
 5604  2155  A0 00        	LDYI	0
 5605  2157  B1 63        	LDADY	INDEX2		;HAS ARGEXP.
 5606  2159  C8           	INY			;BUMP PNTR UP.
 5607  215A  AA           	TAX			;SAVE A IN X AND RESET CODES.
 5608  215B  F0 C4        	BEQ	SIGN
 5609  215D  B1 63        	LDADY	INDEX2
 5610  215F  45 A5        	EOR	FACSGN		;SIGNS THE SAME.
 5611  2161  30 C2        	BMI	FCSIGN		;SIGNS DIFFER SO RESULT IS
 5612                     				;SIGN OF FAC AGAIN.
 5613  2163  E4 A0        FOUTCP: CPX	FACEXP
 5614  2165  D0 21        	BNE	FCOMPC
 5615  2167  B1 63        	LDADY	INDEX2
 5616  2169  09 80        	ORAI	200
 5617  216B  C5 A1        	CMP	FACHO
 5618  216D  D0 19        	BNE	FCOMPC
 5619  216F  C8           	INY
 5620                     IFN	ADDPRC,<
 5621  2170  B1 63        	LDADY	INDEX2
 5622  2172  C5 A2        	CMP	FACMOH
 5623  2174  D0 12        	BNE	FCOMPC
 5624  2176  C8           	INY
 5625  2177  B1 63        	LDADY	INDEX2
 5626  2179  C5 A3        	CMP	FACMO
 5627  217B  D0 0B        	BNE	FCOMPC
 5628  217D  C8           	INY
 5629  217E  A9 7F        	LDAI	177
 5630  2180  C5 AF        	CMP	FACOV
 5631  2182  B1 63        	LDADY	INDEX2
 5632  2184  E5 A4        	SBC	FACLO		;GET ZERO IF EQUAL.
 5633  2186  F0 28        	BEQ	QINTRT
 5634  2188  A5 A5        FCOMPC: LDA	FACSGN
 5635  218A  90 02        	BCC	FCOMPD
 5636  218C  49 FF        	EORI	377
 5637  218E  4C 27 21     FCOMPD: JMP	FCOMPS		;A PART OF SIGN SETS ACCA UP.
 5639                     PAGE
 5640                     SUBTTL	GREATEST INTEGER FUNCTION.
 5641                     	;QUICK GREATEST INTEGER FUNCTION.
 5642                     	;LEAVES INT(FAC) IN FACHO&MO&LO SIGNED.
 5643                     	;ASSUMES FAC .LT. 2^23 = 8388608
 5644  2191  A5 A0        QINT:	LDA	FACEXP
 5645  2193  F0 4A        	BEQ	CLRFAC		;IF ZERO, GOT IT.
 5646  2195  38           	SEC
 5647  2196  E9 A0        	SBCI	8*ADDPRC+230	;GET NUMBER OF PLACES TO SHIFT.
 5648  2198  24 A5        	BIT	FACSGN
 5649  219A  10 09        	BPL	QISHFT
 5650  219C  AA           	TAX
 5651  219D  A9 FF        	LDAI	377
 5652  219F  85 A7        	STA	BITS		;PUT 377 IN WHEN SHFTR SHIFTS BYTES.
 5653  21A1  20 43 1E     	JSR	NEGFCH		;TRULY NEGATE QUANTITY IN FAC.
 5654  21A4  8A           	TXA
 5655  21A5  A2 A0        QISHFT: LDXI	FAC
 5656  21A7  C9 F9        	CMPI	^D256-7
 5657  21A9  10 06        	BPL	QINT1		;IF NUMBER OF PLACES .GE. 7
 5658                     				;SHIFT 1 PLACE AT A TIME.
 5659  21AB  20 8F 1E     	JSR	SHIFTR		;START SHIFTING BYTES, THEN BITS.
 5660  21AE  84 A7        	STY	BITS		;ZERO BITS SINCE ADDER WANTS ZERO.
 5661  21B0  60           QINTRT: RTS
 5662  21B1  A8           QINT1:	TAY			;PUT COUNT IN COUNTER.
 5663  21B2  A5 A5        	LDA	FACSGN
 5664  21B4  29 80        	ANDI	200		;GET SIGN BIT.
 5665  21B6  46 A1        	LSR	FACHO		;SAVE FIRST SHIFTED BYTE.
 5666  21B8  05 A1        	ORA	FACHO
 5667  21BA  85 A1        	STA	FACHO
 5668  21BC  20 A6 1E     	JSR	ROLSHF		;SHIFT THE REST.
 5669  21BF  84 A7        	STY	BITS		;ZERO [BITS].
 5670  21C1  60           	RTS
 5672                     	;GREATEST INTEGER FUNCTION.
 5673  21C2  A5 A0        INT:	LDA	FACEXP
 5674  21C4  C9 A0        	CMPI	8*ADDPRC+230
 5675  21C6  B0 20        	BCS	INTRTS		;FORGET IT.
 5676  21C8  20 91 21     	JSR	QINT
 5677  21CB  84 AF        	STY	FACOV		;CLR OVERFLOW BYTE.
 5678  21CD  A5 A5        	LDA	FACSGN
 5679  21CF  84 A5        	STY	FACSGN		;MAKE FAC LOOK POSITIVE.
 5680  21D1  49 80        	EORI	200		;GET COMPLEMENT OF SIGN IN CARRY.
 5681  21D3  2A           	ROL	A,
 5682  21D4  A9 A0        	LDAI	8*ADDPRC+230
 5683  21D6  85 A0        	STA	FACEXP
 5684  21D8  A5 A4        	LDA	FACLO
 5685  21DA  85 0D        	STA	INTEGR
 5686  21DC  4C C8 1D     	JMP	FADFLT
 5687  21DF  85 A1        CLRFAC: STA	FACHO		;MAKE IT REALLY ZERO.
 5688                     IFN	ADDPRC,<STA FACMOH>
 5688  21E1  85 A2        STA FACMOH
 5689  21E3  85 A3        	STA	FACMO
 5690  21E5  85 A4        	STA	FACLO
 5691  21E7  A8           	TAY
 5692  21E8  60           INTRTS: RTS
 5693                     PAGE
 5694                     SUBTTL	FLOATING POINT INPUT ROUTINE.
 5695                     	;NUMBER INPUT IS LEFT IN FAC.
 5696                     	;AT ENTRY [TXTPTR] POINTS TO THE FIRST CHARACTER IN A TEXT BUFFER.
 5697                     	;THE FIRST CHARACTER IS ALSO IN ACCA. FIN PACKS THE DIGITS
 5698                     	;INTO THE FAC AS AN INTEGER AND KEEPS TRACK OF WHERE THE
 5699                     	;DECIMAL POINT IS. [DPTFLG] TELL WHETHER A DP HAS BEEN
 5700                     	;SEEN. [DECCNT] IS THE NUMBER OF DIGITS AFTER THE DP.
 5701                     	;AT THE END [DECCNT] AND THE EXPONENT ARE USED TO
 5702                     	;DETERMINE HOW MANY TIMES TO MULTIPLY OR DIVIDE BY TEN
 5703                     	;TO GET THE CORRECT NUMBER.
 5704  21E9  A0 00        FIN:	LDYI	0		;ZERO FACSGN&SGNFLG.
 5705  21EB  A2 0A        	LDXI	11+ADDPRC	;ZERO EXP AND HO (AND MOH).
 5706  21ED  94 9C        FINZLP: STY	DECCNT,X	;ZERO MO AND LO.
 5707  21EF  CA           	DEX			;ZERO TENEXP AND EXPSGN
 5708  21F0  10 FB        	BPL	FINZLP		;ZERO DECCNT, DPTFLG.
 5709  21F2  90 0F        	BCC	FINDGQ		;FLAGS STILL SET FROM CHRGET.
 5710  21F4  C9 2D        	CMPI	"-"		;A NEGATIVE SIGN?
 5711  21F6  D0 04        	BNE	QPLUS		;NO, TRY PLUS SIGN.
 5712  21F8  86 A6        	STX	SGNFLG		;IT'S NEGATIVE. (X=377).
 5713  21FA  F0 04        	BEQ	FINC		;ALWAYS BRANCHES.
 5714  21FC  C9 2B        QPLUS:	CMPI	"+"		;PLUS SIGN?
 5715  21FE  D0 05        	BNE	FIN1		;YES, SKIP IT.
 5716  2200  20 B2 00     FINC:	JSR	CHRGET
 5717  2203  90 5B        FINDGQ: BCC	FINDIG
 5718  2205  C9 2E        FIN1:	CMPI	"."		;THE DP?
 5719  2207  F0 2E        	BEQ	FINDP		;NO KIDDING.
 5720  2209  C9 45        	CMPI	"E"		;EXPONENT FOLLOWS.
 5721  220B  D0 30        	BNE	FINE		;NO.
 5722                     	;HERE TO CHECK FOR SIGN OF EXP.
 5723  220D  20 B2 00     	JSR	CHRGET		;YES. GET ANOTHER.
 5724  2210  90 17        	BCC	FNEDG1		;IT IS A DIGIT. (EASIER THAN
 5725                     				;BACKING UP POINTER.)
 5726  2212  C9 A2        	CMPI	MINUTK		;MINUS?
 5727  2214  F0 0E        	BEQ	FINEC1		;NEGATE.
 5728  2216  C9 2D        	CMPI	"-"		;MINUS SIGN?
 5729  2218  F0 0A        	BEQ	FINEC1
 5730  221A  C9 A1        	CMPI	PLUSTK		;PLUS?
 5731  221C  F0 08        	BEQ	FINEC
 5732  221E  C9 2B        	CMPI	"+"		;PLUS SIGN?
 5733  2220  F0 04        	BEQ	FINEC
 5734  2222  D0 07        	BNE	FINEC2
 5735  2224  66 9F        FINEC1: ROR	EXPSGN		;TURN IT ON.
 5736  2226  20 B2 00     FINEC:	JSR	CHRGET		;GET ANOTHER.
 5737  2229  90 5C        FNEDG1: BCC	FINEDG		;IT IS A DIGIT.
 5738  222B  24 9F        FINEC2: BIT	EXPSGN
 5739  222D  10 0E        	BPL	FINE
 5740  222F  A9 00        	LDAI	0
 5741  2231  38           	SEC
 5742  2232  E5 9D        	SBC	TENEXP
 5743  2234  4C 3F 22     	JMP	FINE1
 5744  2237  66 9E        FINDP:	ROR	DPTFLG
 5745  2239  24 9E        	BIT	DPTFLG
 5746  223B  50 C3        	BVC	FINC
 5747  223D  A5 9D        FINE:	LDA	TENEXP
 5748  223F  38           FINE1:	SEC
 5749  2240  E5 9C        	SBC	DECCNT		;GET NUMBER OF PLACES TO SHIFT.
 5750  2242  85 9D        	STA	TENEXP
 5751  2244  F0 12        	BEQ	FINQNG		;NEGATE?
 5752  2246  10 09        	BPL	FINMUL		;POSITIVE SO MULTIPLY.
 5753  2248  20 F4 1F     FINDIV: JSR	DIV10
 5754  224B  E6 9D        	INC	TENEXP		;DONE?
 5755  224D  D0 F9        	BNE	FINDIV		;NO.
 5756  224F  F0 07        	BEQ	FINQNG		;YES.
 5757  2251  20 D8 1F     FINMUL: JSR	MUL10
 5758  2254  C6 9D        	DEC	TENEXP		;DONE?
 5759  2256  D0 F9        	BNE	FINMUL		;NO
 5760  2258  A5 A6        FINQNG: LDA	SGNFLG
 5761  225A  30 01        	BMI	NEGXQS		;IF POSITIVE, RETURN.
 5762  225C  60           	RTS
 5763  225D  4C 6F 24     NEGXQS: JMP	NEGOP		;OTHERWISE, NEGATE AND RETURN.
 5765  2260  48           FINDIG: PHA
 5766  2261  24 9E        	BIT	DPTFLG
 5767  2263  10 02        	BPL	FINDG1
 5768  2265  E6 9C        	INC	DECCNT
 5769  2267  20 D8 1F     FINDG1: JSR	MUL10
 5770  226A  68           	PLA			;GET IT BACK.
 5771  226B  38           	SEC
 5772  226C  E9 30        	SBCI	"0"
 5773  226E  20 74 22     	JSR	FINLOG		;ADD IT IN.
 5774  2271  4C 00 22     	JMP	FINC
 5776  2274  48           FINLOG: PHA
 5777  2275  20 02 21     	JSR	MOVAF		;SAVE FAC FOR LATER.
 5778  2278  68           	PLA
 5779  2279  20 32 21     	JSR	FLOAT		;FLOAT THE VALUE IN ACCA.
 5780  227C  A5 AD        	LDA	ARGSGN
 5781  227E  45 A5        	EOR	FACSGN
 5782  2280  85 AE        	STA	ARISGN		;RESULTANT SIGN.
 5783  2282  A6 A0        	LDX	FACEXP		;SET SIGNS ON THING TO ADD.
 5784  2284  4C 60 1D     	JMP	FADDT		;ADD TOGETHER AND RETURN.
 5786                     	;HERE PACK IN THE NEXT DIGIT OF THE EXPONENT.
 5787                     	;MULTIPLY THE OLD EXP BY 10 AND ADD IN THE NEXT
 5788                     	;DIGIT. NOTE: EXP OVERFLOW IS NOT CHECKED FOR.
 5789  2287  A5 9D        FINEDG: LDA	TENEXP		;GET EXP SO FAR.
 5790  2289  C9 0A        	CMPI	12		;WILL RESULT BE .GE. 100?
 5791  228B  90 09        	BCC	MLEX10
 5792  228D  A9 64        	LDAI	144		;GET 100.
 5793  228F  24 9F        	BIT	EXPSGN
 5794  2291  30 11        	BMI	MLEXMI		;IF NEG EXP, NO CHK FOR OVERR.
 5795  2293  4C 74 1E     	JMP	OVERR
 5796  2296  0A           MLEX10: ASL	A,		;MULT BY 2 TWICE
 5797  2297  0A           	ASL	A
 5798  2298  18           	CLC			;POSSIBLE SHIFT OUT OF HIGH.
 5799  2299  65 9D        	ADC	TENEXP		;LIKE MULTIPLYING BY FIVE.
 5800  229B  0A           	ASL	A,		;AND NOW BY TEN.
 5801  229C  18           	CLC
 5802  229D  A0 00        	LDYI	0
 5803  229F  71 B9        	ADCDY	TXTPTR
 5804  22A1  38           	SEC
 5805  22A2  E9 30        	SBCI	"0"
 5806  22A4  85 9D        MLEXMI: STA	TENEXP		;SAVE RESULT.
 5807  22A6  4C 26 22     	JMP	FINEC
 5808                     PAGE
 5809                     SUBTTL	FLOATING POINT OUTPUT ROUTINE.
 5811                     IFE	ADDPRC,<
                          NZ0999: 221	; 99999.9499
                          	103
                          	117
                          	370
                          NZ9999: 224	; 999999.499
                          	164
                          	043
                          	367
                          NZMIL:	224	; 10^6.
                          	164
                          	044
                          	000>
 5824                     IFN	ADDPRC,<
 5825  22A9  9B           NZ0999: 233	; 99999999.9499
 5826  22AA  3E           	076
 5827  22AB  BC           	274
 5828  22AC  1F           	037
 5829  22AD  FD           	375
 5830  22AE  9E           NZ9999: 236	; 999999999.499
 5831  22AF  6E           	156
 5832  22B0  6B           	153
 5833  22B1  27           	047
 5834  22B2  FD           	375
 5835  22B3  9E           NZMIL:	236	; 10^9
 5836  22B4  6E           	156
 5837  22B5  6B           	153
 5838  22B6  28           	050
 5839  22B7  00           	000
 5840                     	;ENTRY TO LINPRT.
 5841  22B8  A9 82 A0 09  INPRT:	LDWDI	INTXT
 5842  22BC  20 D0 22     	JSR	STROU2
 5843  22BF  A5 79        	LDA	CURLIN+1
 5844  22C1  A6 78        	LDX	CURLIN
 5845  22C3  85 A1 86 A2  LINPRT: STWX	FACHO
 5846  22C7  A2 90        	LDXI	220		;EXPONENT OF 16.
 5847  22C9  38           	SEC			;NUMBER IS POSITIVE.
 5848  22CA  20 3F 21     	JSR	FLOATC
 5849  22CD  20 D3 22     	JSR	FOUT
 5850  22D0  4C FE 10     STROU2: JMP	STROUT		;PRINT AND RETURN.
 5852  22D3  A0 01        FOUT:	LDYI	1
 5853  22D5  A9 20        FOUTC:	LDAI	" "		;PRINT SPACE IF POSITIVE.
 5854  22D7  24 A5        	BIT	FACSGN
 5855  22D9  10 02        	BPL	FOUT1
 5856  22DB  A9 2D        	LDAI	"-"
 5857  22DD  99 FF 00     FOUT1:	STA	FBUFFR-1,Y,	;STORE THE CHARACTER.
 5858  22E0  85 A5        	STA	FACSGN		;MAKE FAC POS FOR QINT.
 5859  22E2  84 B0        	STY	FBUFPT		;SAVE FOR LATER.
 5860  22E4  C8           	INY
 5861  22E5  A9 30        	LDAI	"0"		;GET ZERO TO TYPE IF FAC=0.
 5862  22E7  A6 A0        	LDX	FACEXP
 5863  22E9  D0 03 4C F6  	JEQ	FOUT19
       22ED  23
 5864  22EE  A9 00        	LDAI	 0
 5865  22F0  E0 80        	CPXI	200		;IS NUMBER .LT. 1.0 ?
 5866  22F2  F0 02        	BEQ	FOUT37		;NO.
 5867  22F4  B0 09        	BCS	FOUT7
 5868  22F6  A9 B3 A0 22  FOUT37: LDWDI	NZMIL		;MULTIPLY BY 10^6.
 5869  22FA  20 1E 1F     	JSR	FMULT
 5870  22FD  A9 F7        	LDAI	^D256-3*ADDPRC-6
 5871  22FF  85 9C        FOUT7:	STA	DECCNT		;SAVE COUNT OR ZERO IT.
 5872  2301  A9 AE A0 22  FOUT4:	LDWDI	NZ9999
 5873  2305  20 51 21     	JSR	FCOMP		;IS NUMBER .GT. 999999.499 ?
 5874                     				;OR 999999999.499?
 5875  2308  F0 1E        	BEQ	BIGGES
 5876  230A  10 12        	BPL	FOUT9		;YES. MAKE IT SMALLER.
 5877  230C  A9 A9 A0 22  FOUT3:	LDWDI	NZ0999
 5878  2310  20 51 21     	JSR	FCOMP		;IS NUMBER .GT. 99999.9499 ?
 5879                     				; OR 99999999.9499?
 5880  2313  F0 02        	BEQ	FOUT38
 5881  2315  10 0E        	BPL	FOUT5		;YES. DONE MULTIPLYING.
 5882  2317  20 D8 1F     FOUT38: JSR	MUL10		;MAKE IT BIGGER.
 5883  231A  C6 9C        	DEC	DECCNT
 5884  231C  D0 EE        	BNE	FOUT3		;SEE IF THAT DOES IT.
 5885                     				;THIS ALWAYS GOES.
 5886  231E  20 F4 1F     FOUT9:	JSR	DIV10		;MAKE IT SMALLER.
 5887  2321  E6 9C        	INC	DECCNT
 5888  2323  D0 DC        	BNE	FOUT4		;SEE IF THAT DOES IT.
 5889                     				;THIS ALWAYS GOES.
 5891  2325  20 3F 1D     FOUT5:	JSR	FADDH		;ADD A HALF TO ROUND UP.
 5892  2328  20 91 21     BIGGES: JSR	QINT
 5893  232B  A2 01        	LDXI	1		;DECIMAL POINT COUNT.
 5894  232D  A5 9C        	LDA	DECCNT
 5895  232F  18           	CLC
 5896  2330  69 0A        	ADCI	3*ADDPRC+7	;SHOULD NUMBER BE PRINTED IN E NOTATION?
 5897                     				;IE, IS NUMBER .LT. .01 ?
 5898  2332  30 09        	BMI	FOUTPI		;YES.
 5899  2334  C9 0B        	CMPI	3*ADDPRC+10	;IS IT .GT. 999999 (999999999)?
 5900  2336  B0 06        	BCS	FOUT6		;YES. USE E NOTATION.
 5901  2338  69 FF        	ADCI	^O377		;NUMBER OF PLACES BEFORE DECIMAL POINT.
 5902  233A  AA           	TAX			;PUT INTO ACCX.
 5903  233B  A9 02        	LDAI	2		;NO E NOTATION.
 5904  233D  38           FOUTPI: SEC
 5905  233E  E9 02        FOUT6:	SBCI	2		;EFFECTIVELY ADD 5 TO ORIG EXP.
 5906  2340  85 9D        	STA	TENEXP		;THAT IS THE EXPONENT TO PRINT.
 5907  2342  86 9C        	STX	DECCNT		;NUMBER OF DECIMAL PLACES.
 5908  2344  8A           	TXA
 5909  2345  F0 02        	BEQ	FOUT39
 5910  2347  10 13        	BPL	FOUT8		;SOME PLACES BEFORE DEC PNT.
 5911  2349  A4 B0        FOUT39: LDY	FBUFPT		;GET POINTER TO OUTPUT.
 5912  234B  A9 2E        	LDAI	"."		;PUT IN "."
 5913  234D  C8           	INY
 5914  234E  99 FF 00     	STA	FBUFFR-1,Y
 5915  2351  8A           	TXA
 5916  2352  F0 06        	BEQ	FOUT16
 5917  2354  A9 30        	LDAI	"0"		;GET THE ENSUING ZERO.
 5918  2356  C8           	INY
 5919  2357  99 FF 00     	STA	FBUFFR-1,Y
 5920  235A  84 B0        FOUT16: STY	FBUFPT		;SAVE FOR LATER.
 5921  235C  A0 00        FOUT8:	LDYI	0
 5922  235E  A2 80        FOUTIM: LDXI	200		;FIRST PASS THRU, ACCX HAS MSB SET.
 5923  2360  A5 A4        FOUT2:	LDA	FACLO
 5924  2362  18           	CLC
 5925  2363  79 0B 24     	ADC	FOUTBL+2+ADDPRC,Y
 5926  2366  85 A4        	STA	FACLO
 5927  2368  A5 A3        	LDA	FACMO
 5928  236A  79 0A 24     	ADC	FOUTBL+1+ADDPRC,Y
 5929  236D  85 A3        	STA	FACMO
 5930                     IFN	ADDPRC,<
 5931  236F  A5 A2        	LDA	FACMOH
 5932  2371  79 09 24     	ADC	FOUTBL+1,Y
 5933  2374  85 A2        	STA	FACMOH
 5934  2376  A5 A1        	LDA	FACHO
 5935  2378  79 08 24     	ADC	FOUTBL,Y
 5936  237B  85 A1        	STA	FACHO
 5937  237D  E8           	INX			;IT WAS DONE YET ANOTHER TIME.
 5938  237E  B0 04        	BCS	FOUT41
 5939  2380  10 DE        	BPL	FOUT2
 5940  2382  30 02        	BMI	FOUT40
 5941  2384  30 DA        FOUT41: BMI	FOUT2
 5942  2386  8A           FOUT40: TXA
 5943  2387  90 04        	BCC	FOUTYP		;CAN USE ACCA AS IS.
 5944  2389  49 FF        	EORI	377		;FIND 11.-[A].
 5945  238B  69 0A        	ADCI	12		;C IS STILL ON TO COMPLETE NEGATION.
 5946                     				;AND WILL ALWAYS BE ON AFTER.
 5947  238D  69 2F        FOUTYP: ADCI	"0"-1		;GET A CHARACTER TO PRINT.
 5948  238F  C8 C8 C8 C8  	REPEAT	3+ADDPRC,<INY>	;BUMP POINTER UP.
 5949  2393  84 86        	STY	FDECPT
 5950  2395  A4 B0        	LDY	FBUFPT
 5951  2397  C8           	INY			;POINT TO PLACE TO STORE OUTPUT.
 5952  2398  AA           	TAX
 5953  2399  29 7F        	ANDI	177		;GET RID OF MSB.
 5954  239B  99 FF 00     	STA	FBUFFR-1,Y
 5955  239E  C6 9C        	DEC	DECCNT
 5956  23A0  D0 06        	BNE	STXBUF		;NOT TIME FOR DP YET.
 5957  23A2  A9 2E        	LDAI	"."
 5958  23A4  C8           	INY
 5959  23A5  99 FF 00     	STA	FBUFFR-1,Y,	;STORE DP.
 5960  23A8  84 B0        STXBUF: STY	FBUFPT		;STORE PNTR FOR LATER.
 5961  23AA  A4 86        	LDY	FDECPT
 5962  23AC  8A           FOUTCM: TXA			;COMPLEMENT ACCX
 5963  23AD  49 FF        	EORI	377		;COMPLEMENT ACCA.
 5964  23AF  29 80        	ANDI	200		;SAVE ONLY MSB.
 5965  23B1  AA           	TAX
 5966  23B2  C0 24        	CPYI	FDCEND-FOUTBL
 5967                     IFN	TIME,<
                          	BEQ	FOULDY
                          	CPYI	TIMEND-FOUTBL>
 5970  23B4  D0 AA        	BNE	FOUT2		;CONTINUE WITH OUTPUT.
 5971  23B6  A4 B0        FOULDY: LDY	FBUFPT		;GET BACK OUTPUT PNTR.
 5972  23B8  B9 FF 00     FOUT11: LDA	FBUFFR-1,Y,	;REMOVE TRAILING ZEROES.
 5973  23BB  88           	DEY
 5974  23BC  C9 30        	CMPI	"0"
 5975  23BE  F0 F8        	BEQ	FOUT11
 5976  23C0  C9 2E        	CMPI	"."
 5977  23C2  F0 01        	BEQ	FOUT12		;RUN INTO DP. STOP.
 5978  23C4  C8           	INY			;SOMETHING ELSE. SAVE IT.
 5979  23C5  A9 2B        FOUT12: LDAI	"+"
 5980  23C7  A6 9D        	LDX	TENEXP
 5981  23C9  F0 2E        	BEQ	FOUT17		;NO EXPONENT TO OUTPUT.
 5982  23CB  10 08        	BPL	FOUT14
 5983  23CD  A9 00        	LDAI	0
 5984  23CF  38           	SEC
 5985  23D0  E5 9D        	SBC	TENEXP
 5986  23D2  AA           	TAX
 5987  23D3  A9 2D        	LDAI	"-"		;EXPONENT IS NEGATIVE.
 5988  23D5  99 01 01     FOUT14: STA	FBUFFR-1+2,Y,	;STORE SIGN OF EXP
 5989  23D8  A9 45        	LDAI	"E"
 5990  23DA  99 00 01     	STA	FBUFFR-1+1,Y,	;STORE THE "E" CHARACTER.
 5991  23DD  8A           	TXA
 5992  23DE  A2 2F        	LDXI	"0"-1
 5993  23E0  38           	SEC
 5994  23E1  E8           FOUT15: INX			;MOVE CLOSER TO OUTPUT VALUE.
 5995  23E2  E9 0A        	SBCI	12		;SUBTRACT 10.
 5996  23E4  B0 FB        	BCS	FOUT15		;NOT NEGATIVE YET.
 5997  23E6  69 3A        	ADCI	"0"+12		;GET SECOND OUTPUT CHARACTER.
 5998  23E8  99 03 01     	STA	FBUFFR-1+4,Y,	;STORE HIGH DIGIT.
 5999  23EB  8A           	TXA
 6000  23EC  99 02 01     	STA	FBUFFR-1+3,Y,	;STORE	LOW DIGIT.
 6001  23EF  A9 00        	LDAI	0		;PUT IN TERMINATOR.
 6002  23F1  99 04 01     	STA	FBUFFR-1+5,Y,
 6003  23F4  F0 08        	BEQA	FOUT20		;RETURN. (ALWAYS BRANCHES).
 6004  23F6  99 FF 00     FOUT19: STA	FBUFFR-1,Y,	;STORE THE CHARACTER.
 6005  23F9  A9 00        FOUT17: LDAI	0		;A TERMINATOR.
 6006  23FB  99 00 01     	STA	FBUFFR-1+1,Y
 6007  23FE  A9 00 A0 01  FOUT20: LDWDI	FBUFFR
 6008  2402  60           FPWRRT: RTS			;ALL DONE.
 6009  2403  80           FHALF:	200	;1/2
 6010  2404  00           	000
 6011  2405  00           ZERO:	000
 6012  2406  00           	000
 6013                     IFN	ADDPRC,<0>
 6013  2407  00           0
 6015                     ;POWER OF TEN TABLE
 6016                     IFE	ADDPRC,<
                          FOUTBL: 376	;-100000
                          	171
                          	140
                          	000	;10000
                          	047
                          	020
                          	377	;-1000
                          	374
                          	030
                          	000	;100
                          	000
                          	144
                          	377	;-10
                          	377
                          	366
                          	000	;1
                          	000
                          	001>
 6036                     IFN	ADDPRC,<
 6037  2408  FA           FOUTBL: 372	;-100,000,000
 6038  2409  0A           	012
 6039  240A  1F           	037
 6040  240B  00           	000
 6041  240C  00           	000	;10,000,000
 6042  240D  98           	230
 6043  240E  96           	226
 6044  240F  80           	200
 6045  2410  FF           	377	;-1,000,000
 6046  2411  F0           	360
 6047  2412  BD           	275
 6048  2413  C0           	300
 6049  2414  00           	000	;100,000
 6050  2415  01           	001
 6051  2416  86           	206
 6052  2417  A0           	240
 6053  2418  FF           	377	;-10,000
 6054  2419  FF           	377
 6055  241A  D8           	330
 6056  241B  F0           	360
 6057  241C  00           	000	;1000
 6058  241D  00           	000
 6059  241E  03           	003
 6060  241F  E8           	350
 6061  2420  FF           	377	;-100
 6062  2421  FF           	377
 6063  2422  FF           	377
 6064  2423  9C           	234
 6065  2424  00           	000	;10
 6066  2425  00           	000
 6067  2426  00           	000
 6068  2427  0A           	012
 6069  2428  FF           	377	;-1
 6070  2429  FF           	377
 6071  242A  FF           	377
 6072  242B  FF           	377
 6073  242C               FDCEND:
 6074                     IFN	TIME,<
                          	377	; -2160000 FOR TIME CONVERTER.
                          	337
                          	012
                          	200
                          	000	; 216000
                          	003
                          	113
                          	300
                          	377	; -36000
                          	377
                          	163
                          	140
                          	000	; 3600
                          	000
                          	016
                          	020
                          	377	; -600
                          	377
                          	375
                          	250
                          	000	; 60
                          	000
                          	000
                          	074
                          TIMEND:>
 6101                     PAGE
 6102                     SUBTTL	EXPONENTIATION AND SQUARE ROOT FUNCTION.
 6103                     	;SQUARE ROOT FUNCTION --- SQR(A)
 6104                     	;USE SQR(X)=X^.5
 6105  242C  20 02 21     SQR:	JSR	MOVAF		;MOVE FAC INTO ARG.
 6106  242F  A9 03 A0 24  	LDWDI	FHALF
 6107  2433  20 98 20     	JSR	MOVFM		;PUT MEMORY INTO FAC.
 6108                     				;LAST THING FETCHED IS FACEXP. INTO ACCX.
 6109                     ;	JMP	FPWRT		;FALL INTO FPWRT.
 6111                     	;EXPONENTIATION ---  X^Y.
 6112                     	;N.B.  0^0=1
 6113                     	;FIRST CHECK IF Y=0. IF SO, THE RESULT IS 1.
 6114                     	;NEXT CHECK IF X=0. IF SO THE RESULT IS 0.
 6115                     	;THEN CHECK IF X.GT.0. IF NOT CHECK THAT Y IS AN INTEGER.
 6116                     	;IF SO, NEGATE X, SO THAT LOG DOESN'T GIVE FCERR.
 6117                     	;IF X IS NEGATIVE AND Y IS ODD, NEGATE THE RESULT
 6118                     	;RETURNED BY EXP.
 6119                     	;TO COMPUTE THE RESULT USE X^Y=EXP((Y*LOG(X)).
 6120  2436  F0 70        FPWRT:	BEQ	EXP		;IF FAC=0, JUST EXPONENTIATE THAT.
 6121  2438  A5 A8        	LDA	ARGEXP		;IS X=0?
 6122  243A  D0 03        	BNE	FPWRT1
 6123  243C  4C EF 1D     	JMP	ZEROF1		;ZERO FAC.
 6124  243F  A2 8D A0 00  FPWRT1: LDXYI	TEMPF3		;SAVE FOR LATER IN A TEMP.
 6125  2443  20 CA 20     	JSR	MOVMF
 6126                     	;Y=0 ALREADY. GOOD IN CASE NO ONE CALLS INT.
 6127  2446  A5 AD        	LDA	ARGSGN
 6128  2448  10 0F        	BPL	FPWR1		;NO PROBLEMS IF X.GT.0.
 6129  244A  20 C2 21     	JSR	INT		;INTEGERIZE THE FAC.
 6130  244D  A9 8D A0 00  	LDWDI	TEMPF3		;GET ADDR OF COMPERAND.
 6131  2451  20 51 21     	JSR	FCOMP		;EQUAL?
 6132  2454  D0 03        	BNE	FPWR1		;LEAVE X NEG. LOG WILL BLOW HIM OUT.
 6133                     				;A=-1 AND Y IS IRRELEVANT.
 6134  2456  98           	TYA			;NEGATE X. MAKE POSITIVE.
 6135  2457  A4 0D        	LDY	INTEGR		;GET EVENNESS.
 6136  2459  20 F4 20     FPWR1:	JSR	MOVFA1		;ALTERNATE ENTRY POINT.
 6137  245C  98           	TYA
 6138  245D  48           	PHA			;SAVE EVENNESS FOR LATER.
 6139  245E  20 E0 1E     	JSR	LOG		;FIND LOG.
 6140  2461  A9 8D A0 00  	LDWDI	TEMPF3		;MULTIPLY FAC TIMES LOG(X).
 6141  2465  20 1E 1F     	JSR	FMULT
 6142  2468  20 A8 24     	JSR	EXP		;EXPONENTIATE THE FAC.
 6143  246B  68           	PLA
 6144  246C  4A           	LSR	A,		;IS IT EVEN?
 6145  246D  90 0A        	BCC	NEGRTS		;YES. OR X.GT.0.
 6146                     	;NEGATE THE NUMBER IN FAC.
 6147  246F  A5 A0        NEGOP:	LDA	FACEXP
 6148  2471  F0 06        	BEQ	NEGRTS
 6149  2473  A5 A5 49 FF  	COM	FACSGN
       2477  85 A5
 6150  2479  60           NEGRTS: RTS
 6152                     PAGE
 6153                     SUBTTL	EXPONENTIATION FUNCTION.
 6154                     	;FIRST SAVE THE ORIGINAL ARGUMENT AND MULTIPLY THE FAC BY
 6155                     	;LOG2(E). THE RESULT IS USED TO DETERMINE IF OVERFLOW
 6156                     	;WILL OCCUR SINCE EXP(X)=2^(X*LOG2(E)) WHERE
 6157                     	;LOG2(E)=LOG(E) BASE 2. THEN SAVE THE INTEGER PART OF
 6158                     	;THIS TO SCALE THE ANSWER AT THE END. SINCE
 6159                     	;2^Y=2^INT(Y)*2^(Y-INT(Y)) AND 2^INT(Y) IS EASY TO COMPUTE.
 6160                     	;NOW COMPUTE 2^(X*LOG2(E)-INT(X*LOG2(E)) BY
 6161                     	;P(LN(2)*(INT(X*LOG2(E))+1)-X) WHERE P IS AN APPROXIMATION
 6162                     	;POLYNOMIAL. THE RESULT IS THEN SCALED BY THE POWER OF 2
 6163                     	;PREVIOUSLY SAVED.
 6165  247A  81           LOGEB2: 201			;LOG(E) BASE 2.
 6166  247B  38           	070
 6167  247C  AA           	252
 6168  247D  3B           	073
 6169                     IFN	ADDPRC,<051>
 6169  247E  29           051
 6171                     ife	addprc,<
                          expcon: 6	; degree -1.
                          	164	; .00021702255
                          	143
                          	220
                          	214
                          	167	; .0012439688
                          	043
                          	014
                          	253
                          	172	; .0096788410
                          	036
                          	224
                          	000
                          	174	; .055483342
                          	143
                          	102
                          	200
                          	176	; .24022984
                          	165
                          	376
                          	320
                          	200	; .69314698
                          	061
                          	162
                          	025
                          	201	; 1.0
                          	000
                          	000
                          	000>
 6203                     IFN	ADDPRC,<
 6204  247F  07           EXPCON: 7	;DEGREE-1
 6205  2480  71           	161	; .000021498763697
 6206  2481  34           	064
 6207  2482  58           	130
 6208  2483  3E           	076
 6209  2484  56           	126
 6210  2485  74           	164	; .00014352314036
 6211  2486  16           	026
 6212  2487  7E           	176
 6213  2488  B3           	263
 6214  2489  1B           	033
 6215  248A  77           	167	; .0013422634824
 6216  248B  2F           	057
 6217  248C  EE           	356
 6218  248D  E3           	343
 6219  248E  85           	205
 6220  248F  7A           	172	; .0096140170119
 6221  2490  1D           	035
 6222  2491  84           	204
 6223  2492  1C           	034
 6224  2493  2A           	052
 6225  2494  7C           	174	; .055505126860
 6226  2495  63           	143
 6227  2496  59           	131
 6228  2497  58           	130
 6229  2498  0A           	012
 6230  2499  7E           	176	; .24022638462
 6231  249A  75           	165
 6232  249B  FD           	375
 6233  249C  E7           	347
 6234  249D  C6           	306
 6235  249E  80           	200	; .69314718608
 6236  249F  31           	061
 6237  24A0  72           	162
 6238  24A1  18           	030
 6239  24A2  10           	020
 6240  24A3  81           	201	; 1.0
 6241  24A4  00           	000
 6242  24A5  00           	000
 6243  24A6  00           	000
 6244  24A7  00           	000
 6246  24A8               EXP:
 6247  24A8  A9 7A A0 24  	LDWDI	LOGEB2		;MULTIPLY BY LOG(E) BASE 2.
 6248  24AC  20 1E 1F     	JSR	FMULT
 6249  24AF  A5 AF        	LDA	FACOV
 6250  24B1  69 50        	ADCI	120
 6251  24B3  90 03        	BCC	STOLD
 6252  24B5  20 19 21     	JSR	INCRND
 6253  24B8  85 95        STOLD:	STA	OLDOV
 6254  24BA  20 05 21     	JSR	MOVEF		;TO SAVE IN ARG WITHOUT ROUND.
 6255  24BD  A5 A0        	LDA	FACEXP
 6256  24BF  C9 88        	CMPI	210		;IF ABS(FAC) .GE. 128, TOO BIG.
 6257  24C1  90 03        	BCC	EXP1
 6258  24C3  20 CA 1F     GOMLDV: JSR	MLDVEX		;OVERFLOW OR OVERFLOW.
 6259  24C6  20 C2 21     EXP1:	JSR	INT
 6260  24C9  A5 0D        	LDA	INTEGR	;GET LOW PART.
 6261  24CB  18           	CLC
 6262  24CC  69 81        	ADCI	201
 6263  24CE  F0 F3        	BEQ	GOMLDV		;OVERFLOW OR OVERFLOW !!
 6264  24D0  38           	SEC
 6265  24D1  E9 01        	SBCI	1		;SUBTRACT 1.
 6266  24D3  48           	PHA			;SAVE A WHILE.
 6267  24D4  A2 05        	LDXI	4+ADDPRC	;PREP TO SWAP FAC AND ARG.
 6268  24D6  B5 A8        SWAPLP: LDA	ARGEXP,X
 6269  24D8  B4 A0        	LDY	FACEXP,X
 6270  24DA  95 A0        	STA	FACEXP,X
 6271  24DC  94 A8        	STY	ARGEXP,X
 6272  24DE  CA           	DEX
 6273  24DF  10 F5        	BPL	SWAPLP
 6274  24E1  A5 95        	LDA	OLDOV
 6275  24E3  85 AF        	STA	FACOV
 6276  24E5  20 49 1D     	JSR	FSUBT
 6277  24E8  20 6F 24     	JSR	NEGOP		;NEGATE FAC.
 6278  24EB  A9 7F A0 24  	LDWDI	EXPCON
 6279  24EF  20 11 25     	JSR	POLY
 6280  24F2  A9 00 85 AE  	CLR	ARISGN		;MULTIPLY BY POSITIVE 1.0.
 6281  24F6  68           	PLA			;GET SCALE FACTOR.
 6282  24F7  20 AF 1F     	JSR	MLDEXP		;MODIFY FACEXP AND CHECK FOR OVERFLOW.
 6283  24FA  60           	RTS			;HAS TO DO JSR DUE TO PULAS IN MULDIV.
 6286                     PAGE
 6287                     SUBTTL	POLYNOMIAL EVALUATOR AND THE RANDOM NUMBER GENERATOR.
 6288                     	;EVALUATE P(X^2)*X
 6289                     	;POINTER TO DEGREE IS IN [Y,A].
 6290                     	;THE CONSTANTS FOLLOW THE DEGREE.
 6291                     	;FOR X=FAC, COMPUTE:
 6292                     	; C0*X+C1*X^3+C2*X^5+C3*X^7+...+C(N)*X^(2*N+1)
 6293  24FB  85 B0 84 B1  POLYX:	STWD	POLYPT		;RETAIN POLYNOMIAL POINTER FOR LATER.
 6294  24FF  20 C0 20     	JSR	MOV1F		;SAVE FAC IN FACTMP.
 6295  2502  A9 96        	LDAI	TEMPF1
 6296  2504  20 1E 1F     	JSR	FMULT		;COMPUTE X^2.
 6297  2507  20 15 25     	JSR	POLY1		;COMPUTE P(X^2).
 6298  250A  A9 96 A0 00  	LDWDI	TEMPF1
 6299  250E  4C 1E 1F     	JMP	FMULT		;MULTIPLY BY FAC AGAIN.
 6301                     	;POLYNOMIAL EVALUATOR.
 6302                     	;POINTER TO DEGREE IS IN [Y,A].
 6303                     	;COMPUTE:
 6304                     	; C0+C1*X+C2*X^2+C3*X^3+C4*X^4+...+C(N-1)*X^(N-1)+C(N)*X^N.
 6305  2511  85 B0 84 B1  POLY:	STWD	POLYPT
 6306  2515  20 BD 20     POLY1:	JSR	MOV2F		;SAVE FAC.
 6307  2518  B1 B0        	LDADY	POLYPT
 6308  251A  85 A6        	STA	DEGREE
 6309  251C  A4 B0        	LDY	POLYPT
 6310  251E  C8           	INY
 6311  251F  98           	TYA
 6312  2520  D0 02        	BNE	POLY3
 6313  2522  E6 B1        	INC	POLYPT+1
 6314  2524  85 B0        POLY3:	STA	POLYPT
 6315  2526  A4 B1        	LDY	POLYPT+1
 6316  2528  20 1E 1F     POLY2:	JSR	FMULT
 6317  252B  A5 B0 A4 B1  	LDWD	POLYPT		;GET CURRENT POINTER.
 6318  252F  18           	CLC
 6319  2530  69 05        	ADCI	4+ADDPRC
 6320  2532  90 01        	BCC	POLY4
 6321  2534  C8           	INY
 6322  2535  85 B0 84 B1  POLY4:	STWD	POLYPT
 6323  2539  20 5D 1D     	JSR	FADD		;ADD IN CONSTANT.
 6324  253C  A9 9B A0 00  	LDWDI	TEMPF2		;MULTIPLY THE ORIGINAL FAC.
 6325  2540  C6 A6        	DEC	DEGREE		;DONE?
 6326  2542  D0 E4        	BNE	POLY2
 6327  2544  60           RANDRT: RTS			;YES.
 6329                     	;PSUEDO-RANDOM NUMBER GENERATOR.
 6330                     	;IF ARG=0, THE LAST RANDOM NUMBER GENERATED IS RETURNED.
 6331                     	;IF ARG .LT. 0, A NEW SEQUENCE OF RANDOM NUMBERS IS
 6332                     	;STARTED USING THE ARGUMENT.
 6333                     	;   TO FORM THE NEXT RANDOM NUMBER IN THE SEQUENCE,
 6334                     	;MULTIPLY THE PREVIOUS RANDOM NUMBER BY A RANDOM CONSTANT
 6335                     	;AND ADD IN ANOTHER RANDOM CONSTANT. THE THEN HO
 6336                     	;AND LO BYTES ARE SWITCHED, THE EXPONENT IS PUT WHERE
 6337                     	;IT WILL BE SHIFTED IN BY NORMAL, AND THE EXPONENT IN THE FAC
 6338                     	;IS SET TO 200 SO THE RESULT WILL BE LESS THAN 1. THIS
 6339                     	;IS THEN NORMALIZED AND SAVED FOR THE NEXT TIME.
 6340                     	;THE HO AND LOW BYTES WERE SWITCHED SO THERE WILL BE A
 6341                     	;RANDOM CHANCE OF GETTING A NUMBER LESS THAN OR GREATER
 6342                     	;THAN .5 .
 6344  2545  98           RMULZC: 230
 6345  2546  35           	065
 6346  2547  44           	104
 6347  2548  7A           	172
 6348  2549  68           RADDZC: 150
 6349  254A  28           	050
 6350  254B  B1           	261
 6351  254C  46           	106
 6353  254D  20 21 21     RND:	JSR	SIGN		;GET SIGN INTO ACCX.
 6354                     IFN	REALIO-3,<
 6355  2550  AA           	TAX
 6356  2551  30 18        	BMI	RND1		;START NEW SEQUENCE IF NEGATIVE.
 6357                     IFE	REALIO-3,<
                          	BNE	QSETNR
                          		;TIMERS ARE AT 9044(L0),45(HI),48(LO),49(HI) HEX.
                          		;FIRST TWO ARE ALWAYS FREE RUNNING.
                          		;SECOND PAIR IS NOT. LO IS FREER THAN HI THEN.
                          		;SO ORDER IN FAC IS 44,48,45,49.
                          	LDA	CQHTIM
                          	STA	FACHO
                          	LDA	CQHTIM+4
                          	STA	FACMOH
                          	LDA	CQHTIM+1
                          	STA	FACMO
                          	LDA	CQHTIM+5
                          	STA	FACLO
                          	JMP	STRNEX>
 6372  2553  A9 CA A0 00  QSETNR: LDWDI	RNDX		;GET LAST ONE INTO FAC.
 6373  2557  20 98 20     	JSR	MOVFM
 6374                     IFN	REALIO-3,<
 6375  255A  8A           	TXA			;FAC WAS ZERO?
 6376  255B  F0 E7        	BEQ	RANDRT
 6377  255D  A9 45 A0 25  	LDWDI	RMULZC		;MULTIPLY BY RANDOM CONSTANT.
 6378  2561  20 1E 1F     	JSR	FMULT
 6379  2564  A9 49 A0 25  	LDWDI	RADDZC
 6380  2568  20 5D 1D     	JSR	FADD		;ADD RANDOM CONSTANT.
 6381  256B  A6 A4        RND1:	LDX	FACLO
 6382  256D  A5 A1        	LDA	FACHO
 6383  256F  85 A4        	STA	FACLO
 6384  2571  86 A1        	STX	FACHO		;REVERSE HO AND LO.
 6385                     IFE	REALIO-3,<
                          	LDX	FACMOH
                          	LDA	FACMO
                          	STA	FACMOH
                          	STX	FACMO>
 6390  2573  A9 00 85 A5  STRNEX: CLR	FACSGN		;MAKE NUMBER POSITIVE.
 6391  2577  A5 A0        	LDA	FACEXP		;PUT EXP WHERE IT WILL
 6392  2579  85 AF        	STA	FACOV		;BE SHIFTED IN BY NORMAL.
 6393  257B  A9 80        	LDAI	200
 6394  257D  85 A0        	STA	FACEXP		;MAKE RESULT BETWEEN 0 AND 1.
 6395  257F  20 CD 1D     	JSR	NORMAL		;NORMALIZE.
 6396  2582  A2 CA A0 00  	LDXYI	RNDX
 6397  2586  4C CA 20     GMOVMF: JMP	MOVMF		;PUT NEW ONE INTO MEMORY.
 6399                     PAGE
 6400                     SUBTTL	SINE, COSINE AND TANGENT FUNCTIONS.
 6401                     IFE	KIMROM,<
 6402                     	;COSINE FUNCTION.
 6403                     	;USE COS(X)=SIN(X+PI/2)
 6404  2589  A9 05 A0 26  COS:	LDWDI	PI2		;PNTR TO PI/2.
 6405  258D  20 5D 1D     	JSR	FADD		;ADD IT IN.
 6406                     				;FALL INTO SIN.
 6409                     	;SINE FUNCTION.
 6410                     	;USE IDENTITIES TO GET FAC IN QUADRANTS I OR IV.
 6411                     	;THE FAC IS DIVIDED BY 2*PI AND THE INTEGER PART IS IGNORED
 6412                     	;BECAUSE SIN(X+2*PI)=SIN(X). THEN THE ARGUMENT CAN BE COMPARED
 6413                     	;WITH PI/2 BY COMPARING THE RESULT OF THE DIVISION
 6414                     	;WITH PI/2/(2*PI)=1/4.
 6415                     	;IDENTITIES ARE THEN USED TO GET THE RESULT IN QUADRANTS
 6416                     	;I OR IV. AN APPROXIMATION POLYNOMIAL IS THEN USED TO
 6417                     	;COMPUTE SIN(X).
 6418  2590  20 02 21     SIN:	JSR	MOVAF
 6419  2593  A9 0A A0 26  	LDWDI	TWOPI		;GET PNTR TO DIVISOR.
 6420  2597  A6 AD        	LDX	ARGSGN		;GET SIGN OF RESULT.
 6421  2599  20 FD 1F     	JSR	FDIVF
 6422  259C  20 02 21     	JSR	MOVAF		;GET RESULT INTO ARG.
 6423  259F  20 C2 21     	JSR	INT		;INTEGERIZE FAC.
 6424  25A2  A9 00 85 AE  	CLR	ARISGN		;ALWAYS HAVE THE SAME SIGN.
 6425  25A6  20 49 1D     	JSR	FSUBT		;KEEP ONLY THE FRACTIONAL PART.
 6426  25A9  A9 0F A0 26  	LDWDI	FR4		;GET PNTR TO 1/4.
 6427  25AD  20 46 1D     	JSR	FSUB		;COMPUTE 1/4-FAC.
 6428  25B0  A5 A5        	LDA	FACSGN		;SAVE SIGN FOR LATER.
 6429  25B2  48           	PHA
 6430  25B3  10 0D        	BPL	SIN1		;FIRST QUADRANT.
 6431  25B5  20 3F 1D     	JSR	FADDH		;ADD 1/2 TO FAC.
 6432  25B8  A5 A5        	LDA	FACSGN		;SIGN IS NEGATIVE?
 6433  25BA  30 09        	BMI	SIN2
 6434  25BC  A5 16 49 FF  	COM	TANSGN		;QUADRANTS II AND III COME HERE.
       25C0  85 16
 6435  25C2  20 6F 24     SIN1:	JSR	NEGOP		;IF POSITIVE, NEGATE IT.
 6436  25C5  A9 0F A0 26  SIN2:	LDWDI	FR4		;POINTER TO 1/4.
 6437  25C9  20 5D 1D     	JSR	FADD		;ADD IT IN.
 6438  25CC  68           	PLA			;GET ORIGINAL QUADRANT.
 6439  25CD  10 03        	BPL	SIN3
 6440  25CF  20 6F 24     	JSR	NEGOP		;IF NEGATIVE, NEGATE RESULT.
 6441  25D2  A9 14 A0 26  SIN3:	LDWDI	SINCON
 6442  25D6  4C FB 24     GPOLYX: JMP	POLYX		;DO APPROXIMATION POLYNOMIAL.
 6445                     	;TANGENT FUNCTION.
 6446  25D9  20 C0 20     TAN:	JSR	MOV1F		;MOVE FAC INTO TEMPORARY.
 6447  25DC  A9 00 85 16  	CLR	TANSGN		;REMEMBER WHETHER TO NEGATE.
 6448  25E0  20 90 25     	JSR	SIN		;COMPUTE THE SIN.
 6449  25E3  A2 8D A0 00  	LDXYI	TEMPF3
 6450  25E7  20 86 25     	JSR	GMOVMF		;PUT SIGN INTO OTHER TEMP.
 6451  25EA  A9 96 A0 00  	LDWDI	TEMPF1
 6452  25EE  20 98 20     	JSR	MOVFM		;PUT THIS MEMORY LOC INTO FAC.
 6453  25F1  A9 00 85 A5  	CLR	FACSGN		;START OFF POSITIVE.
 6454  25F5  A5 16        	LDA	TANSGN
 6455  25F7  20 01 26     	JSR	COSC		;COMPUTE COSINE.
 6456  25FA  A9 8D A0 00  	LDWDI	TEMPF3		;ADDRESS OF SINE VALUE.
 6457  25FE  4C 05 20     GFDIV:	JMP	FDIV		;DIVIDE SINE BY COSINE AND RETURN.
 6458  2601  48           COSC:	PHA
 6459  2602  4C C2 25     	JMP	SIN1
 6461  2605  81           PI2:	201	;PI/2
 6462  2606  49           	111
 6463  2607  0F           	017
 6464  2608  DB           	333-ADDPRC
 6465                     IFN	ADDPRC,<242>
 6465  2609  A2           242
 6466  260A  83           TWOPI:	203	;2*PI.
 6467  260B  49           	111
 6468  260C  0F           	017
 6469  260D  DB           	333-ADDPRC
 6470                     IFN	ADDPRC,<242>
 6470  260E  A2           242
 6471  260F  7F           FR4:	177	;1/4
 6472  2610  00           	000
 6473  2611  00           	000
 6474  2612  00           	0000
 6475                     IFN	ADDPRC,<0>
 6475  2613  00           0
 6476                     IFE ADDPRC,<SINCON:	4	;DEGREE-1.
                          	206	;39.710899
                          	036
                          	327
                          	373
                          	207	;-76.574956
                          	231
                          	046
                          	145
                          	207	;81.602231
                          	043
                          	064
                          	130
                          	206	;-41.341677
                          	245
                          	135
                          	341
                          	203	;6.2831853
                          	111
                          	017
                          	333>
 6498                     IFN	ADDPRC,<
 6499  2614  05           SINCON: 5		;DEGREE-1.
 6500  2615  84           	204	; -14.381383816
 6501  2616  E6           	346
 6502  2617  1A           	032
 6503  2618  2D           	055
 6504  2619  1B           	033
 6505  261A  86           	206	; 42.07777095
 6506  261B  28           	050
 6507  261C  07           	007
 6508  261D  FB           	373
 6509  261E  F8           	370
 6510  261F  87           	207	; -76.704133676
 6511  2620  99           	231
 6512  2621  68           	150
 6513  2622  89           	211
 6514  2623  01           	001
 6515  2624  87           	207	; 81.605223690
 6516  2625  23           	043
 6517  2626  35           	065
 6518  2627  DF           	337
 6519  2628  E1           	341
 6520  2629  86           	206	; -41.34170209
 6521  262A  A5           	245
 6522  262B  5D           	135
 6523  262C  E7           	347
 6524  262D  28           	050
 6525  262E  83           	203	; 6.2831853070
 6526  262F  49           	111
 6527  2630  0F           	017
 6528  2631  DA           	332
 6529  2632  A2           	242
 6530  2633  A1           	241	; 7.2362932E7
 6531  2634  54           	124
 6532  2635  46           	106
 6533  2636  8F           	217
 6534  2637  13           	23
 6535  2638  8F           	217	; 73276.2515
 6536  2639  52           	122
 6537  263A  43           	103
 6538  263B  89           	211
 6539  263C  CD           	315
 6540                     PAGE
 6541                     SUBTTL	ARCTANGENT FUNCTION.
 6542                     	;USE IDENTITIES TO GET ARG BETWEEN 0 AND 1 AND THEN USE AN
 6543                     	;APPROXIMATION POLYNOMIAL TO COMPUTE ARCTAN(X).
 6544  263D  A5 A5        ATN:	LDA	FACSGN		;WHAT IS SIGN?
 6545  263F  48           	PHA			;(MEANWHILE SAVE FOR LATER.)
 6546  2640  10 03        	BPL	ATN1
 6547  2642  20 6F 24     	JSR	NEGOP		;IF NEGATIVE, NEGATE FAC.
 6548                     				;USE ARCTAN(X)=-ARCTAN(-X) .
 6549  2645  A5 A0        ATN1:	LDA	FACEXP
 6550  2647  48           	PHA			;SAVE THIS TOO FOR LATER.
 6551  2648  C9 81        	CMPI	201		;SEE IF FAC .GE. 1.0 .
 6552  264A  90 07        	BCC	ATN2		;IT IS LESS THAN 1.
 6553  264C  A9 B2 A0 1E  	LDWDI	FONE		;GET PNTR TO 1.0 .
 6554  2650  20 05 20     	JSR	FDIV		;COMPUTE RECIPROCAL.
 6555                     				;USE ARCTAN(X)=PI/2-ARCTAN(1/X) .
 6556  2653  A9 6D A0 26  ATN2:	LDWDI	ATNCON		;PNTR TO ARCTAN CONSTANTS.
 6557  2657  20 FB 24     	JSR	POLYX
 6558  265A  68           	PLA
 6559  265B  C9 81        	CMPI	201		;WAS ORIGINAL ARGUMENT .LT. 1 ?
 6560  265D  90 07        	BCC	ATN3		;YES.
 6561  265F  A9 05 A0 26  	LDWDI	PI2
 6562  2663  20 46 1D     	JSR	FSUB		;SUBTRACT ARCTAGN FROM PI/2.
 6563  2666  68           ATN3:	PLA			;WAS ORIGINAL ARGUMENT POSITIVE?
 6564  2667  10 03        	BPL	ATN4		;YES.
 6565  2669  4C 6F 24     	JMP	NEGOP		;IF NEGATIVE, NEGATE RESULT.
 6566  266C  60           ATN4:	RTS			;ALL DONE.
 6568                     IFE	ADDPRC,<
                          ATNCON:	 10	;DEGREE-1.
                          	170	;.0028498896
                          	072
                          	305
                          	067
                          	173	;-.016068629
                          	203
                          	242
                          	134
                          	174	;.042691519
                          	056
                          	335
                          	115
                          	175	;-.075042945
                          	231
                          	260
                          	036
                          	175	;.10640934
                          	131
                          	355
                          	044
                          	176	;-.14203644
                          	221
                          	162
                          	000
                          	176	;.19992619
                          	114
                          	271
                          	163
                          	177	;.-33333073
                          	252
                          	252
                          	123
                          	201	;1.0
                          	000
                          	000
                          	000>
 6607                     IFN	ADDPRC,<
 6608  266D  0B           ATNCON: 13	;DEGREE-1.
 6609  266E  76           	166	; -.0006847939119
 6610  266F  B3           	263
 6611  2670  83           	203
 6612  2671  BD           	275
 6613  2672  D3           	323
 6614  2673  79           	171	; .004850942156
 6615  2674  1E           	036
 6616  2675  F4           	364
 6617  2676  A6           	246
 6618  2677  F5           	365
 6619  2678  7B           	173	; -.01611170184
 6620  2679  83           	203
 6621  267A  FC           	374
 6622  267B  B0           	260
 6623  267C  10           	020
 6624  267D  7C           	174	; .03420963805
 6625  267E  0C           	014
 6626  267F  1F           	037
 6627  2680  67           	147
 6628  2681  CA           	312
 6629  2682  7C           	174	; -.05427913276
 6630  2683  DE           	336
 6631  2684  53           	123
 6632  2685  CB           	313
 6633  2686  C1           	301
 6634  2687  7D           	175	; .07245719654
 6635  2688  14           	024
 6636  2689  64           	144
 6637  268A  70           	160
 6638  268B  4C           	114
 6639  268C  7D           	175	; -.08980239538
 6640  268D  B7           	267
 6641  268E  EA           	352
 6642  268F  51           	121
 6643  2690  7A           	172
 6644  2691  7D           	175	; .1109324134
 6645  2692  63           	143
 6646  2693  30           	060
 6647  2694  88           	210
 6648  2695  7E           	176
 6649  2696  7E           	176	; -.1428398077
 6650  2697  92           	222
 6651  2698  44           	104
 6652  2699  99           	231
 6653  269A  3A           	072
 6654  269B  7E           	176	; .1999991205
 6655  269C  4C           	114
 6656  269D  CC           	314
 6657  269E  91           	221
 6658  269F  C7           	307
 6659  26A0  7F           	177	; -.3333333157
 6660  26A1  AA           	252
 6661  26A2  AA           	252
 6662  26A3  AA           	252
 6663  26A4  13           	023
 6664  26A5  81           	201	; 1.0
 6665  26A6  00           	000
 6666  26A7  00           	000
 6667  26A8  00           	000
 6668  26A9  00           	000
 6669                     PAGE
 6670                     SUBTTL	SYSTEM INITIALIZATION CODE.
 6671                     RADIX	10		;IN ALL NON-MATH-PACKAGE CODE.
 6672                     ; THIS INITIALIZES THE BASIC INTERPRETER FOR THE M6502 AND SHOULD BE
 6673                     ; LOCATED WHERE IT WILL BE WIPED OUT IN RAM IF CODE IS ALL IN RAM.
 6675                     IFE	ROMSW,<
                          	BLOCK	1>		;SO ZEROING AT TXTTAB DOESN'T PREVENT
 6677                     				;RESTARTING INIT
 6678  26AA  E6 B9        INITAT: INC	CHRGET+7	;INCREMENT THE WHOLE TXTPTR.
 6679  26AC  D0 02        	BNE	CHZGOT
 6680  26AE  E6 BA        	INC	CHRGET+8
 6681  26B0  AD 60 EA     CHZGOT: LDA	60000		;A LOAD WITH AN EXT ADDR.
 6682  26B3  C9 3A        	CMPI	":"		;IS IT A ":"?
 6683  26B5  B0 0A        	BCS	CHZRTS		;IT IS .GE. ":"
 6684  26B7  C9 20        	CMPI	" "		;SKIP SPACES.
 6685  26B9  F0 EF        	BEQ	INITAT
 6686  26BB  38           	SEC
 6687  26BC  E9 30        	SBCI	"0"		;ALL CHARS .GT. "9" HAVE RET'D SO
 6688  26BE  38           	SEC
 6689  26BF  E9 D0        	SBCI	^D256-"0"		;SEE IF NUMERIC.
 6690                     				;TURN CARRY ON IF NUMERIC.
 6691                     				;ALSO, SETZ IF NULL.
 6692  26C1  60           CHZRTS: RTS			;RETURN TO CALLER.
 6694  26C2  80           	128			;LOADED OR FROM ROM.
 6695  26C3  4F           	79			;THE INITIAL RANDOM NUMBER.
 6696  26C4  C7           	199
 6697  26C5  52           	82
 6698                     IFN	ADDPRC,<88>
 6698  26C6  58           88
 6699                     IFN REALIO-3,<
 6700                     IFE	KIMROM,<
 6701  26C7  A9 FB A0 27  TYPAUT: LDWDI	AUTTXT
 6702  26CB  20 FE 10     	JSR	STROUT
 6703  26CE               INIT:
 6704                     IFN	REALIO-3,<
 6705  26CE  A2 FF        	LDXI	255		;MAKE IT LOOK DIRECT IN CASE OF
 6706  26D0  86 79        	STX	CURLIN+1
 6707                     IFN	STKEND-511,<
 6708  26D2  A2 FB        	LDXI	STKEND-256
 6709  26D4  9A           	TXS
 6710                     IFN	REALIO-3,<
 6711  26D5  A9 CE A0 26  	LDWDI	INIT		;ALLOW RESTART.
 6712  26D9  85 01 84 02  	STWD	START+1
 6713  26DD  85 04 84 05  	STWD	RDYJSR+1	;RTS HERE ON ERRORS.
 6714  26E1  A9 B5 A0 16  	LDWDI	AYINT
 6715  26E5  85 06 84 07  	STWD	ADRAYI
 6716  26E9  A9 88 A0 18  	LDWDI	GIVAYF
 6717  26ED  85 08 84 09  	STWD	ADRGAY
 6718  26F1  A9 4C        	LDAI	76		;JMP INSTRUCTION.
 6719                     IFE	REALIO,<HRLI 1,^O1000>	;MAKE AN INST.
 6720                     IFN	REALIO-3,<
 6721  26F3  85 00        	STA	START
 6722  26F5  85 03        	STA	RDYJSR
 6723  26F7  85 93        	STA	JMPER
 6724                     IFN	ROMSW,<
 6725  26F9  85 0A        	STA	USRPOK
 6726  26FB  A9 3E A0 17  	LDWDI	FCERR
 6727  26FF  85 0B 84 0C  	STWD	USRPOK+1
 6728  2703  A9 28        	LDAI	LINLEN		;THESE MUST BE NON-ZERO SO CHEAD WILL
 6729  2705  85 51        	STA	LINWID		;WORK AFTER MOVING A NEW LINE IN BUF
 6730                     				;INTO THE PROGRAM
 6731  2707  A9 0E        	LDAI	NCMPOS
 6732  2709  85 52        	STA	NCMWID
 6733  270B  A2 1C        	LDXI	RNDX+4-CHRGET
 6734  270D  BD A9 26     MOVCHG: LDA	INITAT-1,X,
 6735  2710  95 B1        	STA	CHRGET-1,X,	;MOVE TO RAM.
 6736  2712  CA           	DEX
 6737  2713  D0 F8        	BNE	MOVCHG
 6738  2715  A9 03        	LDAI	STRSIZ
 6739  2717  85 92        	STA	FOUR6
 6740  2719  8A           	TXA			;SET CONST IN RAM.
 6741  271A  85 A7        	STA	BITS
 6742                     IFN EXTIO,<
                          	STA	CHANNL>
 6744  271C  85 57        	STA	LASTPT+1
 6745                     IFN	NULCMD,<
                          	STA	NULCNT>
 6747  271E  48           	PHA			;PUT ZERO AT THE END OF THE STACK
 6748                     				;SO FNDFOR WILL STOP
 6749                     IFN	REALIO,<
 6750  271F  85 17        	STA	CNTWFL
 6751                     IFN	BUFPAG,<
 6752  2721  E8           	INX			;MAKE [X]=1
 6753  2722  8E FD 01     	STX	BUF-3		;SET PRE-BUF BYTES NON-ZERO FOR CHEAD
 6754  2725  8E FC 01     	STX	BUF-4
 6755                     IFN	REALIO-3,<
 6756  2728  20 B4 10     	JSR	CRDO
 6757  272B  A2 58        	LDXI	TEMPST
 6758  272D  86 55        	STX	TEMPPT		;SET UP STRING TEMPORARIES.
 6759                     IFN	REALIO!LONGI,<
 6760                     IFN	REALIO-3,<
 6761  272F  A9 1B A0 28  	LDWDI	MEMORY
 6762  2733  20 FE 10     	JSR	STROUT
 6763  2736  20 9B 11     	JSR	QINLIN		;GET A LINE OF INPUT.
 6764  2739  86 B9 84 BA  	STXY	TXTPTR		;READ THIS !
 6765  273D  20 B2 00     	JSR	CHRGET		;GET THE FIRST CHARACTER.
 6766                     IFE	KIMROM,<
 6767  2740  C9 41        	CMPI	"A"		;IS IT AN "A"?
 6768  2742  F0 83        	BEQ	TYPAUT
 6769  2744  A8           	TAY			;NULL INPUT?
 6770  2745  D0 25        	BNE	USEDE9
 6771                     IFE	REALIO-3,<
                          	LDYI	RAMLOC/^D256>
 6773                     IFN	REALIO-3,<
 6774                     IFE	ROMSW,<
                          	LDWDI	LASTWR>		;YES GET PNTR TO LAST WORD.
 6776                     IFN	ROMSW,<
 6777  2747  A9 00 A0 2A  	LDWDI	RAMLOC
 6778                     IFN	ROMSW,<
 6779  274B  85 6A 84 6B  	STWD	TXTTAB
 6780  274F  85 53 84 54  	STWD	LINNUM
 6781                     IFE	REALIO-3,<
                          	TAY>
 6783                     IFN	REALIO-3,<
 6784  2753  A0 00        	LDYI	0
 6785  2755  E6 53        LOOPMM: INC	LINNUM
 6786  2757  D0 02        	BNE	LOOPM1
 6787  2759  E6 54        	INC	LINNUM+1
 6788                     IFE	REALIO-3,<
                          	BMI	USEDEC>
 6790  275B  A9 55        LOOPM1: LDAI	85		;PUT RANDOM INFO INTO MEM.
 6791  275D  91 53        	STADY	LINNUM
 6792  275F  D1 53        	CMPDY	LINNUM		;WAS IT SAVED?
 6793  2761  D0 15        	BNE	USEDEC		;NO. THAT IS END OF MEMORY.
 6794  2763  0A           	ASL	A,		;LOOKS LIKE IT. TRY ANOTHER.
 6795  2764  91 53        	STADY	LINNUM
 6796  2766  D1 53        	CMPDY	LINNUM		;WAS IT SAVED?
 6797                     IFN	REALIO-3,<
 6798  2768  D0 0E        	BNE	USEDEC
 6799                     IFN	REALIO-2,<
 6800  276A  F0 E9        	BEQ	LOOPMM
 6801                     IFE	REALIO-2,<
                          	BNE	USEDEC
                          	CMP	0		;SEE IF HITTING PAGE 0
                          	BNE	LOOPMM
                          	LDAI	76
                          	STA	0
                          	BNEA	USEDEC>
 6808                     IFN	REALIO-3,<
 6809  276C  20 B8 00     USEDE9: JSR	CHRGOT		;GET CURRENT CHARACTER.
 6810  276F  20 B3 0F     	JSR	LINGET		;GET DECIMAL ARGUMENT.
 6811  2772  A8           	TAY			;MAKE SURE A TERMINATOR EXISTS.
 6812  2773  F0 03        	BEQ	USEDEC		;IT DOES.
 6813  2775  4C 87 14     	JMP	SNERR
 6814  2778  A5 53 A4 54  USEDEC: LDWD	LINNUM		;GET SIZE OF MEMORY INPUT.
 6815  277C               USEDEF:
 6816                     IFE	REALIO!LONGI,<
                          	LDWDI	16190>		;A STRANGE NUMBER.
 6818  277C  85 76 84 77  	STWD	MEMSIZ		;THIS IS THE SIZE OF MEMORY.
 6819  2780  85 72 84 73  	STWD	FRETOP		;TOP OF STRINGS TOO.
 6820  2784               TTYW:
 6821                     IFN	REALIO-3,<
 6822                     IFN	REALIO!LONGI,<
 6823  2784  A9 27 A0 28  	LDWDI	TTYWID
 6824  2788  20 FE 10     	JSR	STROUT
 6825  278B  20 9B 11     	JSR	QINLIN		;GET LINE OF INPUT.
 6826  278E  86 B9 84 BA  	STXY	TXTPTR		;READ THIS !
 6827  2792  20 B2 00     	JSR	CHRGET		;GET FIRST CHARACTER.
 6828  2795  A8           	TAY			;TEST ACCA BUT DON'T AFFECT CARRY.
 6829  2796  F0 1C        	BEQ	ASKAGN
 6830  2798  20 B3 0F     	JSR	LINGET		;GET ARGUMENT.
 6831  279B  A5 54        	LDA	LINNUM+1
 6832  279D  D0 E5        	BNE	TTYW		;WIDTH MUST BE .LT. 256.
 6833  279F  A5 53        	LDA	LINNUM
 6834  27A1  C9 10        	CMPI	16		;WIDTH MUST BE GREATER THAN 16.
 6835  27A3  90 DF        	BCC	TTYW
 6836  27A5  85 51        	STA	LINWID		;THAT IS THE LINE WIDTH.
 6837  27A7  E9 0E        MORCPS: SBCI	CLMWID		;COMPUTE POSITION BEYOND WHICH
 6838  27A9  B0 FC        	BCS	MORCPS		;THERE ARE NO MORE FIELDS.
 6839  27AB  49 FF        	EORI	255
 6840  27AD  E9 0C        	SBCI	CLMWID-2
 6841  27AF  18           	CLC
 6842  27B0  65 51        	ADC	LINWID
 6843  27B2  85 52        	STA	NCMWID
 6844  27B4               ASKAGN:
 6845                     IFE	ROMSW,<
                          IFN	REALIO!LONGI,<
                          	LDWDI	FNS
                          	JSR	STROUT
                          	JSR	QINLIN
                          	STXY	TXTPTR		;READ THIS !
                          	JSR	CHRGET
                          	LDXYI	INITAT		;DEFAULT.
                          	CMPI	"Y"
                          	BEQ	HAVFNS		;SAVE ALL FUNCTIONS.
                          	CMPI	"A"
                          	BEQ	OKCHAR		;SAVE ALL BUT ATN.
                          	CMPI	"N"
                          	BNE	ASKAGN		;BAD INPUT.
                          				;SAVE NOTHING.
                          OKCHAR: LDXYI	FCERR
                          	STXY	ATNFIX		;GET RID OF ATN FUNCTION.
                          	LDXYI	ATN		;UNTIL WE KNOW THAT WE SHOULD DEL MORE.
                          	CMPI	"A"
                          	BEQ	HAVFNS		;JUST GET RID OF ATN.
                          	LDXYI	FCERR
                          	STXY	COSFIX		;GET RID OF THE REST.
                          	STXY	TANFIX
                          	STXY	SINFIX
                          	LDXYI	COS		;AND GET RID OF ALL BACK TO "COS".
                          HAVFNS:>
                          IFE	REALIO!LONGI,<
                          	LDXYI	INITAT-1>>
 6873                     IFN	ROMSW,<
 6874  27B4  A2 00 A0 2A  	LDXYI	RAMLOC
 6875  27B8  86 6A 84 6B  	STXY	TXTTAB
 6876  27BC  A0 00        	LDYI	0
 6877  27BE  98           	TYA
 6878  27BF  91 6A        	STADY	TXTTAB		;SET UP TEXT TABLE.
 6879  27C1  E6 6A        	INC	TXTTAB
 6880                     IFN	REALIO-3,<
 6881  27C3  D0 02        	BNE	QROOM
 6882  27C5  E6 6B        	INC	TXTTAB+1
 6883  27C7  A5 6A A4 6B  QROOM:	LDWD	TXTTAB		;PREPARE TO USE "REASON".
 6884  27CB  20 14 0A     	JSR	REASON
 6885                     IFE	REALIO-3,<
                          	LDWDI	FREMES
                          	JSR	STROUT>
 6888                     IFN	REALIO-3,<
 6889  27CE  20 B4 10     	JSR	CRDO
 6890  27D1  A5 76        	LDA	MEMSIZ		;COMPUTE [MEMSIZ]-[VARTAB].
 6891  27D3  38           	SEC
 6892  27D4  E5 6A        	SBC	TXTTAB
 6893  27D6  AA           	TAX
 6894  27D7  A5 77        	LDA	MEMSIZ+1
 6895  27D9  E5 6B        	SBC	TXTTAB+1
 6896  27DB  20 C3 22     	JSR	LINPRT		;TYPE THIS VALUE.
 6897  27DE  A9 36 A0 28  	LDWDI	WORDS		;MORE BULLSHIT.
 6898  27E2  20 FE 10     	JSR	STROUT
 6899  27E5  20 45 0C     	JSR	SCRTCH		;SET UP EVERYTHING ELSE.
 6900                     IFE	REALIO-3,<
                          	JMP	READY>
 6902                     IFN	REALIO-3,<
 6903  27E8  A9 FE A0 10  	LDWDI	STROUT
 6904  27EC  85 04 84 05  	STWD	RDYJSR+1
 6905  27F0  A9 69 A0 0A  	LDWDI	READY
 6906  27F4  85 01 84 02  	STWD	START+1
 6907  27F8  6C 01 00     	JMPD	START+1
 6909                     IFE	ROMSW,<
                          FNS:	DT"WANT SIN-COS-TAN-ATN"
                          	0>
 6912                     IFE	KIMROM,<
 6913  27FB  0D 0A        AUTTXT: ACRLF
 6914  27FD  0C           	12			;ANOTHER LINE FEED.
 6915  27FE  57 52 49 54  	DT"WRITTEN "
       2802  54 45 4E 20
 6916  2806  42 59 20 57  	DT"BY WEILAND & GATES"
       280A  45 49 4C 41
       280E  4E 44 20 26
       2812  20 47 41 54
       2816  45 53
 6917  2818  0D 0A        	ACRLF
 6918  281A  00           	0
 6919  281B  4D 45 4D 4F  MEMORY: DT"MEMORY SIZE"
       281F  52 59 20 53
       2823  49 5A 45
 6920  2826  00           	0
 6921  2827               TTYWID:
 6922                     IFE	KIMROM,<
 6923  2827  54 45 52 4D  	DT"TERMINAL "
       282B  49 4E 41 4C
       282F  20
 6924  2830  57 49 44 54  	DT"WIDTH"
       2834  48
 6925  2835  00           	0
 6926  2836  20 42 59 54  WORDS:	DT" BYTES FREE"
       283A  45 53 20 46
       283E  52 45 45
 6927                     IFN	REALIO-3,<
 6928  2841  0D 0A        	ACRLF
 6929  2843  0D 0A        	ACRLF
 6930                     IFE	REALIO-3,<
                          	EXP	^O15
                          	0
                          FREMES: >
 6934                     IFE REALIO,<	DT"SIMULATED BASIC FOR THE 6502 V1.1">
 6935                     IFE REALIO-1,<	DT"KIM BASIC V1.1">
 6936                     IFE REALIO-2,<	DT"OSI 6502 BASIC VERSION 1.1">
 6937                     IFE REALIO-3,<	DT"### COMMODORE BASIC ###"
                          	EXP	^O15
                          	EXP	^O15>
 6940                     IFE	REALIO-4,<DT"APPLE BASIC V1.1">
 6940  2845  41 50 50 4C  DT"APPLE BASIC V1.1"
       2849  45 20 42 41
       284D  53 49 43 20
       2851  56 31 2E 31
 6941                     IFE	REALIO-5,<DT"STM BASIC V1.1">
 6942                     IFN	REALIO-3,<
 6943  2855  0D 0A        	ACRLF
 6944  2857  43 4F 50 59  	DT"COPYRIGHT 1978 MICROSOFT"
       285B  52 49 47 48
       285F  54 20 31 39
       2863  37 38 20 4D
       2867  49 43 52 4F
       286B  53 4F 46 54
 6945  286F  0D 0A        	ACRLF
 6946  2871  00           	0
 6947  2872               LASTWR::
 6948  2872               	BLOCK	100		;SPACE FOR TEMP STACK.
 6949                     IFE REALIO,<
                          TSTACK::BLOCK	13600>
 6952                     IF2,<
 6953                     	PURGE	A,X,Y
 6954                     IFNDEF	START,<START==0>
 6955                     	END	$Z+START

Symbol table:

$Z            = 0000        ABS           = 214E        ADDEND        = 0067      
ADDFRS        = 09BC        ADDIND        = 1817        ADDON         = 0F43      
ADDPRC        = 0001        ADRAYI        = 0006        ADRGAY        = 0008      
AFFRTS        = 0C38        ANDMSK        = 0088        ANDOP         = 14F9      
ARGEXP        = 00A8        ARGHO         = 00A9        ARGLO         = 00AC      
ARGMO         = 00AB        ARGMOH        = 00AA        ARGSGN        = 00AD      
ARISGN        = 00AE        ARYGET        = 1AA3        ARYPNT        = 0097      
ARYSTR        = 1AA5        ARYTAB        = 006E        ARYVA2        = 1A63      
ARYVA3        = 1A67        ARYVAR        = 1A5B        ARYVGO        = 1A72      
ASC           = 1C80        ASKAGN        = 27B4        ASPAC         = 10EE      
ATN           = 263D        ATN1          = 2645        ATN2          = 2653      
ATN3          = 2666        ATN4          = 266C        ATNCON        = 266D      
ATNFIX        = 084E        AUTTXT        = 27FB        AYINT         = 16B5      
BIGGES        = 2328        BITS          = 00A7        BLT1          = 09E8      
BLTLP         = 09F4        BLTU          = 09C4        BLTUC         = 09CB      
BRKTXT        = 098E        BSERR         = 173B        BSERR7        = 17FF      
BUF           = 0200        BUFLEN        = 00F0        BUFOFS        = 0200      
BUFPAG        = 0002        BUFPTR        = 00B0        CAT           = 1B32      
CHARAC        = 000D        CHEAD         = 0B2B        CHKCLS        = 1476      
CHKCOM        = 147C        CHKERR        = 1331        CHKNUM        = 1325      
CHKOK         = 132E        CHKOPN        = 1479        CHKSTR        = 1327      
CHKVAL        = 1328        CHR           = 1BE1        CHRGET        = 00B2      
CHRGO2        = 1C9F        CHRGO5        = 1484        CHRGOT        = 00B8      
CHRRTS        = 00C9        CHZGOT        = 26B0        CHZRTS        = 26C1      
CLEAR         = 0C5F        CLEARC        = 0C61        CLMWID        = 000E      
CLRFAC        = 21DF        CMPFOR        = 09B0        CMPSPC        = 0B91      
CNTWFL        = 0017        COLIS         = 0BDF        COMBYT        = 1CE7      
COMPRT        = 10C7        CONINT        = 1C96        CONT          = 0E48      
CONTRT        = 0E61        CONTW         = 000F        CONUPK        = 1F82      
COPFLT        = 101E        COPNUM        = 1009        COPSTR        = 1021      
COPY          = 1048        COPYZC        = 105E        COS           = 2589      
COSC          = 2601        COSFIX        = 0848        COUNT         = 000F      
CQCOUT        = FECD        CQCSIN        = FEFD        CQINCH        = FD0C      
CQINLN        = FD67        CQPRMP        = 0033        CRDO          = 10B4      
CRDONE        = 0C0C        CRFIN         = 10C0        CRUNCH        = 0B88      
CURLIN        = 0078        CURTOL        = 00B0        CZGETL        = FD0C      
CZLOOP        = 0B33        DATA          = 0F40        DATAN         = 0F4E      
DATATK        = 0083        DATBK         = 11E9        DATBK1        = 11ED      
DATLIN        = 007E        DATLOP        = 1254        DATPTR        = 0080      
DECBLT        = 09FF        DECCNT        = 009C        DECCUR        = 17C4      
DEF           = 18A8        DEFFIN        = 1944        DEFPNT        = 008D      
DEFRTS        = 1959        DEFSTF        = 190D        DEGREE        = 00A6      
DIM           = 1591        DIM1          = 1592        DIM3          = 158E      
DIMCON        = 1595        DIMFLG        = 0010        DIMRTS        = 1842      
DIRCON        = 0DA4        DIRIS         = 0E36        DISKO         = 0000      
DIV10         = 1FF4        DIVIDE        = 201F        DIVNRM        = 2074      
DIVSUB        = 2053        DNTCPY        = 1041        DOAGIN        = 1154      
DOCMP         = 1582        DOCO          = 0F90        DOCOND        = 0F88      
DOCSTR        = 132F        DOMASK        = 0016        DOMIN         = 148C      
DOPRE1        = 13B8        DOPREC        = 1391        DOREL         = 1526      
DORES         = 0013        DOSGFL        = 1D11        DPTFLG        = 009E      
DSCPNT        = 008F        DSCTMP        = 00A0        DV0ERR        = 2080      
DVAR          = 1ABC        DVAR2         = 1AD1        DVAR3         = 1ADB      
DVARS         = 1AB2        DVARTS        = 1AEB        EATEM         = 15C0      
END           = 0E1E        ENDCHR        = 000E        ENDCON        = 0E38      
ENDREL        = 136F        ENDTK         = 0080        EORMSK        = 0089      
EQULTK        = 00A9        ERR           = 097B        ERRBS         = 0010      
ERRCN         = 001E        ERRCRD        = 0A45        ERRDD         = 0012      
ERRDIR        = 189B        ERRDV0        = 0014        ERRFC         = 0008      
ERRFIN        = 0A5E        ERRGO1        = 18A5        ERRGO2        = 19C7      
ERRGO3        = 1740        ERRGO4        = 1333        ERRGO5        = 12CB      
ERRGUF        = 18A3        ERRID         = 0016        ERRLS         = 001A      
ERRNF         = 0000        ERROD         = 0006        ERROM         = 000C      
ERROR         = 0A43        ERROV         = 000A        ERRRG         = 0004      
ERRSN         = 0002        ERRST         = 001C        ERRTAB        = 0959      
ERRTM         = 0018        ERRUF         = 0020        ERRUS         = 000E      
EVAL          = 141B        EVAL0         = 141F        EVAL1         = 1424      
EVAL2         = 1427        EVAL3         = 144B        EVAL4         = 1462      
EXCHQT        = 0F59        EXIGNT        = 1293        EXP           = 24A8      
EXP1          = 24C6        EXPCON        = 247F        EXPSGN        = 009F      
EXTIO         = 0000        FAC           = 00A0        FACEXP        = 00A0      
FACHO         = 00A1        FACLO         = 00A4        FACMO         = 00A3      
FACMOH        = 00A2        FACOV         = 00AF        FACSGN        = 00A5      
FADD          = 1D5D        FADD1         = 1D8D        FADD2         = 1DF4      
FADD3         = 1D9D        FADD4         = 1D99        FADD5         = 1D58      
FADDA         = 1D89        FADDC         = 1D6D        FADDH         = 1D3F      
FADDT         = 1D60        FADFLT        = 1DC8        FBUFFR        = 0100      
FBUFPT        = 00B0        FCERR         = 173E        FCOMP         = 2151      
FCOMPC        = 2188        FCOMPD        = 218E        FCOMPN        = 2153      
FCOMPS        = 2127        FCSIGN        = 2125        FDCEND        = 242C      
FDECPT        = 0086        FDIV          = 2005        FDIVF         = 1FFD      
FDIVT         = 2008        FFLOOP        = 099B        FFRTS         = 09C3      
FHALF         = 2403        FIN           = 21E9        FIN1          = 2205      
FINC          = 2200        FINDG1        = 2267        FINDGQ        = 2203      
FINDIG        = 2260        FINDIV        = 2248        FINDP         = 2237      
FINE          = 223D        FINE1         = 223F        FINEC         = 2226      
FINEC1        = 2224        FINEC2        = 222B        FINEDG        = 2287      
FINGO         = 14E6        FINI          = 0B19        FINLOG        = 2274      
FINML6        = 1FE3        FINMUL        = 2251        FINNOW        = 168E      
FINPTR        = 1684        FINQNG        = 2258        FINRE2        = 13A9      
FINREL        = 139F        FINZLP        = 21ED        FLINRT        = 0C41      
FLNRTS        = 0C42        FLOAD         = 0C75        FLOAT         = 2132      
FLOATB        = 2145        FLOATC        = 213F        FLOATS        = 213A      
FMAPTR        = 1693        FMULT         = 1F1E        FMULTT        = 1F21      
FNDFOR        = 0996        FNDLIN        = 0C14        FNDLNC        = 0C18      
FNDLO1        = 0C2F        FNDOER        = 18E9        FNDVAR        = 1A1F      
FNEDG1        = 2229        FNTK          = 009C        FNWAIT        = 1D23      
FONE          = 1EB2        FOR           = 0D29        FORPNT        = 0088      
FORPSH        = 13DB        FORSIZ        = 0012        FORTK         = 0081      
FOULDY        = 23B6        FOUR6         = 0092        FOUT          = 22D3      
FOUT1         = 22DD        FOUT11        = 23B8        FOUT12        = 23C5      
FOUT14        = 23D5        FOUT15        = 23E1        FOUT16        = 235A      
FOUT17        = 23F9        FOUT19        = 23F6        FOUT2         = 2360      
FOUT20        = 23FE        FOUT3         = 230C        FOUT37        = 22F6      
FOUT38        = 2317        FOUT39        = 2349        FOUT4         = 2301      
FOUT40        = 2386        FOUT41        = 2384        FOUT5         = 2325      
FOUT6         = 233E        FOUT7         = 22FF        FOUT8         = 235C      
FOUT9         = 231E        FOUTBL        = 2408        FOUTC         = 22D5      
FOUTCM        = 23AC        FOUTCP        = 2163        FOUTIM        = 235E      
FOUTPI        = 233D        FOUTYP        = 238D        FPWR1         = 2459      
FPWRRT        = 2402        FPWRT         = 2436        FPWRT1        = 243F      
FR4           = 260F        FRE           = 1874        FREFAC        = 1B9B      
FREPLA        = 1BCA        FRERTS        = 1BE0        FRESPC        = 0074      
FRESTR        = 1B98        FRETMP        = 1B9F        FRETMS        = 1BD0      
FRETOP        = 0072        FRETRT        = 1BCB        FRMEV1        = 133C      
FRMEVL        = 1336        FRMNUM        = 1322        FSUB          = 1D46      
FSUBT         = 1D49        FUNDSP        = 0834        GARBA2        = 1A1B      
GARBAG        = 1A0B        GARBFL        = 0013        GDBUFS        = 0B5C      
GET           = 1164        GETADR        = 1CED        GETAGN        = 118F      
GETBPT        = 0BCA        GETBYT        = 1C93        GETCMD        = 0001      
GETCMP        = 1576        GETCON        = 1D0E        GETDEF        = 17E1      
GETDTL        = 1149        GETFNM        = 18D6        GETFOR        = 12BD      
GETNTH        = 11E6        GETNUM        = 1CE1        GETRTS        = 113E      
GETSPA        = 19E9        GETSPT        = 1022        GETSTK        = 0A07      
GETTTY        = 1167        GFDIV         = 25FE        GINLIN        = 11A1      
GIVAYF        = 1888        GLET          = 0DE7        GMOVMF        = 2586      
GOFLOT        = 158B        GOFUC         = 1C8D        GOGO          = 1AAD      
GOLST         = 0CA2        GOMLDV        = 24C3        GONE          = 0DC7      
GONE2         = 0DD2        GONE3         = 0DD0        GONPRC        = 148E      
GOOO          = 14A3        GOOOOO        = 14B4        GOOVER        = 1FD5      
GORDY         = 0E45        GORTS         = 0F19        GOSUB         = 0ED0      
GOSUTK        = 008C        GOTARY        = 1743        GOTK          = 00C2      
GOTO          = 0EED        GOTOTK        = 0088        GPOLYX        = 25D6      
GRBPAS        = 1AFB        GRBPNT        = 008D        GRBRTS        = 1AF6      
GRBTOP        = 009E        GREASE        = 17B0        GREATK        = 00A8      
GRODY         = 0D06        GTBYTC        = 1C90        HAVFOR        = 12CD      
HIGHDS        = 0097        HIGHTR        = 0099        IF            = 0F70      
INCFAC        = 1E65        INCFRT        = 1E73        INCHR         = 0B76      
INCRND        = 2119        INCRTS        = 0B87        INCTRM        = 1132      
INDEX         = 0061        INDEX1        = 0061        INDEX2        = 0063      
INDICE        = 00A3        INDLOP        = 16D1        INIT          = 26CE      
INITAT        = 26AA        INLIN         = 0B4F        INLOOP        = 11B3      
INLPN1        = 1806        INLPN2        = 1805        INLPNM        = 17E9      
INPCO1        = 11AD        INPCOM        = 1022        INPCON        = 11AB      
INPFLG        = 0015        INPPTR        = 0082        INPRT         = 22B8      
INPRTS        = 1292        INPUT         = 1176        INT           = 21C2      
INTEGR        = 000D        INTERR        = 15AC        INTFLG        = 0012      
INTIDX        = 16A8        INTPRC        = 0001        INTRTS        = 21E8      
INTXT         = 0982        ISARY         = 16C7        ISCCAP        = 0E17      
ISCNTC        = 0E0F        ISCRTS        = 0E0E        ISFUN         = 14B7      
ISLETC        = 1625        ISLRTS        = 162E        ISSEC         = 15BF      
ISVAR         = 1493        ISVRET        = 1496        JMPER         = 0093      
JSRGM         = 169F        KIMROM        = 0000        KIMY          = 0010      
KLOOP         = 0B8E        KLOOP1        = 0BA7        LASNUM        = 00BE      
LASTPT        = 0056        LASTWR        = 2872        LD100         = 2070      
LDFONE        = 0D72        LDZR          = 163D        LEFT          = 1BF5      
LEN           = 1C71        LEN1          = 1C77        LESSTK        = 00AA      
LET           = 0FED        LINCHK        = 10AC        LINGET        = 0FB3      
LINLEN        = 0028        LINNUM        = 0053        LINPRT        = 22C3      
LINWID        = 0051        LIST          = 0C9A        LIST4         = 0CC7      
LISTRT        = 0C13        LNGERR        = 0000        LNKPRG        = 0B22      
LNKRTS        = 0B4E        LOAD          = 0E7B        LOFBUF        = 00FF      
LOG           = 1EE0        LOG1          = 1EEA        LOG2          = 1EDB      
LOGCN2        = 1EB7        LOGEB2        = 247A        LOGERR        = 1EE7      
LONGI         = 0001        LOOPDN        = 1310        LOOPM1        = 275B      
LOOPMM        = 2755        LOPBHT        = 0B64        LOPFDA        = 1712      
LOPFDV        = 171E        LOPFN         = 160D        LOPFND        = 1603      
LOPPTA        = 177D        LOPREL        = 1353        LOWDS         = 009C      
LOWTR         = 009E        LPOPER        = 1341        LSTEND        = 0CB9      
LSTPNT        = 0088        LUK4IT        = 0F04        LUKALL        = 0F08      
MAIN          = 0A72        MAIN1         = 0A8B        MEMORY        = 281B      
MEMSIZ        = 0076        MID           = 1C2C        MID2          = 1C3D      
MINUTK        = 00A2        MLDEXP        = 1FAF        MLDVEX        = 1FCA      
MLEX10        = 2296        MLEXMI        = 22A4        MLOOP         = 0ACE      
MLTPL1        = 1F54        MLTPL2        = 1F57        MLTPL3        = 1F73      
MLTPLY        = 1F4F        MORCO1        = 10D4        MORCOM        = 10D3      
MORCPS        = 27A7        MOREN1        = 09F8        MORLIN        = 0FB9      
MORSTS        = 0DEA        MOV1F         = 20C0        MOV2F         = 20BD      
MOVAF         = 2102        MOVAFL        = 2107        MOVCHG        = 270D      
MOVDO         = 1B81        MOVEF         = 2105        MOVFA         = 20F2      
MOVFA1        = 20F4        MOVFAL        = 20F8        MOVFM         = 2098      
MOVFR         = 2085        MOVINS        = 1B6F        MOVLP         = 1B85      
MOVMF         = 20CA        MOVML         = 20C2        MOVRTS        = 2110      
MOVSTR        = 1B7D        MOVVF         = 20C6        MUL10         = 1FD8      
MUL10R        = 1FEE        MULDIV        = 1FAD        MULLN2        = 1F1A      
MULSHF        = 1E79        MULTRT        = 1F81        MUSTCR        = 0BAF      
MVDONE        = 1B8E        MVSTRT        = 1B97        N32768        = 16A4      
NCMPOS        = 000E        NCMWID        = 0052        NEGFAC        = 1E3D      
NEGFCH        = 1E43        NEGHLF        = 1ED6        NEGOP         = 246F      
NEGPRC        = 1392        NEGRTS        = 2479        NEGTAB        = 0877      
NEGXQS        = 225D        NEWCHR        = 1079        NEWSGO        = 130D      
NEWSTT        = 0D95        NEXT          = 12B7        NMARY1        = 172D      
NOCHR         = 0B6F        NODATT        = 0BE1        NODEL         = 0ADC      
NODELC        = 0AF7        NOFREF        = 187B        NONONO        = 16C2      
NORM1         = 1E1F        NORM2         = 1E13        NORM3         = 1DD1      
NORMAL        = 1DCD        NOSEC         = 15CA        NOTABR        = 10F3      
NOTDIM        = 178D        NOTEVE        = 1658        NOTEVL        = 1642      
NOTFDD        = 1757        NOTFL1        = 1828        NOTFLT        = 176B      
NOTFNS        = 162F        NOTIT         = 161B        NOTOL         = 0D3A      
NOTOP         = 1453        NOTQTI        = 1187        NOTSTR        = 15D4      
NOTTAB        = 087A        NOTTK         = 009F        NOWGE1        = 1219      
NOWGET        = 120E        NOWLIN        = 126D        NTHIS         = 0BF8      
NTHIS1        = 0BFC        NULCMD        = 0000        NUMINS        = 1225      
NUMLEV        = 0017        NUMTMP        = 0003        NXTCMP        = 156B      
NXTCON        = 0D92        NXTLGC        = 0FE7        NZ0999        = 22A9      
NZ9999        = 22AE        NZMIL         = 22B3        OKGOTO        = 0F7F      
OKNORM        = 14E1        OLDLIN        = 007A        OLDOV         = 0095      
OLDTXT        = 007C        OMERR         = 0A41        OMERR1        = 1802      
ONEFUN        = 00AB        ONEON         = 0D86        ONGLOP        = 0F9F      
ONGLP1        = 0FA7        ONGOTO        = 0F93        ONGRTS        = 0FB2      
OPMASK        = 008C        OPPTR         = 008A        OPTAB         = 0862      
OROP          = 14F6        OUTCH         = FDED        OUTDO         = 1120      
OUTDO1        = 1132        OUTLOC        = 1137        OUTQST        = 111E      
OUTRTS        = 113C        OUTSPC        = 111B        OVERR         = 1E74      
PARCHK        = 1470        PEEK          = 1D03        PI2           = 2605      
PLOOP         = 0CEF        PLOOP1        = 0CF2        PLUSTK        = 00A1      
POKE          = 1D1A        POKER         = 0053        POLY          = 2511      
POLY1         = 2515        POLY2         = 2528        POLY3         = 2524      
POLY4         = 2535        POLYPT        = 00B0        POLYX         = 24FB      
POS           = 1895        POSINT        = 16AE        PREAM         = 1C56      
PRINT         = 107C        PRINTC        = 107E        PRINTK        = 0094      
PRIT3         = 0D1E        PRIT4         = 0CEB        PROGIO        = 0EB4      
PRTRTS        = 10C6        PTDORL        = 087D        PTRGET        = 159B      
PTRGT1        = 15A0        PTRGT2        = 15A2        PTRGT3        = 15AF      
PULMOR        = 1C1A        PULSTK        = 13FE        PUSHF         = 13D0      
PUSHF1        = 13CB        PUTNEW        = 19BF        PUTNW1        = 19CA      
Q             = 0020        QCHNUM        = 13F5        QCOMP         = 1571      
QDATA         = 11E1        QDECT1        = 0AC6        QDOT          = 142C      
QFOUND        = 0F0B        QINLIN        = 119B        QINT          = 2191      
QINT1         = 21B1        QINTGO        = 16C4        QINTGR        = 100A      
QINTRT        = 21B0        QISHFT        = 21A5        QMOVE         = 1B8A      
QNUM          = 00BF        QOP           = 13F0        QOPGO         = 13F3      
QOPRTS        = 1418        QPLOP         = 0D09        QPLUS         = 21FC      
QPREC         = 1388        QPREC1        = 13B1        QROOM         = 27C7      
QSETNR        = 2553        QSHFT         = 2042        QSTATV        = 14B4      
QSTAVR        = 1642        QVARIA        = 1033        RADDZC        = 2549      
RAMLOC        = 2A00        RANDRT        = 2544        RDYJSR        = 0003      
READ          = 11A4        READY         = 0A69        REALIO        = 0004      
REARTS        = 0A40        REASAV        = 0A22        REASON        = 0A14      
REASTO        = 0A2D        REDDY         = 0987        REM           = 0F83      
REMER         = 0F61        REMN          = 0F51        REMRTS        = 0F4D      
REMTK         = 008E        RESCON        = 0BBB        RESCR1        = 0D16      
RESER         = 0BB9        RESETC        = 120D        RESFIN        = 0E0A      
RESHO         = 0065        RESLO         = 0068        RESLST        = 0880      
RESMO         = 0067        RESMOH        = 0066        RESPUL        = 0BBA      
RESRCH        = 0D13        RESTOR        = 0E00        RETU1         = 0F33      
RETURN        = 0F1A        RIGHT         = 1C21        RLEFT         = 1BFB      
RLEFT1        = 1C01        RLEFT2        = 1C02        RLEFT3        = 1C03      
RLZRET        = 1BF2        RMULZC        = 2545        RND           = 254D      
RND1          = 256B        RNDRTS        = 1E3C        RNDSHF        = 1E2E      
RNDX          = 00CA        ROLSHF        = 1EA6        ROMLOC        = 0800      
ROMSW         = 0001        RORSW         = 0001        ROUND         = 2111      
RUN           = 0EC5        RUNC          = 0C5A        RUNC2         = 0EE4      
SAVE          = 0E62        SAVQUO        = 2035        SCRATH        = 0C43      
SCRATK        = 0099        SCRTCH        = 0C45        SETQUT        = 1201      
SGN           = 212F        SGNFLG        = 00A6        SHFARG        = 2045      
SHFTR2        = 1E7B        SHFTR3        = 1E9C        SHFTR4        = 1EA2      
SHFTR7        = 1EAD        SHFTRT        = 1EB0        SHIFTR        = 1E8F      
SIGN          = 2121        SIGNRT        = 212E        SIN           = 2590      
SIN1          = 25C2        SIN2          = 25C5        SIN3          = 25D2      
SINCON        = 2614        SINFIX        = 084A        SIZE          = 0094      
SIZEOK        = 1B52        SNERR         = 1487        SNERR1        = 0DEE      
SNERR2        = 0F30        SNERR3        = 0F9B        SNERR4        = 1151      
SNERR5        = 13C8        SNERRX        = 0DF1        SNGFLT        = 1897      
SPCTK         = 009D        SQR           = 242C        SQRHLF        = 1ECC      
SQRTWO        = 1ED1        SQUEEZ        = 1E2C        ST2TXT        = 1CD8      
START         = 0000        STASGN        = 1566        STCURL        = 114D      
STEPTK        = 00A0        STKEND        = 01FB        STKINI        = 0C78      
STKRTS        = 0C8B        STMDSP        = 0800        STOLD         = 24B8      
STOLOP        = 0B11        STOML1        = 182E        STOMLT        = 1774      
STOP          = 0E1C        STOPC         = 0E1F        STORDO        = 1D32      
STPEND        = 0E2E        STR           = 195A        STR1          = 0BE8      
STRCMP        = 153E        STRCP         = 19B4        STRDN2        = 122D      
STRDON        = 1076        STREND        = 0070        STRFI1        = 199D      
STRFI2        = 199E        STRFIN        = 1999        STRFRE        = 1A00      
STRGET        = 198C        STRINI        = 196A        STRLIT        = 197C      
STRLT2        = 1982        STRNAM        = 15EB        STRNEX        = 2573      
STRNG         = 0BF1        STRNG1        = 00AE        STRNG2        = 00B0      
STROU2        = 22D0        STROUT        = 10FE        STRPR2        = 1108      
STRPRT        = 1101        STRRTS        = 14A2        STRSIZ        = 0003      
STRSPA        = 1972        STRST2        = 19AA        STRTX2        = 1445      
STRTXT        = 143C        STUFFH        = 0BCC        STXBUF        = 23A8      
STXFND        = 1601        STXFOR        = 12C0        STXTPT        = 0C8C      
SUBFLG        = 0014        SUBIT         = 1DA5        SVAR          = 1A4E      
SVARGO        = 1A56        SVARS         = 1A42        SWAPLP        = 24D6      
SYNCHR        = 147E        TABER         = 10DE        TABTK         = 009A      
TAN           = 25D9        TANFIX        = 084C        TANSGN        = 0016      
TEMPF1        = 0096        TEMPF2        = 009B        TEMPF3        = 008D      
TEMPPT        = 0055        TEMPST        = 0058        TENEXP        = 009D      
TENZC         = 1FEF        THENTK        = 009E        TIME          = 0000      
TIMSTR        = 1964        TOTK          = 009B        TPDONE        = 0E9E      
TRMNO1        = 1154        TRMNOK        = 113F        TRMOK         = 1239      
TRMPOS        = 0050        TRYAG2        = 19EB        TRYAG3        = 19F6      
TRYAGN        = 12A4        TRYMOR        = 0A1E        TRYOFF        = 1FBA      
TRYOUT        = 1134        TSTDUN        = 0CE2        TSTOP         = 1350      
TTYW          = 2784        TTYWID        = 2827        TURNON        = 15E4      
TVAR          = 1A39        TWOPI         = 260A        TXTPTR        = 00B9      
TXTTAB        = 006A        TYPAUT        = 26C7        TYPERR        = 0A57      
TYPLIN        = 0CE4        UMLCNT        = 186F        UMLRTS        = 1873      
UMULT         = 1843        UMULTC        = 1856        UMULTD        = 184C      
UNPRTS        = 141A        UNPSTK        = 13FC        USEDE9        = 276C      
USEDEC        = 2778        USEDEF        = 277C        USERR         = 0F2B      
USRLOC        = 083A        USRPOK        = 000A        VAL           = 1CA2      
VAL2          = 1CC2        VALRTS        = 1CE0        VALTYP        = 0011      
VAREND        = 127A        VARNAM        = 0084        VAROK         = 1642      
VARPNT        = 0086        VARTAB        = 006C        VARTIO        = 0EA5      
VARTXT        = 008A        VARY0         = 1285        WAITER        = 1D36      
WORDS         = 2836        XSPAC         = 10EF        XSPAC1        = 10F9      
XSPAC2        = 10F0        ZEREMV        = 1FD0        ZERITA        = 17BF      
ZERO          = 2405        ZEROF1        = 1DEF        ZEROFC        = 1DED      
ZEROML        = 1DF1        ZERRTS        = 1D3E        ZSTORDO       = 1D32      
